postagem,Media ID,Shortcode,Date,DATA,Timestamp,Caption,Hashtags,LIKES,N° COMENTÁRIOS,LINK POSTAGEM,Thumbnail URL,Image URL,Image URLs,Carousel URLs,Is Carousel,Is Video,Video URL,Video View Count,User ID,User Name,Location ID,Location Name,Location URL,Location Slug,Location Lat,Location Long,CATEGORIA,OBSERVACAO,POSITIVO,NEGATIVO,RAIVA,EXPECTATIVA,REPULSA,MEDO,FELICIDADE,TRISTEZA,SURPRESA,CONFIANCA
postagem_144,3842677473889332220,DVT7s2Zkav8,"Sat, 28 Feb 2026 18:22:21 GMT",2026-02-28T00:00:00Z,1772302941,Via @eliasmkjabbour,NA,4358,116,https://www.instagram.com/p/DVT7s2Zkav8/,https://instagram.fsdu8-2.fna.fbcdn.net/v/t51.82787-15/642196388_18080353229596058_8531800197473385237_n.jpg?stp=dst-jpg_e35_tt6&_nc_cat=103&ig_cache_key=Mzg0MjY3NzQ3Mzg4OTMzMjIyMA%3D%3D.3-ccb7-5&ccb=7-5&_nc_sid=58cdad&efg=eyJ2ZW5jb2RlX3RhZyI6InhwaWRzLjE0NDB4MTc5OC5zZHIuQzIifQ%3D%3D&_nc_ohc=-rtOFO3i9_sQ7kNvwEP4xVB&_nc_oc=Adnv8CjLcOm-D3n6WAHfYzhMBt5aZlHLdOcBH4ExNNsSwJnmxRk3hWi4f7jMfcpAT2xTtTrInQ24ur-KPnwC5yxv&_nc_ad=z-m&_nc_cid=0&_nc_zt=23&_nc_ht=instagram.fsdu8-2.fna&_nc_gid=O42UhXzZdjgXUDWLUGtlOg&_nc_ss=8&oh=00_Afusy2DPkr3kLOsq0fHBQLtnrGeTkvn2xAHM53jHvI_Byw&oe=69AA495E,https://instagram.fsdu8-2.fna.fbcdn.net/v/t51.82787-15/642196388_18080353229596058_8531800197473385237_n.jpg?stp=dst-jpg_e35_tt6&_nc_cat=103&ig_cache_key=Mzg0MjY3NzQ3Mzg4OTMzMjIyMA%3D%3D.3-ccb7-5&ccb=7-5&_nc_sid=58cdad&efg=eyJ2ZW5jb2RlX3RhZyI6InhwaWRzLjE0NDB4MTc5OC5zZHIuQzIifQ%3D%3D&_nc_ohc=-rtOFO3i9_sQ7kNvwEP4xVB&_nc_oc=Adnv8CjLcOm-D3n6WAHfYzhMBt5aZlHLdOcBH4ExNNsSwJnmxRk3hWi4f7jMfcpAT2xTtTrInQ24ur-KPnwC5yxv&_nc_ad=z-m&_nc_cid=0&_nc_zt=23&_nc_ht=instagram.fsdu8-2.fna&_nc_gid=O42UhXzZdjgXUDWLUGtlOg&_nc_ss=8&oh=00_Afusy2DPkr3kLOsq0fHBQLtnrGeTkvn2xAHM53jHvI_Byw&oe=69AA495E,"https://instagram.fsdu8-2.fna.fbcdn.net/v/t51.82787-15/642196388_18080353229596058_8531800197473385237_n.jpg?stp=dst-jpg_e35_tt6&_nc_cat=103&ig_cache_key=Mzg0MjY3NzQ3Mzg4OTMzMjIyMA%3D%3D.3-ccb7-5&ccb=7-5&_nc_sid=58cdad&efg=eyJ2ZW5jb2RlX3RhZyI6InhwaWRzLjE0NDB4MTc5OC5zZHIuQzIifQ%3D%3D&_nc_ohc=-rtOFO3i9_sQ7kNvwEP4xVB&_nc_oc=Adnv8CjLcOm-D3n6WAHfYzhMBt5aZlHLdOcBH4ExNNsSwJnmxRk3hWi4f7jMfcpAT2xTtTrInQ24ur-KPnwC5yxv&_nc_ad=z-m&_nc_cid=0&_nc_zt=23&_nc_ht=instagram.fsdu8-2.fna&_nc_gid=O42UhXzZdjgXUDWLUGtlOg&_nc_ss=8&oh=00_Afusy2DPkr3kLOsq0fHBQLtnrGeTkvn2xAHM53jHvI_Byw&oe=69AA495E
https://instagram.fsdu8-2.fna.fbcdn.net/v/t51.82787-15/642196388_18080353229596058_8531800197473385237_n.jpg?stp=dst-jpg_e35_p1080x1080_tt6&_nc_cat=103&ig_cache_key=Mzg0MjY3NzQ3Mzg4OTMzMjIyMA%3D%3D.3-ccb7-5&ccb=7-5&_nc_sid=58cdad&efg=eyJ2ZW5jb2RlX3RhZyI6InhwaWRzLjE0NDB4MTc5OC5zZHIuQzIifQ%3D%3D&_nc_ohc=-rtOFO3i9_sQ7kNvwEP4xVB&_nc_oc=Adnv8CjLcOm-D3n6WAHfYzhMBt5aZlHLdOcBH4ExNNsSwJnmxRk3hWi4f7jMfcpAT2xTtTrInQ24ur-KPnwC5yxv&_nc_ad=z-m&_nc_cid=0&_nc_zt=23&_nc_ht=instagram.fsdu8-2.fna&_nc_gid=O42UhXzZdjgXUDWLUGtlOg&_nc_ss=8&oh=00_Afvi69p80j6HUpvqabI68Xv2osvB8ywlbwQHwTnzgAqu2w&oe=69AA495E
https://instagram.fsdu8-2.fna.fbcdn.net/v/t51.82787-15/642196388_18080353229596058_8531800197473385237_n.jpg?stp=dst-jpg_e35_p720x720_tt6&_nc_cat=103&ig_cache_key=Mzg0MjY3NzQ3Mzg4OTMzMjIyMA%3D%3D.3-ccb7-5&ccb=7-5&_nc_sid=58cdad&efg=eyJ2ZW5jb2RlX3RhZyI6InhwaWRzLjE0NDB4MTc5OC5zZHIuQzIifQ%3D%3D&_nc_ohc=-rtOFO3i9_sQ7kNvwEP4xVB&_nc_oc=Adnv8CjLcOm-D3n6WAHfYzhMBt5aZlHLdOcBH4ExNNsSwJnmxRk3hWi4f7jMfcpAT2xTtTrInQ24ur-KPnwC5yxv&_nc_ad=z-m&_nc_cid=0&_nc_zt=23&_nc_ht=instagram.fsdu8-2.fna&_nc_gid=O42UhXzZdjgXUDWLUGtlOg&_nc_ss=8&oh=00_AftzqTkw8Z4MTphAdDiYr76ULJffjOPrMF-bOotXfOrcjg&oe=69AA495E
https://instagram.fsdu8-2.fna.fbcdn.net/v/t51.82787-15/642196388_18080353229596058_8531800197473385237_n.jpg?stp=dst-jpg_e35_p640x640_sh0.08_tt6&_nc_cat=103&ig_cache_key=Mzg0MjY3NzQ3Mzg4OTMzMjIyMA%3D%3D.3-ccb7-5&ccb=7-5&_nc_sid=58cdad&efg=eyJ2ZW5jb2RlX3RhZyI6InhwaWRzLjE0NDB4MTc5OC5zZHIuQzIifQ%3D%3D&_nc_ohc=-rtOFO3i9_sQ7kNvwEP4xVB&_nc_oc=Adnv8CjLcOm-D3n6WAHfYzhMBt5aZlHLdOcBH4ExNNsSwJnmxRk3hWi4f7jMfcpAT2xTtTrInQ24ur-KPnwC5yxv&_nc_ad=z-m&_nc_cid=0&_nc_zt=23&_nc_ht=instagram.fsdu8-2.fna&_nc_gid=O42UhXzZdjgXUDWLUGtlOg&_nc_ss=8&oh=00_Afur_E1MGJ5v5vg3OrV90QRRzFyZSWY9UmEsfhB3CPS4_w&oe=69AA495E
https://instagram.fsdu8-2.fna.fbcdn.net/v/t51.82787-15/642196388_18080353229596058_8531800197473385237_n.jpg?stp=dst-jpg_e35_p480x480_tt6&_nc_cat=103&ig_cache_key=Mzg0MjY3NzQ3Mzg4OTMzMjIyMA%3D%3D.3-ccb7-5&ccb=7-5&_nc_sid=58cdad&efg=eyJ2ZW5jb2RlX3RhZyI6InhwaWRzLjE0NDB4MTc5OC5zZHIuQzIifQ%3D%3D&_nc_ohc=-rtOFO3i9_sQ7kNvwEP4xVB&_nc_oc=Adnv8CjLcOm-D3n6WAHfYzhMBt5aZlHLdOcBH4ExNNsSwJnmxRk3hWi4f7jMfcpAT2xTtTrInQ24ur-KPnwC5yxv&_nc_ad=z-m&_nc_cid=0&_nc_zt=23&_nc_ht=instagram.fsdu8-2.fna&_nc_gid=O42UhXzZdjgXUDWLUGtlOg&_nc_ss=8&oh=00_AfvuISjxYH6i49ZjCE4eBOgtdIzj1y9UDz3mIRKIPgAfxw&oe=69AA495E
https://instagram.fsdu8-2.fna.fbcdn.net/v/t51.82787-15/642196388_18080353229596058_8531800197473385237_n.jpg?stp=dst-jpg_e35_p320x320_tt6&_nc_cat=103&ig_cache_key=Mzg0MjY3NzQ3Mzg4OTMzMjIyMA%3D%3D.3-ccb7-5&ccb=7-5&_nc_sid=58cdad&efg=eyJ2ZW5jb2RlX3RhZyI6InhwaWRzLjE0NDB4MTc5OC5zZHIuQzIifQ%3D%3D&_nc_ohc=-rtOFO3i9_sQ7kNvwEP4xVB&_nc_oc=Adnv8CjLcOm-D3n6WAHfYzhMBt5aZlHLdOcBH4ExNNsSwJnmxRk3hWi4f7jMfcpAT2xTtTrInQ24ur-KPnwC5yxv&_nc_ad=z-m&_nc_cid=0&_nc_zt=23&_nc_ht=instagram.fsdu8-2.fna&_nc_gid=O42UhXzZdjgXUDWLUGtlOg&_nc_ss=8&oh=00_AfsARwxjW86EhcprRO_9S5Vql_xKbexMzpmW0e7YB290tw&oe=69AA495E
https://instagram.fsdu8-2.fna.fbcdn.net/v/t51.82787-15/642196388_18080353229596058_8531800197473385237_n.jpg?stp=dst-jpg_e35_p240x240_tt6&_nc_cat=103&ig_cache_key=Mzg0MjY3NzQ3Mzg4OTMzMjIyMA%3D%3D.3-ccb7-5&ccb=7-5&_nc_sid=58cdad&efg=eyJ2ZW5jb2RlX3RhZyI6InhwaWRzLjE0NDB4MTc5OC5zZHIuQzIifQ%3D%3D&_nc_ohc=-rtOFO3i9_sQ7kNvwEP4xVB&_nc_oc=Adnv8CjLcOm-D3n6WAHfYzhMBt5aZlHLdOcBH4ExNNsSwJnmxRk3hWi4f7jMfcpAT2xTtTrInQ24ur-KPnwC5yxv&_nc_ad=z-m&_nc_cid=0&_nc_zt=23&_nc_ht=instagram.fsdu8-2.fna&_nc_gid=O42UhXzZdjgXUDWLUGtlOg&_nc_ss=8&oh=00_AftZeZNWmN06oo-bMBd2c2lJ7UFB5DTbQwF-O5w62W0CnQ&oe=69AA495E
https://instagram.fsdu8-2.fna.fbcdn.net/v/t51.82787-15/642196388_18080353229596058_8531800197473385237_n.jpg?stp=c0.179.1440.1440a_dst-jpg_e35_s1080x1080_tt6&_nc_cat=103&ig_cache_key=Mzg0MjY3NzQ3Mzg4OTMzMjIyMA%3D%3D.3-ccb7-5&ccb=7-5&_nc_sid=58cdad&efg=eyJ2ZW5jb2RlX3RhZyI6InhwaWRzLjE0NDB4MTc5OC5zZHIuQzIifQ%3D%3D&_nc_ohc=-rtOFO3i9_sQ7kNvwEP4xVB&_nc_oc=Adnv8CjLcOm-D3n6WAHfYzhMBt5aZlHLdOcBH4ExNNsSwJnmxRk3hWi4f7jMfcpAT2xTtTrInQ24ur-KPnwC5yxv&_nc_ad=z-m&_nc_cid=0&_nc_zt=23&_nc_ht=instagram.fsdu8-2.fna&_nc_gid=O42UhXzZdjgXUDWLUGtlOg&_nc_ss=8&oh=00_Afuvnk8mUiGMYShJBIO-Bp3_DX17I7FEyYFKuWXbqJTigA&oe=69AA495E
https://instagram.fsdu8-2.fna.fbcdn.net/v/t51.82787-15/642196388_18080353229596058_8531800197473385237_n.jpg?stp=c0.179.1440.1440a_dst-jpg_e35_s750x750_sh0.08_tt6&_nc_cat=103&ig_cache_key=Mzg0MjY3NzQ3Mzg4OTMzMjIyMA%3D%3D.3-ccb7-5&ccb=7-5&_nc_sid=58cdad&efg=eyJ2ZW5jb2RlX3RhZyI6InhwaWRzLjE0NDB4MTc5OC5zZHIuQzIifQ%3D%3D&_nc_ohc=-rtOFO3i9_sQ7kNvwEP4xVB&_nc_oc=Adnv8CjLcOm-D3n6WAHfYzhMBt5aZlHLdOcBH4ExNNsSwJnmxRk3hWi4f7jMfcpAT2xTtTrInQ24ur-KPnwC5yxv&_nc_ad=z-m&_nc_cid=0&_nc_zt=23&_nc_ht=instagram.fsdu8-2.fna&_nc_gid=O42UhXzZdjgXUDWLUGtlOg&_nc_ss=8&oh=00_AfusrW1IoJIYybZRj2R40hFm1USRREMRS4ebkpWMqEIOoA&oe=69AA495E
https://instagram.fsdu8-2.fna.fbcdn.net/v/t51.82787-15/642196388_18080353229596058_8531800197473385237_n.jpg?stp=c0.179.1440.1440a_dst-jpg_e35_s640x640_sh0.08_tt6&_nc_cat=103&ig_cache_key=Mzg0MjY3NzQ3Mzg4OTMzMjIyMA%3D%3D.3-ccb7-5&ccb=7-5&_nc_sid=58cdad&efg=eyJ2ZW5jb2RlX3RhZyI6InhwaWRzLjE0NDB4MTc5OC5zZHIuQzIifQ%3D%3D&_nc_ohc=-rtOFO3i9_sQ7kNvwEP4xVB&_nc_oc=Adnv8CjLcOm-D3n6WAHfYzhMBt5aZlHLdOcBH4ExNNsSwJnmxRk3hWi4f7jMfcpAT2xTtTrInQ24ur-KPnwC5yxv&_nc_ad=z-m&_nc_cid=0&_nc_zt=23&_nc_ht=instagram.fsdu8-2.fna&_nc_gid=O42UhXzZdjgXUDWLUGtlOg&_nc_ss=8&oh=00_AftPgSePMnazSTndKJO5VWEhrrTrMt7G6Tssb4bNUuhzFQ&oe=69AA495E
https://instagram.fsdu8-2.fna.fbcdn.net/v/t51.82787-15/642196388_18080353229596058_8531800197473385237_n.jpg?stp=c0.179.1440.1440a_dst-jpg_e35_s480x480_tt6&_nc_cat=103&ig_cache_key=Mzg0MjY3NzQ3Mzg4OTMzMjIyMA%3D%3D.3-ccb7-5&ccb=7-5&_nc_sid=58cdad&efg=eyJ2ZW5jb2RlX3RhZyI6InhwaWRzLjE0NDB4MTc5OC5zZHIuQzIifQ%3D%3D&_nc_ohc=-rtOFO3i9_sQ7kNvwEP4xVB&_nc_oc=Adnv8CjLcOm-D3n6WAHfYzhMBt5aZlHLdOcBH4ExNNsSwJnmxRk3hWi4f7jMfcpAT2xTtTrInQ24ur-KPnwC5yxv&_nc_ad=z-m&_nc_cid=0&_nc_zt=23&_nc_ht=instagram.fsdu8-2.fna&_nc_gid=O42UhXzZdjgXUDWLUGtlOg&_nc_ss=8&oh=00_AftWeavdjzsUQ8MtOBgQEt1tBhkjLcrynkxfQeZYLtd3tw&oe=69AA495E
https://instagram.fsdu8-2.fna.fbcdn.net/v/t51.82787-15/642196388_18080353229596058_8531800197473385237_n.jpg?stp=c0.179.1440.1440a_dst-jpg_e35_s320x320_tt6&_nc_cat=103&ig_cache_key=Mzg0MjY3NzQ3Mzg4OTMzMjIyMA%3D%3D.3-ccb7-5&ccb=7-5&_nc_sid=58cdad&efg=eyJ2ZW5jb2RlX3RhZyI6InhwaWRzLjE0NDB4MTc5OC5zZHIuQzIifQ%3D%3D&_nc_ohc=-rtOFO3i9_sQ7kNvwEP4xVB&_nc_oc=Adnv8CjLcOm-D3n6WAHfYzhMBt5aZlHLdOcBH4ExNNsSwJnmxRk3hWi4f7jMfcpAT2xTtTrInQ24ur-KPnwC5yxv&_nc_ad=z-m&_nc_cid=0&_nc_zt=23&_nc_ht=instagram.fsdu8-2.fna&_nc_gid=O42UhXzZdjgXUDWLUGtlOg&_nc_ss=8&oh=00_AfsII6XHOMIyQwrC1rTJZs6bt_6CoqUdC6k9MOlelkJr9A&oe=69AA495E
https://instagram.fsdu8-2.fna.fbcdn.net/v/t51.82787-15/642196388_18080353229596058_8531800197473385237_n.jpg?stp=c0.179.1440.1440a_dst-jpg_e35_s240x240_tt6&_nc_cat=103&ig_cache_key=Mzg0MjY3NzQ3Mzg4OTMzMjIyMA%3D%3D.3-ccb7-5&ccb=7-5&_nc_sid=58cdad&efg=eyJ2ZW5jb2RlX3RhZyI6InhwaWRzLjE0NDB4MTc5OC5zZHIuQzIifQ%3D%3D&_nc_ohc=-rtOFO3i9_sQ7kNvwEP4xVB&_nc_oc=Adnv8CjLcOm-D3n6WAHfYzhMBt5aZlHLdOcBH4ExNNsSwJnmxRk3hWi4f7jMfcpAT2xTtTrInQ24ur-KPnwC5yxv&_nc_ad=z-m&_nc_cid=0&_nc_zt=23&_nc_ht=instagram.fsdu8-2.fna&_nc_gid=O42UhXzZdjgXUDWLUGtlOg&_nc_ss=8&oh=00_AfsKJB9AwTkm7D9OsheSkFDUBpdVMxDpm-a2y5COV6HagQ&oe=69AA495E
https://instagram.fsdu8-2.fna.fbcdn.net/v/t51.82787-15/642196388_18080353229596058_8531800197473385237_n.jpg?stp=c0.179.1440.1440a_dst-jpg_e35_s150x150_tt6&_nc_cat=103&ig_cache_key=Mzg0MjY3NzQ3Mzg4OTMzMjIyMA%3D%3D.3-ccb7-5&ccb=7-5&_nc_sid=58cdad&efg=eyJ2ZW5jb2RlX3RhZyI6InhwaWRzLjE0NDB4MTc5OC5zZHIuQzIifQ%3D%3D&_nc_ohc=-rtOFO3i9_sQ7kNvwEP4xVB&_nc_oc=Adnv8CjLcOm-D3n6WAHfYzhMBt5aZlHLdOcBH4ExNNsSwJnmxRk3hWi4f7jMfcpAT2xTtTrInQ24ur-KPnwC5yxv&_nc_ad=z-m&_nc_cid=0&_nc_zt=23&_nc_ht=instagram.fsdu8-2.fna&_nc_gid=O42UhXzZdjgXUDWLUGtlOg&_nc_ss=8&oh=00_Afu2Jk0XZpVQEP1pZaMh6T3UhtKnkm2gHssoH7yo9GG0Wg&oe=69AA495E",NA,NO,NO,NA,NA,47827708057,omundoaquioficial,NA,NA,NA,NA,NA,NA,Autenticidade,Reforça a capacidade de inspirar confiança e de ser percebida como alguém em quem se pode confiar.,36.36,63.64,22.22,0,11.11,11.11,0,16.67,22.22,16.67
postagem_143,3842649032179515281,DVT1O9_jv-R,"Sat, 28 Feb 2026 17:24:54 GMT",2026-02-28T00:00:00Z,1772299494,"Ódio às crianças 

A República Islâmica do Irã está sendo atacada por dois Estados bandidos:

Um é uma república cujo poder é exercido por pedófilos;

O outro por genocidas que acreditam no retorno de Messias.

Resultado: nos EUA, em Gaza e no Irã os alvos são CRIANÇAS 

O imperialismo estadunidense e o sionismo são os maiores inimigos da humanidade",NA,12916,429,https://www.instagram.com/p/DVT1O9_jv-R/,https://instagram.fsdu8-1.fna.fbcdn.net/v/t51.82787-15/639860695_18446629336107258_6286579895783239063_n.jpg?stp=dst-jpg_e35_tt6&_nc_cat=102&ig_cache_key=Mzg0MjY0OTAzMjE3OTUxNTI4MQ%3D%3D.3-ccb7-5&ccb=7-5&_nc_sid=58cdad&efg=eyJ2ZW5jb2RlX3RhZyI6InhwaWRzLjE0MTF4MTc2NC5zZHIuQzIifQ%3D%3D&_nc_ohc=EyTEfFPrshcQ7kNvwHsh8mE&_nc_oc=AdnoJqPPWQKuvcenp3BFMx2rcazhOqBdBNix3CNGn0F6cUmuuWqTwbHQrSreYOykAEn6spMNNXrLBX-URtqmUdBG&_nc_ad=z-m&_nc_cid=0&_nc_zt=23&_nc_ht=instagram.fsdu8-1.fna&_nc_gid=O42UhXzZdjgXUDWLUGtlOg&_nc_ss=8&oh=00_AfvnIFRFaNBmM_1E2pdRP-rnbJJWoB2IiT3aotwC_Jzj-Q&oe=69AA7126,https://instagram.fsdu8-1.fna.fbcdn.net/v/t51.82787-15/639860695_18446629336107258_6286579895783239063_n.jpg?stp=dst-jpg_e35_tt6&_nc_cat=102&ig_cache_key=Mzg0MjY0OTAzMjE3OTUxNTI4MQ%3D%3D.3-ccb7-5&ccb=7-5&_nc_sid=58cdad&efg=eyJ2ZW5jb2RlX3RhZyI6InhwaWRzLjE0MTF4MTc2NC5zZHIuQzIifQ%3D%3D&_nc_ohc=EyTEfFPrshcQ7kNvwHsh8mE&_nc_oc=AdnoJqPPWQKuvcenp3BFMx2rcazhOqBdBNix3CNGn0F6cUmuuWqTwbHQrSreYOykAEn6spMNNXrLBX-URtqmUdBG&_nc_ad=z-m&_nc_cid=0&_nc_zt=23&_nc_ht=instagram.fsdu8-1.fna&_nc_gid=O42UhXzZdjgXUDWLUGtlOg&_nc_ss=8&oh=00_AfvnIFRFaNBmM_1E2pdRP-rnbJJWoB2IiT3aotwC_Jzj-Q&oe=69AA7126,"https://instagram.fsdu8-1.fna.fbcdn.net/v/t51.82787-15/639860695_18446629336107258_6286579895783239063_n.jpg?stp=dst-jpg_e35_tt6&_nc_cat=102&ig_cache_key=Mzg0MjY0OTAzMjE3OTUxNTI4MQ%3D%3D.3-ccb7-5&ccb=7-5&_nc_sid=58cdad&efg=eyJ2ZW5jb2RlX3RhZyI6InhwaWRzLjE0MTF4MTc2NC5zZHIuQzIifQ%3D%3D&_nc_ohc=EyTEfFPrshcQ7kNvwHsh8mE&_nc_oc=AdnoJqPPWQKuvcenp3BFMx2rcazhOqBdBNix3CNGn0F6cUmuuWqTwbHQrSreYOykAEn6spMNNXrLBX-URtqmUdBG&_nc_ad=z-m&_nc_cid=0&_nc_zt=23&_nc_ht=instagram.fsdu8-1.fna&_nc_gid=O42UhXzZdjgXUDWLUGtlOg&_nc_ss=8&oh=00_AfvnIFRFaNBmM_1E2pdRP-rnbJJWoB2IiT3aotwC_Jzj-Q&oe=69AA7126
https://instagram.fsdu8-1.fna.fbcdn.net/v/t51.82787-15/639860695_18446629336107258_6286579895783239063_n.jpg?stp=dst-jpg_e35_p1080x1080_tt6&_nc_cat=102&ig_cache_key=Mzg0MjY0OTAzMjE3OTUxNTI4MQ%3D%3D.3-ccb7-5&ccb=7-5&_nc_sid=58cdad&efg=eyJ2ZW5jb2RlX3RhZyI6InhwaWRzLjE0MTF4MTc2NC5zZHIuQzIifQ%3D%3D&_nc_ohc=EyTEfFPrshcQ7kNvwHsh8mE&_nc_oc=AdnoJqPPWQKuvcenp3BFMx2rcazhOqBdBNix3CNGn0F6cUmuuWqTwbHQrSreYOykAEn6spMNNXrLBX-URtqmUdBG&_nc_ad=z-m&_nc_cid=0&_nc_zt=23&_nc_ht=instagram.fsdu8-1.fna&_nc_gid=O42UhXzZdjgXUDWLUGtlOg&_nc_ss=8&oh=00_AfsXZuRrDn6dn7-5V2E5752xl_RN4TPzw5a6Fpw_H-5Bqw&oe=69AA7126
https://instagram.fsdu8-1.fna.fbcdn.net/v/t51.82787-15/639860695_18446629336107258_6286579895783239063_n.jpg?stp=dst-jpg_e35_p720x720_tt6&_nc_cat=102&ig_cache_key=Mzg0MjY0OTAzMjE3OTUxNTI4MQ%3D%3D.3-ccb7-5&ccb=7-5&_nc_sid=58cdad&efg=eyJ2ZW5jb2RlX3RhZyI6InhwaWRzLjE0MTF4MTc2NC5zZHIuQzIifQ%3D%3D&_nc_ohc=EyTEfFPrshcQ7kNvwHsh8mE&_nc_oc=AdnoJqPPWQKuvcenp3BFMx2rcazhOqBdBNix3CNGn0F6cUmuuWqTwbHQrSreYOykAEn6spMNNXrLBX-URtqmUdBG&_nc_ad=z-m&_nc_cid=0&_nc_zt=23&_nc_ht=instagram.fsdu8-1.fna&_nc_gid=O42UhXzZdjgXUDWLUGtlOg&_nc_ss=8&oh=00_AftNHftZCpcjFWAhdqEbHUMJCX5eWAeSKUuDK6Wg4XjN1g&oe=69AA7126
https://instagram.fsdu8-1.fna.fbcdn.net/v/t51.82787-15/639860695_18446629336107258_6286579895783239063_n.jpg?stp=dst-jpg_e35_p640x640_sh0.08_tt6&_nc_cat=102&ig_cache_key=Mzg0MjY0OTAzMjE3OTUxNTI4MQ%3D%3D.3-ccb7-5&ccb=7-5&_nc_sid=58cdad&efg=eyJ2ZW5jb2RlX3RhZyI6InhwaWRzLjE0MTF4MTc2NC5zZHIuQzIifQ%3D%3D&_nc_ohc=EyTEfFPrshcQ7kNvwHsh8mE&_nc_oc=AdnoJqPPWQKuvcenp3BFMx2rcazhOqBdBNix3CNGn0F6cUmuuWqTwbHQrSreYOykAEn6spMNNXrLBX-URtqmUdBG&_nc_ad=z-m&_nc_cid=0&_nc_zt=23&_nc_ht=instagram.fsdu8-1.fna&_nc_gid=O42UhXzZdjgXUDWLUGtlOg&_nc_ss=8&oh=00_AfsYdf0cJoCT8QXJUgA6Uy0NaTUr8N0V3ZxfHAeKynMRYw&oe=69AA7126
https://instagram.fsdu8-1.fna.fbcdn.net/v/t51.82787-15/639860695_18446629336107258_6286579895783239063_n.jpg?stp=dst-jpg_e35_p480x480_tt6&_nc_cat=102&ig_cache_key=Mzg0MjY0OTAzMjE3OTUxNTI4MQ%3D%3D.3-ccb7-5&ccb=7-5&_nc_sid=58cdad&efg=eyJ2ZW5jb2RlX3RhZyI6InhwaWRzLjE0MTF4MTc2NC5zZHIuQzIifQ%3D%3D&_nc_ohc=EyTEfFPrshcQ7kNvwHsh8mE&_nc_oc=AdnoJqPPWQKuvcenp3BFMx2rcazhOqBdBNix3CNGn0F6cUmuuWqTwbHQrSreYOykAEn6spMNNXrLBX-URtqmUdBG&_nc_ad=z-m&_nc_cid=0&_nc_zt=23&_nc_ht=instagram.fsdu8-1.fna&_nc_gid=O42UhXzZdjgXUDWLUGtlOg&_nc_ss=8&oh=00_AfsmtJ4Qx6fviezB6Hsal9q2dbwLDgsELaXFGkP0j7Zsfw&oe=69AA7126
https://instagram.fsdu8-1.fna.fbcdn.net/v/t51.82787-15/639860695_18446629336107258_6286579895783239063_n.jpg?stp=dst-jpg_e35_p320x320_tt6&_nc_cat=102&ig_cache_key=Mzg0MjY0OTAzMjE3OTUxNTI4MQ%3D%3D.3-ccb7-5&ccb=7-5&_nc_sid=58cdad&efg=eyJ2ZW5jb2RlX3RhZyI6InhwaWRzLjE0MTF4MTc2NC5zZHIuQzIifQ%3D%3D&_nc_ohc=EyTEfFPrshcQ7kNvwHsh8mE&_nc_oc=AdnoJqPPWQKuvcenp3BFMx2rcazhOqBdBNix3CNGn0F6cUmuuWqTwbHQrSreYOykAEn6spMNNXrLBX-URtqmUdBG&_nc_ad=z-m&_nc_cid=0&_nc_zt=23&_nc_ht=instagram.fsdu8-1.fna&_nc_gid=O42UhXzZdjgXUDWLUGtlOg&_nc_ss=8&oh=00_AfspGOrBYTS9D7zU5TZ_uz57quhrwNZiWdxKdGnxD6JX9Q&oe=69AA7126
https://instagram.fsdu8-1.fna.fbcdn.net/v/t51.82787-15/639860695_18446629336107258_6286579895783239063_n.jpg?stp=dst-jpg_e35_p240x240_tt6&_nc_cat=102&ig_cache_key=Mzg0MjY0OTAzMjE3OTUxNTI4MQ%3D%3D.3-ccb7-5&ccb=7-5&_nc_sid=58cdad&efg=eyJ2ZW5jb2RlX3RhZyI6InhwaWRzLjE0MTF4MTc2NC5zZHIuQzIifQ%3D%3D&_nc_ohc=EyTEfFPrshcQ7kNvwHsh8mE&_nc_oc=AdnoJqPPWQKuvcenp3BFMx2rcazhOqBdBNix3CNGn0F6cUmuuWqTwbHQrSreYOykAEn6spMNNXrLBX-URtqmUdBG&_nc_ad=z-m&_nc_cid=0&_nc_zt=23&_nc_ht=instagram.fsdu8-1.fna&_nc_gid=O42UhXzZdjgXUDWLUGtlOg&_nc_ss=8&oh=00_AfuAo8H1SJ5HPrVYpmXrU_lAtcqxXXU4RKax7M4jAzaQhA&oe=69AA7126
https://instagram.fsdu8-1.fna.fbcdn.net/v/t51.82787-15/639860695_18446629336107258_6286579895783239063_n.jpg?stp=c0.176.1411.1411a_dst-jpg_e35_s1080x1080_tt6&_nc_cat=102&ig_cache_key=Mzg0MjY0OTAzMjE3OTUxNTI4MQ%3D%3D.3-ccb7-5&ccb=7-5&_nc_sid=58cdad&efg=eyJ2ZW5jb2RlX3RhZyI6InhwaWRzLjE0MTF4MTc2NC5zZHIuQzIifQ%3D%3D&_nc_ohc=EyTEfFPrshcQ7kNvwHsh8mE&_nc_oc=AdnoJqPPWQKuvcenp3BFMx2rcazhOqBdBNix3CNGn0F6cUmuuWqTwbHQrSreYOykAEn6spMNNXrLBX-URtqmUdBG&_nc_ad=z-m&_nc_cid=0&_nc_zt=23&_nc_ht=instagram.fsdu8-1.fna&_nc_gid=O42UhXzZdjgXUDWLUGtlOg&_nc_ss=8&oh=00_AftGtJicHvUTvApYeinQQPb3uElEKz8ptAMYIlh3Cib83g&oe=69AA7126
https://instagram.fsdu8-1.fna.fbcdn.net/v/t51.82787-15/639860695_18446629336107258_6286579895783239063_n.jpg?stp=c0.176.1411.1411a_dst-jpg_e35_s750x750_sh0.08_tt6&_nc_cat=102&ig_cache_key=Mzg0MjY0OTAzMjE3OTUxNTI4MQ%3D%3D.3-ccb7-5&ccb=7-5&_nc_sid=58cdad&efg=eyJ2ZW5jb2RlX3RhZyI6InhwaWRzLjE0MTF4MTc2NC5zZHIuQzIifQ%3D%3D&_nc_ohc=EyTEfFPrshcQ7kNvwHsh8mE&_nc_oc=AdnoJqPPWQKuvcenp3BFMx2rcazhOqBdBNix3CNGn0F6cUmuuWqTwbHQrSreYOykAEn6spMNNXrLBX-URtqmUdBG&_nc_ad=z-m&_nc_cid=0&_nc_zt=23&_nc_ht=instagram.fsdu8-1.fna&_nc_gid=O42UhXzZdjgXUDWLUGtlOg&_nc_ss=8&oh=00_Afv6sCK6cWGgm4RPjzmVo0bedPNXKb9kpkCal0a1fwLu7w&oe=69AA7126
https://instagram.fsdu8-1.fna.fbcdn.net/v/t51.82787-15/639860695_18446629336107258_6286579895783239063_n.jpg?stp=c0.176.1411.1411a_dst-jpg_e35_s640x640_sh0.08_tt6&_nc_cat=102&ig_cache_key=Mzg0MjY0OTAzMjE3OTUxNTI4MQ%3D%3D.3-ccb7-5&ccb=7-5&_nc_sid=58cdad&efg=eyJ2ZW5jb2RlX3RhZyI6InhwaWRzLjE0MTF4MTc2NC5zZHIuQzIifQ%3D%3D&_nc_ohc=EyTEfFPrshcQ7kNvwHsh8mE&_nc_oc=AdnoJqPPWQKuvcenp3BFMx2rcazhOqBdBNix3CNGn0F6cUmuuWqTwbHQrSreYOykAEn6spMNNXrLBX-URtqmUdBG&_nc_ad=z-m&_nc_cid=0&_nc_zt=23&_nc_ht=instagram.fsdu8-1.fna&_nc_gid=O42UhXzZdjgXUDWLUGtlOg&_nc_ss=8&oh=00_AfvC5e4BhZz5cWA4iS7CoeC2lrWW31g1eTEJXtdTSV_60w&oe=69AA7126
https://instagram.fsdu8-1.fna.fbcdn.net/v/t51.82787-15/639860695_18446629336107258_6286579895783239063_n.jpg?stp=c0.176.1411.1411a_dst-jpg_e35_s480x480_tt6&_nc_cat=102&ig_cache_key=Mzg0MjY0OTAzMjE3OTUxNTI4MQ%3D%3D.3-ccb7-5&ccb=7-5&_nc_sid=58cdad&efg=eyJ2ZW5jb2RlX3RhZyI6InhwaWRzLjE0MTF4MTc2NC5zZHIuQzIifQ%3D%3D&_nc_ohc=EyTEfFPrshcQ7kNvwHsh8mE&_nc_oc=AdnoJqPPWQKuvcenp3BFMx2rcazhOqBdBNix3CNGn0F6cUmuuWqTwbHQrSreYOykAEn6spMNNXrLBX-URtqmUdBG&_nc_ad=z-m&_nc_cid=0&_nc_zt=23&_nc_ht=instagram.fsdu8-1.fna&_nc_gid=O42UhXzZdjgXUDWLUGtlOg&_nc_ss=8&oh=00_AfsRl5GXiOBbGFLSTljZ5uE8O6uTR4JemvWExfFxMzmktg&oe=69AA7126
https://instagram.fsdu8-1.fna.fbcdn.net/v/t51.82787-15/639860695_18446629336107258_6286579895783239063_n.jpg?stp=c0.176.1411.1411a_dst-jpg_e35_s320x320_tt6&_nc_cat=102&ig_cache_key=Mzg0MjY0OTAzMjE3OTUxNTI4MQ%3D%3D.3-ccb7-5&ccb=7-5&_nc_sid=58cdad&efg=eyJ2ZW5jb2RlX3RhZyI6InhwaWRzLjE0MTF4MTc2NC5zZHIuQzIifQ%3D%3D&_nc_ohc=EyTEfFPrshcQ7kNvwHsh8mE&_nc_oc=AdnoJqPPWQKuvcenp3BFMx2rcazhOqBdBNix3CNGn0F6cUmuuWqTwbHQrSreYOykAEn6spMNNXrLBX-URtqmUdBG&_nc_ad=z-m&_nc_cid=0&_nc_zt=23&_nc_ht=instagram.fsdu8-1.fna&_nc_gid=O42UhXzZdjgXUDWLUGtlOg&_nc_ss=8&oh=00_AfuZGE27d7YHHOD0pycTyfHRU3RAN3VpY5K6YQtWeQKiXg&oe=69AA7126
https://instagram.fsdu8-1.fna.fbcdn.net/v/t51.82787-15/639860695_18446629336107258_6286579895783239063_n.jpg?stp=c0.176.1411.1411a_dst-jpg_e35_s240x240_tt6&_nc_cat=102&ig_cache_key=Mzg0MjY0OTAzMjE3OTUxNTI4MQ%3D%3D.3-ccb7-5&ccb=7-5&_nc_sid=58cdad&efg=eyJ2ZW5jb2RlX3RhZyI6InhwaWRzLjE0MTF4MTc2NC5zZHIuQzIifQ%3D%3D&_nc_ohc=EyTEfFPrshcQ7kNvwHsh8mE&_nc_oc=AdnoJqPPWQKuvcenp3BFMx2rcazhOqBdBNix3CNGn0F6cUmuuWqTwbHQrSreYOykAEn6spMNNXrLBX-URtqmUdBG&_nc_ad=z-m&_nc_cid=0&_nc_zt=23&_nc_ht=instagram.fsdu8-1.fna&_nc_gid=O42UhXzZdjgXUDWLUGtlOg&_nc_ss=8&oh=00_AftEvs8KG_27qT4ISc82NnjT7FzvC5pC59i21NAlmK7mcQ&oe=69AA7126
https://instagram.fsdu8-1.fna.fbcdn.net/v/t51.82787-15/639860695_18446629336107258_6286579895783239063_n.jpg?stp=c0.176.1411.1411a_dst-jpg_e35_s150x150_tt6&_nc_cat=102&ig_cache_key=Mzg0MjY0OTAzMjE3OTUxNTI4MQ%3D%3D.3-ccb7-5&ccb=7-5&_nc_sid=58cdad&efg=eyJ2ZW5jb2RlX3RhZyI6InhwaWRzLjE0MTF4MTc2NC5zZHIuQzIifQ%3D%3D&_nc_ohc=EyTEfFPrshcQ7kNvwHsh8mE&_nc_oc=AdnoJqPPWQKuvcenp3BFMx2rcazhOqBdBNix3CNGn0F6cUmuuWqTwbHQrSreYOykAEn6spMNNXrLBX-URtqmUdBG&_nc_ad=z-m&_nc_cid=0&_nc_zt=23&_nc_ht=instagram.fsdu8-1.fna&_nc_gid=O42UhXzZdjgXUDWLUGtlOg&_nc_ss=8&oh=00_AfvMfexuMtlH4fC1aKVWB6LoSpLIji7-TFadAzB2LwUnMQ&oe=69AA7126",NA,NO,NO,NA,NA,3194347257,eliasmkjabbour,NA,NA,NA,NA,NA,NA,Autenticidade,Reforça a capacidade de inspirar confiança e de ser percebida como alguém em quem se pode confiar.,44.44,55.56,14.89,6.38,10.64,19.15,6.38,12.77,12.77,17.02
postagem_142,3842591702528483529,DVToMtmEuDJ,"Sat, 28 Feb 2026 15:30:54 GMT",2026-02-28T00:00:00Z,1772292654,"NOTA OFICIAL 

Irã: Ataque ao país persa exige imediata reação internacional

Após semanas de ameaças e movimentações militares intimidatórias, com o maior destacamento norte-americano em décadas no Oriente Médio, mais uma vez os EUA passam por cima da Carta da ONU e do direito internacional para atacar o território de um país soberano. Mesmo em meio a negociações entre Washington e Teerã, na madrugada do dia 28 de fevereiro de 2026, o Irã foi alvo de bombardeios dos EUA e de Israel. Grandes explosões foram vistas na capital, Teerã, e nas cidades de Isfahan e Karaj, que vivem um dia útil com milhões de pessoas no trabalho, nos mercados e nas escolas.

O objetivo dos ataques é apoderar-se das riquezas da nação iraniana, instalando um governo títere, além de eliminar qualquer resistência aos planos de genocídio do sionismo contra o povo palestino.

O Partido Comunista do Brasil (PCdoB) condena tais atos nos termos mais veementes e aponta a necessidade de que mobilizações populares massivas em defesa da paz estejam aliadas a uma firme posição de todos os países ciosos da soberania no sentido de isolar e deter a escalada insana de ameaças, agressões e guerras promovidas por Donald Trump contra a humanidade.

Estamos firmemente solidários ao Irã e ao seu povo. Defendemos o diálogo como caminho para resolver divergências entre as nações, mas reconhecemos o direito de o Irã usar os meios necessários à sua defesa contra um ataque injusto e não provocado, o que é garantido pela Carta das Nações Unidas.

Abaixo a agressão imperialista e sionista contra o Irã!

Em defesa da paz e da soberania!

Comissão Executiva Nacional do PCdoB

Brasília, 28 de fevereiro de 2026
#Irã #EUA #Israel #Internacional",#Irã #EUA #Israel #Internacional,3307,234,https://www.instagram.com/p/DVToMtmEuDJ/,https://instagram.fsdu8-1.fna.fbcdn.net/v/t51.82787-15/642355671_18345365359209498_3153163162476869370_n.jpg?stp=dst-jpg_e35_tt6&_nc_cat=111&ig_cache_key=Mzg0MjU5MTcwMjUyODQ4MzUyOQ%3D%3D.3-ccb7-5&ccb=7-5&_nc_sid=58cdad&efg=eyJ2ZW5jb2RlX3RhZyI6InhwaWRzLjEwODB4MTM1MC5zZHIuQzIifQ%3D%3D&_nc_ohc=-rDfPgEMcbwQ7kNvwHQuYKW&_nc_oc=AdlPUPWVAO9wLlSDRJtOvBs-lPlpRTXT4LYoxRB6L9PsLaFa5D3vlZEPg8PkrUS6Bm6ZDBEo1ha_CfHX5TbUtOYS&_nc_ad=z-m&_nc_cid=0&_nc_zt=23&_nc_ht=instagram.fsdu8-1.fna&_nc_gid=O42UhXzZdjgXUDWLUGtlOg&_nc_ss=8&oh=00_AfsLscOnnj02i88FTv8yu5F21d9eBA08nyRXIx36rVPM6Q&oe=69AA4627,https://instagram.fsdu8-1.fna.fbcdn.net/v/t51.82787-15/642355671_18345365359209498_3153163162476869370_n.jpg?stp=dst-jpg_e35_tt6&_nc_cat=111&ig_cache_key=Mzg0MjU5MTcwMjUyODQ4MzUyOQ%3D%3D.3-ccb7-5&ccb=7-5&_nc_sid=58cdad&efg=eyJ2ZW5jb2RlX3RhZyI6InhwaWRzLjEwODB4MTM1MC5zZHIuQzIifQ%3D%3D&_nc_ohc=-rDfPgEMcbwQ7kNvwHQuYKW&_nc_oc=AdlPUPWVAO9wLlSDRJtOvBs-lPlpRTXT4LYoxRB6L9PsLaFa5D3vlZEPg8PkrUS6Bm6ZDBEo1ha_CfHX5TbUtOYS&_nc_ad=z-m&_nc_cid=0&_nc_zt=23&_nc_ht=instagram.fsdu8-1.fna&_nc_gid=O42UhXzZdjgXUDWLUGtlOg&_nc_ss=8&oh=00_AfsLscOnnj02i88FTv8yu5F21d9eBA08nyRXIx36rVPM6Q&oe=69AA4627,"https://instagram.fsdu8-1.fna.fbcdn.net/v/t51.82787-15/642355671_18345365359209498_3153163162476869370_n.jpg?stp=dst-jpg_e35_tt6&_nc_cat=111&ig_cache_key=Mzg0MjU5MTcwMjUyODQ4MzUyOQ%3D%3D.3-ccb7-5&ccb=7-5&_nc_sid=58cdad&efg=eyJ2ZW5jb2RlX3RhZyI6InhwaWRzLjEwODB4MTM1MC5zZHIuQzIifQ%3D%3D&_nc_ohc=-rDfPgEMcbwQ7kNvwHQuYKW&_nc_oc=AdlPUPWVAO9wLlSDRJtOvBs-lPlpRTXT4LYoxRB6L9PsLaFa5D3vlZEPg8PkrUS6Bm6ZDBEo1ha_CfHX5TbUtOYS&_nc_ad=z-m&_nc_cid=0&_nc_zt=23&_nc_ht=instagram.fsdu8-1.fna&_nc_gid=O42UhXzZdjgXUDWLUGtlOg&_nc_ss=8&oh=00_AfsLscOnnj02i88FTv8yu5F21d9eBA08nyRXIx36rVPM6Q&oe=69AA4627
https://instagram.fsdu8-1.fna.fbcdn.net/v/t51.82787-15/642355671_18345365359209498_3153163162476869370_n.jpg?stp=dst-jpg_e35_p720x720_tt6&_nc_cat=111&ig_cache_key=Mzg0MjU5MTcwMjUyODQ4MzUyOQ%3D%3D.3-ccb7-5&ccb=7-5&_nc_sid=58cdad&efg=eyJ2ZW5jb2RlX3RhZyI6InhwaWRzLjEwODB4MTM1MC5zZHIuQzIifQ%3D%3D&_nc_ohc=-rDfPgEMcbwQ7kNvwHQuYKW&_nc_oc=AdlPUPWVAO9wLlSDRJtOvBs-lPlpRTXT4LYoxRB6L9PsLaFa5D3vlZEPg8PkrUS6Bm6ZDBEo1ha_CfHX5TbUtOYS&_nc_ad=z-m&_nc_cid=0&_nc_zt=23&_nc_ht=instagram.fsdu8-1.fna&_nc_gid=O42UhXzZdjgXUDWLUGtlOg&_nc_ss=8&oh=00_Afu3XeCmahdIOHsd_XDoFGL3RXjmCIPVLfPNiLDb-UEDIw&oe=69AA4627
https://instagram.fsdu8-1.fna.fbcdn.net/v/t51.82787-15/642355671_18345365359209498_3153163162476869370_n.jpg?stp=dst-jpg_e35_p640x640_sh0.08_tt6&_nc_cat=111&ig_cache_key=Mzg0MjU5MTcwMjUyODQ4MzUyOQ%3D%3D.3-ccb7-5&ccb=7-5&_nc_sid=58cdad&efg=eyJ2ZW5jb2RlX3RhZyI6InhwaWRzLjEwODB4MTM1MC5zZHIuQzIifQ%3D%3D&_nc_ohc=-rDfPgEMcbwQ7kNvwHQuYKW&_nc_oc=AdlPUPWVAO9wLlSDRJtOvBs-lPlpRTXT4LYoxRB6L9PsLaFa5D3vlZEPg8PkrUS6Bm6ZDBEo1ha_CfHX5TbUtOYS&_nc_ad=z-m&_nc_cid=0&_nc_zt=23&_nc_ht=instagram.fsdu8-1.fna&_nc_gid=O42UhXzZdjgXUDWLUGtlOg&_nc_ss=8&oh=00_Afur8DgcoGAYirT0KJO25ljpV0ShTlpGC9gU4ezZs2ITiQ&oe=69AA4627
https://instagram.fsdu8-1.fna.fbcdn.net/v/t51.82787-15/642355671_18345365359209498_3153163162476869370_n.jpg?stp=dst-jpg_e35_p480x480_tt6&_nc_cat=111&ig_cache_key=Mzg0MjU5MTcwMjUyODQ4MzUyOQ%3D%3D.3-ccb7-5&ccb=7-5&_nc_sid=58cdad&efg=eyJ2ZW5jb2RlX3RhZyI6InhwaWRzLjEwODB4MTM1MC5zZHIuQzIifQ%3D%3D&_nc_ohc=-rDfPgEMcbwQ7kNvwHQuYKW&_nc_oc=AdlPUPWVAO9wLlSDRJtOvBs-lPlpRTXT4LYoxRB6L9PsLaFa5D3vlZEPg8PkrUS6Bm6ZDBEo1ha_CfHX5TbUtOYS&_nc_ad=z-m&_nc_cid=0&_nc_zt=23&_nc_ht=instagram.fsdu8-1.fna&_nc_gid=O42UhXzZdjgXUDWLUGtlOg&_nc_ss=8&oh=00_Aft7wEgtV76sZJswqtHkKFbtiY3-Pqtl7-wEyaW3TVamGA&oe=69AA4627
https://instagram.fsdu8-1.fna.fbcdn.net/v/t51.82787-15/642355671_18345365359209498_3153163162476869370_n.jpg?stp=dst-jpg_e35_p320x320_tt6&_nc_cat=111&ig_cache_key=Mzg0MjU5MTcwMjUyODQ4MzUyOQ%3D%3D.3-ccb7-5&ccb=7-5&_nc_sid=58cdad&efg=eyJ2ZW5jb2RlX3RhZyI6InhwaWRzLjEwODB4MTM1MC5zZHIuQzIifQ%3D%3D&_nc_ohc=-rDfPgEMcbwQ7kNvwHQuYKW&_nc_oc=AdlPUPWVAO9wLlSDRJtOvBs-lPlpRTXT4LYoxRB6L9PsLaFa5D3vlZEPg8PkrUS6Bm6ZDBEo1ha_CfHX5TbUtOYS&_nc_ad=z-m&_nc_cid=0&_nc_zt=23&_nc_ht=instagram.fsdu8-1.fna&_nc_gid=O42UhXzZdjgXUDWLUGtlOg&_nc_ss=8&oh=00_Afv1os1poacX8vjWbnzfGBcJkt7MD0w3M6xk1KBiVeT8NA&oe=69AA4627
https://instagram.fsdu8-1.fna.fbcdn.net/v/t51.82787-15/642355671_18345365359209498_3153163162476869370_n.jpg?stp=dst-jpg_e35_p240x240_tt6&_nc_cat=111&ig_cache_key=Mzg0MjU5MTcwMjUyODQ4MzUyOQ%3D%3D.3-ccb7-5&ccb=7-5&_nc_sid=58cdad&efg=eyJ2ZW5jb2RlX3RhZyI6InhwaWRzLjEwODB4MTM1MC5zZHIuQzIifQ%3D%3D&_nc_ohc=-rDfPgEMcbwQ7kNvwHQuYKW&_nc_oc=AdlPUPWVAO9wLlSDRJtOvBs-lPlpRTXT4LYoxRB6L9PsLaFa5D3vlZEPg8PkrUS6Bm6ZDBEo1ha_CfHX5TbUtOYS&_nc_ad=z-m&_nc_cid=0&_nc_zt=23&_nc_ht=instagram.fsdu8-1.fna&_nc_gid=O42UhXzZdjgXUDWLUGtlOg&_nc_ss=8&oh=00_AfstL4NbIJiqjfgh5k0q8BkpTDx1eBqxBhHLKF3uqoyRrQ&oe=69AA4627
https://instagram.fsdu8-1.fna.fbcdn.net/v/t51.82787-15/642355671_18345365359209498_3153163162476869370_n.jpg?stp=c0.135.1080.1080a_dst-jpg_e35_s1080x1080_tt6&_nc_cat=111&ig_cache_key=Mzg0MjU5MTcwMjUyODQ4MzUyOQ%3D%3D.3-ccb7-5&ccb=7-5&_nc_sid=58cdad&efg=eyJ2ZW5jb2RlX3RhZyI6InhwaWRzLjEwODB4MTM1MC5zZHIuQzIifQ%3D%3D&_nc_ohc=-rDfPgEMcbwQ7kNvwHQuYKW&_nc_oc=AdlPUPWVAO9wLlSDRJtOvBs-lPlpRTXT4LYoxRB6L9PsLaFa5D3vlZEPg8PkrUS6Bm6ZDBEo1ha_CfHX5TbUtOYS&_nc_ad=z-m&_nc_cid=0&_nc_zt=23&_nc_ht=instagram.fsdu8-1.fna&_nc_gid=O42UhXzZdjgXUDWLUGtlOg&_nc_ss=8&oh=00_AftdYEFZ4tTG_yAzuT1wbQFCVVuG7gN44NZ8fE-OyebpIQ&oe=69AA4627
https://instagram.fsdu8-1.fna.fbcdn.net/v/t51.82787-15/642355671_18345365359209498_3153163162476869370_n.jpg?stp=c0.135.1080.1080a_dst-jpg_e35_s750x750_sh0.08_tt6&_nc_cat=111&ig_cache_key=Mzg0MjU5MTcwMjUyODQ4MzUyOQ%3D%3D.3-ccb7-5&ccb=7-5&_nc_sid=58cdad&efg=eyJ2ZW5jb2RlX3RhZyI6InhwaWRzLjEwODB4MTM1MC5zZHIuQzIifQ%3D%3D&_nc_ohc=-rDfPgEMcbwQ7kNvwHQuYKW&_nc_oc=AdlPUPWVAO9wLlSDRJtOvBs-lPlpRTXT4LYoxRB6L9PsLaFa5D3vlZEPg8PkrUS6Bm6ZDBEo1ha_CfHX5TbUtOYS&_nc_ad=z-m&_nc_cid=0&_nc_zt=23&_nc_ht=instagram.fsdu8-1.fna&_nc_gid=O42UhXzZdjgXUDWLUGtlOg&_nc_ss=8&oh=00_AftdwNk8xE3hOyVzkFAHwtcnkigsvUsn_qVrrytk2jGi-w&oe=69AA4627
https://instagram.fsdu8-1.fna.fbcdn.net/v/t51.82787-15/642355671_18345365359209498_3153163162476869370_n.jpg?stp=c0.135.1080.1080a_dst-jpg_e35_s640x640_sh0.08_tt6&_nc_cat=111&ig_cache_key=Mzg0MjU5MTcwMjUyODQ4MzUyOQ%3D%3D.3-ccb7-5&ccb=7-5&_nc_sid=58cdad&efg=eyJ2ZW5jb2RlX3RhZyI6InhwaWRzLjEwODB4MTM1MC5zZHIuQzIifQ%3D%3D&_nc_ohc=-rDfPgEMcbwQ7kNvwHQuYKW&_nc_oc=AdlPUPWVAO9wLlSDRJtOvBs-lPlpRTXT4LYoxRB6L9PsLaFa5D3vlZEPg8PkrUS6Bm6ZDBEo1ha_CfHX5TbUtOYS&_nc_ad=z-m&_nc_cid=0&_nc_zt=23&_nc_ht=instagram.fsdu8-1.fna&_nc_gid=O42UhXzZdjgXUDWLUGtlOg&_nc_ss=8&oh=00_AftQ2QEWBTa1HADNuJ4ojiHoWyUJ4nsztNpVaRO1-G3_CA&oe=69AA4627
https://instagram.fsdu8-1.fna.fbcdn.net/v/t51.82787-15/642355671_18345365359209498_3153163162476869370_n.jpg?stp=c0.135.1080.1080a_dst-jpg_e35_s480x480_tt6&_nc_cat=111&ig_cache_key=Mzg0MjU5MTcwMjUyODQ4MzUyOQ%3D%3D.3-ccb7-5&ccb=7-5&_nc_sid=58cdad&efg=eyJ2ZW5jb2RlX3RhZyI6InhwaWRzLjEwODB4MTM1MC5zZHIuQzIifQ%3D%3D&_nc_ohc=-rDfPgEMcbwQ7kNvwHQuYKW&_nc_oc=AdlPUPWVAO9wLlSDRJtOvBs-lPlpRTXT4LYoxRB6L9PsLaFa5D3vlZEPg8PkrUS6Bm6ZDBEo1ha_CfHX5TbUtOYS&_nc_ad=z-m&_nc_cid=0&_nc_zt=23&_nc_ht=instagram.fsdu8-1.fna&_nc_gid=O42UhXzZdjgXUDWLUGtlOg&_nc_ss=8&oh=00_AfsyTjbQfVQq-BW1y2bI7cBgt7A6nxmam2Z66715JC-UlA&oe=69AA4627
https://instagram.fsdu8-1.fna.fbcdn.net/v/t51.82787-15/642355671_18345365359209498_3153163162476869370_n.jpg?stp=c0.135.1080.1080a_dst-jpg_e35_s320x320_tt6&_nc_cat=111&ig_cache_key=Mzg0MjU5MTcwMjUyODQ4MzUyOQ%3D%3D.3-ccb7-5&ccb=7-5&_nc_sid=58cdad&efg=eyJ2ZW5jb2RlX3RhZyI6InhwaWRzLjEwODB4MTM1MC5zZHIuQzIifQ%3D%3D&_nc_ohc=-rDfPgEMcbwQ7kNvwHQuYKW&_nc_oc=AdlPUPWVAO9wLlSDRJtOvBs-lPlpRTXT4LYoxRB6L9PsLaFa5D3vlZEPg8PkrUS6Bm6ZDBEo1ha_CfHX5TbUtOYS&_nc_ad=z-m&_nc_cid=0&_nc_zt=23&_nc_ht=instagram.fsdu8-1.fna&_nc_gid=O42UhXzZdjgXUDWLUGtlOg&_nc_ss=8&oh=00_Aftg89UgAFxQ3UWhLDS41Ya-IROIMlkTguRTAOZbQPl00w&oe=69AA4627
https://instagram.fsdu8-1.fna.fbcdn.net/v/t51.82787-15/642355671_18345365359209498_3153163162476869370_n.jpg?stp=c0.135.1080.1080a_dst-jpg_e35_s240x240_tt6&_nc_cat=111&ig_cache_key=Mzg0MjU5MTcwMjUyODQ4MzUyOQ%3D%3D.3-ccb7-5&ccb=7-5&_nc_sid=58cdad&efg=eyJ2ZW5jb2RlX3RhZyI6InhwaWRzLjEwODB4MTM1MC5zZHIuQzIifQ%3D%3D&_nc_ohc=-rDfPgEMcbwQ7kNvwHQuYKW&_nc_oc=AdlPUPWVAO9wLlSDRJtOvBs-lPlpRTXT4LYoxRB6L9PsLaFa5D3vlZEPg8PkrUS6Bm6ZDBEo1ha_CfHX5TbUtOYS&_nc_ad=z-m&_nc_cid=0&_nc_zt=23&_nc_ht=instagram.fsdu8-1.fna&_nc_gid=O42UhXzZdjgXUDWLUGtlOg&_nc_ss=8&oh=00_Aft7tE-UKQ96ek0Kk34KydRv5bODgPqOUC_2lAXt3tHvDA&oe=69AA4627
https://instagram.fsdu8-1.fna.fbcdn.net/v/t51.82787-15/642355671_18345365359209498_3153163162476869370_n.jpg?stp=c0.135.1080.1080a_dst-jpg_e35_s150x150_tt6&_nc_cat=111&ig_cache_key=Mzg0MjU5MTcwMjUyODQ4MzUyOQ%3D%3D.3-ccb7-5&ccb=7-5&_nc_sid=58cdad&efg=eyJ2ZW5jb2RlX3RhZyI6InhwaWRzLjEwODB4MTM1MC5zZHIuQzIifQ%3D%3D&_nc_ohc=-rDfPgEMcbwQ7kNvwHQuYKW&_nc_oc=AdlPUPWVAO9wLlSDRJtOvBs-lPlpRTXT4LYoxRB6L9PsLaFa5D3vlZEPg8PkrUS6Bm6ZDBEo1ha_CfHX5TbUtOYS&_nc_ad=z-m&_nc_cid=0&_nc_zt=23&_nc_ht=instagram.fsdu8-1.fna&_nc_gid=O42UhXzZdjgXUDWLUGtlOg&_nc_ss=8&oh=00_AftJkyUqm0f9s8NUV6Rj1xWsgb2BebGhWQTOQQGuT69p3w&oe=69AA4627",NA,NO,NO,NA,NA,6460089497,pcdob_oficial,NA,NA,NA,NA,NA,NA,Autoridade,"Expressa ser detentora de habilidades, posicionando-se como melhor do que os eleitores em determinados domínios.",41.18,58.82,12.5,0,6.25,25,0,12.5,12.5,31.25
postagem_140,3842464759543632036,DVTLVcujhCk,"Sat, 28 Feb 2026 11:19:06 GMT",2026-02-28T00:00:00Z,1772277546,Sobre o ataque de Israel e Estados Unidos contra o Irã.,NA,13172,528,https://www.instagram.com/p/DVTLVcujhCk/,https://instagram.fsdu8-1.fna.fbcdn.net/v/t51.71878-15/628980939_1288232260068599_6508045765785883071_n.jpg?stp=dst-jpg_e15_tt6&_nc_cat=106&ig_cache_key=Mzg0MjQ2NDc1OTU0MzYzMjAzNg%3D%3D.3-ccb7-5&ccb=7-5&_nc_sid=58cdad&efg=eyJ2ZW5jb2RlX3RhZyI6InhwaWRzLjY0MHgxMTM2LnNkci5DMiJ9&_nc_ohc=fmyqn5-fv9sQ7kNvwEJI83q&_nc_oc=AdlBiTYn6x4R0lo6ReWRSg9JTjj-EdQkpPaGeTII1Aw4ZhXpxPGqmAJm8OPmY0m5r4bsvebfI09GdDzUGUxuNZ_c&_nc_ad=z-m&_nc_cid=0&_nc_zt=23&_nc_ht=instagram.fsdu8-1.fna&_nc_gid=O42UhXzZdjgXUDWLUGtlOg&_nc_ss=8&oh=00_Aft6pkyQe04vBMp6xy-fELrGYSNjCdRtO5clNtd8IdEwOg&oe=69AA4F8B,https://instagram.fsdu8-1.fna.fbcdn.net/v/t51.71878-15/628980939_1288232260068599_6508045765785883071_n.jpg?stp=dst-jpg_e15_tt6&_nc_cat=106&ig_cache_key=Mzg0MjQ2NDc1OTU0MzYzMjAzNg%3D%3D.3-ccb7-5&ccb=7-5&_nc_sid=58cdad&efg=eyJ2ZW5jb2RlX3RhZyI6InhwaWRzLjY0MHgxMTM2LnNkci5DMiJ9&_nc_ohc=fmyqn5-fv9sQ7kNvwEJI83q&_nc_oc=AdlBiTYn6x4R0lo6ReWRSg9JTjj-EdQkpPaGeTII1Aw4ZhXpxPGqmAJm8OPmY0m5r4bsvebfI09GdDzUGUxuNZ_c&_nc_ad=z-m&_nc_cid=0&_nc_zt=23&_nc_ht=instagram.fsdu8-1.fna&_nc_gid=O42UhXzZdjgXUDWLUGtlOg&_nc_ss=8&oh=00_Aft6pkyQe04vBMp6xy-fELrGYSNjCdRtO5clNtd8IdEwOg&oe=69AA4F8B,"https://instagram.fsdu8-1.fna.fbcdn.net/v/t51.71878-15/628980939_1288232260068599_6508045765785883071_n.jpg?stp=dst-jpg_e15_tt6&_nc_cat=106&ig_cache_key=Mzg0MjQ2NDc1OTU0MzYzMjAzNg%3D%3D.3-ccb7-5&ccb=7-5&_nc_sid=58cdad&efg=eyJ2ZW5jb2RlX3RhZyI6InhwaWRzLjY0MHgxMTM2LnNkci5DMiJ9&_nc_ohc=fmyqn5-fv9sQ7kNvwEJI83q&_nc_oc=AdlBiTYn6x4R0lo6ReWRSg9JTjj-EdQkpPaGeTII1Aw4ZhXpxPGqmAJm8OPmY0m5r4bsvebfI09GdDzUGUxuNZ_c&_nc_ad=z-m&_nc_cid=0&_nc_zt=23&_nc_ht=instagram.fsdu8-1.fna&_nc_gid=O42UhXzZdjgXUDWLUGtlOg&_nc_ss=8&oh=00_Aft6pkyQe04vBMp6xy-fELrGYSNjCdRtO5clNtd8IdEwOg&oe=69AA4F8B
https://instagram.fsdu8-1.fna.fbcdn.net/v/t51.71878-15/628980939_1288232260068599_6508045765785883071_n.jpg?stp=dst-jpg_e15_p480x480_tt6&_nc_cat=106&ig_cache_key=Mzg0MjQ2NDc1OTU0MzYzMjAzNg%3D%3D.3-ccb7-5&ccb=7-5&_nc_sid=58cdad&efg=eyJ2ZW5jb2RlX3RhZyI6InhwaWRzLjY0MHgxMTM2LnNkci5DMiJ9&_nc_ohc=fmyqn5-fv9sQ7kNvwEJI83q&_nc_oc=AdlBiTYn6x4R0lo6ReWRSg9JTjj-EdQkpPaGeTII1Aw4ZhXpxPGqmAJm8OPmY0m5r4bsvebfI09GdDzUGUxuNZ_c&_nc_ad=z-m&_nc_cid=0&_nc_zt=23&_nc_ht=instagram.fsdu8-1.fna&_nc_gid=O42UhXzZdjgXUDWLUGtlOg&_nc_ss=8&oh=00_Afvm4CWGT50kPT8FmF7tDun-rgEIQBNgh9cp2KW5NH9zEQ&oe=69AA4F8B
https://instagram.fsdu8-1.fna.fbcdn.net/v/t51.71878-15/628980939_1288232260068599_6508045765785883071_n.jpg?stp=dst-jpg_e15_p320x320_tt6&_nc_cat=106&ig_cache_key=Mzg0MjQ2NDc1OTU0MzYzMjAzNg%3D%3D.3-ccb7-5&ccb=7-5&_nc_sid=58cdad&efg=eyJ2ZW5jb2RlX3RhZyI6InhwaWRzLjY0MHgxMTM2LnNkci5DMiJ9&_nc_ohc=fmyqn5-fv9sQ7kNvwEJI83q&_nc_oc=AdlBiTYn6x4R0lo6ReWRSg9JTjj-EdQkpPaGeTII1Aw4ZhXpxPGqmAJm8OPmY0m5r4bsvebfI09GdDzUGUxuNZ_c&_nc_ad=z-m&_nc_cid=0&_nc_zt=23&_nc_ht=instagram.fsdu8-1.fna&_nc_gid=O42UhXzZdjgXUDWLUGtlOg&_nc_ss=8&oh=00_AfuTnYjpV1oKntZrK20sS2gMYG_XQXPQB0K0uDglB_u-Ag&oe=69AA4F8B
https://instagram.fsdu8-1.fna.fbcdn.net/v/t51.71878-15/628980939_1288232260068599_6508045765785883071_n.jpg?stp=dst-jpg_e15_p240x240_tt6&_nc_cat=106&ig_cache_key=Mzg0MjQ2NDc1OTU0MzYzMjAzNg%3D%3D.3-ccb7-5&ccb=7-5&_nc_sid=58cdad&efg=eyJ2ZW5jb2RlX3RhZyI6InhwaWRzLjY0MHgxMTM2LnNkci5DMiJ9&_nc_ohc=fmyqn5-fv9sQ7kNvwEJI83q&_nc_oc=AdlBiTYn6x4R0lo6ReWRSg9JTjj-EdQkpPaGeTII1Aw4ZhXpxPGqmAJm8OPmY0m5r4bsvebfI09GdDzUGUxuNZ_c&_nc_ad=z-m&_nc_cid=0&_nc_zt=23&_nc_ht=instagram.fsdu8-1.fna&_nc_gid=O42UhXzZdjgXUDWLUGtlOg&_nc_ss=8&oh=00_Afsm3zHi2f2umqC4PV8luvirx65Z8JwaBga-2MM2fXhumw&oe=69AA4F8B
https://instagram.fsdu8-1.fna.fbcdn.net/v/t51.71878-15/628980939_1288232260068599_6508045765785883071_n.jpg?stp=c0.248.640.640a_dst-jpg_e15_s640x639_tt6&_nc_cat=106&ig_cache_key=Mzg0MjQ2NDc1OTU0MzYzMjAzNg%3D%3D.3-ccb7-5&ccb=7-5&_nc_sid=58cdad&efg=eyJ2ZW5jb2RlX3RhZyI6InhwaWRzLjY0MHgxMTM2LnNkci5DMiJ9&_nc_ohc=fmyqn5-fv9sQ7kNvwEJI83q&_nc_oc=AdlBiTYn6x4R0lo6ReWRSg9JTjj-EdQkpPaGeTII1Aw4ZhXpxPGqmAJm8OPmY0m5r4bsvebfI09GdDzUGUxuNZ_c&_nc_ad=z-m&_nc_cid=0&_nc_zt=23&_nc_ht=instagram.fsdu8-1.fna&_nc_gid=O42UhXzZdjgXUDWLUGtlOg&_nc_ss=8&oh=00_AfttNGm9n1pSR5qJpS_HO-ACDbUnHcTK4tThfSh10oBEcg&oe=69AA4F8B
https://instagram.fsdu8-1.fna.fbcdn.net/v/t51.71878-15/628980939_1288232260068599_6508045765785883071_n.jpg?stp=c0.248.640.640a_dst-jpg_e15_s640x639_tt6&_nc_cat=106&ig_cache_key=Mzg0MjQ2NDc1OTU0MzYzMjAzNg%3D%3D.3-ccb7-5&ccb=7-5&_nc_sid=58cdad&efg=eyJ2ZW5jb2RlX3RhZyI6InhwaWRzLjY0MHgxMTM2LnNkci5DMiJ9&_nc_ohc=fmyqn5-fv9sQ7kNvwEJI83q&_nc_oc=AdlBiTYn6x4R0lo6ReWRSg9JTjj-EdQkpPaGeTII1Aw4ZhXpxPGqmAJm8OPmY0m5r4bsvebfI09GdDzUGUxuNZ_c&_nc_ad=z-m&_nc_cid=0&_nc_zt=23&_nc_ht=instagram.fsdu8-1.fna&_nc_gid=O42UhXzZdjgXUDWLUGtlOg&_nc_ss=8&oh=00_AfttNGm9n1pSR5qJpS_HO-ACDbUnHcTK4tThfSh10oBEcg&oe=69AA4F8B
https://instagram.fsdu8-1.fna.fbcdn.net/v/t51.71878-15/628980939_1288232260068599_6508045765785883071_n.jpg?stp=c0.248.640.640a_dst-jpg_e15_s640x639_tt6&_nc_cat=106&ig_cache_key=Mzg0MjQ2NDc1OTU0MzYzMjAzNg%3D%3D.3-ccb7-5&ccb=7-5&_nc_sid=58cdad&efg=eyJ2ZW5jb2RlX3RhZyI6InhwaWRzLjY0MHgxMTM2LnNkci5DMiJ9&_nc_ohc=fmyqn5-fv9sQ7kNvwEJI83q&_nc_oc=AdlBiTYn6x4R0lo6ReWRSg9JTjj-EdQkpPaGeTII1Aw4ZhXpxPGqmAJm8OPmY0m5r4bsvebfI09GdDzUGUxuNZ_c&_nc_ad=z-m&_nc_cid=0&_nc_zt=23&_nc_ht=instagram.fsdu8-1.fna&_nc_gid=O42UhXzZdjgXUDWLUGtlOg&_nc_ss=8&oh=00_AfttNGm9n1pSR5qJpS_HO-ACDbUnHcTK4tThfSh10oBEcg&oe=69AA4F8B
https://instagram.fsdu8-1.fna.fbcdn.net/v/t51.71878-15/628980939_1288232260068599_6508045765785883071_n.jpg?stp=c0.248.640.640a_dst-jpg_e15_s480x480_tt6&_nc_cat=106&ig_cache_key=Mzg0MjQ2NDc1OTU0MzYzMjAzNg%3D%3D.3-ccb7-5&ccb=7-5&_nc_sid=58cdad&efg=eyJ2ZW5jb2RlX3RhZyI6InhwaWRzLjY0MHgxMTM2LnNkci5DMiJ9&_nc_ohc=fmyqn5-fv9sQ7kNvwEJI83q&_nc_oc=AdlBiTYn6x4R0lo6ReWRSg9JTjj-EdQkpPaGeTII1Aw4ZhXpxPGqmAJm8OPmY0m5r4bsvebfI09GdDzUGUxuNZ_c&_nc_ad=z-m&_nc_cid=0&_nc_zt=23&_nc_ht=instagram.fsdu8-1.fna&_nc_gid=O42UhXzZdjgXUDWLUGtlOg&_nc_ss=8&oh=00_AftqYcGXOQgLZsdc-M_EkT7s71GtmEk5egGIQsT12I3mPw&oe=69AA4F8B
https://instagram.fsdu8-1.fna.fbcdn.net/v/t51.71878-15/628980939_1288232260068599_6508045765785883071_n.jpg?stp=c0.248.640.640a_dst-jpg_e15_s320x320_tt6&_nc_cat=106&ig_cache_key=Mzg0MjQ2NDc1OTU0MzYzMjAzNg%3D%3D.3-ccb7-5&ccb=7-5&_nc_sid=58cdad&efg=eyJ2ZW5jb2RlX3RhZyI6InhwaWRzLjY0MHgxMTM2LnNkci5DMiJ9&_nc_ohc=fmyqn5-fv9sQ7kNvwEJI83q&_nc_oc=AdlBiTYn6x4R0lo6ReWRSg9JTjj-EdQkpPaGeTII1Aw4ZhXpxPGqmAJm8OPmY0m5r4bsvebfI09GdDzUGUxuNZ_c&_nc_ad=z-m&_nc_cid=0&_nc_zt=23&_nc_ht=instagram.fsdu8-1.fna&_nc_gid=O42UhXzZdjgXUDWLUGtlOg&_nc_ss=8&oh=00_AfsGcim2bOHhApmgiMxn2sDg5Er6HR1bAYBqnA-7nRl_bA&oe=69AA4F8B
https://instagram.fsdu8-1.fna.fbcdn.net/v/t51.71878-15/628980939_1288232260068599_6508045765785883071_n.jpg?stp=c0.248.640.640a_dst-jpg_e15_s240x240_tt6&_nc_cat=106&ig_cache_key=Mzg0MjQ2NDc1OTU0MzYzMjAzNg%3D%3D.3-ccb7-5&ccb=7-5&_nc_sid=58cdad&efg=eyJ2ZW5jb2RlX3RhZyI6InhwaWRzLjY0MHgxMTM2LnNkci5DMiJ9&_nc_ohc=fmyqn5-fv9sQ7kNvwEJI83q&_nc_oc=AdlBiTYn6x4R0lo6ReWRSg9JTjj-EdQkpPaGeTII1Aw4ZhXpxPGqmAJm8OPmY0m5r4bsvebfI09GdDzUGUxuNZ_c&_nc_ad=z-m&_nc_cid=0&_nc_zt=23&_nc_ht=instagram.fsdu8-1.fna&_nc_gid=O42UhXzZdjgXUDWLUGtlOg&_nc_ss=8&oh=00_Afse-RaquoGbh2fBfl2aJP2XlK0CEsaIvPUM9KrQt8TWYg&oe=69AA4F8B
https://instagram.fsdu8-1.fna.fbcdn.net/v/t51.71878-15/628980939_1288232260068599_6508045765785883071_n.jpg?stp=c0.248.640.640a_dst-jpg_e15_s150x150_tt6&_nc_cat=106&ig_cache_key=Mzg0MjQ2NDc1OTU0MzYzMjAzNg%3D%3D.3-ccb7-5&ccb=7-5&_nc_sid=58cdad&efg=eyJ2ZW5jb2RlX3RhZyI6InhwaWRzLjY0MHgxMTM2LnNkci5DMiJ9&_nc_ohc=fmyqn5-fv9sQ7kNvwEJI83q&_nc_oc=AdlBiTYn6x4R0lo6ReWRSg9JTjj-EdQkpPaGeTII1Aw4ZhXpxPGqmAJm8OPmY0m5r4bsvebfI09GdDzUGUxuNZ_c&_nc_ad=z-m&_nc_cid=0&_nc_zt=23&_nc_ht=instagram.fsdu8-1.fna&_nc_gid=O42UhXzZdjgXUDWLUGtlOg&_nc_ss=8&oh=00_AftWDGqhDtTE_QKf077JJPGrd6qLOTFZe-fmFqSY6daWQQ&oe=69AA4F8B",NA,NO,YES,https://instagram.fsdu8-2.fna.fbcdn.net/o1/v/t16/f2/m69/AQNOPPjjPGXxIwdeqevgCbPZ107RSPVxjwmNDSz1M4jwBbX_OOfoYoAvcfoBDERz_CrFpTB2sFZp79PVRcwCFe1j.mp4?strext=1&_nc_cat=107&_nc_oc=AdmkRYrcdrtEkpe-ie_pEkbSVpH5tFpBxSt8IusfkaKkBfvBrKNIR_nnxs4s4pt47NN5aH-1mxWiPqgjvj8co-Py&_nc_sid=5e9851&_nc_ht=instagram.fsdu8-2.fna.fbcdn.net&_nc_ohc=F3XzVtoV46sQ7kNvwECPGi8&efg=eyJ2ZW5jb2RlX3RhZyI6Inhwdl9wcm9ncmVzc2l2ZS5JTlNUQUdSQU0uQ0xJUFMuQzIuNzIwLmRhc2hfYmFzZWxpbmVfMV92MSIsInhwdl9hc3NldF9pZCI6MTc5NDQ0NDc3NDMxMjg1MDgsImFzc2V0X2FnZV9kYXlzIjoxLCJ2aV91c2VjYXNlX2lkIjoxMDA5OSwiZHVyYXRpb25fcyI6MTY3LCJ1cmxnZW5fc291cmNlIjoid3d3In0%3D&ccb=17-1&_nc_gid=O42UhXzZdjgXUDWLUGtlOg&_nc_ss=8&_nc_zt=28&vs=2faf275cbfc1a624&_nc_vs=HBksFQIYOnBhc3N0aHJvdWdoX2V2ZXJzdG9yZS9HS3hZVVNidjFHQjZrVmtEQUh4MnRka2pNSVpHYnNwVEFRQUYVAALIARIAFQIYUWlnX3hwdl9wbGFjZW1lbnRfcGVybWFuZW50X3YyL0VDNEMzNzNCM0RCRTgzMDNCMUNDNThCMkZFQzlDNjk4X2F1ZGlvX2Rhc2hpbml0Lm1wNBUCAsgBEgAoABgAGwKIB3VzZV9vaWwBMRJwcm9ncmVzc2l2ZV9yZWNpcGUBMRUAACb4ztuWqpjgPxUCKAJDMiwXQGThDlYEGJMYEmRhc2hfYmFzZWxpbmVfMV92MREAdf4HZeadAQA&oh=00_AfsWOeOB4j8kIBpGsP_upn9a2iijDHYP26aReMtkriEmQA&oe=69AA4E3D,NA,3194347257,eliasmkjabbour,NA,NA,NA,NA,NA,NA,Autoridade,"Expressa ser detentora de habilidades, posicionando-se como melhor do que os eleitores em determinados domínios.",26.32,73.68,24.14,3.45,10.34,17.24,3.45,20.69,10.34,10.34
postagem_139,3842080584240371594,DVRz-9mEpeK,"Fri, 27 Feb 2026 22:39:02 GMT",2026-02-27T00:00:00Z,1772231942,"Precisamos de um plano de nação e eu não conheço ninguém melhor e mais competente pra nos representar atualmente em Brasília que o Elias Jabbour.

Elias Jabbour é geógrafo, economista e um dos principais intelectuais brasileiros dedicados ao estudo do desenvolvimento chinês. Sua bibliografia foca na transição para o socialismo, planejamento econômico e na experiência da República Popular da China e vem como candidato a deputado federal.",NA,17700,955,https://www.instagram.com/p/DVRz-9mEpeK/,https://instagram.fsdu8-1.fna.fbcdn.net/v/t51.71878-15/641032582_4412260095725958_6260501500173093870_n.jpg?stp=dst-jpg_e15_tt6&_nc_cat=111&ig_cache_key=Mzg0MjA4MDU4NDI0MDM3MTU5NA%3D%3D.3-ccb7-5&ccb=7-5&_nc_sid=58cdad&efg=eyJ2ZW5jb2RlX3RhZyI6InhwaWRzLjY0MHgxMTM2LnNkci5DMiJ9&_nc_ohc=HpS2hSfaEvUQ7kNvwHp0fxi&_nc_oc=AdlWfYKi0_vl_EpCOEv3U91iJwJLdQF9gp9HmFd9XeuOC1xSf9EpiC7-595Y7OJwCY7Pn3pBKgjq0XAQKAqh8PBD&_nc_ad=z-m&_nc_cid=0&_nc_zt=23&_nc_ht=instagram.fsdu8-1.fna&_nc_gid=O42UhXzZdjgXUDWLUGtlOg&_nc_ss=8&oh=00_Afv8CrWZKgdDk830Qvb4Z15roP1WyKS1G2X3FAruQP7ovw&oe=69AA7139,https://instagram.fsdu8-1.fna.fbcdn.net/v/t51.71878-15/641032582_4412260095725958_6260501500173093870_n.jpg?stp=dst-jpg_e15_tt6&_nc_cat=111&ig_cache_key=Mzg0MjA4MDU4NDI0MDM3MTU5NA%3D%3D.3-ccb7-5&ccb=7-5&_nc_sid=58cdad&efg=eyJ2ZW5jb2RlX3RhZyI6InhwaWRzLjY0MHgxMTM2LnNkci5DMiJ9&_nc_ohc=HpS2hSfaEvUQ7kNvwHp0fxi&_nc_oc=AdlWfYKi0_vl_EpCOEv3U91iJwJLdQF9gp9HmFd9XeuOC1xSf9EpiC7-595Y7OJwCY7Pn3pBKgjq0XAQKAqh8PBD&_nc_ad=z-m&_nc_cid=0&_nc_zt=23&_nc_ht=instagram.fsdu8-1.fna&_nc_gid=O42UhXzZdjgXUDWLUGtlOg&_nc_ss=8&oh=00_Afv8CrWZKgdDk830Qvb4Z15roP1WyKS1G2X3FAruQP7ovw&oe=69AA7139,"https://instagram.fsdu8-1.fna.fbcdn.net/v/t51.71878-15/641032582_4412260095725958_6260501500173093870_n.jpg?stp=dst-jpg_e15_tt6&_nc_cat=111&ig_cache_key=Mzg0MjA4MDU4NDI0MDM3MTU5NA%3D%3D.3-ccb7-5&ccb=7-5&_nc_sid=58cdad&efg=eyJ2ZW5jb2RlX3RhZyI6InhwaWRzLjY0MHgxMTM2LnNkci5DMiJ9&_nc_ohc=HpS2hSfaEvUQ7kNvwHp0fxi&_nc_oc=AdlWfYKi0_vl_EpCOEv3U91iJwJLdQF9gp9HmFd9XeuOC1xSf9EpiC7-595Y7OJwCY7Pn3pBKgjq0XAQKAqh8PBD&_nc_ad=z-m&_nc_cid=0&_nc_zt=23&_nc_ht=instagram.fsdu8-1.fna&_nc_gid=O42UhXzZdjgXUDWLUGtlOg&_nc_ss=8&oh=00_Afv8CrWZKgdDk830Qvb4Z15roP1WyKS1G2X3FAruQP7ovw&oe=69AA7139
https://instagram.fsdu8-1.fna.fbcdn.net/v/t51.71878-15/641032582_4412260095725958_6260501500173093870_n.jpg?stp=dst-jpg_e15_p480x480_tt6&_nc_cat=111&ig_cache_key=Mzg0MjA4MDU4NDI0MDM3MTU5NA%3D%3D.3-ccb7-5&ccb=7-5&_nc_sid=58cdad&efg=eyJ2ZW5jb2RlX3RhZyI6InhwaWRzLjY0MHgxMTM2LnNkci5DMiJ9&_nc_ohc=HpS2hSfaEvUQ7kNvwHp0fxi&_nc_oc=AdlWfYKi0_vl_EpCOEv3U91iJwJLdQF9gp9HmFd9XeuOC1xSf9EpiC7-595Y7OJwCY7Pn3pBKgjq0XAQKAqh8PBD&_nc_ad=z-m&_nc_cid=0&_nc_zt=23&_nc_ht=instagram.fsdu8-1.fna&_nc_gid=O42UhXzZdjgXUDWLUGtlOg&_nc_ss=8&oh=00_AftCb0lo-nZU8fBzJPiIlTanauAEKpWXTiZGiXM8r9bcSQ&oe=69AA7139
https://instagram.fsdu8-1.fna.fbcdn.net/v/t51.71878-15/641032582_4412260095725958_6260501500173093870_n.jpg?stp=dst-jpg_e15_p320x320_tt6&_nc_cat=111&ig_cache_key=Mzg0MjA4MDU4NDI0MDM3MTU5NA%3D%3D.3-ccb7-5&ccb=7-5&_nc_sid=58cdad&efg=eyJ2ZW5jb2RlX3RhZyI6InhwaWRzLjY0MHgxMTM2LnNkci5DMiJ9&_nc_ohc=HpS2hSfaEvUQ7kNvwHp0fxi&_nc_oc=AdlWfYKi0_vl_EpCOEv3U91iJwJLdQF9gp9HmFd9XeuOC1xSf9EpiC7-595Y7OJwCY7Pn3pBKgjq0XAQKAqh8PBD&_nc_ad=z-m&_nc_cid=0&_nc_zt=23&_nc_ht=instagram.fsdu8-1.fna&_nc_gid=O42UhXzZdjgXUDWLUGtlOg&_nc_ss=8&oh=00_AfuqxbBvc8pIumdzZK5njctiY2H-Sf5_YsT_li7kj_164g&oe=69AA7139
https://instagram.fsdu8-1.fna.fbcdn.net/v/t51.71878-15/641032582_4412260095725958_6260501500173093870_n.jpg?stp=dst-jpg_e15_p240x240_tt6&_nc_cat=111&ig_cache_key=Mzg0MjA4MDU4NDI0MDM3MTU5NA%3D%3D.3-ccb7-5&ccb=7-5&_nc_sid=58cdad&efg=eyJ2ZW5jb2RlX3RhZyI6InhwaWRzLjY0MHgxMTM2LnNkci5DMiJ9&_nc_ohc=HpS2hSfaEvUQ7kNvwHp0fxi&_nc_oc=AdlWfYKi0_vl_EpCOEv3U91iJwJLdQF9gp9HmFd9XeuOC1xSf9EpiC7-595Y7OJwCY7Pn3pBKgjq0XAQKAqh8PBD&_nc_ad=z-m&_nc_cid=0&_nc_zt=23&_nc_ht=instagram.fsdu8-1.fna&_nc_gid=O42UhXzZdjgXUDWLUGtlOg&_nc_ss=8&oh=00_AfvanHDMTvUmsQZptWtUee1MrlZFnhRTj-DyLWgKuxSZqg&oe=69AA7139
https://instagram.fsdu8-1.fna.fbcdn.net/v/t51.71878-15/641032582_4412260095725958_6260501500173093870_n.jpg?stp=c0.248.640.640a_dst-jpg_e15_s640x639_tt6&_nc_cat=111&ig_cache_key=Mzg0MjA4MDU4NDI0MDM3MTU5NA%3D%3D.3-ccb7-5&ccb=7-5&_nc_sid=58cdad&efg=eyJ2ZW5jb2RlX3RhZyI6InhwaWRzLjY0MHgxMTM2LnNkci5DMiJ9&_nc_ohc=HpS2hSfaEvUQ7kNvwHp0fxi&_nc_oc=AdlWfYKi0_vl_EpCOEv3U91iJwJLdQF9gp9HmFd9XeuOC1xSf9EpiC7-595Y7OJwCY7Pn3pBKgjq0XAQKAqh8PBD&_nc_ad=z-m&_nc_cid=0&_nc_zt=23&_nc_ht=instagram.fsdu8-1.fna&_nc_gid=O42UhXzZdjgXUDWLUGtlOg&_nc_ss=8&oh=00_AftsERY0B0CnP1qDRWYZgLNSnEhYJcn_C3EMbcfwLIjSJA&oe=69AA7139
https://instagram.fsdu8-1.fna.fbcdn.net/v/t51.71878-15/641032582_4412260095725958_6260501500173093870_n.jpg?stp=c0.248.640.640a_dst-jpg_e15_s640x639_tt6&_nc_cat=111&ig_cache_key=Mzg0MjA4MDU4NDI0MDM3MTU5NA%3D%3D.3-ccb7-5&ccb=7-5&_nc_sid=58cdad&efg=eyJ2ZW5jb2RlX3RhZyI6InhwaWRzLjY0MHgxMTM2LnNkci5DMiJ9&_nc_ohc=HpS2hSfaEvUQ7kNvwHp0fxi&_nc_oc=AdlWfYKi0_vl_EpCOEv3U91iJwJLdQF9gp9HmFd9XeuOC1xSf9EpiC7-595Y7OJwCY7Pn3pBKgjq0XAQKAqh8PBD&_nc_ad=z-m&_nc_cid=0&_nc_zt=23&_nc_ht=instagram.fsdu8-1.fna&_nc_gid=O42UhXzZdjgXUDWLUGtlOg&_nc_ss=8&oh=00_AftsERY0B0CnP1qDRWYZgLNSnEhYJcn_C3EMbcfwLIjSJA&oe=69AA7139
https://instagram.fsdu8-1.fna.fbcdn.net/v/t51.71878-15/641032582_4412260095725958_6260501500173093870_n.jpg?stp=c0.248.640.640a_dst-jpg_e15_s640x639_tt6&_nc_cat=111&ig_cache_key=Mzg0MjA4MDU4NDI0MDM3MTU5NA%3D%3D.3-ccb7-5&ccb=7-5&_nc_sid=58cdad&efg=eyJ2ZW5jb2RlX3RhZyI6InhwaWRzLjY0MHgxMTM2LnNkci5DMiJ9&_nc_ohc=HpS2hSfaEvUQ7kNvwHp0fxi&_nc_oc=AdlWfYKi0_vl_EpCOEv3U91iJwJLdQF9gp9HmFd9XeuOC1xSf9EpiC7-595Y7OJwCY7Pn3pBKgjq0XAQKAqh8PBD&_nc_ad=z-m&_nc_cid=0&_nc_zt=23&_nc_ht=instagram.fsdu8-1.fna&_nc_gid=O42UhXzZdjgXUDWLUGtlOg&_nc_ss=8&oh=00_AftsERY0B0CnP1qDRWYZgLNSnEhYJcn_C3EMbcfwLIjSJA&oe=69AA7139
https://instagram.fsdu8-1.fna.fbcdn.net/v/t51.71878-15/641032582_4412260095725958_6260501500173093870_n.jpg?stp=c0.248.640.640a_dst-jpg_e15_s480x480_tt6&_nc_cat=111&ig_cache_key=Mzg0MjA4MDU4NDI0MDM3MTU5NA%3D%3D.3-ccb7-5&ccb=7-5&_nc_sid=58cdad&efg=eyJ2ZW5jb2RlX3RhZyI6InhwaWRzLjY0MHgxMTM2LnNkci5DMiJ9&_nc_ohc=HpS2hSfaEvUQ7kNvwHp0fxi&_nc_oc=AdlWfYKi0_vl_EpCOEv3U91iJwJLdQF9gp9HmFd9XeuOC1xSf9EpiC7-595Y7OJwCY7Pn3pBKgjq0XAQKAqh8PBD&_nc_ad=z-m&_nc_cid=0&_nc_zt=23&_nc_ht=instagram.fsdu8-1.fna&_nc_gid=O42UhXzZdjgXUDWLUGtlOg&_nc_ss=8&oh=00_AfvntLqzrgMb_wVHtgzGareRbMpW6disrOSAqNRhydhxTw&oe=69AA7139
https://instagram.fsdu8-1.fna.fbcdn.net/v/t51.71878-15/641032582_4412260095725958_6260501500173093870_n.jpg?stp=c0.248.640.640a_dst-jpg_e15_s320x320_tt6&_nc_cat=111&ig_cache_key=Mzg0MjA4MDU4NDI0MDM3MTU5NA%3D%3D.3-ccb7-5&ccb=7-5&_nc_sid=58cdad&efg=eyJ2ZW5jb2RlX3RhZyI6InhwaWRzLjY0MHgxMTM2LnNkci5DMiJ9&_nc_ohc=HpS2hSfaEvUQ7kNvwHp0fxi&_nc_oc=AdlWfYKi0_vl_EpCOEv3U91iJwJLdQF9gp9HmFd9XeuOC1xSf9EpiC7-595Y7OJwCY7Pn3pBKgjq0XAQKAqh8PBD&_nc_ad=z-m&_nc_cid=0&_nc_zt=23&_nc_ht=instagram.fsdu8-1.fna&_nc_gid=O42UhXzZdjgXUDWLUGtlOg&_nc_ss=8&oh=00_AfswSpqDKQJeTTP8BJA12skVNyh4l2PfaaU7exzja4Y4UA&oe=69AA7139
https://instagram.fsdu8-1.fna.fbcdn.net/v/t51.71878-15/641032582_4412260095725958_6260501500173093870_n.jpg?stp=c0.248.640.640a_dst-jpg_e15_s240x240_tt6&_nc_cat=111&ig_cache_key=Mzg0MjA4MDU4NDI0MDM3MTU5NA%3D%3D.3-ccb7-5&ccb=7-5&_nc_sid=58cdad&efg=eyJ2ZW5jb2RlX3RhZyI6InhwaWRzLjY0MHgxMTM2LnNkci5DMiJ9&_nc_ohc=HpS2hSfaEvUQ7kNvwHp0fxi&_nc_oc=AdlWfYKi0_vl_EpCOEv3U91iJwJLdQF9gp9HmFd9XeuOC1xSf9EpiC7-595Y7OJwCY7Pn3pBKgjq0XAQKAqh8PBD&_nc_ad=z-m&_nc_cid=0&_nc_zt=23&_nc_ht=instagram.fsdu8-1.fna&_nc_gid=O42UhXzZdjgXUDWLUGtlOg&_nc_ss=8&oh=00_AfuWLs-O7IUM5fCVgwc5ff9cgYLGsb_2oacUpW4hhNPOtA&oe=69AA7139
https://instagram.fsdu8-1.fna.fbcdn.net/v/t51.71878-15/641032582_4412260095725958_6260501500173093870_n.jpg?stp=c0.248.640.640a_dst-jpg_e15_s150x150_tt6&_nc_cat=111&ig_cache_key=Mzg0MjA4MDU4NDI0MDM3MTU5NA%3D%3D.3-ccb7-5&ccb=7-5&_nc_sid=58cdad&efg=eyJ2ZW5jb2RlX3RhZyI6InhwaWRzLjY0MHgxMTM2LnNkci5DMiJ9&_nc_ohc=HpS2hSfaEvUQ7kNvwHp0fxi&_nc_oc=AdlWfYKi0_vl_EpCOEv3U91iJwJLdQF9gp9HmFd9XeuOC1xSf9EpiC7-595Y7OJwCY7Pn3pBKgjq0XAQKAqh8PBD&_nc_ad=z-m&_nc_cid=0&_nc_zt=23&_nc_ht=instagram.fsdu8-1.fna&_nc_gid=O42UhXzZdjgXUDWLUGtlOg&_nc_ss=8&oh=00_Afuy6e6L6PwRPxoybA218E2nEAbs5-kTkgg4vCif6lvt1w&oe=69AA7139",NA,NO,YES,https://instagram.fsdu8-2.fna.fbcdn.net/o1/v/t16/f2/m69/AQMnF1FyCAEl971W7gSSwA6LG7ZOCcwrvDfuDttcdoi-N_Mwa5Mwoa3yOnx0qWtxVLehiU4QnN7Iswq4juHpbvjF.mp4?strext=1&_nc_cat=109&_nc_oc=AdmwPDIyCKhbZMrPr61e8-07xRF0J-DWvO4-VLGt_GfflFN8PV8i7-Aa5xwH9Z8QdFEZ5OJKMWL7T6INnBGzYOib&_nc_sid=5e9851&_nc_ht=instagram.fsdu8-2.fna.fbcdn.net&_nc_ohc=lqSDlaBbf8MQ7kNvwHtt0fF&efg=eyJ2ZW5jb2RlX3RhZyI6Inhwdl9wcm9ncmVzc2l2ZS5JTlNUQUdSQU0uQ0xJUFMuQzIuNzIwLmRhc2hfYmFzZWxpbmVfMV92MSIsInhwdl9hc3NldF9pZCI6MTc5NDM2ODEzMTIxMjA0MDEsImFzc2V0X2FnZV9kYXlzIjoxLCJ2aV91c2VjYXNlX2lkIjoxMDA5OSwiZHVyYXRpb25fcyI6MTc2LCJ1cmxnZW5fc291cmNlIjoid3d3In0%3D&ccb=17-1&_nc_gid=O42UhXzZdjgXUDWLUGtlOg&_nc_ss=8&_nc_zt=28&vs=c27d480b595bb2c9&_nc_vs=HBksFQIYOnBhc3N0aHJvdWdoX2V2ZXJzdG9yZS9HTWt6Y2laQW9rTkFvcUVFQUpJZEoxZVduY3R3YnNwVEFRQUYVAALIARIAFQIYUWlnX3hwdl9wbGFjZW1lbnRfcGVybWFuZW50X3YyLzdENEMwRkRENDYyN0Q2ODgwQTg0NDczQkZENzQ4QkIzX2F1ZGlvX2Rhc2hpbml0Lm1wNBUCAsgBEgAoABgAGwKIB3VzZV9vaWwBMRJwcm9ncmVzc2l2ZV9yZWNpcGUBMRUAACai-ZLp2-vfPxUCKAJDMiwXQGYKp--dsi0YEmRhc2hfYmFzZWxpbmVfMV92MREAdf4HZeadAQA&oh=00_Aftp2h0O0EauEu_E0-Gqe94espcVVDVWzk8gXnvV_CLqmg&oe=69AA604F,NA,49751353942,oficialalinecamara,NA,NA,NA,NA,NA,NA,Autoridade,"Expressa ser detentora de habilidades, posicionando-se como melhor do que os eleitores em determinados domínios.",88.89,11.11,0,18.18,0,0,18.18,9.09,0,54.55
postagem_138,3840940492167472334,DVNwwcHDmTO,"Fri, 27 Feb 2026 08:55:00 GMT",2026-02-27T00:00:00Z,1772182500,"O estado inchado dos liberais… 

Logo vem aí um programa do estilo 20x1 meu contra 20 liberais. Quem vai assistir?",NA,37571,575,https://www.instagram.com/p/DVNwwcHDmTO/,https://instagram.fsdu8-1.fna.fbcdn.net/v/t51.71878-15/642116885_1262675549151857_5636083451688350883_n.jpg?stp=dst-jpg_e15_tt6&_nc_cat=102&ig_cache_key=Mzg0MDk0MDQ5MjE2NzQ3MjMzNA%3D%3D.3-ccb7-5&ccb=7-5&_nc_sid=58cdad&efg=eyJ2ZW5jb2RlX3RhZyI6InhwaWRzLjY0MHgxMTM2LnNkci5DMiJ9&_nc_ohc=OdYGfyBiUX4Q7kNvwGKQkB4&_nc_oc=AdmlbI79-92ySShb3RfDR5FibrXTnRyNW5TDUvnMR1RWL-v-0RlBQ5Hww3EbzcG0lL1NeFVrx8UOCRd3pzOMXjm6&_nc_ad=z-m&_nc_cid=0&_nc_zt=23&_nc_ht=instagram.fsdu8-1.fna&_nc_gid=O42UhXzZdjgXUDWLUGtlOg&_nc_ss=8&oh=00_Aft-7GQ7XqjGmyNPHEPZYng1r2E_hk_M4nAwuequouLq-g&oe=69AA5295,https://instagram.fsdu8-1.fna.fbcdn.net/v/t51.71878-15/642116885_1262675549151857_5636083451688350883_n.jpg?stp=dst-jpg_e15_tt6&_nc_cat=102&ig_cache_key=Mzg0MDk0MDQ5MjE2NzQ3MjMzNA%3D%3D.3-ccb7-5&ccb=7-5&_nc_sid=58cdad&efg=eyJ2ZW5jb2RlX3RhZyI6InhwaWRzLjY0MHgxMTM2LnNkci5DMiJ9&_nc_ohc=OdYGfyBiUX4Q7kNvwGKQkB4&_nc_oc=AdmlbI79-92ySShb3RfDR5FibrXTnRyNW5TDUvnMR1RWL-v-0RlBQ5Hww3EbzcG0lL1NeFVrx8UOCRd3pzOMXjm6&_nc_ad=z-m&_nc_cid=0&_nc_zt=23&_nc_ht=instagram.fsdu8-1.fna&_nc_gid=O42UhXzZdjgXUDWLUGtlOg&_nc_ss=8&oh=00_Aft-7GQ7XqjGmyNPHEPZYng1r2E_hk_M4nAwuequouLq-g&oe=69AA5295,"https://instagram.fsdu8-1.fna.fbcdn.net/v/t51.71878-15/642116885_1262675549151857_5636083451688350883_n.jpg?stp=dst-jpg_e15_tt6&_nc_cat=102&ig_cache_key=Mzg0MDk0MDQ5MjE2NzQ3MjMzNA%3D%3D.3-ccb7-5&ccb=7-5&_nc_sid=58cdad&efg=eyJ2ZW5jb2RlX3RhZyI6InhwaWRzLjY0MHgxMTM2LnNkci5DMiJ9&_nc_ohc=OdYGfyBiUX4Q7kNvwGKQkB4&_nc_oc=AdmlbI79-92ySShb3RfDR5FibrXTnRyNW5TDUvnMR1RWL-v-0RlBQ5Hww3EbzcG0lL1NeFVrx8UOCRd3pzOMXjm6&_nc_ad=z-m&_nc_cid=0&_nc_zt=23&_nc_ht=instagram.fsdu8-1.fna&_nc_gid=O42UhXzZdjgXUDWLUGtlOg&_nc_ss=8&oh=00_Aft-7GQ7XqjGmyNPHEPZYng1r2E_hk_M4nAwuequouLq-g&oe=69AA5295
https://instagram.fsdu8-1.fna.fbcdn.net/v/t51.71878-15/642116885_1262675549151857_5636083451688350883_n.jpg?stp=dst-jpg_e15_p480x480_tt6&_nc_cat=102&ig_cache_key=Mzg0MDk0MDQ5MjE2NzQ3MjMzNA%3D%3D.3-ccb7-5&ccb=7-5&_nc_sid=58cdad&efg=eyJ2ZW5jb2RlX3RhZyI6InhwaWRzLjY0MHgxMTM2LnNkci5DMiJ9&_nc_ohc=OdYGfyBiUX4Q7kNvwGKQkB4&_nc_oc=AdmlbI79-92ySShb3RfDR5FibrXTnRyNW5TDUvnMR1RWL-v-0RlBQ5Hww3EbzcG0lL1NeFVrx8UOCRd3pzOMXjm6&_nc_ad=z-m&_nc_cid=0&_nc_zt=23&_nc_ht=instagram.fsdu8-1.fna&_nc_gid=O42UhXzZdjgXUDWLUGtlOg&_nc_ss=8&oh=00_Afte7oXoOgkWWXxKoDROdAHAFm-kOWAMv4DD4sqkUAHkUw&oe=69AA5295
https://instagram.fsdu8-1.fna.fbcdn.net/v/t51.71878-15/642116885_1262675549151857_5636083451688350883_n.jpg?stp=dst-jpg_e15_p320x320_tt6&_nc_cat=102&ig_cache_key=Mzg0MDk0MDQ5MjE2NzQ3MjMzNA%3D%3D.3-ccb7-5&ccb=7-5&_nc_sid=58cdad&efg=eyJ2ZW5jb2RlX3RhZyI6InhwaWRzLjY0MHgxMTM2LnNkci5DMiJ9&_nc_ohc=OdYGfyBiUX4Q7kNvwGKQkB4&_nc_oc=AdmlbI79-92ySShb3RfDR5FibrXTnRyNW5TDUvnMR1RWL-v-0RlBQ5Hww3EbzcG0lL1NeFVrx8UOCRd3pzOMXjm6&_nc_ad=z-m&_nc_cid=0&_nc_zt=23&_nc_ht=instagram.fsdu8-1.fna&_nc_gid=O42UhXzZdjgXUDWLUGtlOg&_nc_ss=8&oh=00_AfvylgWv-fYEO8osqDtyDt8pkn3fFCqyNTEc0szZZ_1Arw&oe=69AA5295
https://instagram.fsdu8-1.fna.fbcdn.net/v/t51.71878-15/642116885_1262675549151857_5636083451688350883_n.jpg?stp=dst-jpg_e15_p240x240_tt6&_nc_cat=102&ig_cache_key=Mzg0MDk0MDQ5MjE2NzQ3MjMzNA%3D%3D.3-ccb7-5&ccb=7-5&_nc_sid=58cdad&efg=eyJ2ZW5jb2RlX3RhZyI6InhwaWRzLjY0MHgxMTM2LnNkci5DMiJ9&_nc_ohc=OdYGfyBiUX4Q7kNvwGKQkB4&_nc_oc=AdmlbI79-92ySShb3RfDR5FibrXTnRyNW5TDUvnMR1RWL-v-0RlBQ5Hww3EbzcG0lL1NeFVrx8UOCRd3pzOMXjm6&_nc_ad=z-m&_nc_cid=0&_nc_zt=23&_nc_ht=instagram.fsdu8-1.fna&_nc_gid=O42UhXzZdjgXUDWLUGtlOg&_nc_ss=8&oh=00_Afs-4QooqoagHIF9y3HLuiAPCE5KqbLsCCcL6ZZ5QQNwzQ&oe=69AA5295
https://instagram.fsdu8-1.fna.fbcdn.net/v/t51.71878-15/642116885_1262675549151857_5636083451688350883_n.jpg?stp=c0.248.640.640a_dst-jpg_e15_s640x639_tt6&_nc_cat=102&ig_cache_key=Mzg0MDk0MDQ5MjE2NzQ3MjMzNA%3D%3D.3-ccb7-5&ccb=7-5&_nc_sid=58cdad&efg=eyJ2ZW5jb2RlX3RhZyI6InhwaWRzLjY0MHgxMTM2LnNkci5DMiJ9&_nc_ohc=OdYGfyBiUX4Q7kNvwGKQkB4&_nc_oc=AdmlbI79-92ySShb3RfDR5FibrXTnRyNW5TDUvnMR1RWL-v-0RlBQ5Hww3EbzcG0lL1NeFVrx8UOCRd3pzOMXjm6&_nc_ad=z-m&_nc_cid=0&_nc_zt=23&_nc_ht=instagram.fsdu8-1.fna&_nc_gid=O42UhXzZdjgXUDWLUGtlOg&_nc_ss=8&oh=00_AfujCJireS_43iHVw5Wmq7QYX6xctdoVVdGotXE4_fkbVw&oe=69AA5295
https://instagram.fsdu8-1.fna.fbcdn.net/v/t51.71878-15/642116885_1262675549151857_5636083451688350883_n.jpg?stp=c0.248.640.640a_dst-jpg_e15_s640x639_tt6&_nc_cat=102&ig_cache_key=Mzg0MDk0MDQ5MjE2NzQ3MjMzNA%3D%3D.3-ccb7-5&ccb=7-5&_nc_sid=58cdad&efg=eyJ2ZW5jb2RlX3RhZyI6InhwaWRzLjY0MHgxMTM2LnNkci5DMiJ9&_nc_ohc=OdYGfyBiUX4Q7kNvwGKQkB4&_nc_oc=AdmlbI79-92ySShb3RfDR5FibrXTnRyNW5TDUvnMR1RWL-v-0RlBQ5Hww3EbzcG0lL1NeFVrx8UOCRd3pzOMXjm6&_nc_ad=z-m&_nc_cid=0&_nc_zt=23&_nc_ht=instagram.fsdu8-1.fna&_nc_gid=O42UhXzZdjgXUDWLUGtlOg&_nc_ss=8&oh=00_AfujCJireS_43iHVw5Wmq7QYX6xctdoVVdGotXE4_fkbVw&oe=69AA5295
https://instagram.fsdu8-1.fna.fbcdn.net/v/t51.71878-15/642116885_1262675549151857_5636083451688350883_n.jpg?stp=c0.248.640.640a_dst-jpg_e15_s640x639_tt6&_nc_cat=102&ig_cache_key=Mzg0MDk0MDQ5MjE2NzQ3MjMzNA%3D%3D.3-ccb7-5&ccb=7-5&_nc_sid=58cdad&efg=eyJ2ZW5jb2RlX3RhZyI6InhwaWRzLjY0MHgxMTM2LnNkci5DMiJ9&_nc_ohc=OdYGfyBiUX4Q7kNvwGKQkB4&_nc_oc=AdmlbI79-92ySShb3RfDR5FibrXTnRyNW5TDUvnMR1RWL-v-0RlBQ5Hww3EbzcG0lL1NeFVrx8UOCRd3pzOMXjm6&_nc_ad=z-m&_nc_cid=0&_nc_zt=23&_nc_ht=instagram.fsdu8-1.fna&_nc_gid=O42UhXzZdjgXUDWLUGtlOg&_nc_ss=8&oh=00_AfujCJireS_43iHVw5Wmq7QYX6xctdoVVdGotXE4_fkbVw&oe=69AA5295
https://instagram.fsdu8-1.fna.fbcdn.net/v/t51.71878-15/642116885_1262675549151857_5636083451688350883_n.jpg?stp=c0.248.640.640a_dst-jpg_e15_s480x480_tt6&_nc_cat=102&ig_cache_key=Mzg0MDk0MDQ5MjE2NzQ3MjMzNA%3D%3D.3-ccb7-5&ccb=7-5&_nc_sid=58cdad&efg=eyJ2ZW5jb2RlX3RhZyI6InhwaWRzLjY0MHgxMTM2LnNkci5DMiJ9&_nc_ohc=OdYGfyBiUX4Q7kNvwGKQkB4&_nc_oc=AdmlbI79-92ySShb3RfDR5FibrXTnRyNW5TDUvnMR1RWL-v-0RlBQ5Hww3EbzcG0lL1NeFVrx8UOCRd3pzOMXjm6&_nc_ad=z-m&_nc_cid=0&_nc_zt=23&_nc_ht=instagram.fsdu8-1.fna&_nc_gid=O42UhXzZdjgXUDWLUGtlOg&_nc_ss=8&oh=00_AfuOc-NfEunZ75Tab4qUQL7MOhdwUolDXz5LkD7wWZyjVw&oe=69AA5295
https://instagram.fsdu8-1.fna.fbcdn.net/v/t51.71878-15/642116885_1262675549151857_5636083451688350883_n.jpg?stp=c0.248.640.640a_dst-jpg_e15_s320x320_tt6&_nc_cat=102&ig_cache_key=Mzg0MDk0MDQ5MjE2NzQ3MjMzNA%3D%3D.3-ccb7-5&ccb=7-5&_nc_sid=58cdad&efg=eyJ2ZW5jb2RlX3RhZyI6InhwaWRzLjY0MHgxMTM2LnNkci5DMiJ9&_nc_ohc=OdYGfyBiUX4Q7kNvwGKQkB4&_nc_oc=AdmlbI79-92ySShb3RfDR5FibrXTnRyNW5TDUvnMR1RWL-v-0RlBQ5Hww3EbzcG0lL1NeFVrx8UOCRd3pzOMXjm6&_nc_ad=z-m&_nc_cid=0&_nc_zt=23&_nc_ht=instagram.fsdu8-1.fna&_nc_gid=O42UhXzZdjgXUDWLUGtlOg&_nc_ss=8&oh=00_AfvOvvRw4GFIzfGTM13pHuKF_aFkRvcyGJAKLImihwFOaQ&oe=69AA5295
https://instagram.fsdu8-1.fna.fbcdn.net/v/t51.71878-15/642116885_1262675549151857_5636083451688350883_n.jpg?stp=c0.248.640.640a_dst-jpg_e15_s240x240_tt6&_nc_cat=102&ig_cache_key=Mzg0MDk0MDQ5MjE2NzQ3MjMzNA%3D%3D.3-ccb7-5&ccb=7-5&_nc_sid=58cdad&efg=eyJ2ZW5jb2RlX3RhZyI6InhwaWRzLjY0MHgxMTM2LnNkci5DMiJ9&_nc_ohc=OdYGfyBiUX4Q7kNvwGKQkB4&_nc_oc=AdmlbI79-92ySShb3RfDR5FibrXTnRyNW5TDUvnMR1RWL-v-0RlBQ5Hww3EbzcG0lL1NeFVrx8UOCRd3pzOMXjm6&_nc_ad=z-m&_nc_cid=0&_nc_zt=23&_nc_ht=instagram.fsdu8-1.fna&_nc_gid=O42UhXzZdjgXUDWLUGtlOg&_nc_ss=8&oh=00_AftgcjbPboIQ7EwvKPGQJObvJJvJyQbu0wJt7bq3SXB7Qw&oe=69AA5295
https://instagram.fsdu8-1.fna.fbcdn.net/v/t51.71878-15/642116885_1262675549151857_5636083451688350883_n.jpg?stp=c0.248.640.640a_dst-jpg_e15_s150x150_tt6&_nc_cat=102&ig_cache_key=Mzg0MDk0MDQ5MjE2NzQ3MjMzNA%3D%3D.3-ccb7-5&ccb=7-5&_nc_sid=58cdad&efg=eyJ2ZW5jb2RlX3RhZyI6InhwaWRzLjY0MHgxMTM2LnNkci5DMiJ9&_nc_ohc=OdYGfyBiUX4Q7kNvwGKQkB4&_nc_oc=AdmlbI79-92ySShb3RfDR5FibrXTnRyNW5TDUvnMR1RWL-v-0RlBQ5Hww3EbzcG0lL1NeFVrx8UOCRd3pzOMXjm6&_nc_ad=z-m&_nc_cid=0&_nc_zt=23&_nc_ht=instagram.fsdu8-1.fna&_nc_gid=O42UhXzZdjgXUDWLUGtlOg&_nc_ss=8&oh=00_AftttbuVEmWPMgFJ6oQiEzotXn0oKbMFLkVsoZCWBpej8g&oe=69AA5295",NA,NO,YES,https://instagram.fsdu8-2.fna.fbcdn.net/o1/v/t16/f2/m69/AQM_I18qxsRD0ts0EEBU1x8_cyPt7ZIwjQpPlFqRooK7F6iRJ5p_RvBTCAg3XGvakCVQs5dTLlJLLVWlFPEzyVW-.mp4?strext=1&_nc_cat=100&_nc_oc=AdmlMiGKjJfFBFjB1Rl-pgZY6qEWVZDdsmxiDtP6MMAzUVOIm-OgMOGEFjFqxBQl7QkPbgg-2asJO-GGf4pagEJV&_nc_sid=5e9851&_nc_ht=instagram.fsdu8-2.fna.fbcdn.net&_nc_ohc=PNAuwX84cfYQ7kNvwFMfiCo&efg=eyJ2ZW5jb2RlX3RhZyI6Inhwdl9wcm9ncmVzc2l2ZS5JTlNUQUdSQU0uQ0xJUFMuQzIuNzIwLmRhc2hfYmFzZWxpbmVfMV92MSIsInhwdl9hc3NldF9pZCI6MTc5NDQxMDYxMzAxMjg1MDgsImFzc2V0X2FnZV9kYXlzIjozLCJ2aV91c2VjYXNlX2lkIjoxMDA5OSwiZHVyYXRpb25fcyI6NjAsInVybGdlbl9zb3VyY2UiOiJ3d3cifQ%3D%3D&ccb=17-1&_nc_gid=O42UhXzZdjgXUDWLUGtlOg&_nc_ss=8&_nc_zt=28&vs=f1af183108b1392a&_nc_vs=HBksFQIYOnBhc3N0aHJvdWdoX2V2ZXJzdG9yZS9HR19VS1NhSkVsT2pzNW9GQUl6eGN3andqa3BEYnNwVEFRQUYVAALIARIAFQIYUWlnX3hwdl9wbGFjZW1lbnRfcGVybWFuZW50X3YyL0QxNDhCNDFFNDYyMDYwRDM5NDUzQTI1QjYwQkFENEFBX2F1ZGlvX2Rhc2hpbml0Lm1wNBUCAsgBEgAoABgAGwKIB3VzZV9vaWwBMRJwcm9ncmVzc2l2ZV9yZWNpcGUBMRUAACb4-ZX7uITgPxUCKAJDMiwXQE5iDEm6XjUYEmRhc2hfYmFzZWxpbmVfMV92MREAdf4HZeadAQA&oh=00_AfuY0E3uzeVGRQV3VMQdkAq6iuFoWb1TjNi3HS83wOENKw&oe=69AA6FF0,NA,3194347257,eliasmkjabbour,NA,"Vila Isabel, Rio De Janneiro",NA,NA,-2.28828669518E11,-4.33400539105E11,Autenticidade,Reforça a capacidade de inspirar confiança e de ser percebida como alguém em quem se pode confiar.,62.5,37.5,13.33,13.33,6.67,20,13.33,6.67,0,26.67
postagem_137,3840931941130859144,DVNu0AVjnKI,"Thu, 26 Feb 2026 08:33:27 GMT",2026-02-26T00:00:00Z,1772094807,"Um encontro emocionante…

Comenta aqui se você quer participar dos próximos 👇",NA,2211,86,https://www.instagram.com/p/DVNu0AVjnKI/,https://instagram.fsdu8-1.fna.fbcdn.net/v/t51.71878-15/642151647_902452585830957_7096338932427876635_n.jpg?stp=dst-jpegr_e15_tt6&_nc_cat=104&ig_cache_key=Mzg0MDkzMTk0MTEzMDg1OTE0NA%3D%3D.3-ccb7-5&ccb=7-5&_nc_sid=58cdad&efg=eyJ2ZW5jb2RlX3RhZyI6InhwaWRzLjY0MHgxMTM2Lmhkci5DMiJ9&_nc_ohc=115Ry5zMRwEQ7kNvwE0RgXY&_nc_oc=Admsdge46a6CgEldGrDXVUbt6WK_XZTPf8aTDXuvN6XD3T_XZUOof72Gp9JirclPUJY6KvzCKHnHbAMvSVV6ROtS&_nc_ad=z-m&_nc_cid=0&_nc_zt=23&se=-1&_nc_ht=instagram.fsdu8-1.fna&_nc_gid=GDo8XmrFZe5jSYWAVSAMEQ&_nc_ss=8&oh=00_AfueXAsXzMIYaXyVJewoat-eiDAAnSmzqfdEhGbU4DO6gg&oe=69AA53B6,https://instagram.fsdu8-1.fna.fbcdn.net/v/t51.71878-15/642151647_902452585830957_7096338932427876635_n.jpg?stp=dst-jpegr_e15_tt6&_nc_cat=104&ig_cache_key=Mzg0MDkzMTk0MTEzMDg1OTE0NA%3D%3D.3-ccb7-5&ccb=7-5&_nc_sid=58cdad&efg=eyJ2ZW5jb2RlX3RhZyI6InhwaWRzLjY0MHgxMTM2Lmhkci5DMiJ9&_nc_ohc=115Ry5zMRwEQ7kNvwE0RgXY&_nc_oc=Admsdge46a6CgEldGrDXVUbt6WK_XZTPf8aTDXuvN6XD3T_XZUOof72Gp9JirclPUJY6KvzCKHnHbAMvSVV6ROtS&_nc_ad=z-m&_nc_cid=0&_nc_zt=23&se=-1&_nc_ht=instagram.fsdu8-1.fna&_nc_gid=GDo8XmrFZe5jSYWAVSAMEQ&_nc_ss=8&oh=00_AfueXAsXzMIYaXyVJewoat-eiDAAnSmzqfdEhGbU4DO6gg&oe=69AA53B6,"https://instagram.fsdu8-1.fna.fbcdn.net/v/t51.71878-15/642151647_902452585830957_7096338932427876635_n.jpg?stp=dst-jpegr_e15_tt6&_nc_cat=104&ig_cache_key=Mzg0MDkzMTk0MTEzMDg1OTE0NA%3D%3D.3-ccb7-5&ccb=7-5&_nc_sid=58cdad&efg=eyJ2ZW5jb2RlX3RhZyI6InhwaWRzLjY0MHgxMTM2Lmhkci5DMiJ9&_nc_ohc=115Ry5zMRwEQ7kNvwE0RgXY&_nc_oc=Admsdge46a6CgEldGrDXVUbt6WK_XZTPf8aTDXuvN6XD3T_XZUOof72Gp9JirclPUJY6KvzCKHnHbAMvSVV6ROtS&_nc_ad=z-m&_nc_cid=0&_nc_zt=23&se=-1&_nc_ht=instagram.fsdu8-1.fna&_nc_gid=GDo8XmrFZe5jSYWAVSAMEQ&_nc_ss=8&oh=00_AfueXAsXzMIYaXyVJewoat-eiDAAnSmzqfdEhGbU4DO6gg&oe=69AA53B6
https://instagram.fsdu8-1.fna.fbcdn.net/v/t51.71878-15/642151647_902452585830957_7096338932427876635_n.jpg?stp=dst-jpegr_e15_p480x480_tt6&_nc_cat=104&ig_cache_key=Mzg0MDkzMTk0MTEzMDg1OTE0NA%3D%3D.3-ccb7-5&ccb=7-5&_nc_sid=58cdad&efg=eyJ2ZW5jb2RlX3RhZyI6InhwaWRzLjY0MHgxMTM2Lmhkci5DMiJ9&_nc_ohc=115Ry5zMRwEQ7kNvwE0RgXY&_nc_oc=Admsdge46a6CgEldGrDXVUbt6WK_XZTPf8aTDXuvN6XD3T_XZUOof72Gp9JirclPUJY6KvzCKHnHbAMvSVV6ROtS&_nc_ad=z-m&_nc_cid=0&_nc_zt=23&se=-1&_nc_ht=instagram.fsdu8-1.fna&_nc_gid=GDo8XmrFZe5jSYWAVSAMEQ&_nc_ss=8&oh=00_Aftco8wGz81ZWSMJc5bYLXd2u1aDZzzpKQueo8Bl81M9-Q&oe=69AA53B6
https://instagram.fsdu8-1.fna.fbcdn.net/v/t51.71878-15/642151647_902452585830957_7096338932427876635_n.jpg?stp=dst-jpegr_e15_p320x320_tt6&_nc_cat=104&ig_cache_key=Mzg0MDkzMTk0MTEzMDg1OTE0NA%3D%3D.3-ccb7-5&ccb=7-5&_nc_sid=58cdad&efg=eyJ2ZW5jb2RlX3RhZyI6InhwaWRzLjY0MHgxMTM2Lmhkci5DMiJ9&_nc_ohc=115Ry5zMRwEQ7kNvwE0RgXY&_nc_oc=Admsdge46a6CgEldGrDXVUbt6WK_XZTPf8aTDXuvN6XD3T_XZUOof72Gp9JirclPUJY6KvzCKHnHbAMvSVV6ROtS&_nc_ad=z-m&_nc_cid=0&_nc_zt=23&se=-1&_nc_ht=instagram.fsdu8-1.fna&_nc_gid=GDo8XmrFZe5jSYWAVSAMEQ&_nc_ss=8&oh=00_AfvMj5fJ-iLPMPMldAbFGngPy95wC2MQ89huqTJZStyeXw&oe=69AA53B6
https://instagram.fsdu8-1.fna.fbcdn.net/v/t51.71878-15/642151647_902452585830957_7096338932427876635_n.jpg?stp=dst-jpegr_e15_p240x240_tt6&_nc_cat=104&ig_cache_key=Mzg0MDkzMTk0MTEzMDg1OTE0NA%3D%3D.3-ccb7-5&ccb=7-5&_nc_sid=58cdad&efg=eyJ2ZW5jb2RlX3RhZyI6InhwaWRzLjY0MHgxMTM2Lmhkci5DMiJ9&_nc_ohc=115Ry5zMRwEQ7kNvwE0RgXY&_nc_oc=Admsdge46a6CgEldGrDXVUbt6WK_XZTPf8aTDXuvN6XD3T_XZUOof72Gp9JirclPUJY6KvzCKHnHbAMvSVV6ROtS&_nc_ad=z-m&_nc_cid=0&_nc_zt=23&se=-1&_nc_ht=instagram.fsdu8-1.fna&_nc_gid=GDo8XmrFZe5jSYWAVSAMEQ&_nc_ss=8&oh=00_AftW82hzHbj02yqVHNgRGlx515wV3g-Fu9yxpApLIF_OaQ&oe=69AA53B6
https://instagram.fsdu8-1.fna.fbcdn.net/v/t51.71878-15/642151647_902452585830957_7096338932427876635_n.jpg?stp=c0.248.640.640a_dst-jpegr_e15_s640x639_tt6&_nc_cat=104&ig_cache_key=Mzg0MDkzMTk0MTEzMDg1OTE0NA%3D%3D.3-ccb7-5&ccb=7-5&_nc_sid=58cdad&efg=eyJ2ZW5jb2RlX3RhZyI6InhwaWRzLjY0MHgxMTM2Lmhkci5DMiJ9&_nc_ohc=115Ry5zMRwEQ7kNvwE0RgXY&_nc_oc=Admsdge46a6CgEldGrDXVUbt6WK_XZTPf8aTDXuvN6XD3T_XZUOof72Gp9JirclPUJY6KvzCKHnHbAMvSVV6ROtS&_nc_ad=z-m&_nc_cid=0&_nc_zt=23&se=-1&_nc_ht=instagram.fsdu8-1.fna&_nc_gid=GDo8XmrFZe5jSYWAVSAMEQ&_nc_ss=8&oh=00_AfvpCu9OH8CKhjb0Uf38dCsxrTspWmIwu_zedabiL4xB4A&oe=69AA53B6
https://instagram.fsdu8-1.fna.fbcdn.net/v/t51.71878-15/642151647_902452585830957_7096338932427876635_n.jpg?stp=c0.248.640.640a_dst-jpegr_e15_s640x639_tt6&_nc_cat=104&ig_cache_key=Mzg0MDkzMTk0MTEzMDg1OTE0NA%3D%3D.3-ccb7-5&ccb=7-5&_nc_sid=58cdad&efg=eyJ2ZW5jb2RlX3RhZyI6InhwaWRzLjY0MHgxMTM2Lmhkci5DMiJ9&_nc_ohc=115Ry5zMRwEQ7kNvwE0RgXY&_nc_oc=Admsdge46a6CgEldGrDXVUbt6WK_XZTPf8aTDXuvN6XD3T_XZUOof72Gp9JirclPUJY6KvzCKHnHbAMvSVV6ROtS&_nc_ad=z-m&_nc_cid=0&_nc_zt=23&se=-1&_nc_ht=instagram.fsdu8-1.fna&_nc_gid=GDo8XmrFZe5jSYWAVSAMEQ&_nc_ss=8&oh=00_AfvpCu9OH8CKhjb0Uf38dCsxrTspWmIwu_zedabiL4xB4A&oe=69AA53B6
https://instagram.fsdu8-1.fna.fbcdn.net/v/t51.71878-15/642151647_902452585830957_7096338932427876635_n.jpg?stp=c0.248.640.640a_dst-jpegr_e15_s640x639_tt6&_nc_cat=104&ig_cache_key=Mzg0MDkzMTk0MTEzMDg1OTE0NA%3D%3D.3-ccb7-5&ccb=7-5&_nc_sid=58cdad&efg=eyJ2ZW5jb2RlX3RhZyI6InhwaWRzLjY0MHgxMTM2Lmhkci5DMiJ9&_nc_ohc=115Ry5zMRwEQ7kNvwE0RgXY&_nc_oc=Admsdge46a6CgEldGrDXVUbt6WK_XZTPf8aTDXuvN6XD3T_XZUOof72Gp9JirclPUJY6KvzCKHnHbAMvSVV6ROtS&_nc_ad=z-m&_nc_cid=0&_nc_zt=23&se=-1&_nc_ht=instagram.fsdu8-1.fna&_nc_gid=GDo8XmrFZe5jSYWAVSAMEQ&_nc_ss=8&oh=00_AfvpCu9OH8CKhjb0Uf38dCsxrTspWmIwu_zedabiL4xB4A&oe=69AA53B6
https://instagram.fsdu8-1.fna.fbcdn.net/v/t51.71878-15/642151647_902452585830957_7096338932427876635_n.jpg?stp=c0.248.640.640a_dst-jpegr_e15_s480x480_tt6&_nc_cat=104&ig_cache_key=Mzg0MDkzMTk0MTEzMDg1OTE0NA%3D%3D.3-ccb7-5&ccb=7-5&_nc_sid=58cdad&efg=eyJ2ZW5jb2RlX3RhZyI6InhwaWRzLjY0MHgxMTM2Lmhkci5DMiJ9&_nc_ohc=115Ry5zMRwEQ7kNvwE0RgXY&_nc_oc=Admsdge46a6CgEldGrDXVUbt6WK_XZTPf8aTDXuvN6XD3T_XZUOof72Gp9JirclPUJY6KvzCKHnHbAMvSVV6ROtS&_nc_ad=z-m&_nc_cid=0&_nc_zt=23&se=-1&_nc_ht=instagram.fsdu8-1.fna&_nc_gid=GDo8XmrFZe5jSYWAVSAMEQ&_nc_ss=8&oh=00_Afs72jftCrm6bS3vXwYkrLm6O2bc-i_1TBYHHaWfo8MZmw&oe=69AA53B6
https://instagram.fsdu8-1.fna.fbcdn.net/v/t51.71878-15/642151647_902452585830957_7096338932427876635_n.jpg?stp=c0.248.640.640a_dst-jpegr_e15_s320x320_tt6&_nc_cat=104&ig_cache_key=Mzg0MDkzMTk0MTEzMDg1OTE0NA%3D%3D.3-ccb7-5&ccb=7-5&_nc_sid=58cdad&efg=eyJ2ZW5jb2RlX3RhZyI6InhwaWRzLjY0MHgxMTM2Lmhkci5DMiJ9&_nc_ohc=115Ry5zMRwEQ7kNvwE0RgXY&_nc_oc=Admsdge46a6CgEldGrDXVUbt6WK_XZTPf8aTDXuvN6XD3T_XZUOof72Gp9JirclPUJY6KvzCKHnHbAMvSVV6ROtS&_nc_ad=z-m&_nc_cid=0&_nc_zt=23&se=-1&_nc_ht=instagram.fsdu8-1.fna&_nc_gid=GDo8XmrFZe5jSYWAVSAMEQ&_nc_ss=8&oh=00_AftZISOHJKqCymCONPGByGQdORjfpTL3MvIyZIVR0mW60w&oe=69AA53B6
https://instagram.fsdu8-1.fna.fbcdn.net/v/t51.71878-15/642151647_902452585830957_7096338932427876635_n.jpg?stp=c0.248.640.640a_dst-jpegr_e15_s240x240_tt6&_nc_cat=104&ig_cache_key=Mzg0MDkzMTk0MTEzMDg1OTE0NA%3D%3D.3-ccb7-5&ccb=7-5&_nc_sid=58cdad&efg=eyJ2ZW5jb2RlX3RhZyI6InhwaWRzLjY0MHgxMTM2Lmhkci5DMiJ9&_nc_ohc=115Ry5zMRwEQ7kNvwE0RgXY&_nc_oc=Admsdge46a6CgEldGrDXVUbt6WK_XZTPf8aTDXuvN6XD3T_XZUOof72Gp9JirclPUJY6KvzCKHnHbAMvSVV6ROtS&_nc_ad=z-m&_nc_cid=0&_nc_zt=23&se=-1&_nc_ht=instagram.fsdu8-1.fna&_nc_gid=GDo8XmrFZe5jSYWAVSAMEQ&_nc_ss=8&oh=00_AfuUt51tetLtcGtR4HH5moeGY-6TLqPpeD5iv-U-ofHvIQ&oe=69AA53B6
https://instagram.fsdu8-1.fna.fbcdn.net/v/t51.71878-15/642151647_902452585830957_7096338932427876635_n.jpg?stp=c0.248.640.640a_dst-jpegr_e15_s150x150_tt6&_nc_cat=104&ig_cache_key=Mzg0MDkzMTk0MTEzMDg1OTE0NA%3D%3D.3-ccb7-5&ccb=7-5&_nc_sid=58cdad&efg=eyJ2ZW5jb2RlX3RhZyI6InhwaWRzLjY0MHgxMTM2Lmhkci5DMiJ9&_nc_ohc=115Ry5zMRwEQ7kNvwE0RgXY&_nc_oc=Admsdge46a6CgEldGrDXVUbt6WK_XZTPf8aTDXuvN6XD3T_XZUOof72Gp9JirclPUJY6KvzCKHnHbAMvSVV6ROtS&_nc_ad=z-m&_nc_cid=0&_nc_zt=23&se=-1&_nc_ht=instagram.fsdu8-1.fna&_nc_gid=GDo8XmrFZe5jSYWAVSAMEQ&_nc_ss=8&oh=00_AftnjRHdoqqiO1pnaWPmonK1Hwj6VRbxKag_-NFIVhk9Xw&oe=69AA53B6",NA,NO,YES,https://instagram.fsdu8-2.fna.fbcdn.net/o1/v/t16/f2/m69/AQNm49B54YnTffogqAIsm_5kAtfNAI3Ld5Y-WBt2yugZ5mVcWHHpLyXbTinh_isBM8z1GKOXqQjAp_8cbvGvNYKz.mp4?strext=1&_nc_cat=107&_nc_oc=AdkuvvvhYZLf25c49zTPIbr_HuO2qZaCgkMN9DUZAzNh9dM6VJ-r_jdfCtY0X67k-GdaQz-eq5L9yPdpKhI36j-2&_nc_sid=5e9851&_nc_ht=instagram.fsdu8-2.fna.fbcdn.net&_nc_ohc=gUnTUvV2ytUQ7kNvwGflNOa&efg=eyJ2ZW5jb2RlX3RhZyI6Inhwdl9wcm9ncmVzc2l2ZS5JTlNUQUdSQU0uQ0xJUFMuQzIuNzIwLmRhc2hfYmFzZWxpbmVfMV92MSIsInhwdl9hc3NldF9pZCI6MTc5NDQxNDQ2NjIxMjg1MDgsImFzc2V0X2FnZV9kYXlzIjozLCJ2aV91c2VjYXNlX2lkIjoxMDA5OSwiZHVyYXRpb25fcyI6MTYzLCJ1cmxnZW5fc291cmNlIjoid3d3In0%3D&ccb=17-1&_nc_gid=GDo8XmrFZe5jSYWAVSAMEQ&_nc_ss=8&_nc_zt=28&vs=5c926c63d88da018&_nc_vs=HBksFQIYOnBhc3N0aHJvdWdoX2V2ZXJzdG9yZS9HRHRvS0NZM2xTV0pmU3dEQUtIcVl4dmdVWnRoYnNwVEFRQUYVAALIARIAFQIYUWlnX3hwdl9wbGFjZW1lbnRfcGVybWFuZW50X3YyLzcwNDI5MzUyQTU1RDU2M0FBRjY2Q0E2NDA1RjU1REJDX2F1ZGlvX2Rhc2hpbml0Lm1wNBUCAsgBEgAoABgAGwKIB3VzZV9vaWwBMRJwcm9ncmVzc2l2ZV9yZWNpcGUBMRUAACb4nZOG2IbgPxUCKAJDMiwXQGR-6XjU_fQYEmRhc2hfYmFzZWxpbmVfMV92MREAdf4HZeadAQA&oh=00_Afv1ueyaBkwZmiAfuGl8xSZCZm2vCokyRpCnL782yUeNDw&oe=69AA3D15,NA,3194347257,eliasmkjabbour,NA,Rio de Janeiro,NA,NA,-22908.0,-431975.0,Humanização,"Enfatiza a capacidade de ser percebida como próxima, acessível e semelhante aos eleitores, especialmente em termos de estilo de vida",100,0,0,36.36,0,0,0,0,0,63.64
postagem_131,3840306379394922804,DVLgk4kgDk0,"Wed, 25 Feb 2026 11:50:16 GMT",2026-02-25T00:00:00Z,1772020216,"Advinha doutor, quem tá de volta na praça?

Abrindo 2026, o Leão traz aquela curadoria gostosa pro Méier, como manda a tradição milenar dos nossos 12 anos de atuação:

Abrindo o evento:

☭ Aula pública com @eliasmkjabbour 

Seguida dos shows:

 🌙 @djdalua 
˙🎷 @baila.jazz 
🎸 @astrovenga 

Na data que marca os aniversários de Abdias do Nascimento, Carolina Maria de Jesus e o assassinato de Marielle Franco, o Leão respeitosamente saúda a memória desses 3 ancestrais fundamentais para a memória negra brasileira.

Sempre com uma feira gastronômica impecável, distribuição de doses seguras de @magnificadefaria contando com o apoio da @subzn.rio 

Arte sempre foda: @bragga_ffics 

🗓️ 14/03
⏰ 17h
📍Praça Agripino Grieco, Rua Dias da Cruz, s/n - Méier
💲Evento sempre gratuito",NA,2168,98,https://www.instagram.com/p/DVLgk4kgDk0/,https://instagram.fsdu8-1.fna.fbcdn.net/v/t51.82787-15/639753774_18563154808013191_620921826351889400_n.jpg?stp=dst-jpg_e35_tt6&_nc_cat=102&ig_cache_key=Mzg0MDMwNjM3OTM5NDkyMjgwNA%3D%3D.3-ccb7-5&ccb=7-5&_nc_sid=58cdad&efg=eyJ2ZW5jb2RlX3RhZyI6InhwaWRzLjEzNTB4MTY4OC5zZHIuQzIifQ%3D%3D&_nc_ohc=ipDIYGr-4mwQ7kNvwHKcC9i&_nc_oc=AdkJtJP3FqHX3z_orvwykPBtk0NHjaSvIw1-dVk_pe0XonRAra6lkNiqly76bg1RhsV43z5xOTMfKqkYPoH_TbnU&_nc_ad=z-m&_nc_cid=0&_nc_zt=23&_nc_ht=instagram.fsdu8-1.fna&_nc_gid=GDo8XmrFZe5jSYWAVSAMEQ&_nc_ss=8&oh=00_AftlabJMz_gjcg7EZM372EC3JiKINXf6HE1kmQOt3AK_NA&oe=69AA6323,https://instagram.fsdu8-1.fna.fbcdn.net/v/t51.82787-15/639753774_18563154808013191_620921826351889400_n.jpg?stp=dst-jpg_e35_tt6&_nc_cat=102&ig_cache_key=Mzg0MDMwNjM3OTM5NDkyMjgwNA%3D%3D.3-ccb7-5&ccb=7-5&_nc_sid=58cdad&efg=eyJ2ZW5jb2RlX3RhZyI6InhwaWRzLjEzNTB4MTY4OC5zZHIuQzIifQ%3D%3D&_nc_ohc=ipDIYGr-4mwQ7kNvwHKcC9i&_nc_oc=AdkJtJP3FqHX3z_orvwykPBtk0NHjaSvIw1-dVk_pe0XonRAra6lkNiqly76bg1RhsV43z5xOTMfKqkYPoH_TbnU&_nc_ad=z-m&_nc_cid=0&_nc_zt=23&_nc_ht=instagram.fsdu8-1.fna&_nc_gid=GDo8XmrFZe5jSYWAVSAMEQ&_nc_ss=8&oh=00_AftlabJMz_gjcg7EZM372EC3JiKINXf6HE1kmQOt3AK_NA&oe=69AA6323,"https://instagram.fsdu8-1.fna.fbcdn.net/v/t51.82787-15/639753774_18563154808013191_620921826351889400_n.jpg?stp=dst-jpg_e35_tt6&_nc_cat=102&ig_cache_key=Mzg0MDMwNjM3OTM5NDkyMjgwNA%3D%3D.3-ccb7-5&ccb=7-5&_nc_sid=58cdad&efg=eyJ2ZW5jb2RlX3RhZyI6InhwaWRzLjEzNTB4MTY4OC5zZHIuQzIifQ%3D%3D&_nc_ohc=ipDIYGr-4mwQ7kNvwHKcC9i&_nc_oc=AdkJtJP3FqHX3z_orvwykPBtk0NHjaSvIw1-dVk_pe0XonRAra6lkNiqly76bg1RhsV43z5xOTMfKqkYPoH_TbnU&_nc_ad=z-m&_nc_cid=0&_nc_zt=23&_nc_ht=instagram.fsdu8-1.fna&_nc_gid=GDo8XmrFZe5jSYWAVSAMEQ&_nc_ss=8&oh=00_AftlabJMz_gjcg7EZM372EC3JiKINXf6HE1kmQOt3AK_NA&oe=69AA6323
https://instagram.fsdu8-1.fna.fbcdn.net/v/t51.82787-15/639753774_18563154808013191_620921826351889400_n.jpg?stp=dst-jpg_e35_p1080x1080_tt6&_nc_cat=102&ig_cache_key=Mzg0MDMwNjM3OTM5NDkyMjgwNA%3D%3D.3-ccb7-5&ccb=7-5&_nc_sid=58cdad&efg=eyJ2ZW5jb2RlX3RhZyI6InhwaWRzLjEzNTB4MTY4OC5zZHIuQzIifQ%3D%3D&_nc_ohc=ipDIYGr-4mwQ7kNvwHKcC9i&_nc_oc=AdkJtJP3FqHX3z_orvwykPBtk0NHjaSvIw1-dVk_pe0XonRAra6lkNiqly76bg1RhsV43z5xOTMfKqkYPoH_TbnU&_nc_ad=z-m&_nc_cid=0&_nc_zt=23&_nc_ht=instagram.fsdu8-1.fna&_nc_gid=GDo8XmrFZe5jSYWAVSAMEQ&_nc_ss=8&oh=00_AfsfIU7lFFb5M5BVQ3uqFlZLg82OSeG0pHcmSuNORMRmzA&oe=69AA6323
https://instagram.fsdu8-1.fna.fbcdn.net/v/t51.82787-15/639753774_18563154808013191_620921826351889400_n.jpg?stp=dst-jpg_e35_p720x720_tt6&_nc_cat=102&ig_cache_key=Mzg0MDMwNjM3OTM5NDkyMjgwNA%3D%3D.3-ccb7-5&ccb=7-5&_nc_sid=58cdad&efg=eyJ2ZW5jb2RlX3RhZyI6InhwaWRzLjEzNTB4MTY4OC5zZHIuQzIifQ%3D%3D&_nc_ohc=ipDIYGr-4mwQ7kNvwHKcC9i&_nc_oc=AdkJtJP3FqHX3z_orvwykPBtk0NHjaSvIw1-dVk_pe0XonRAra6lkNiqly76bg1RhsV43z5xOTMfKqkYPoH_TbnU&_nc_ad=z-m&_nc_cid=0&_nc_zt=23&_nc_ht=instagram.fsdu8-1.fna&_nc_gid=GDo8XmrFZe5jSYWAVSAMEQ&_nc_ss=8&oh=00_AfvIdDdMnCrgAVyrs-3YbLx9LtWLPm9PAAC5KwSXcLV1Wg&oe=69AA6323
https://instagram.fsdu8-1.fna.fbcdn.net/v/t51.82787-15/639753774_18563154808013191_620921826351889400_n.jpg?stp=dst-jpg_e35_p640x640_sh0.08_tt6&_nc_cat=102&ig_cache_key=Mzg0MDMwNjM3OTM5NDkyMjgwNA%3D%3D.3-ccb7-5&ccb=7-5&_nc_sid=58cdad&efg=eyJ2ZW5jb2RlX3RhZyI6InhwaWRzLjEzNTB4MTY4OC5zZHIuQzIifQ%3D%3D&_nc_ohc=ipDIYGr-4mwQ7kNvwHKcC9i&_nc_oc=AdkJtJP3FqHX3z_orvwykPBtk0NHjaSvIw1-dVk_pe0XonRAra6lkNiqly76bg1RhsV43z5xOTMfKqkYPoH_TbnU&_nc_ad=z-m&_nc_cid=0&_nc_zt=23&_nc_ht=instagram.fsdu8-1.fna&_nc_gid=GDo8XmrFZe5jSYWAVSAMEQ&_nc_ss=8&oh=00_AfvWyOpl7kSxDDUTAOQC6wK0jkgrqraGm2073uuTmMMsmg&oe=69AA6323
https://instagram.fsdu8-1.fna.fbcdn.net/v/t51.82787-15/639753774_18563154808013191_620921826351889400_n.jpg?stp=dst-jpg_e35_p480x480_tt6&_nc_cat=102&ig_cache_key=Mzg0MDMwNjM3OTM5NDkyMjgwNA%3D%3D.3-ccb7-5&ccb=7-5&_nc_sid=58cdad&efg=eyJ2ZW5jb2RlX3RhZyI6InhwaWRzLjEzNTB4MTY4OC5zZHIuQzIifQ%3D%3D&_nc_ohc=ipDIYGr-4mwQ7kNvwHKcC9i&_nc_oc=AdkJtJP3FqHX3z_orvwykPBtk0NHjaSvIw1-dVk_pe0XonRAra6lkNiqly76bg1RhsV43z5xOTMfKqkYPoH_TbnU&_nc_ad=z-m&_nc_cid=0&_nc_zt=23&_nc_ht=instagram.fsdu8-1.fna&_nc_gid=GDo8XmrFZe5jSYWAVSAMEQ&_nc_ss=8&oh=00_Afs_JnoOq8Skkrol_UU9ZxDgAd22urdVAIFygskJlxfmdg&oe=69AA6323
https://instagram.fsdu8-1.fna.fbcdn.net/v/t51.82787-15/639753774_18563154808013191_620921826351889400_n.jpg?stp=dst-jpg_e35_p320x320_tt6&_nc_cat=102&ig_cache_key=Mzg0MDMwNjM3OTM5NDkyMjgwNA%3D%3D.3-ccb7-5&ccb=7-5&_nc_sid=58cdad&efg=eyJ2ZW5jb2RlX3RhZyI6InhwaWRzLjEzNTB4MTY4OC5zZHIuQzIifQ%3D%3D&_nc_ohc=ipDIYGr-4mwQ7kNvwHKcC9i&_nc_oc=AdkJtJP3FqHX3z_orvwykPBtk0NHjaSvIw1-dVk_pe0XonRAra6lkNiqly76bg1RhsV43z5xOTMfKqkYPoH_TbnU&_nc_ad=z-m&_nc_cid=0&_nc_zt=23&_nc_ht=instagram.fsdu8-1.fna&_nc_gid=GDo8XmrFZe5jSYWAVSAMEQ&_nc_ss=8&oh=00_Afu3B82_I9mlbNk0jBA-5fJCO7To4QAZg_wyv8ai6BIOsQ&oe=69AA6323
https://instagram.fsdu8-1.fna.fbcdn.net/v/t51.82787-15/639753774_18563154808013191_620921826351889400_n.jpg?stp=dst-jpg_e35_p240x240_tt6&_nc_cat=102&ig_cache_key=Mzg0MDMwNjM3OTM5NDkyMjgwNA%3D%3D.3-ccb7-5&ccb=7-5&_nc_sid=58cdad&efg=eyJ2ZW5jb2RlX3RhZyI6InhwaWRzLjEzNTB4MTY4OC5zZHIuQzIifQ%3D%3D&_nc_ohc=ipDIYGr-4mwQ7kNvwHKcC9i&_nc_oc=AdkJtJP3FqHX3z_orvwykPBtk0NHjaSvIw1-dVk_pe0XonRAra6lkNiqly76bg1RhsV43z5xOTMfKqkYPoH_TbnU&_nc_ad=z-m&_nc_cid=0&_nc_zt=23&_nc_ht=instagram.fsdu8-1.fna&_nc_gid=GDo8XmrFZe5jSYWAVSAMEQ&_nc_ss=8&oh=00_AftEs72UuMAlcn_wXmBlcTbJq8PXZioJ-vmKP8K-wfgfKg&oe=69AA6323
https://instagram.fsdu8-1.fna.fbcdn.net/v/t51.82787-15/639753774_18563154808013191_620921826351889400_n.jpg?stp=c0.169.1350.1350a_dst-jpg_e35_s1080x1080_tt6&_nc_cat=102&ig_cache_key=Mzg0MDMwNjM3OTM5NDkyMjgwNA%3D%3D.3-ccb7-5&ccb=7-5&_nc_sid=58cdad&efg=eyJ2ZW5jb2RlX3RhZyI6InhwaWRzLjEzNTB4MTY4OC5zZHIuQzIifQ%3D%3D&_nc_ohc=ipDIYGr-4mwQ7kNvwHKcC9i&_nc_oc=AdkJtJP3FqHX3z_orvwykPBtk0NHjaSvIw1-dVk_pe0XonRAra6lkNiqly76bg1RhsV43z5xOTMfKqkYPoH_TbnU&_nc_ad=z-m&_nc_cid=0&_nc_zt=23&_nc_ht=instagram.fsdu8-1.fna&_nc_gid=GDo8XmrFZe5jSYWAVSAMEQ&_nc_ss=8&oh=00_AfsAAs_sUZtRp8si97ZohLwyiQK5HIeHbjQZL52UTOHerQ&oe=69AA6323
https://instagram.fsdu8-1.fna.fbcdn.net/v/t51.82787-15/639753774_18563154808013191_620921826351889400_n.jpg?stp=c0.169.1350.1350a_dst-jpg_e35_s750x750_sh0.08_tt6&_nc_cat=102&ig_cache_key=Mzg0MDMwNjM3OTM5NDkyMjgwNA%3D%3D.3-ccb7-5&ccb=7-5&_nc_sid=58cdad&efg=eyJ2ZW5jb2RlX3RhZyI6InhwaWRzLjEzNTB4MTY4OC5zZHIuQzIifQ%3D%3D&_nc_ohc=ipDIYGr-4mwQ7kNvwHKcC9i&_nc_oc=AdkJtJP3FqHX3z_orvwykPBtk0NHjaSvIw1-dVk_pe0XonRAra6lkNiqly76bg1RhsV43z5xOTMfKqkYPoH_TbnU&_nc_ad=z-m&_nc_cid=0&_nc_zt=23&_nc_ht=instagram.fsdu8-1.fna&_nc_gid=GDo8XmrFZe5jSYWAVSAMEQ&_nc_ss=8&oh=00_AfsPUT9kClXxxgFDoluZ9QW-AVC6zlAuMfDBFfC7KgSMkw&oe=69AA6323
https://instagram.fsdu8-1.fna.fbcdn.net/v/t51.82787-15/639753774_18563154808013191_620921826351889400_n.jpg?stp=c0.169.1350.1350a_dst-jpg_e35_s640x640_sh0.08_tt6&_nc_cat=102&ig_cache_key=Mzg0MDMwNjM3OTM5NDkyMjgwNA%3D%3D.3-ccb7-5&ccb=7-5&_nc_sid=58cdad&efg=eyJ2ZW5jb2RlX3RhZyI6InhwaWRzLjEzNTB4MTY4OC5zZHIuQzIifQ%3D%3D&_nc_ohc=ipDIYGr-4mwQ7kNvwHKcC9i&_nc_oc=AdkJtJP3FqHX3z_orvwykPBtk0NHjaSvIw1-dVk_pe0XonRAra6lkNiqly76bg1RhsV43z5xOTMfKqkYPoH_TbnU&_nc_ad=z-m&_nc_cid=0&_nc_zt=23&_nc_ht=instagram.fsdu8-1.fna&_nc_gid=GDo8XmrFZe5jSYWAVSAMEQ&_nc_ss=8&oh=00_AftgECbRTNxLQQCGfkyHAPXz9_9qw8nEbcntH5GzJq3g9g&oe=69AA6323
https://instagram.fsdu8-1.fna.fbcdn.net/v/t51.82787-15/639753774_18563154808013191_620921826351889400_n.jpg?stp=c0.169.1350.1350a_dst-jpg_e35_s480x480_tt6&_nc_cat=102&ig_cache_key=Mzg0MDMwNjM3OTM5NDkyMjgwNA%3D%3D.3-ccb7-5&ccb=7-5&_nc_sid=58cdad&efg=eyJ2ZW5jb2RlX3RhZyI6InhwaWRzLjEzNTB4MTY4OC5zZHIuQzIifQ%3D%3D&_nc_ohc=ipDIYGr-4mwQ7kNvwHKcC9i&_nc_oc=AdkJtJP3FqHX3z_orvwykPBtk0NHjaSvIw1-dVk_pe0XonRAra6lkNiqly76bg1RhsV43z5xOTMfKqkYPoH_TbnU&_nc_ad=z-m&_nc_cid=0&_nc_zt=23&_nc_ht=instagram.fsdu8-1.fna&_nc_gid=GDo8XmrFZe5jSYWAVSAMEQ&_nc_ss=8&oh=00_Aft832OSjFz4_x2uwcBrh7fz-5J9UZjvN8ZBhKslrUTxwg&oe=69AA6323
https://instagram.fsdu8-1.fna.fbcdn.net/v/t51.82787-15/639753774_18563154808013191_620921826351889400_n.jpg?stp=c0.169.1350.1350a_dst-jpg_e35_s320x320_tt6&_nc_cat=102&ig_cache_key=Mzg0MDMwNjM3OTM5NDkyMjgwNA%3D%3D.3-ccb7-5&ccb=7-5&_nc_sid=58cdad&efg=eyJ2ZW5jb2RlX3RhZyI6InhwaWRzLjEzNTB4MTY4OC5zZHIuQzIifQ%3D%3D&_nc_ohc=ipDIYGr-4mwQ7kNvwHKcC9i&_nc_oc=AdkJtJP3FqHX3z_orvwykPBtk0NHjaSvIw1-dVk_pe0XonRAra6lkNiqly76bg1RhsV43z5xOTMfKqkYPoH_TbnU&_nc_ad=z-m&_nc_cid=0&_nc_zt=23&_nc_ht=instagram.fsdu8-1.fna&_nc_gid=GDo8XmrFZe5jSYWAVSAMEQ&_nc_ss=8&oh=00_AfuK6vqsQkkATa5WOyknnMHTRZbsNaIFwOcT0RM2kFE7JA&oe=69AA6323
https://instagram.fsdu8-1.fna.fbcdn.net/v/t51.82787-15/639753774_18563154808013191_620921826351889400_n.jpg?stp=c0.169.1350.1350a_dst-jpg_e35_s240x240_tt6&_nc_cat=102&ig_cache_key=Mzg0MDMwNjM3OTM5NDkyMjgwNA%3D%3D.3-ccb7-5&ccb=7-5&_nc_sid=58cdad&efg=eyJ2ZW5jb2RlX3RhZyI6InhwaWRzLjEzNTB4MTY4OC5zZHIuQzIifQ%3D%3D&_nc_ohc=ipDIYGr-4mwQ7kNvwHKcC9i&_nc_oc=AdkJtJP3FqHX3z_orvwykPBtk0NHjaSvIw1-dVk_pe0XonRAra6lkNiqly76bg1RhsV43z5xOTMfKqkYPoH_TbnU&_nc_ad=z-m&_nc_cid=0&_nc_zt=23&_nc_ht=instagram.fsdu8-1.fna&_nc_gid=GDo8XmrFZe5jSYWAVSAMEQ&_nc_ss=8&oh=00_Afsi4w0EMJ_2A69wEzVp03CJxK-KopyT04VxazBnt33iFQ&oe=69AA6323
https://instagram.fsdu8-1.fna.fbcdn.net/v/t51.82787-15/639753774_18563154808013191_620921826351889400_n.jpg?stp=c0.169.1350.1350a_dst-jpg_e35_s150x150_tt6&_nc_cat=102&ig_cache_key=Mzg0MDMwNjM3OTM5NDkyMjgwNA%3D%3D.3-ccb7-5&ccb=7-5&_nc_sid=58cdad&efg=eyJ2ZW5jb2RlX3RhZyI6InhwaWRzLjEzNTB4MTY4OC5zZHIuQzIifQ%3D%3D&_nc_ohc=ipDIYGr-4mwQ7kNvwHKcC9i&_nc_oc=AdkJtJP3FqHX3z_orvwykPBtk0NHjaSvIw1-dVk_pe0XonRAra6lkNiqly76bg1RhsV43z5xOTMfKqkYPoH_TbnU&_nc_ad=z-m&_nc_cid=0&_nc_zt=23&_nc_ht=instagram.fsdu8-1.fna&_nc_gid=GDo8XmrFZe5jSYWAVSAMEQ&_nc_ss=8&oh=00_AfsKHfAefoqLhR4WA84seFuLMW17Gpf_sCuwl7H8L4TdCQ&oe=69AA6323",NA,NO,NO,NA,NA,1453005190,leaoetiopedomeier,NA,Leão Etíope do Méier,NA,NA,-2.2902695011997E13,-4.3273049465354E13,Humanização,"Enfatiza a capacidade de ser percebida como próxima, acessível e semelhante aos eleitores, especialmente em termos de estilo de vida",100,0,20,20,0,0,20,0,20,20
postagem_130,3840218521184129317,DVLMmYPDlEl,"Wed, 25 Feb 2026 08:55:00 GMT",2026-02-25T00:00:00Z,1772009700,Por que a direita usa tanto o discurso de combate à corrupção e “defesa da família”?,NA,13492,353,https://www.instagram.com/p/DVLMmYPDlEl/,https://instagram.fsdu8-2.fna.fbcdn.net/v/t51.71878-15/641168738_1465913928216462_6356000081364739954_n.jpg?stp=dst-jpg_e15_tt6&_nc_cat=103&ig_cache_key=Mzg0MDIxODUyMTE4NDEyOTMxNw%3D%3D.3-ccb7-5&ccb=7-5&_nc_sid=58cdad&efg=eyJ2ZW5jb2RlX3RhZyI6InhwaWRzLjY0MHgxMTM2LnNkci5DMiJ9&_nc_ohc=-spNeuqXyvgQ7kNvwGIWLWF&_nc_oc=Adlv2YGtVWO2PXZ79FKPG1Dj6sDlz5v9vn7e013-4jgn31PVfmnbvvoKmvfQFJIM9y6FeZA5JvxorsYs0UkmTctZ&_nc_ad=z-m&_nc_cid=0&_nc_zt=23&_nc_ht=instagram.fsdu8-2.fna&_nc_gid=GDo8XmrFZe5jSYWAVSAMEQ&_nc_ss=8&oh=00_AfsJ9pMnHMvQ_fsUlZlM-jECt7Co5WPlUNr3vvjku-BAlw&oe=69AA5E67,https://instagram.fsdu8-2.fna.fbcdn.net/v/t51.71878-15/641168738_1465913928216462_6356000081364739954_n.jpg?stp=dst-jpg_e15_tt6&_nc_cat=103&ig_cache_key=Mzg0MDIxODUyMTE4NDEyOTMxNw%3D%3D.3-ccb7-5&ccb=7-5&_nc_sid=58cdad&efg=eyJ2ZW5jb2RlX3RhZyI6InhwaWRzLjY0MHgxMTM2LnNkci5DMiJ9&_nc_ohc=-spNeuqXyvgQ7kNvwGIWLWF&_nc_oc=Adlv2YGtVWO2PXZ79FKPG1Dj6sDlz5v9vn7e013-4jgn31PVfmnbvvoKmvfQFJIM9y6FeZA5JvxorsYs0UkmTctZ&_nc_ad=z-m&_nc_cid=0&_nc_zt=23&_nc_ht=instagram.fsdu8-2.fna&_nc_gid=GDo8XmrFZe5jSYWAVSAMEQ&_nc_ss=8&oh=00_AfsJ9pMnHMvQ_fsUlZlM-jECt7Co5WPlUNr3vvjku-BAlw&oe=69AA5E67,"https://instagram.fsdu8-2.fna.fbcdn.net/v/t51.71878-15/641168738_1465913928216462_6356000081364739954_n.jpg?stp=dst-jpg_e15_tt6&_nc_cat=103&ig_cache_key=Mzg0MDIxODUyMTE4NDEyOTMxNw%3D%3D.3-ccb7-5&ccb=7-5&_nc_sid=58cdad&efg=eyJ2ZW5jb2RlX3RhZyI6InhwaWRzLjY0MHgxMTM2LnNkci5DMiJ9&_nc_ohc=-spNeuqXyvgQ7kNvwGIWLWF&_nc_oc=Adlv2YGtVWO2PXZ79FKPG1Dj6sDlz5v9vn7e013-4jgn31PVfmnbvvoKmvfQFJIM9y6FeZA5JvxorsYs0UkmTctZ&_nc_ad=z-m&_nc_cid=0&_nc_zt=23&_nc_ht=instagram.fsdu8-2.fna&_nc_gid=GDo8XmrFZe5jSYWAVSAMEQ&_nc_ss=8&oh=00_AfsJ9pMnHMvQ_fsUlZlM-jECt7Co5WPlUNr3vvjku-BAlw&oe=69AA5E67
https://instagram.fsdu8-2.fna.fbcdn.net/v/t51.71878-15/641168738_1465913928216462_6356000081364739954_n.jpg?stp=dst-jpg_e15_p480x480_tt6&_nc_cat=103&ig_cache_key=Mzg0MDIxODUyMTE4NDEyOTMxNw%3D%3D.3-ccb7-5&ccb=7-5&_nc_sid=58cdad&efg=eyJ2ZW5jb2RlX3RhZyI6InhwaWRzLjY0MHgxMTM2LnNkci5DMiJ9&_nc_ohc=-spNeuqXyvgQ7kNvwGIWLWF&_nc_oc=Adlv2YGtVWO2PXZ79FKPG1Dj6sDlz5v9vn7e013-4jgn31PVfmnbvvoKmvfQFJIM9y6FeZA5JvxorsYs0UkmTctZ&_nc_ad=z-m&_nc_cid=0&_nc_zt=23&_nc_ht=instagram.fsdu8-2.fna&_nc_gid=GDo8XmrFZe5jSYWAVSAMEQ&_nc_ss=8&oh=00_AfuFT7AHbLXZvXXE8EtNLnx2XoBl9MTQrs-P7FXqXg5Rng&oe=69AA5E67
https://instagram.fsdu8-2.fna.fbcdn.net/v/t51.71878-15/641168738_1465913928216462_6356000081364739954_n.jpg?stp=dst-jpg_e15_p320x320_tt6&_nc_cat=103&ig_cache_key=Mzg0MDIxODUyMTE4NDEyOTMxNw%3D%3D.3-ccb7-5&ccb=7-5&_nc_sid=58cdad&efg=eyJ2ZW5jb2RlX3RhZyI6InhwaWRzLjY0MHgxMTM2LnNkci5DMiJ9&_nc_ohc=-spNeuqXyvgQ7kNvwGIWLWF&_nc_oc=Adlv2YGtVWO2PXZ79FKPG1Dj6sDlz5v9vn7e013-4jgn31PVfmnbvvoKmvfQFJIM9y6FeZA5JvxorsYs0UkmTctZ&_nc_ad=z-m&_nc_cid=0&_nc_zt=23&_nc_ht=instagram.fsdu8-2.fna&_nc_gid=GDo8XmrFZe5jSYWAVSAMEQ&_nc_ss=8&oh=00_Afu_9m8CEzwEtD-w88nccvQeQaz_b-TVF8ym_zO39gfRKw&oe=69AA5E67
https://instagram.fsdu8-2.fna.fbcdn.net/v/t51.71878-15/641168738_1465913928216462_6356000081364739954_n.jpg?stp=dst-jpg_e15_p240x240_tt6&_nc_cat=103&ig_cache_key=Mzg0MDIxODUyMTE4NDEyOTMxNw%3D%3D.3-ccb7-5&ccb=7-5&_nc_sid=58cdad&efg=eyJ2ZW5jb2RlX3RhZyI6InhwaWRzLjY0MHgxMTM2LnNkci5DMiJ9&_nc_ohc=-spNeuqXyvgQ7kNvwGIWLWF&_nc_oc=Adlv2YGtVWO2PXZ79FKPG1Dj6sDlz5v9vn7e013-4jgn31PVfmnbvvoKmvfQFJIM9y6FeZA5JvxorsYs0UkmTctZ&_nc_ad=z-m&_nc_cid=0&_nc_zt=23&_nc_ht=instagram.fsdu8-2.fna&_nc_gid=GDo8XmrFZe5jSYWAVSAMEQ&_nc_ss=8&oh=00_Aft5f1finCLEDW8fbPtf23RQGwfw9ywUxcneSEqHIyc9fA&oe=69AA5E67
https://instagram.fsdu8-2.fna.fbcdn.net/v/t51.71878-15/641168738_1465913928216462_6356000081364739954_n.jpg?stp=c0.248.640.640a_dst-jpg_e15_s640x639_tt6&_nc_cat=103&ig_cache_key=Mzg0MDIxODUyMTE4NDEyOTMxNw%3D%3D.3-ccb7-5&ccb=7-5&_nc_sid=58cdad&efg=eyJ2ZW5jb2RlX3RhZyI6InhwaWRzLjY0MHgxMTM2LnNkci5DMiJ9&_nc_ohc=-spNeuqXyvgQ7kNvwGIWLWF&_nc_oc=Adlv2YGtVWO2PXZ79FKPG1Dj6sDlz5v9vn7e013-4jgn31PVfmnbvvoKmvfQFJIM9y6FeZA5JvxorsYs0UkmTctZ&_nc_ad=z-m&_nc_cid=0&_nc_zt=23&_nc_ht=instagram.fsdu8-2.fna&_nc_gid=GDo8XmrFZe5jSYWAVSAMEQ&_nc_ss=8&oh=00_AfsV7_tWqG6pNrBb3ER4knTQyM_ZKu38UTKgCF_uRUGEMg&oe=69AA5E67
https://instagram.fsdu8-2.fna.fbcdn.net/v/t51.71878-15/641168738_1465913928216462_6356000081364739954_n.jpg?stp=c0.248.640.640a_dst-jpg_e15_s640x639_tt6&_nc_cat=103&ig_cache_key=Mzg0MDIxODUyMTE4NDEyOTMxNw%3D%3D.3-ccb7-5&ccb=7-5&_nc_sid=58cdad&efg=eyJ2ZW5jb2RlX3RhZyI6InhwaWRzLjY0MHgxMTM2LnNkci5DMiJ9&_nc_ohc=-spNeuqXyvgQ7kNvwGIWLWF&_nc_oc=Adlv2YGtVWO2PXZ79FKPG1Dj6sDlz5v9vn7e013-4jgn31PVfmnbvvoKmvfQFJIM9y6FeZA5JvxorsYs0UkmTctZ&_nc_ad=z-m&_nc_cid=0&_nc_zt=23&_nc_ht=instagram.fsdu8-2.fna&_nc_gid=GDo8XmrFZe5jSYWAVSAMEQ&_nc_ss=8&oh=00_AfsV7_tWqG6pNrBb3ER4knTQyM_ZKu38UTKgCF_uRUGEMg&oe=69AA5E67
https://instagram.fsdu8-2.fna.fbcdn.net/v/t51.71878-15/641168738_1465913928216462_6356000081364739954_n.jpg?stp=c0.248.640.640a_dst-jpg_e15_s640x639_tt6&_nc_cat=103&ig_cache_key=Mzg0MDIxODUyMTE4NDEyOTMxNw%3D%3D.3-ccb7-5&ccb=7-5&_nc_sid=58cdad&efg=eyJ2ZW5jb2RlX3RhZyI6InhwaWRzLjY0MHgxMTM2LnNkci5DMiJ9&_nc_ohc=-spNeuqXyvgQ7kNvwGIWLWF&_nc_oc=Adlv2YGtVWO2PXZ79FKPG1Dj6sDlz5v9vn7e013-4jgn31PVfmnbvvoKmvfQFJIM9y6FeZA5JvxorsYs0UkmTctZ&_nc_ad=z-m&_nc_cid=0&_nc_zt=23&_nc_ht=instagram.fsdu8-2.fna&_nc_gid=GDo8XmrFZe5jSYWAVSAMEQ&_nc_ss=8&oh=00_AfsV7_tWqG6pNrBb3ER4knTQyM_ZKu38UTKgCF_uRUGEMg&oe=69AA5E67
https://instagram.fsdu8-2.fna.fbcdn.net/v/t51.71878-15/641168738_1465913928216462_6356000081364739954_n.jpg?stp=c0.248.640.640a_dst-jpg_e15_s480x480_tt6&_nc_cat=103&ig_cache_key=Mzg0MDIxODUyMTE4NDEyOTMxNw%3D%3D.3-ccb7-5&ccb=7-5&_nc_sid=58cdad&efg=eyJ2ZW5jb2RlX3RhZyI6InhwaWRzLjY0MHgxMTM2LnNkci5DMiJ9&_nc_ohc=-spNeuqXyvgQ7kNvwGIWLWF&_nc_oc=Adlv2YGtVWO2PXZ79FKPG1Dj6sDlz5v9vn7e013-4jgn31PVfmnbvvoKmvfQFJIM9y6FeZA5JvxorsYs0UkmTctZ&_nc_ad=z-m&_nc_cid=0&_nc_zt=23&_nc_ht=instagram.fsdu8-2.fna&_nc_gid=GDo8XmrFZe5jSYWAVSAMEQ&_nc_ss=8&oh=00_AfvB5fPYoW1N-BsDtEavb0yrT_mPDRzwT5NF1oORhNnrFQ&oe=69AA5E67
https://instagram.fsdu8-2.fna.fbcdn.net/v/t51.71878-15/641168738_1465913928216462_6356000081364739954_n.jpg?stp=c0.248.640.640a_dst-jpg_e15_s320x320_tt6&_nc_cat=103&ig_cache_key=Mzg0MDIxODUyMTE4NDEyOTMxNw%3D%3D.3-ccb7-5&ccb=7-5&_nc_sid=58cdad&efg=eyJ2ZW5jb2RlX3RhZyI6InhwaWRzLjY0MHgxMTM2LnNkci5DMiJ9&_nc_ohc=-spNeuqXyvgQ7kNvwGIWLWF&_nc_oc=Adlv2YGtVWO2PXZ79FKPG1Dj6sDlz5v9vn7e013-4jgn31PVfmnbvvoKmvfQFJIM9y6FeZA5JvxorsYs0UkmTctZ&_nc_ad=z-m&_nc_cid=0&_nc_zt=23&_nc_ht=instagram.fsdu8-2.fna&_nc_gid=GDo8XmrFZe5jSYWAVSAMEQ&_nc_ss=8&oh=00_AfuA5we_EKbJipPF_3IQACVw3yhwEP0a9G5-1M_jjGoljw&oe=69AA5E67
https://instagram.fsdu8-2.fna.fbcdn.net/v/t51.71878-15/641168738_1465913928216462_6356000081364739954_n.jpg?stp=c0.248.640.640a_dst-jpg_e15_s240x240_tt6&_nc_cat=103&ig_cache_key=Mzg0MDIxODUyMTE4NDEyOTMxNw%3D%3D.3-ccb7-5&ccb=7-5&_nc_sid=58cdad&efg=eyJ2ZW5jb2RlX3RhZyI6InhwaWRzLjY0MHgxMTM2LnNkci5DMiJ9&_nc_ohc=-spNeuqXyvgQ7kNvwGIWLWF&_nc_oc=Adlv2YGtVWO2PXZ79FKPG1Dj6sDlz5v9vn7e013-4jgn31PVfmnbvvoKmvfQFJIM9y6FeZA5JvxorsYs0UkmTctZ&_nc_ad=z-m&_nc_cid=0&_nc_zt=23&_nc_ht=instagram.fsdu8-2.fna&_nc_gid=GDo8XmrFZe5jSYWAVSAMEQ&_nc_ss=8&oh=00_AftCS9HSZxQElMba2yz4JKE2wsUTwAbonyak_VihXA5WXQ&oe=69AA5E67
https://instagram.fsdu8-2.fna.fbcdn.net/v/t51.71878-15/641168738_1465913928216462_6356000081364739954_n.jpg?stp=c0.248.640.640a_dst-jpg_e15_s150x150_tt6&_nc_cat=103&ig_cache_key=Mzg0MDIxODUyMTE4NDEyOTMxNw%3D%3D.3-ccb7-5&ccb=7-5&_nc_sid=58cdad&efg=eyJ2ZW5jb2RlX3RhZyI6InhwaWRzLjY0MHgxMTM2LnNkci5DMiJ9&_nc_ohc=-spNeuqXyvgQ7kNvwGIWLWF&_nc_oc=Adlv2YGtVWO2PXZ79FKPG1Dj6sDlz5v9vn7e013-4jgn31PVfmnbvvoKmvfQFJIM9y6FeZA5JvxorsYs0UkmTctZ&_nc_ad=z-m&_nc_cid=0&_nc_zt=23&_nc_ht=instagram.fsdu8-2.fna&_nc_gid=GDo8XmrFZe5jSYWAVSAMEQ&_nc_ss=8&oh=00_AftGjWBEouh4NkNqMFFAtMDDtdPDFb3m_jQ5lFgzTCs3Iw&oe=69AA5E67",NA,NO,YES,https://instagram.fsdu8-2.fna.fbcdn.net/o1/v/t16/f2/m69/AQPQ88c_i3rRbt5YKjqCbEhjwiXSWJg6dt43vGxN_m-YycdTIgIkjFsO-YtoI3IqOIRDx4dsbo8zRbokaI9NSetn.mp4?strext=1&_nc_cat=109&_nc_oc=Adkwcwn-1NIHdcM6A0ZXfxTjeEpB1E3wonR9YIcyqjAPwuYqVpuqrHRI00BUAJbk3yDqIADv3PUWZjNNJrvPSdug&_nc_sid=5e9851&_nc_ht=instagram.fsdu8-2.fna.fbcdn.net&_nc_ohc=MK14tnqzxUkQ7kNvwGWClLy&efg=eyJ2ZW5jb2RlX3RhZyI6Inhwdl9wcm9ncmVzc2l2ZS5JTlNUQUdSQU0uQ0xJUFMuQzIuNzIwLmRhc2hfYmFzZWxpbmVfMV92MSIsInhwdl9hc3NldF9pZCI6MTc5NDM5NzA2NTkxMjg1MDgsImFzc2V0X2FnZV9kYXlzIjo0LCJ2aV91c2VjYXNlX2lkIjoxMDA5OSwiZHVyYXRpb25fcyI6NzEsInVybGdlbl9zb3VyY2UiOiJ3d3cifQ%3D%3D&ccb=17-1&_nc_gid=GDo8XmrFZe5jSYWAVSAMEQ&_nc_ss=8&_nc_zt=28&vs=5e57871492055495&_nc_vs=HBksFQIYOnBhc3N0aHJvdWdoX2V2ZXJzdG9yZS9HUGlqTXlhQUgzTHZwa0lIQUhMdnU3R0xtbzhBYnNwVEFRQUYVAALIARIAFQIYUWlnX3hwdl9wbGFjZW1lbnRfcGVybWFuZW50X3YyLzQ5NDlGQ0ZEM0EzQzBDNzlBRUIzMUZENTk4MUVGNkEwX2F1ZGlvX2Rhc2hpbml0Lm1wNBUCAsgBEgAoABgAGwKIB3VzZV9vaWwBMRJwcm9ncmVzc2l2ZV9yZWNpcGUBMRUAACb40vrPx_zfPxUCKAJDMiwXQFHgAAAAAAAYEmRhc2hfYmFzZWxpbmVfMV92MREAdf4HZeadAQA&oh=00_AfuTkMQAanXbXQKAxdMlyrBqaVgkX80h90AHGS39TLCzzQ&oe=69AA5387,NA,3194347257,eliasmkjabbour,NA,Rio de Janeiro,NA,NA,-22908.0,-431975.0,Autenticidade,Reforça a capacidade de inspirar confiança e de ser percebida como alguém em quem se pode confiar.,44.44,55.56,20.69,10.34,6.9,24.14,6.9,10.34,6.9,13.79
postagem_129,3840034110807395619,DVKiq2sDs0j,"Wed, 25 Feb 2026 02:49:30 GMT",2026-02-25T00:00:00Z,1771987770,"Respeito à ciência e ao método científico 

Na minha área de atuação, onde somente a história pode servir de parâmetro para a comprovação de novos paradigmas, a mecânica de como funciona uma inovação teórica passa por duros testes, antecedido por calorosos debates.

Nas ciências biológicas e da saúde, imagino que as coisas devem ser muito mais complicadas. Portanto, ter baixo perfil é pressuposto. Tem comportamentos que me causam asco.

Vergonha de políticos e militantes que já tentam se aproveitar de algo que somente agora começou a fase de testes.",NA,5132,190,https://www.instagram.com/p/DVKiq2sDs0j/,https://instagram.fsdu8-1.fna.fbcdn.net/v/t51.82787-15/639903948_18446122162107258_5662201880885258793_n.jpg?stp=dst-jpg_e35_tt6&_nc_cat=101&ig_cache_key=Mzg0MDAzNDExMDgwNzM5NTYxOQ%3D%3D.3-ccb7-5&ccb=7-5&_nc_sid=58cdad&efg=eyJ2ZW5jb2RlX3RhZyI6InhwaWRzLjE0NDB4MTgwMC5zZHIuQzIifQ%3D%3D&_nc_ohc=zV6UwBo35DIQ7kNvwGH9lOf&_nc_oc=Adnd3nNE8dBz_dmb0OoS3A_jFvGSMo-HiKxu0gUS5jbS-RlUmFie1EU4nKVKHKz4g17DCwdFVAcRVBPVVR53lslO&_nc_ad=z-m&_nc_cid=0&_nc_zt=23&_nc_ht=instagram.fsdu8-1.fna&_nc_gid=GDo8XmrFZe5jSYWAVSAMEQ&_nc_ss=8&oh=00_Afuek40vYJ3tXmtCnzYRWzC3GPFFaswCvEz1WBgBRszq_A&oe=69AA4BC9,https://instagram.fsdu8-1.fna.fbcdn.net/v/t51.82787-15/639903948_18446122162107258_5662201880885258793_n.jpg?stp=dst-jpg_e35_tt6&_nc_cat=101&ig_cache_key=Mzg0MDAzNDExMDgwNzM5NTYxOQ%3D%3D.3-ccb7-5&ccb=7-5&_nc_sid=58cdad&efg=eyJ2ZW5jb2RlX3RhZyI6InhwaWRzLjE0NDB4MTgwMC5zZHIuQzIifQ%3D%3D&_nc_ohc=zV6UwBo35DIQ7kNvwGH9lOf&_nc_oc=Adnd3nNE8dBz_dmb0OoS3A_jFvGSMo-HiKxu0gUS5jbS-RlUmFie1EU4nKVKHKz4g17DCwdFVAcRVBPVVR53lslO&_nc_ad=z-m&_nc_cid=0&_nc_zt=23&_nc_ht=instagram.fsdu8-1.fna&_nc_gid=GDo8XmrFZe5jSYWAVSAMEQ&_nc_ss=8&oh=00_Afuek40vYJ3tXmtCnzYRWzC3GPFFaswCvEz1WBgBRszq_A&oe=69AA4BC9,"https://instagram.fsdu8-1.fna.fbcdn.net/v/t51.82787-15/639903948_18446122162107258_5662201880885258793_n.jpg?stp=dst-jpg_e35_tt6&_nc_cat=101&ig_cache_key=Mzg0MDAzNDExMDgwNzM5NTYxOQ%3D%3D.3-ccb7-5&ccb=7-5&_nc_sid=58cdad&efg=eyJ2ZW5jb2RlX3RhZyI6InhwaWRzLjE0NDB4MTgwMC5zZHIuQzIifQ%3D%3D&_nc_ohc=zV6UwBo35DIQ7kNvwGH9lOf&_nc_oc=Adnd3nNE8dBz_dmb0OoS3A_jFvGSMo-HiKxu0gUS5jbS-RlUmFie1EU4nKVKHKz4g17DCwdFVAcRVBPVVR53lslO&_nc_ad=z-m&_nc_cid=0&_nc_zt=23&_nc_ht=instagram.fsdu8-1.fna&_nc_gid=GDo8XmrFZe5jSYWAVSAMEQ&_nc_ss=8&oh=00_Afuek40vYJ3tXmtCnzYRWzC3GPFFaswCvEz1WBgBRszq_A&oe=69AA4BC9
https://instagram.fsdu8-1.fna.fbcdn.net/v/t51.82787-15/639903948_18446122162107258_5662201880885258793_n.jpg?stp=dst-jpg_e35_p1080x1080_tt6&_nc_cat=101&ig_cache_key=Mzg0MDAzNDExMDgwNzM5NTYxOQ%3D%3D.3-ccb7-5&ccb=7-5&_nc_sid=58cdad&efg=eyJ2ZW5jb2RlX3RhZyI6InhwaWRzLjE0NDB4MTgwMC5zZHIuQzIifQ%3D%3D&_nc_ohc=zV6UwBo35DIQ7kNvwGH9lOf&_nc_oc=Adnd3nNE8dBz_dmb0OoS3A_jFvGSMo-HiKxu0gUS5jbS-RlUmFie1EU4nKVKHKz4g17DCwdFVAcRVBPVVR53lslO&_nc_ad=z-m&_nc_cid=0&_nc_zt=23&_nc_ht=instagram.fsdu8-1.fna&_nc_gid=GDo8XmrFZe5jSYWAVSAMEQ&_nc_ss=8&oh=00_AfvwgLJOM-NykuoDTGHKg4dfjj9hw0q80pseu6YN37btHA&oe=69AA4BC9
https://instagram.fsdu8-1.fna.fbcdn.net/v/t51.82787-15/639903948_18446122162107258_5662201880885258793_n.jpg?stp=dst-jpg_e35_p720x720_tt6&_nc_cat=101&ig_cache_key=Mzg0MDAzNDExMDgwNzM5NTYxOQ%3D%3D.3-ccb7-5&ccb=7-5&_nc_sid=58cdad&efg=eyJ2ZW5jb2RlX3RhZyI6InhwaWRzLjE0NDB4MTgwMC5zZHIuQzIifQ%3D%3D&_nc_ohc=zV6UwBo35DIQ7kNvwGH9lOf&_nc_oc=Adnd3nNE8dBz_dmb0OoS3A_jFvGSMo-HiKxu0gUS5jbS-RlUmFie1EU4nKVKHKz4g17DCwdFVAcRVBPVVR53lslO&_nc_ad=z-m&_nc_cid=0&_nc_zt=23&_nc_ht=instagram.fsdu8-1.fna&_nc_gid=GDo8XmrFZe5jSYWAVSAMEQ&_nc_ss=8&oh=00_AfvMe8lCEDOZ0oCodnpuNgd3KdF7bZ4EPlnPQr2vM4YFeA&oe=69AA4BC9
https://instagram.fsdu8-1.fna.fbcdn.net/v/t51.82787-15/639903948_18446122162107258_5662201880885258793_n.jpg?stp=dst-jpg_e35_p640x640_sh0.08_tt6&_nc_cat=101&ig_cache_key=Mzg0MDAzNDExMDgwNzM5NTYxOQ%3D%3D.3-ccb7-5&ccb=7-5&_nc_sid=58cdad&efg=eyJ2ZW5jb2RlX3RhZyI6InhwaWRzLjE0NDB4MTgwMC5zZHIuQzIifQ%3D%3D&_nc_ohc=zV6UwBo35DIQ7kNvwGH9lOf&_nc_oc=Adnd3nNE8dBz_dmb0OoS3A_jFvGSMo-HiKxu0gUS5jbS-RlUmFie1EU4nKVKHKz4g17DCwdFVAcRVBPVVR53lslO&_nc_ad=z-m&_nc_cid=0&_nc_zt=23&_nc_ht=instagram.fsdu8-1.fna&_nc_gid=GDo8XmrFZe5jSYWAVSAMEQ&_nc_ss=8&oh=00_Afuk5V3K8jU5PgVpetK9Qg5Vw3iinN4FOBtBSq4WHBqgQg&oe=69AA4BC9
https://instagram.fsdu8-1.fna.fbcdn.net/v/t51.82787-15/639903948_18446122162107258_5662201880885258793_n.jpg?stp=dst-jpg_e35_p480x480_tt6&_nc_cat=101&ig_cache_key=Mzg0MDAzNDExMDgwNzM5NTYxOQ%3D%3D.3-ccb7-5&ccb=7-5&_nc_sid=58cdad&efg=eyJ2ZW5jb2RlX3RhZyI6InhwaWRzLjE0NDB4MTgwMC5zZHIuQzIifQ%3D%3D&_nc_ohc=zV6UwBo35DIQ7kNvwGH9lOf&_nc_oc=Adnd3nNE8dBz_dmb0OoS3A_jFvGSMo-HiKxu0gUS5jbS-RlUmFie1EU4nKVKHKz4g17DCwdFVAcRVBPVVR53lslO&_nc_ad=z-m&_nc_cid=0&_nc_zt=23&_nc_ht=instagram.fsdu8-1.fna&_nc_gid=GDo8XmrFZe5jSYWAVSAMEQ&_nc_ss=8&oh=00_AfupI0i27JImK-u8cH1D6j9DWJmkLxkk3u-uVUjECmMdRQ&oe=69AA4BC9
https://instagram.fsdu8-1.fna.fbcdn.net/v/t51.82787-15/639903948_18446122162107258_5662201880885258793_n.jpg?stp=dst-jpg_e35_p320x320_tt6&_nc_cat=101&ig_cache_key=Mzg0MDAzNDExMDgwNzM5NTYxOQ%3D%3D.3-ccb7-5&ccb=7-5&_nc_sid=58cdad&efg=eyJ2ZW5jb2RlX3RhZyI6InhwaWRzLjE0NDB4MTgwMC5zZHIuQzIifQ%3D%3D&_nc_ohc=zV6UwBo35DIQ7kNvwGH9lOf&_nc_oc=Adnd3nNE8dBz_dmb0OoS3A_jFvGSMo-HiKxu0gUS5jbS-RlUmFie1EU4nKVKHKz4g17DCwdFVAcRVBPVVR53lslO&_nc_ad=z-m&_nc_cid=0&_nc_zt=23&_nc_ht=instagram.fsdu8-1.fna&_nc_gid=GDo8XmrFZe5jSYWAVSAMEQ&_nc_ss=8&oh=00_AfsPmlikB67-btFG0Wyz3dqFNyVXjkej83cg9DwslBbFcQ&oe=69AA4BC9
https://instagram.fsdu8-1.fna.fbcdn.net/v/t51.82787-15/639903948_18446122162107258_5662201880885258793_n.jpg?stp=dst-jpg_e35_p240x240_tt6&_nc_cat=101&ig_cache_key=Mzg0MDAzNDExMDgwNzM5NTYxOQ%3D%3D.3-ccb7-5&ccb=7-5&_nc_sid=58cdad&efg=eyJ2ZW5jb2RlX3RhZyI6InhwaWRzLjE0NDB4MTgwMC5zZHIuQzIifQ%3D%3D&_nc_ohc=zV6UwBo35DIQ7kNvwGH9lOf&_nc_oc=Adnd3nNE8dBz_dmb0OoS3A_jFvGSMo-HiKxu0gUS5jbS-RlUmFie1EU4nKVKHKz4g17DCwdFVAcRVBPVVR53lslO&_nc_ad=z-m&_nc_cid=0&_nc_zt=23&_nc_ht=instagram.fsdu8-1.fna&_nc_gid=GDo8XmrFZe5jSYWAVSAMEQ&_nc_ss=8&oh=00_AfuvZ3uxgWVlOnBGA2DbxxDuM4uu-VvlhT66o1BJHmzV_Q&oe=69AA4BC9
https://instagram.fsdu8-1.fna.fbcdn.net/v/t51.82787-15/639903948_18446122162107258_5662201880885258793_n.jpg?stp=c0.180.1440.1440a_dst-jpg_e35_s1080x1080_tt6&_nc_cat=101&ig_cache_key=Mzg0MDAzNDExMDgwNzM5NTYxOQ%3D%3D.3-ccb7-5&ccb=7-5&_nc_sid=58cdad&efg=eyJ2ZW5jb2RlX3RhZyI6InhwaWRzLjE0NDB4MTgwMC5zZHIuQzIifQ%3D%3D&_nc_ohc=zV6UwBo35DIQ7kNvwGH9lOf&_nc_oc=Adnd3nNE8dBz_dmb0OoS3A_jFvGSMo-HiKxu0gUS5jbS-RlUmFie1EU4nKVKHKz4g17DCwdFVAcRVBPVVR53lslO&_nc_ad=z-m&_nc_cid=0&_nc_zt=23&_nc_ht=instagram.fsdu8-1.fna&_nc_gid=GDo8XmrFZe5jSYWAVSAMEQ&_nc_ss=8&oh=00_AfsloV7Ud55SdJVWMCjBDiZrjbS6VuBbQj95ETJbwVL2cQ&oe=69AA4BC9
https://instagram.fsdu8-1.fna.fbcdn.net/v/t51.82787-15/639903948_18446122162107258_5662201880885258793_n.jpg?stp=c0.180.1440.1440a_dst-jpg_e35_s750x750_sh0.08_tt6&_nc_cat=101&ig_cache_key=Mzg0MDAzNDExMDgwNzM5NTYxOQ%3D%3D.3-ccb7-5&ccb=7-5&_nc_sid=58cdad&efg=eyJ2ZW5jb2RlX3RhZyI6InhwaWRzLjE0NDB4MTgwMC5zZHIuQzIifQ%3D%3D&_nc_ohc=zV6UwBo35DIQ7kNvwGH9lOf&_nc_oc=Adnd3nNE8dBz_dmb0OoS3A_jFvGSMo-HiKxu0gUS5jbS-RlUmFie1EU4nKVKHKz4g17DCwdFVAcRVBPVVR53lslO&_nc_ad=z-m&_nc_cid=0&_nc_zt=23&_nc_ht=instagram.fsdu8-1.fna&_nc_gid=GDo8XmrFZe5jSYWAVSAMEQ&_nc_ss=8&oh=00_AfvV3g0GkzIIfwIb6ZG3lOkPvsJeo4XM-gHwBHEeA5zAKg&oe=69AA4BC9
https://instagram.fsdu8-1.fna.fbcdn.net/v/t51.82787-15/639903948_18446122162107258_5662201880885258793_n.jpg?stp=c0.180.1440.1440a_dst-jpg_e35_s640x640_sh0.08_tt6&_nc_cat=101&ig_cache_key=Mzg0MDAzNDExMDgwNzM5NTYxOQ%3D%3D.3-ccb7-5&ccb=7-5&_nc_sid=58cdad&efg=eyJ2ZW5jb2RlX3RhZyI6InhwaWRzLjE0NDB4MTgwMC5zZHIuQzIifQ%3D%3D&_nc_ohc=zV6UwBo35DIQ7kNvwGH9lOf&_nc_oc=Adnd3nNE8dBz_dmb0OoS3A_jFvGSMo-HiKxu0gUS5jbS-RlUmFie1EU4nKVKHKz4g17DCwdFVAcRVBPVVR53lslO&_nc_ad=z-m&_nc_cid=0&_nc_zt=23&_nc_ht=instagram.fsdu8-1.fna&_nc_gid=GDo8XmrFZe5jSYWAVSAMEQ&_nc_ss=8&oh=00_AfvftBkjW1N3543fez7sFR5GfftUUio8fPZ4vVzJX0yGHQ&oe=69AA4BC9
https://instagram.fsdu8-1.fna.fbcdn.net/v/t51.82787-15/639903948_18446122162107258_5662201880885258793_n.jpg?stp=c0.180.1440.1440a_dst-jpg_e35_s480x480_tt6&_nc_cat=101&ig_cache_key=Mzg0MDAzNDExMDgwNzM5NTYxOQ%3D%3D.3-ccb7-5&ccb=7-5&_nc_sid=58cdad&efg=eyJ2ZW5jb2RlX3RhZyI6InhwaWRzLjE0NDB4MTgwMC5zZHIuQzIifQ%3D%3D&_nc_ohc=zV6UwBo35DIQ7kNvwGH9lOf&_nc_oc=Adnd3nNE8dBz_dmb0OoS3A_jFvGSMo-HiKxu0gUS5jbS-RlUmFie1EU4nKVKHKz4g17DCwdFVAcRVBPVVR53lslO&_nc_ad=z-m&_nc_cid=0&_nc_zt=23&_nc_ht=instagram.fsdu8-1.fna&_nc_gid=GDo8XmrFZe5jSYWAVSAMEQ&_nc_ss=8&oh=00_AfuGmhUQshaqkvNvhyzZwXL_9G5746UvmO6GET2X0EGc1w&oe=69AA4BC9
https://instagram.fsdu8-1.fna.fbcdn.net/v/t51.82787-15/639903948_18446122162107258_5662201880885258793_n.jpg?stp=c0.180.1440.1440a_dst-jpg_e35_s320x320_tt6&_nc_cat=101&ig_cache_key=Mzg0MDAzNDExMDgwNzM5NTYxOQ%3D%3D.3-ccb7-5&ccb=7-5&_nc_sid=58cdad&efg=eyJ2ZW5jb2RlX3RhZyI6InhwaWRzLjE0NDB4MTgwMC5zZHIuQzIifQ%3D%3D&_nc_ohc=zV6UwBo35DIQ7kNvwGH9lOf&_nc_oc=Adnd3nNE8dBz_dmb0OoS3A_jFvGSMo-HiKxu0gUS5jbS-RlUmFie1EU4nKVKHKz4g17DCwdFVAcRVBPVVR53lslO&_nc_ad=z-m&_nc_cid=0&_nc_zt=23&_nc_ht=instagram.fsdu8-1.fna&_nc_gid=GDo8XmrFZe5jSYWAVSAMEQ&_nc_ss=8&oh=00_AfukoYu-nQlYGw8vd3KaSuuoTKSL5n5tAA6WEiUfacZa_w&oe=69AA4BC9
https://instagram.fsdu8-1.fna.fbcdn.net/v/t51.82787-15/639903948_18446122162107258_5662201880885258793_n.jpg?stp=c0.180.1440.1440a_dst-jpg_e35_s240x240_tt6&_nc_cat=101&ig_cache_key=Mzg0MDAzNDExMDgwNzM5NTYxOQ%3D%3D.3-ccb7-5&ccb=7-5&_nc_sid=58cdad&efg=eyJ2ZW5jb2RlX3RhZyI6InhwaWRzLjE0NDB4MTgwMC5zZHIuQzIifQ%3D%3D&_nc_ohc=zV6UwBo35DIQ7kNvwGH9lOf&_nc_oc=Adnd3nNE8dBz_dmb0OoS3A_jFvGSMo-HiKxu0gUS5jbS-RlUmFie1EU4nKVKHKz4g17DCwdFVAcRVBPVVR53lslO&_nc_ad=z-m&_nc_cid=0&_nc_zt=23&_nc_ht=instagram.fsdu8-1.fna&_nc_gid=GDo8XmrFZe5jSYWAVSAMEQ&_nc_ss=8&oh=00_AfvJEnL2P3st1yZvb7JioXdZMmSMVNAYExfOor3QWY6pnA&oe=69AA4BC9
https://instagram.fsdu8-1.fna.fbcdn.net/v/t51.82787-15/639903948_18446122162107258_5662201880885258793_n.jpg?stp=c0.180.1440.1440a_dst-jpg_e35_s150x150_tt6&_nc_cat=101&ig_cache_key=Mzg0MDAzNDExMDgwNzM5NTYxOQ%3D%3D.3-ccb7-5&ccb=7-5&_nc_sid=58cdad&efg=eyJ2ZW5jb2RlX3RhZyI6InhwaWRzLjE0NDB4MTgwMC5zZHIuQzIifQ%3D%3D&_nc_ohc=zV6UwBo35DIQ7kNvwGH9lOf&_nc_oc=Adnd3nNE8dBz_dmb0OoS3A_jFvGSMo-HiKxu0gUS5jbS-RlUmFie1EU4nKVKHKz4g17DCwdFVAcRVBPVVR53lslO&_nc_ad=z-m&_nc_cid=0&_nc_zt=23&_nc_ht=instagram.fsdu8-1.fna&_nc_gid=GDo8XmrFZe5jSYWAVSAMEQ&_nc_ss=8&oh=00_AfuRxGtUHbRYVwULu3BMUNjEz6Gms6-3r4zYodpfV2vm1w&oe=69AA4BC9",NA,NO,NO,NA,NA,3194347257,eliasmkjabbour,NA,NA,NA,NA,NA,NA,Autoridade,"Expressa ser detentora de habilidades, posicionando-se como melhor do que os eleitores em determinados domínios.",53.12,46.88,9.09,27.27,4.55,11.36,0,2.27,0,45.45
postagem_127,3839758876410232400,DVJkFqrlb5Q,"Tue, 24 Feb 2026 17:42:29 GMT",2026-02-24T00:00:00Z,1771954949,"O bloqueio contra Cuba não é um resquício da Guerra Fria. Ele foi aprofundado e convertido em mecanismo de coerção extrema, com efeitos diretos sobre energia, alimentos e saúde. A asfixia econômica tornou-se política de Estado.

No Portal Grabois, Elias Jabbour sustenta que estamos diante de uma guerra sem bombas — uma guerra conduzida pela fome e pela exclusão financeira. A questão é objetiva: o Brasil permanecerá passivo ou assumirá uma posição solidária e soberana?

Acesse o artigo completo!",NA,4979,58,https://www.instagram.com/p/DVJkFqrlb5Q/,https://instagram.fsdu8-2.fna.fbcdn.net/v/t51.82787-15/638889105_18345925942238567_698085515309840255_n.jpg?stp=dst-jpg_e35_tt6&_nc_cat=105&ig_cache_key=MzgzOTc1ODcxNzk5MDc3Mjg5OA%3D%3D.3-ccb7-5&ccb=7-5&_nc_sid=58cdad&efg=eyJ2ZW5jb2RlX3RhZyI6InhwaWRzLjEwODB4MTM1MC5zZHIuQzIifQ%3D%3D&_nc_ohc=KZV5mcn6lNoQ7kNvwGJAikM&_nc_oc=AdkWzLPeTLqMPbWEzrhvi-Nsf74PBN226hOCJa_tJqB8Fxam1fwquXNiTyLiE-CX0LPZssRfWIlU_r_EyR626vRJ&_nc_ad=z-m&_nc_cid=0&_nc_zt=23&_nc_ht=instagram.fsdu8-2.fna&_nc_gid=GDo8XmrFZe5jSYWAVSAMEQ&_nc_ss=8&oh=00_AftlEkofWrzDkBSqFpmg23S6bjbqHDdp_kQS2y68Tkk4Aw&oe=69AA6BE0,https://instagram.fsdu8-2.fna.fbcdn.net/v/t51.82787-15/638889105_18345925942238567_698085515309840255_n.jpg?stp=dst-jpg_e35_tt6&_nc_cat=105&ig_cache_key=MzgzOTc1ODcxNzk5MDc3Mjg5OA%3D%3D.3-ccb7-5&ccb=7-5&_nc_sid=58cdad&efg=eyJ2ZW5jb2RlX3RhZyI6InhwaWRzLjEwODB4MTM1MC5zZHIuQzIifQ%3D%3D&_nc_ohc=KZV5mcn6lNoQ7kNvwGJAikM&_nc_oc=AdkWzLPeTLqMPbWEzrhvi-Nsf74PBN226hOCJa_tJqB8Fxam1fwquXNiTyLiE-CX0LPZssRfWIlU_r_EyR626vRJ&_nc_ad=z-m&_nc_cid=0&_nc_zt=23&_nc_ht=instagram.fsdu8-2.fna&_nc_gid=GDo8XmrFZe5jSYWAVSAMEQ&_nc_ss=8&oh=00_AftlEkofWrzDkBSqFpmg23S6bjbqHDdp_kQS2y68Tkk4Aw&oe=69AA6BE0,"https://instagram.fsdu8-2.fna.fbcdn.net/v/t51.82787-15/638889105_18345925942238567_698085515309840255_n.jpg?stp=dst-jpg_e35_tt6&_nc_cat=105&ig_cache_key=MzgzOTc1ODcxNzk5MDc3Mjg5OA%3D%3D.3-ccb7-5&ccb=7-5&_nc_sid=58cdad&efg=eyJ2ZW5jb2RlX3RhZyI6InhwaWRzLjEwODB4MTM1MC5zZHIuQzIifQ%3D%3D&_nc_ohc=KZV5mcn6lNoQ7kNvwGJAikM&_nc_oc=AdkWzLPeTLqMPbWEzrhvi-Nsf74PBN226hOCJa_tJqB8Fxam1fwquXNiTyLiE-CX0LPZssRfWIlU_r_EyR626vRJ&_nc_ad=z-m&_nc_cid=0&_nc_zt=23&_nc_ht=instagram.fsdu8-2.fna&_nc_gid=GDo8XmrFZe5jSYWAVSAMEQ&_nc_ss=8&oh=00_AftlEkofWrzDkBSqFpmg23S6bjbqHDdp_kQS2y68Tkk4Aw&oe=69AA6BE0
https://instagram.fsdu8-2.fna.fbcdn.net/v/t51.82787-15/637709366_18345925951238567_3947402969205647352_n.jpg?stp=dst-jpg_e35_tt6&_nc_cat=108&ig_cache_key=MzgzOTc1ODcxOTYzNTUzMzQ2Mg%3D%3D.3-ccb7-5&ccb=7-5&_nc_sid=58cdad&efg=eyJ2ZW5jb2RlX3RhZyI6InhwaWRzLjEwODB4MTM1MC5zZHIuQzIifQ%3D%3D&_nc_ohc=-KiizPCYOTIQ7kNvwFUwwGp&_nc_oc=AdkhY2PKt7cbTRPRwpbgD2cRujnVz2UbHZtDbp-EzabX5I4HgCRKnOG-JtDte4R3yBk6IQnXDX-Hz9TJGJggWhKi&_nc_ad=z-m&_nc_cid=0&_nc_zt=23&_nc_ht=instagram.fsdu8-2.fna&_nc_gid=GDo8XmrFZe5jSYWAVSAMEQ&_nc_ss=8&oh=00_AfvZs-oQ2cc8XpVwOf3HbIWASnRFaPTfZdJnTd_l1M3S0w&oe=69AA49A9
https://instagram.fsdu8-1.fna.fbcdn.net/v/t51.82787-15/640897882_18345925960238567_1570885177701344990_n.jpg?stp=dst-jpg_e35_tt6&_nc_cat=104&ig_cache_key=MzgzOTc1ODcyMjMxMTUzNTE4MA%3D%3D.3-ccb7-5&ccb=7-5&_nc_sid=58cdad&efg=eyJ2ZW5jb2RlX3RhZyI6InhwaWRzLjEwODB4MTM1MC5zZHIuQzIifQ%3D%3D&_nc_ohc=Lv1tckmesXkQ7kNvwGv02lz&_nc_oc=AdkzLTc4kjV-W6X9IF-RcvJrdg2oaIQPmF45hnGgn_J6EjxJsPWa2k-SMHUA_GoFZXZc-JQtB3KtxDCw-Z5alU2w&_nc_ad=z-m&_nc_cid=0&_nc_zt=23&_nc_ht=instagram.fsdu8-1.fna&_nc_gid=GDo8XmrFZe5jSYWAVSAMEQ&_nc_ss=8&oh=00_AfuasBoIMlbWSFKywIt9S6UzCU1PsoDnybLHRsrKofSkNA&oe=69AA54C7","https://instagram.fsdu8-2.fna.fbcdn.net/v/t51.82787-15/638889105_18345925942238567_698085515309840255_n.jpg?stp=dst-jpg_e35_tt6&_nc_cat=105&ig_cache_key=MzgzOTc1ODcxNzk5MDc3Mjg5OA%3D%3D.3-ccb7-5&ccb=7-5&_nc_sid=58cdad&efg=eyJ2ZW5jb2RlX3RhZyI6InhwaWRzLjEwODB4MTM1MC5zZHIuQzIifQ%3D%3D&_nc_ohc=KZV5mcn6lNoQ7kNvwGJAikM&_nc_oc=AdkWzLPeTLqMPbWEzrhvi-Nsf74PBN226hOCJa_tJqB8Fxam1fwquXNiTyLiE-CX0LPZssRfWIlU_r_EyR626vRJ&_nc_ad=z-m&_nc_cid=0&_nc_zt=23&_nc_ht=instagram.fsdu8-2.fna&_nc_gid=GDo8XmrFZe5jSYWAVSAMEQ&_nc_ss=8&oh=00_AftlEkofWrzDkBSqFpmg23S6bjbqHDdp_kQS2y68Tkk4Aw&oe=69AA6BE0
https://instagram.fsdu8-2.fna.fbcdn.net/v/t51.82787-15/637709366_18345925951238567_3947402969205647352_n.jpg?stp=dst-jpg_e35_tt6&_nc_cat=108&ig_cache_key=MzgzOTc1ODcxOTYzNTUzMzQ2Mg%3D%3D.3-ccb7-5&ccb=7-5&_nc_sid=58cdad&efg=eyJ2ZW5jb2RlX3RhZyI6InhwaWRzLjEwODB4MTM1MC5zZHIuQzIifQ%3D%3D&_nc_ohc=-KiizPCYOTIQ7kNvwFUwwGp&_nc_oc=AdkhY2PKt7cbTRPRwpbgD2cRujnVz2UbHZtDbp-EzabX5I4HgCRKnOG-JtDte4R3yBk6IQnXDX-Hz9TJGJggWhKi&_nc_ad=z-m&_nc_cid=0&_nc_zt=23&_nc_ht=instagram.fsdu8-2.fna&_nc_gid=GDo8XmrFZe5jSYWAVSAMEQ&_nc_ss=8&oh=00_AfvZs-oQ2cc8XpVwOf3HbIWASnRFaPTfZdJnTd_l1M3S0w&oe=69AA49A9
https://instagram.fsdu8-1.fna.fbcdn.net/v/t51.82787-15/640897882_18345925960238567_1570885177701344990_n.jpg?stp=dst-jpg_e35_tt6&_nc_cat=104&ig_cache_key=MzgzOTc1ODcyMjMxMTUzNTE4MA%3D%3D.3-ccb7-5&ccb=7-5&_nc_sid=58cdad&efg=eyJ2ZW5jb2RlX3RhZyI6InhwaWRzLjEwODB4MTM1MC5zZHIuQzIifQ%3D%3D&_nc_ohc=Lv1tckmesXkQ7kNvwGv02lz&_nc_oc=AdkzLTc4kjV-W6X9IF-RcvJrdg2oaIQPmF45hnGgn_J6EjxJsPWa2k-SMHUA_GoFZXZc-JQtB3KtxDCw-Z5alU2w&_nc_ad=z-m&_nc_cid=0&_nc_zt=23&_nc_ht=instagram.fsdu8-1.fna&_nc_gid=GDo8XmrFZe5jSYWAVSAMEQ&_nc_ss=8&oh=00_AfuasBoIMlbWSFKywIt9S6UzCU1PsoDnybLHRsrKofSkNA&oe=69AA54C7",YES,NO,NA,NA,7130246566,fundacaograbois,NA,NA,NA,NA,NA,NA,Autoridade,"Expressa ser detentora de habilidades, posicionando-se como melhor do que os eleitores em determinados domínios.",60,40,20,20,0,0,20,0,0,40
postagem_125,3839493393852824924,DVInuYyDn1c,"Tue, 24 Feb 2026 08:55:00 GMT",2026-02-24T00:00:00Z,1771923300,Comunista pode ter iPhone?,NA,201614,5964,https://www.instagram.com/p/DVInuYyDn1c/,https://instagram.fsdu8-1.fna.fbcdn.net/v/t51.71878-15/637707832_912093068210941_641547278850883342_n.jpg?stp=dst-jpg_e15_tt6&_nc_cat=101&ig_cache_key=MzgzOTQ5MzM5Mzg1MjgyNDkyNA%3D%3D.3-ccb7-5&ccb=7-5&_nc_sid=58cdad&efg=eyJ2ZW5jb2RlX3RhZyI6InhwaWRzLjY0MHgxMTM2LnNkci5DMiJ9&_nc_ohc=sEHeaoThz9wQ7kNvwFNrPsX&_nc_oc=AdleFPpKGs1kxlQu6muhw4reNxTF1RfFKxXP0vOQKZmBfG1EtxuvI7sS6d-fQG2eEleEJwEN9AZS73Uz36s_nQZw&_nc_ad=z-m&_nc_cid=0&_nc_zt=23&_nc_ht=instagram.fsdu8-1.fna&_nc_gid=kCW1LVFt0GPp1b_-bkvpIA&_nc_ss=8&oh=00_AfsA6QKi_TRxKJBXCogkJjHn9muaj9yE5A9s-kZCEC5JOQ&oe=69AA3B28,https://instagram.fsdu8-1.fna.fbcdn.net/v/t51.71878-15/637707832_912093068210941_641547278850883342_n.jpg?stp=dst-jpg_e15_tt6&_nc_cat=101&ig_cache_key=MzgzOTQ5MzM5Mzg1MjgyNDkyNA%3D%3D.3-ccb7-5&ccb=7-5&_nc_sid=58cdad&efg=eyJ2ZW5jb2RlX3RhZyI6InhwaWRzLjY0MHgxMTM2LnNkci5DMiJ9&_nc_ohc=sEHeaoThz9wQ7kNvwFNrPsX&_nc_oc=AdleFPpKGs1kxlQu6muhw4reNxTF1RfFKxXP0vOQKZmBfG1EtxuvI7sS6d-fQG2eEleEJwEN9AZS73Uz36s_nQZw&_nc_ad=z-m&_nc_cid=0&_nc_zt=23&_nc_ht=instagram.fsdu8-1.fna&_nc_gid=kCW1LVFt0GPp1b_-bkvpIA&_nc_ss=8&oh=00_AfsA6QKi_TRxKJBXCogkJjHn9muaj9yE5A9s-kZCEC5JOQ&oe=69AA3B28,"https://instagram.fsdu8-1.fna.fbcdn.net/v/t51.71878-15/637707832_912093068210941_641547278850883342_n.jpg?stp=dst-jpg_e15_tt6&_nc_cat=101&ig_cache_key=MzgzOTQ5MzM5Mzg1MjgyNDkyNA%3D%3D.3-ccb7-5&ccb=7-5&_nc_sid=58cdad&efg=eyJ2ZW5jb2RlX3RhZyI6InhwaWRzLjY0MHgxMTM2LnNkci5DMiJ9&_nc_ohc=sEHeaoThz9wQ7kNvwFNrPsX&_nc_oc=AdleFPpKGs1kxlQu6muhw4reNxTF1RfFKxXP0vOQKZmBfG1EtxuvI7sS6d-fQG2eEleEJwEN9AZS73Uz36s_nQZw&_nc_ad=z-m&_nc_cid=0&_nc_zt=23&_nc_ht=instagram.fsdu8-1.fna&_nc_gid=kCW1LVFt0GPp1b_-bkvpIA&_nc_ss=8&oh=00_AfsA6QKi_TRxKJBXCogkJjHn9muaj9yE5A9s-kZCEC5JOQ&oe=69AA3B28
https://instagram.fsdu8-1.fna.fbcdn.net/v/t51.71878-15/637707832_912093068210941_641547278850883342_n.jpg?stp=dst-jpg_e15_p480x480_tt6&_nc_cat=101&ig_cache_key=MzgzOTQ5MzM5Mzg1MjgyNDkyNA%3D%3D.3-ccb7-5&ccb=7-5&_nc_sid=58cdad&efg=eyJ2ZW5jb2RlX3RhZyI6InhwaWRzLjY0MHgxMTM2LnNkci5DMiJ9&_nc_ohc=sEHeaoThz9wQ7kNvwFNrPsX&_nc_oc=AdleFPpKGs1kxlQu6muhw4reNxTF1RfFKxXP0vOQKZmBfG1EtxuvI7sS6d-fQG2eEleEJwEN9AZS73Uz36s_nQZw&_nc_ad=z-m&_nc_cid=0&_nc_zt=23&_nc_ht=instagram.fsdu8-1.fna&_nc_gid=kCW1LVFt0GPp1b_-bkvpIA&_nc_ss=8&oh=00_Aftdsb8vfTHgHilf6-Ckve9iDPXuF4IGhk4bGXYMBnajHQ&oe=69AA3B28
https://instagram.fsdu8-1.fna.fbcdn.net/v/t51.71878-15/637707832_912093068210941_641547278850883342_n.jpg?stp=dst-jpg_e15_p320x320_tt6&_nc_cat=101&ig_cache_key=MzgzOTQ5MzM5Mzg1MjgyNDkyNA%3D%3D.3-ccb7-5&ccb=7-5&_nc_sid=58cdad&efg=eyJ2ZW5jb2RlX3RhZyI6InhwaWRzLjY0MHgxMTM2LnNkci5DMiJ9&_nc_ohc=sEHeaoThz9wQ7kNvwFNrPsX&_nc_oc=AdleFPpKGs1kxlQu6muhw4reNxTF1RfFKxXP0vOQKZmBfG1EtxuvI7sS6d-fQG2eEleEJwEN9AZS73Uz36s_nQZw&_nc_ad=z-m&_nc_cid=0&_nc_zt=23&_nc_ht=instagram.fsdu8-1.fna&_nc_gid=kCW1LVFt0GPp1b_-bkvpIA&_nc_ss=8&oh=00_AftmBqyAsE3BNu5rH65ASsyIoDovsOZuTEJUgy15H_cJgw&oe=69AA3B28
https://instagram.fsdu8-1.fna.fbcdn.net/v/t51.71878-15/637707832_912093068210941_641547278850883342_n.jpg?stp=dst-jpg_e15_p240x240_tt6&_nc_cat=101&ig_cache_key=MzgzOTQ5MzM5Mzg1MjgyNDkyNA%3D%3D.3-ccb7-5&ccb=7-5&_nc_sid=58cdad&efg=eyJ2ZW5jb2RlX3RhZyI6InhwaWRzLjY0MHgxMTM2LnNkci5DMiJ9&_nc_ohc=sEHeaoThz9wQ7kNvwFNrPsX&_nc_oc=AdleFPpKGs1kxlQu6muhw4reNxTF1RfFKxXP0vOQKZmBfG1EtxuvI7sS6d-fQG2eEleEJwEN9AZS73Uz36s_nQZw&_nc_ad=z-m&_nc_cid=0&_nc_zt=23&_nc_ht=instagram.fsdu8-1.fna&_nc_gid=kCW1LVFt0GPp1b_-bkvpIA&_nc_ss=8&oh=00_Aftm9kDgXBKR0gTL7mZtJhEj_hnetfuDCK1jra9U1O4v6Q&oe=69AA3B28
https://instagram.fsdu8-1.fna.fbcdn.net/v/t51.71878-15/637707832_912093068210941_641547278850883342_n.jpg?stp=c0.248.640.640a_dst-jpg_e15_s640x639_tt6&_nc_cat=101&ig_cache_key=MzgzOTQ5MzM5Mzg1MjgyNDkyNA%3D%3D.3-ccb7-5&ccb=7-5&_nc_sid=58cdad&efg=eyJ2ZW5jb2RlX3RhZyI6InhwaWRzLjY0MHgxMTM2LnNkci5DMiJ9&_nc_ohc=sEHeaoThz9wQ7kNvwFNrPsX&_nc_oc=AdleFPpKGs1kxlQu6muhw4reNxTF1RfFKxXP0vOQKZmBfG1EtxuvI7sS6d-fQG2eEleEJwEN9AZS73Uz36s_nQZw&_nc_ad=z-m&_nc_cid=0&_nc_zt=23&_nc_ht=instagram.fsdu8-1.fna&_nc_gid=kCW1LVFt0GPp1b_-bkvpIA&_nc_ss=8&oh=00_Afu_YIoLdzbWP7AovLqU71J_XzRVpUZmZPBQa6BA7MLgWQ&oe=69AA3B28
https://instagram.fsdu8-1.fna.fbcdn.net/v/t51.71878-15/637707832_912093068210941_641547278850883342_n.jpg?stp=c0.248.640.640a_dst-jpg_e15_s640x639_tt6&_nc_cat=101&ig_cache_key=MzgzOTQ5MzM5Mzg1MjgyNDkyNA%3D%3D.3-ccb7-5&ccb=7-5&_nc_sid=58cdad&efg=eyJ2ZW5jb2RlX3RhZyI6InhwaWRzLjY0MHgxMTM2LnNkci5DMiJ9&_nc_ohc=sEHeaoThz9wQ7kNvwFNrPsX&_nc_oc=AdleFPpKGs1kxlQu6muhw4reNxTF1RfFKxXP0vOQKZmBfG1EtxuvI7sS6d-fQG2eEleEJwEN9AZS73Uz36s_nQZw&_nc_ad=z-m&_nc_cid=0&_nc_zt=23&_nc_ht=instagram.fsdu8-1.fna&_nc_gid=kCW1LVFt0GPp1b_-bkvpIA&_nc_ss=8&oh=00_Afu_YIoLdzbWP7AovLqU71J_XzRVpUZmZPBQa6BA7MLgWQ&oe=69AA3B28
https://instagram.fsdu8-1.fna.fbcdn.net/v/t51.71878-15/637707832_912093068210941_641547278850883342_n.jpg?stp=c0.248.640.640a_dst-jpg_e15_s640x639_tt6&_nc_cat=101&ig_cache_key=MzgzOTQ5MzM5Mzg1MjgyNDkyNA%3D%3D.3-ccb7-5&ccb=7-5&_nc_sid=58cdad&efg=eyJ2ZW5jb2RlX3RhZyI6InhwaWRzLjY0MHgxMTM2LnNkci5DMiJ9&_nc_ohc=sEHeaoThz9wQ7kNvwFNrPsX&_nc_oc=AdleFPpKGs1kxlQu6muhw4reNxTF1RfFKxXP0vOQKZmBfG1EtxuvI7sS6d-fQG2eEleEJwEN9AZS73Uz36s_nQZw&_nc_ad=z-m&_nc_cid=0&_nc_zt=23&_nc_ht=instagram.fsdu8-1.fna&_nc_gid=kCW1LVFt0GPp1b_-bkvpIA&_nc_ss=8&oh=00_Afu_YIoLdzbWP7AovLqU71J_XzRVpUZmZPBQa6BA7MLgWQ&oe=69AA3B28
https://instagram.fsdu8-1.fna.fbcdn.net/v/t51.71878-15/637707832_912093068210941_641547278850883342_n.jpg?stp=c0.248.640.640a_dst-jpg_e15_s480x480_tt6&_nc_cat=101&ig_cache_key=MzgzOTQ5MzM5Mzg1MjgyNDkyNA%3D%3D.3-ccb7-5&ccb=7-5&_nc_sid=58cdad&efg=eyJ2ZW5jb2RlX3RhZyI6InhwaWRzLjY0MHgxMTM2LnNkci5DMiJ9&_nc_ohc=sEHeaoThz9wQ7kNvwFNrPsX&_nc_oc=AdleFPpKGs1kxlQu6muhw4reNxTF1RfFKxXP0vOQKZmBfG1EtxuvI7sS6d-fQG2eEleEJwEN9AZS73Uz36s_nQZw&_nc_ad=z-m&_nc_cid=0&_nc_zt=23&_nc_ht=instagram.fsdu8-1.fna&_nc_gid=kCW1LVFt0GPp1b_-bkvpIA&_nc_ss=8&oh=00_AfvKMNeZTYQr10-U-emkqeiWrXN95Jj0ld2sfkUnAMHM7w&oe=69AA3B28
https://instagram.fsdu8-1.fna.fbcdn.net/v/t51.71878-15/637707832_912093068210941_641547278850883342_n.jpg?stp=c0.248.640.640a_dst-jpg_e15_s320x320_tt6&_nc_cat=101&ig_cache_key=MzgzOTQ5MzM5Mzg1MjgyNDkyNA%3D%3D.3-ccb7-5&ccb=7-5&_nc_sid=58cdad&efg=eyJ2ZW5jb2RlX3RhZyI6InhwaWRzLjY0MHgxMTM2LnNkci5DMiJ9&_nc_ohc=sEHeaoThz9wQ7kNvwFNrPsX&_nc_oc=AdleFPpKGs1kxlQu6muhw4reNxTF1RfFKxXP0vOQKZmBfG1EtxuvI7sS6d-fQG2eEleEJwEN9AZS73Uz36s_nQZw&_nc_ad=z-m&_nc_cid=0&_nc_zt=23&_nc_ht=instagram.fsdu8-1.fna&_nc_gid=kCW1LVFt0GPp1b_-bkvpIA&_nc_ss=8&oh=00_AftErJd1lx68GanEHuVk-VI1f8GMtCPSBkc1QGdemeLfoQ&oe=69AA3B28
https://instagram.fsdu8-1.fna.fbcdn.net/v/t51.71878-15/637707832_912093068210941_641547278850883342_n.jpg?stp=c0.248.640.640a_dst-jpg_e15_s240x240_tt6&_nc_cat=101&ig_cache_key=MzgzOTQ5MzM5Mzg1MjgyNDkyNA%3D%3D.3-ccb7-5&ccb=7-5&_nc_sid=58cdad&efg=eyJ2ZW5jb2RlX3RhZyI6InhwaWRzLjY0MHgxMTM2LnNkci5DMiJ9&_nc_ohc=sEHeaoThz9wQ7kNvwFNrPsX&_nc_oc=AdleFPpKGs1kxlQu6muhw4reNxTF1RfFKxXP0vOQKZmBfG1EtxuvI7sS6d-fQG2eEleEJwEN9AZS73Uz36s_nQZw&_nc_ad=z-m&_nc_cid=0&_nc_zt=23&_nc_ht=instagram.fsdu8-1.fna&_nc_gid=kCW1LVFt0GPp1b_-bkvpIA&_nc_ss=8&oh=00_AfuWU1N2lijtU8VcDYBwWSoh49gDSDYP9LHh9VKeLv8Qog&oe=69AA3B28
https://instagram.fsdu8-1.fna.fbcdn.net/v/t51.71878-15/637707832_912093068210941_641547278850883342_n.jpg?stp=c0.248.640.640a_dst-jpg_e15_s150x150_tt6&_nc_cat=101&ig_cache_key=MzgzOTQ5MzM5Mzg1MjgyNDkyNA%3D%3D.3-ccb7-5&ccb=7-5&_nc_sid=58cdad&efg=eyJ2ZW5jb2RlX3RhZyI6InhwaWRzLjY0MHgxMTM2LnNkci5DMiJ9&_nc_ohc=sEHeaoThz9wQ7kNvwFNrPsX&_nc_oc=AdleFPpKGs1kxlQu6muhw4reNxTF1RfFKxXP0vOQKZmBfG1EtxuvI7sS6d-fQG2eEleEJwEN9AZS73Uz36s_nQZw&_nc_ad=z-m&_nc_cid=0&_nc_zt=23&_nc_ht=instagram.fsdu8-1.fna&_nc_gid=kCW1LVFt0GPp1b_-bkvpIA&_nc_ss=8&oh=00_Aft2LnBYqSe4HArW-xGq-cW1xwl8Atfu_r9W2HVKNaxitA&oe=69AA3B28",NA,NO,YES,https://instagram.fsdu8-1.fna.fbcdn.net/o1/v/t16/f2/m69/AQOCHvJ1Btc2hjo-hOj8eBASYB4cgEpR7aziMbkBrDSw0Jb91sDLNYbn0AujV7Q1ksHfxTVYjSvzv94w6nxPeyRR.mp4?strext=1&_nc_cat=104&_nc_oc=AdkwxkL_vt39hpYiXznoWqL7zD7jPYBZswyLyoFruRM54LLet7aihebaiIx-04V4l3Zp-UZt_izqSZPsslnsH5Wt&_nc_sid=5e9851&_nc_ht=instagram.fsdu8-1.fna.fbcdn.net&_nc_ohc=7C-jEaVRSUcQ7kNvwEpxSXm&efg=eyJ2ZW5jb2RlX3RhZyI6Inhwdl9wcm9ncmVzc2l2ZS5JTlNUQUdSQU0uQ0xJUFMuQzIuNzIwLmRhc2hfYmFzZWxpbmVfMV92MSIsInhwdl9hc3NldF9pZCI6MTc5NDM4NDcxNDMxMjg1MDgsImFzc2V0X2FnZV9kYXlzIjo1LCJ2aV91c2VjYXNlX2lkIjoxMDA5OSwiZHVyYXRpb25fcyI6NzMsInVybGdlbl9zb3VyY2UiOiJ3d3cifQ%3D%3D&ccb=17-1&_nc_gid=kCW1LVFt0GPp1b_-bkvpIA&_nc_ss=8&_nc_zt=28&vs=b8ce07da608cc0a1&_nc_vs=HBksFQIYOnBhc3N0aHJvdWdoX2V2ZXJzdG9yZS9HUE1LQWlaLXhHQWJiSmNJQUVqQUZnYlRSbWRmYnNwVEFRQUYVAALIARIAFQIYUWlnX3hwdl9wbGFjZW1lbnRfcGVybWFuZW50X3YyL0YyNEQxQzZDQTFCMDUzMjU5MTMwQTQ0ODczNUQ1MUE3X2F1ZGlvX2Rhc2hpbml0Lm1wNBUCAsgBEgAoABgAGwKIB3VzZV9vaWwBMRJwcm9ncmVzc2l2ZV9yZWNpcGUBMRUAACb49vWtr_XfPxUCKAJDMiwXQFJqn752yLQYEmRhc2hfYmFzZWxpbmVfMV92MREAdf4HZeadAQA&oh=00_AftwOEYUgQTx7M7pGtcZOE0WIKEAPoJFfRrdmlOSlcPivg&oe=69AA4FD8,NA,3194347257,eliasmkjabbour,NA,Rio de Janeiro,NA,NA,-22908.0,-431975.0,Autenticidade,Reforça a capacidade de inspirar confiança e de ser percebida como alguém em quem se pode confiar.,50,50,0,20,20,20,0,0,0,40
postagem_124,3838838780665434585,DVGS4gvjpHZ,"Mon, 23 Feb 2026 11:14:43 GMT",2026-02-23T00:00:00Z,1771845283,A situação nacional e a nossa pré-candidatura.,NA,2042,78,https://www.instagram.com/p/DVGS4gvjpHZ/,https://instagram.fsdu8-2.fna.fbcdn.net/v/t51.71878-15/641339017_1428315082408923_2042726530206923289_n.jpg?stp=dst-jpegr_e15_tt6&_nc_cat=105&ig_cache_key=MzgzODgzODc4MDY2NTQzNDU4NQ%3D%3D.3-ccb7-5&ccb=7-5&_nc_sid=58cdad&efg=eyJ2ZW5jb2RlX3RhZyI6InhwaWRzLjY0MHgxMTM2Lmhkci5DMiJ9&_nc_ohc=24yCOWS_gQAQ7kNvwHdJGnC&_nc_oc=AdnJ21KwlRtYbM1xXDrv1VB_Lb3fFY1ztZBDArg3rmptIvseNXHV0EI5qBKgTCpsmzkWTFPKweA9gBxY9jQL547D&_nc_ad=z-m&_nc_cid=0&_nc_zt=23&se=-1&_nc_ht=instagram.fsdu8-2.fna&_nc_gid=kCW1LVFt0GPp1b_-bkvpIA&_nc_ss=8&oh=00_AfspwEJDJlhSLw8jwK-Zon8hGSRPkO5cV1D3j5PVvaR3Fg&oe=69AA3C52,https://instagram.fsdu8-2.fna.fbcdn.net/v/t51.71878-15/641339017_1428315082408923_2042726530206923289_n.jpg?stp=dst-jpegr_e15_tt6&_nc_cat=105&ig_cache_key=MzgzODgzODc4MDY2NTQzNDU4NQ%3D%3D.3-ccb7-5&ccb=7-5&_nc_sid=58cdad&efg=eyJ2ZW5jb2RlX3RhZyI6InhwaWRzLjY0MHgxMTM2Lmhkci5DMiJ9&_nc_ohc=24yCOWS_gQAQ7kNvwHdJGnC&_nc_oc=AdnJ21KwlRtYbM1xXDrv1VB_Lb3fFY1ztZBDArg3rmptIvseNXHV0EI5qBKgTCpsmzkWTFPKweA9gBxY9jQL547D&_nc_ad=z-m&_nc_cid=0&_nc_zt=23&se=-1&_nc_ht=instagram.fsdu8-2.fna&_nc_gid=kCW1LVFt0GPp1b_-bkvpIA&_nc_ss=8&oh=00_AfspwEJDJlhSLw8jwK-Zon8hGSRPkO5cV1D3j5PVvaR3Fg&oe=69AA3C52,"https://instagram.fsdu8-2.fna.fbcdn.net/v/t51.71878-15/641339017_1428315082408923_2042726530206923289_n.jpg?stp=dst-jpegr_e15_tt6&_nc_cat=105&ig_cache_key=MzgzODgzODc4MDY2NTQzNDU4NQ%3D%3D.3-ccb7-5&ccb=7-5&_nc_sid=58cdad&efg=eyJ2ZW5jb2RlX3RhZyI6InhwaWRzLjY0MHgxMTM2Lmhkci5DMiJ9&_nc_ohc=24yCOWS_gQAQ7kNvwHdJGnC&_nc_oc=AdnJ21KwlRtYbM1xXDrv1VB_Lb3fFY1ztZBDArg3rmptIvseNXHV0EI5qBKgTCpsmzkWTFPKweA9gBxY9jQL547D&_nc_ad=z-m&_nc_cid=0&_nc_zt=23&se=-1&_nc_ht=instagram.fsdu8-2.fna&_nc_gid=kCW1LVFt0GPp1b_-bkvpIA&_nc_ss=8&oh=00_AfspwEJDJlhSLw8jwK-Zon8hGSRPkO5cV1D3j5PVvaR3Fg&oe=69AA3C52
https://instagram.fsdu8-2.fna.fbcdn.net/v/t51.71878-15/641339017_1428315082408923_2042726530206923289_n.jpg?stp=dst-jpegr_e15_p480x480_tt6&_nc_cat=105&ig_cache_key=MzgzODgzODc4MDY2NTQzNDU4NQ%3D%3D.3-ccb7-5&ccb=7-5&_nc_sid=58cdad&efg=eyJ2ZW5jb2RlX3RhZyI6InhwaWRzLjY0MHgxMTM2Lmhkci5DMiJ9&_nc_ohc=24yCOWS_gQAQ7kNvwHdJGnC&_nc_oc=AdnJ21KwlRtYbM1xXDrv1VB_Lb3fFY1ztZBDArg3rmptIvseNXHV0EI5qBKgTCpsmzkWTFPKweA9gBxY9jQL547D&_nc_ad=z-m&_nc_cid=0&_nc_zt=23&se=-1&_nc_ht=instagram.fsdu8-2.fna&_nc_gid=kCW1LVFt0GPp1b_-bkvpIA&_nc_ss=8&oh=00_AfvEVGcVOU5cj2e22_S6j7MA-xwyTdQpw7KbdpaHXQ1zYA&oe=69AA3C52
https://instagram.fsdu8-2.fna.fbcdn.net/v/t51.71878-15/641339017_1428315082408923_2042726530206923289_n.jpg?stp=dst-jpegr_e15_p320x320_tt6&_nc_cat=105&ig_cache_key=MzgzODgzODc4MDY2NTQzNDU4NQ%3D%3D.3-ccb7-5&ccb=7-5&_nc_sid=58cdad&efg=eyJ2ZW5jb2RlX3RhZyI6InhwaWRzLjY0MHgxMTM2Lmhkci5DMiJ9&_nc_ohc=24yCOWS_gQAQ7kNvwHdJGnC&_nc_oc=AdnJ21KwlRtYbM1xXDrv1VB_Lb3fFY1ztZBDArg3rmptIvseNXHV0EI5qBKgTCpsmzkWTFPKweA9gBxY9jQL547D&_nc_ad=z-m&_nc_cid=0&_nc_zt=23&se=-1&_nc_ht=instagram.fsdu8-2.fna&_nc_gid=kCW1LVFt0GPp1b_-bkvpIA&_nc_ss=8&oh=00_AfuMwSdEdGuE1hEuTzaF44TYsK7qr-Bp3zzM_m_WyJC7bw&oe=69AA3C52
https://instagram.fsdu8-2.fna.fbcdn.net/v/t51.71878-15/641339017_1428315082408923_2042726530206923289_n.jpg?stp=dst-jpegr_e15_p240x240_tt6&_nc_cat=105&ig_cache_key=MzgzODgzODc4MDY2NTQzNDU4NQ%3D%3D.3-ccb7-5&ccb=7-5&_nc_sid=58cdad&efg=eyJ2ZW5jb2RlX3RhZyI6InhwaWRzLjY0MHgxMTM2Lmhkci5DMiJ9&_nc_ohc=24yCOWS_gQAQ7kNvwHdJGnC&_nc_oc=AdnJ21KwlRtYbM1xXDrv1VB_Lb3fFY1ztZBDArg3rmptIvseNXHV0EI5qBKgTCpsmzkWTFPKweA9gBxY9jQL547D&_nc_ad=z-m&_nc_cid=0&_nc_zt=23&se=-1&_nc_ht=instagram.fsdu8-2.fna&_nc_gid=kCW1LVFt0GPp1b_-bkvpIA&_nc_ss=8&oh=00_AfuAplXbmvMAEpM3U_xedq_bE7B41C2I2dI-Fm5bbW1Klg&oe=69AA3C52
https://instagram.fsdu8-2.fna.fbcdn.net/v/t51.71878-15/641339017_1428315082408923_2042726530206923289_n.jpg?stp=c0.248.640.640a_dst-jpegr_e15_s640x639_tt6&_nc_cat=105&ig_cache_key=MzgzODgzODc4MDY2NTQzNDU4NQ%3D%3D.3-ccb7-5&ccb=7-5&_nc_sid=58cdad&efg=eyJ2ZW5jb2RlX3RhZyI6InhwaWRzLjY0MHgxMTM2Lmhkci5DMiJ9&_nc_ohc=24yCOWS_gQAQ7kNvwHdJGnC&_nc_oc=AdnJ21KwlRtYbM1xXDrv1VB_Lb3fFY1ztZBDArg3rmptIvseNXHV0EI5qBKgTCpsmzkWTFPKweA9gBxY9jQL547D&_nc_ad=z-m&_nc_cid=0&_nc_zt=23&se=-1&_nc_ht=instagram.fsdu8-2.fna&_nc_gid=kCW1LVFt0GPp1b_-bkvpIA&_nc_ss=8&oh=00_AfvMWwyCY8rzsabTPLo7TMbFPzcbwc-iOH-XSIXrQZ-_Zw&oe=69AA3C52
https://instagram.fsdu8-2.fna.fbcdn.net/v/t51.71878-15/641339017_1428315082408923_2042726530206923289_n.jpg?stp=c0.248.640.640a_dst-jpegr_e15_s640x639_tt6&_nc_cat=105&ig_cache_key=MzgzODgzODc4MDY2NTQzNDU4NQ%3D%3D.3-ccb7-5&ccb=7-5&_nc_sid=58cdad&efg=eyJ2ZW5jb2RlX3RhZyI6InhwaWRzLjY0MHgxMTM2Lmhkci5DMiJ9&_nc_ohc=24yCOWS_gQAQ7kNvwHdJGnC&_nc_oc=AdnJ21KwlRtYbM1xXDrv1VB_Lb3fFY1ztZBDArg3rmptIvseNXHV0EI5qBKgTCpsmzkWTFPKweA9gBxY9jQL547D&_nc_ad=z-m&_nc_cid=0&_nc_zt=23&se=-1&_nc_ht=instagram.fsdu8-2.fna&_nc_gid=kCW1LVFt0GPp1b_-bkvpIA&_nc_ss=8&oh=00_AfvMWwyCY8rzsabTPLo7TMbFPzcbwc-iOH-XSIXrQZ-_Zw&oe=69AA3C52
https://instagram.fsdu8-2.fna.fbcdn.net/v/t51.71878-15/641339017_1428315082408923_2042726530206923289_n.jpg?stp=c0.248.640.640a_dst-jpegr_e15_s640x639_tt6&_nc_cat=105&ig_cache_key=MzgzODgzODc4MDY2NTQzNDU4NQ%3D%3D.3-ccb7-5&ccb=7-5&_nc_sid=58cdad&efg=eyJ2ZW5jb2RlX3RhZyI6InhwaWRzLjY0MHgxMTM2Lmhkci5DMiJ9&_nc_ohc=24yCOWS_gQAQ7kNvwHdJGnC&_nc_oc=AdnJ21KwlRtYbM1xXDrv1VB_Lb3fFY1ztZBDArg3rmptIvseNXHV0EI5qBKgTCpsmzkWTFPKweA9gBxY9jQL547D&_nc_ad=z-m&_nc_cid=0&_nc_zt=23&se=-1&_nc_ht=instagram.fsdu8-2.fna&_nc_gid=kCW1LVFt0GPp1b_-bkvpIA&_nc_ss=8&oh=00_AfvMWwyCY8rzsabTPLo7TMbFPzcbwc-iOH-XSIXrQZ-_Zw&oe=69AA3C52
https://instagram.fsdu8-2.fna.fbcdn.net/v/t51.71878-15/641339017_1428315082408923_2042726530206923289_n.jpg?stp=c0.248.640.640a_dst-jpegr_e15_s480x480_tt6&_nc_cat=105&ig_cache_key=MzgzODgzODc4MDY2NTQzNDU4NQ%3D%3D.3-ccb7-5&ccb=7-5&_nc_sid=58cdad&efg=eyJ2ZW5jb2RlX3RhZyI6InhwaWRzLjY0MHgxMTM2Lmhkci5DMiJ9&_nc_ohc=24yCOWS_gQAQ7kNvwHdJGnC&_nc_oc=AdnJ21KwlRtYbM1xXDrv1VB_Lb3fFY1ztZBDArg3rmptIvseNXHV0EI5qBKgTCpsmzkWTFPKweA9gBxY9jQL547D&_nc_ad=z-m&_nc_cid=0&_nc_zt=23&se=-1&_nc_ht=instagram.fsdu8-2.fna&_nc_gid=kCW1LVFt0GPp1b_-bkvpIA&_nc_ss=8&oh=00_Afskthlfsagk14DiNcH7SuaTJWZ45yzNtbyXjFOfaWiUmQ&oe=69AA3C52
https://instagram.fsdu8-2.fna.fbcdn.net/v/t51.71878-15/641339017_1428315082408923_2042726530206923289_n.jpg?stp=c0.248.640.640a_dst-jpegr_e15_s320x320_tt6&_nc_cat=105&ig_cache_key=MzgzODgzODc4MDY2NTQzNDU4NQ%3D%3D.3-ccb7-5&ccb=7-5&_nc_sid=58cdad&efg=eyJ2ZW5jb2RlX3RhZyI6InhwaWRzLjY0MHgxMTM2Lmhkci5DMiJ9&_nc_ohc=24yCOWS_gQAQ7kNvwHdJGnC&_nc_oc=AdnJ21KwlRtYbM1xXDrv1VB_Lb3fFY1ztZBDArg3rmptIvseNXHV0EI5qBKgTCpsmzkWTFPKweA9gBxY9jQL547D&_nc_ad=z-m&_nc_cid=0&_nc_zt=23&se=-1&_nc_ht=instagram.fsdu8-2.fna&_nc_gid=kCW1LVFt0GPp1b_-bkvpIA&_nc_ss=8&oh=00_AftNaVBOn-Fa7Uzbf83-FWNXwjunTAp2Z0SoutxihuHbDA&oe=69AA3C52
https://instagram.fsdu8-2.fna.fbcdn.net/v/t51.71878-15/641339017_1428315082408923_2042726530206923289_n.jpg?stp=c0.248.640.640a_dst-jpegr_e15_s240x240_tt6&_nc_cat=105&ig_cache_key=MzgzODgzODc4MDY2NTQzNDU4NQ%3D%3D.3-ccb7-5&ccb=7-5&_nc_sid=58cdad&efg=eyJ2ZW5jb2RlX3RhZyI6InhwaWRzLjY0MHgxMTM2Lmhkci5DMiJ9&_nc_ohc=24yCOWS_gQAQ7kNvwHdJGnC&_nc_oc=AdnJ21KwlRtYbM1xXDrv1VB_Lb3fFY1ztZBDArg3rmptIvseNXHV0EI5qBKgTCpsmzkWTFPKweA9gBxY9jQL547D&_nc_ad=z-m&_nc_cid=0&_nc_zt=23&se=-1&_nc_ht=instagram.fsdu8-2.fna&_nc_gid=kCW1LVFt0GPp1b_-bkvpIA&_nc_ss=8&oh=00_AftbGcHr3AcR22cy0HO5zKbLr3odyQHbB_bB06mthfiTUA&oe=69AA3C52
https://instagram.fsdu8-2.fna.fbcdn.net/v/t51.71878-15/641339017_1428315082408923_2042726530206923289_n.jpg?stp=c0.248.640.640a_dst-jpegr_e15_s150x150_tt6&_nc_cat=105&ig_cache_key=MzgzODgzODc4MDY2NTQzNDU4NQ%3D%3D.3-ccb7-5&ccb=7-5&_nc_sid=58cdad&efg=eyJ2ZW5jb2RlX3RhZyI6InhwaWRzLjY0MHgxMTM2Lmhkci5DMiJ9&_nc_ohc=24yCOWS_gQAQ7kNvwHdJGnC&_nc_oc=AdnJ21KwlRtYbM1xXDrv1VB_Lb3fFY1ztZBDArg3rmptIvseNXHV0EI5qBKgTCpsmzkWTFPKweA9gBxY9jQL547D&_nc_ad=z-m&_nc_cid=0&_nc_zt=23&se=-1&_nc_ht=instagram.fsdu8-2.fna&_nc_gid=kCW1LVFt0GPp1b_-bkvpIA&_nc_ss=8&oh=00_Afu4nBVCQFKdrtjCRXjy7LHwrWTUBWRjuMmVzQs5kMVBkQ&oe=69AA3C52",NA,NO,YES,https://instagram.fsdu8-2.fna.fbcdn.net/o1/v/t16/f2/m69/AQNP8tqxm2r_QQZhec122naL62W3zlGJXntUXPTUlCEhYT7RIX-6zJ5XSd3WE5xCLM6cfyaGj9Y7S_Uv1GEWqZzR.mp4?strext=1&_nc_cat=108&_nc_oc=AdkWpVlJgqjDcptaVmOPfdMxj9iFNxEGYV8cU-tQ0RPkcfpk2zM50CPm0IPwMuwxXVlPEpXgQvxAnk2TzFjyhHYa&_nc_sid=5e9851&_nc_ht=instagram.fsdu8-2.fna.fbcdn.net&_nc_ohc=P_LYbFd1aEMQ7kNvwGt9Cnv&efg=eyJ2ZW5jb2RlX3RhZyI6Inhwdl9wcm9ncmVzc2l2ZS5JTlNUQUdSQU0uQ0xJUFMuQzIuNzIwLmRhc2hfYmFzZWxpbmVfMV92MSIsInhwdl9hc3NldF9pZCI6MTc5NDM3NzQyNzkxMjg1MDgsImFzc2V0X2FnZV9kYXlzIjo2LCJ2aV91c2VjYXNlX2lkIjoxMDA5OSwiZHVyYXRpb25fcyI6MTc1LCJ1cmxnZW5fc291cmNlIjoid3d3In0%3D&ccb=17-1&_nc_gid=kCW1LVFt0GPp1b_-bkvpIA&_nc_ss=8&_nc_zt=28&vs=c62d0935214c28db&_nc_vs=HBksFQIYOnBhc3N0aHJvdWdoX2V2ZXJzdG9yZS9HRFVIQWliU2JPTmszbkFDQUNwODZEajRMWXNyYnNwVEFRQUYVAALIARIAFQIYUWlnX3hwdl9wbGFjZW1lbnRfcGVybWFuZW50X3YyL0M5NDE5NTYzMTRBQUY4MEE2ODE3RkM2OEYwMTBFQzg4X2F1ZGlvX2Rhc2hpbml0Lm1wNBUCAsgBEgAoABgAGwKIB3VzZV9vaWwBMRJwcm9ncmVzc2l2ZV9yZWNpcGUBMRUAACb41rK9kPHfPxUCKAJDMiwXQGXt2yLQ5WAYEmRhc2hfYmFzZWxpbmVfMV92MREAdf4HZeadAQA&oh=00_Aft1ard5peXdjZ_Y2IochPzRftNaPDQQcUvWWEqiTzcMsQ&oe=69AA4414,NA,3194347257,eliasmkjabbour,NA,Rio de Janeiro,NA,NA,-22908.0,-431975.0,Autoridade,"Expressa ser detentora de habilidades, posicionando-se como melhor do que os eleitores em determinados domínios.",78.57,21.43,7.69,15.38,0,0,0,0,0,76.92
postagem_123,3838253322877205818,DVENw-sDv06,"Sun, 22 Feb 2026 15:51:52 GMT",2026-02-22T00:00:00Z,1771775512,A Folha e a liberdade de imprensa dos ricos.,NA,19424,626,https://www.instagram.com/p/DVENw-sDv06/,https://instagram.fsdu8-1.fna.fbcdn.net/v/t51.71878-15/640176253_1402412144386163_1449200002024749705_n.jpg?stp=dst-jpegr_e15_tt6&_nc_cat=101&ig_cache_key=MzgzODI1MzMyMjg3NzIwNTgxOA%3D%3D.3-ccb7-5&ccb=7-5&_nc_sid=58cdad&efg=eyJ2ZW5jb2RlX3RhZyI6InhwaWRzLjY0MHgxMTM2Lmhkci5DMiJ9&_nc_ohc=EXcliiO0ywUQ7kNvwHO2n3F&_nc_oc=AdkUNuXrx11fB_qf1WzlorNd85inF5_v5uYEU64E-UcZ6d9XFYqV1hUW2WNrpyfctgttdIXf35BwywSt6wCxA2vD&_nc_ad=z-m&_nc_cid=0&_nc_zt=23&se=-1&_nc_ht=instagram.fsdu8-1.fna&_nc_gid=kCW1LVFt0GPp1b_-bkvpIA&_nc_ss=8&oh=00_Afu4_YUx5N2ID7oEnAfMexflIRVmKjubyQ_PoqLctPTg3Q&oe=69AA43C4,https://instagram.fsdu8-1.fna.fbcdn.net/v/t51.71878-15/640176253_1402412144386163_1449200002024749705_n.jpg?stp=dst-jpegr_e15_tt6&_nc_cat=101&ig_cache_key=MzgzODI1MzMyMjg3NzIwNTgxOA%3D%3D.3-ccb7-5&ccb=7-5&_nc_sid=58cdad&efg=eyJ2ZW5jb2RlX3RhZyI6InhwaWRzLjY0MHgxMTM2Lmhkci5DMiJ9&_nc_ohc=EXcliiO0ywUQ7kNvwHO2n3F&_nc_oc=AdkUNuXrx11fB_qf1WzlorNd85inF5_v5uYEU64E-UcZ6d9XFYqV1hUW2WNrpyfctgttdIXf35BwywSt6wCxA2vD&_nc_ad=z-m&_nc_cid=0&_nc_zt=23&se=-1&_nc_ht=instagram.fsdu8-1.fna&_nc_gid=kCW1LVFt0GPp1b_-bkvpIA&_nc_ss=8&oh=00_Afu4_YUx5N2ID7oEnAfMexflIRVmKjubyQ_PoqLctPTg3Q&oe=69AA43C4,"https://instagram.fsdu8-1.fna.fbcdn.net/v/t51.71878-15/640176253_1402412144386163_1449200002024749705_n.jpg?stp=dst-jpegr_e15_tt6&_nc_cat=101&ig_cache_key=MzgzODI1MzMyMjg3NzIwNTgxOA%3D%3D.3-ccb7-5&ccb=7-5&_nc_sid=58cdad&efg=eyJ2ZW5jb2RlX3RhZyI6InhwaWRzLjY0MHgxMTM2Lmhkci5DMiJ9&_nc_ohc=EXcliiO0ywUQ7kNvwHO2n3F&_nc_oc=AdkUNuXrx11fB_qf1WzlorNd85inF5_v5uYEU64E-UcZ6d9XFYqV1hUW2WNrpyfctgttdIXf35BwywSt6wCxA2vD&_nc_ad=z-m&_nc_cid=0&_nc_zt=23&se=-1&_nc_ht=instagram.fsdu8-1.fna&_nc_gid=kCW1LVFt0GPp1b_-bkvpIA&_nc_ss=8&oh=00_Afu4_YUx5N2ID7oEnAfMexflIRVmKjubyQ_PoqLctPTg3Q&oe=69AA43C4
https://instagram.fsdu8-1.fna.fbcdn.net/v/t51.71878-15/640176253_1402412144386163_1449200002024749705_n.jpg?stp=dst-jpegr_e15_p480x480_tt6&_nc_cat=101&ig_cache_key=MzgzODI1MzMyMjg3NzIwNTgxOA%3D%3D.3-ccb7-5&ccb=7-5&_nc_sid=58cdad&efg=eyJ2ZW5jb2RlX3RhZyI6InhwaWRzLjY0MHgxMTM2Lmhkci5DMiJ9&_nc_ohc=EXcliiO0ywUQ7kNvwHO2n3F&_nc_oc=AdkUNuXrx11fB_qf1WzlorNd85inF5_v5uYEU64E-UcZ6d9XFYqV1hUW2WNrpyfctgttdIXf35BwywSt6wCxA2vD&_nc_ad=z-m&_nc_cid=0&_nc_zt=23&se=-1&_nc_ht=instagram.fsdu8-1.fna&_nc_gid=kCW1LVFt0GPp1b_-bkvpIA&_nc_ss=8&oh=00_AftTjlF5VvPub3ZugzEsmgaBMkGmPv-mPbxTzCLowMZJtA&oe=69AA43C4
https://instagram.fsdu8-1.fna.fbcdn.net/v/t51.71878-15/640176253_1402412144386163_1449200002024749705_n.jpg?stp=dst-jpegr_e15_p320x320_tt6&_nc_cat=101&ig_cache_key=MzgzODI1MzMyMjg3NzIwNTgxOA%3D%3D.3-ccb7-5&ccb=7-5&_nc_sid=58cdad&efg=eyJ2ZW5jb2RlX3RhZyI6InhwaWRzLjY0MHgxMTM2Lmhkci5DMiJ9&_nc_ohc=EXcliiO0ywUQ7kNvwHO2n3F&_nc_oc=AdkUNuXrx11fB_qf1WzlorNd85inF5_v5uYEU64E-UcZ6d9XFYqV1hUW2WNrpyfctgttdIXf35BwywSt6wCxA2vD&_nc_ad=z-m&_nc_cid=0&_nc_zt=23&se=-1&_nc_ht=instagram.fsdu8-1.fna&_nc_gid=kCW1LVFt0GPp1b_-bkvpIA&_nc_ss=8&oh=00_AfuUeVEr-OQ49cYKqnaDbCLSyEcMiHvNWHnlQut2NsRV9g&oe=69AA43C4
https://instagram.fsdu8-1.fna.fbcdn.net/v/t51.71878-15/640176253_1402412144386163_1449200002024749705_n.jpg?stp=dst-jpegr_e15_p240x240_tt6&_nc_cat=101&ig_cache_key=MzgzODI1MzMyMjg3NzIwNTgxOA%3D%3D.3-ccb7-5&ccb=7-5&_nc_sid=58cdad&efg=eyJ2ZW5jb2RlX3RhZyI6InhwaWRzLjY0MHgxMTM2Lmhkci5DMiJ9&_nc_ohc=EXcliiO0ywUQ7kNvwHO2n3F&_nc_oc=AdkUNuXrx11fB_qf1WzlorNd85inF5_v5uYEU64E-UcZ6d9XFYqV1hUW2WNrpyfctgttdIXf35BwywSt6wCxA2vD&_nc_ad=z-m&_nc_cid=0&_nc_zt=23&se=-1&_nc_ht=instagram.fsdu8-1.fna&_nc_gid=kCW1LVFt0GPp1b_-bkvpIA&_nc_ss=8&oh=00_AfsDsFB5wdby4n4ib781TYC-w6L6-wXB6U3faCda9bSosQ&oe=69AA43C4
https://instagram.fsdu8-1.fna.fbcdn.net/v/t51.71878-15/640176253_1402412144386163_1449200002024749705_n.jpg?stp=c0.248.640.640a_dst-jpegr_e15_s640x639_tt6&_nc_cat=101&ig_cache_key=MzgzODI1MzMyMjg3NzIwNTgxOA%3D%3D.3-ccb7-5&ccb=7-5&_nc_sid=58cdad&efg=eyJ2ZW5jb2RlX3RhZyI6InhwaWRzLjY0MHgxMTM2Lmhkci5DMiJ9&_nc_ohc=EXcliiO0ywUQ7kNvwHO2n3F&_nc_oc=AdkUNuXrx11fB_qf1WzlorNd85inF5_v5uYEU64E-UcZ6d9XFYqV1hUW2WNrpyfctgttdIXf35BwywSt6wCxA2vD&_nc_ad=z-m&_nc_cid=0&_nc_zt=23&se=-1&_nc_ht=instagram.fsdu8-1.fna&_nc_gid=kCW1LVFt0GPp1b_-bkvpIA&_nc_ss=8&oh=00_AfutDPXcNnx0p7fIiOwOgZ4eWVxVJAex2uMW6LF7jwEvLg&oe=69AA43C4
https://instagram.fsdu8-1.fna.fbcdn.net/v/t51.71878-15/640176253_1402412144386163_1449200002024749705_n.jpg?stp=c0.248.640.640a_dst-jpegr_e15_s640x639_tt6&_nc_cat=101&ig_cache_key=MzgzODI1MzMyMjg3NzIwNTgxOA%3D%3D.3-ccb7-5&ccb=7-5&_nc_sid=58cdad&efg=eyJ2ZW5jb2RlX3RhZyI6InhwaWRzLjY0MHgxMTM2Lmhkci5DMiJ9&_nc_ohc=EXcliiO0ywUQ7kNvwHO2n3F&_nc_oc=AdkUNuXrx11fB_qf1WzlorNd85inF5_v5uYEU64E-UcZ6d9XFYqV1hUW2WNrpyfctgttdIXf35BwywSt6wCxA2vD&_nc_ad=z-m&_nc_cid=0&_nc_zt=23&se=-1&_nc_ht=instagram.fsdu8-1.fna&_nc_gid=kCW1LVFt0GPp1b_-bkvpIA&_nc_ss=8&oh=00_AfutDPXcNnx0p7fIiOwOgZ4eWVxVJAex2uMW6LF7jwEvLg&oe=69AA43C4
https://instagram.fsdu8-1.fna.fbcdn.net/v/t51.71878-15/640176253_1402412144386163_1449200002024749705_n.jpg?stp=c0.248.640.640a_dst-jpegr_e15_s640x639_tt6&_nc_cat=101&ig_cache_key=MzgzODI1MzMyMjg3NzIwNTgxOA%3D%3D.3-ccb7-5&ccb=7-5&_nc_sid=58cdad&efg=eyJ2ZW5jb2RlX3RhZyI6InhwaWRzLjY0MHgxMTM2Lmhkci5DMiJ9&_nc_ohc=EXcliiO0ywUQ7kNvwHO2n3F&_nc_oc=AdkUNuXrx11fB_qf1WzlorNd85inF5_v5uYEU64E-UcZ6d9XFYqV1hUW2WNrpyfctgttdIXf35BwywSt6wCxA2vD&_nc_ad=z-m&_nc_cid=0&_nc_zt=23&se=-1&_nc_ht=instagram.fsdu8-1.fna&_nc_gid=kCW1LVFt0GPp1b_-bkvpIA&_nc_ss=8&oh=00_AfutDPXcNnx0p7fIiOwOgZ4eWVxVJAex2uMW6LF7jwEvLg&oe=69AA43C4
https://instagram.fsdu8-1.fna.fbcdn.net/v/t51.71878-15/640176253_1402412144386163_1449200002024749705_n.jpg?stp=c0.248.640.640a_dst-jpegr_e15_s480x480_tt6&_nc_cat=101&ig_cache_key=MzgzODI1MzMyMjg3NzIwNTgxOA%3D%3D.3-ccb7-5&ccb=7-5&_nc_sid=58cdad&efg=eyJ2ZW5jb2RlX3RhZyI6InhwaWRzLjY0MHgxMTM2Lmhkci5DMiJ9&_nc_ohc=EXcliiO0ywUQ7kNvwHO2n3F&_nc_oc=AdkUNuXrx11fB_qf1WzlorNd85inF5_v5uYEU64E-UcZ6d9XFYqV1hUW2WNrpyfctgttdIXf35BwywSt6wCxA2vD&_nc_ad=z-m&_nc_cid=0&_nc_zt=23&se=-1&_nc_ht=instagram.fsdu8-1.fna&_nc_gid=kCW1LVFt0GPp1b_-bkvpIA&_nc_ss=8&oh=00_AfsVZdqy57AYwA3HY3K6uNIPrt6jWQjX7lFb7WOfrrXOyg&oe=69AA43C4
https://instagram.fsdu8-1.fna.fbcdn.net/v/t51.71878-15/640176253_1402412144386163_1449200002024749705_n.jpg?stp=c0.248.640.640a_dst-jpegr_e15_s320x320_tt6&_nc_cat=101&ig_cache_key=MzgzODI1MzMyMjg3NzIwNTgxOA%3D%3D.3-ccb7-5&ccb=7-5&_nc_sid=58cdad&efg=eyJ2ZW5jb2RlX3RhZyI6InhwaWRzLjY0MHgxMTM2Lmhkci5DMiJ9&_nc_ohc=EXcliiO0ywUQ7kNvwHO2n3F&_nc_oc=AdkUNuXrx11fB_qf1WzlorNd85inF5_v5uYEU64E-UcZ6d9XFYqV1hUW2WNrpyfctgttdIXf35BwywSt6wCxA2vD&_nc_ad=z-m&_nc_cid=0&_nc_zt=23&se=-1&_nc_ht=instagram.fsdu8-1.fna&_nc_gid=kCW1LVFt0GPp1b_-bkvpIA&_nc_ss=8&oh=00_AfvwrEx-IbomMCz417C6-FXPX_46k_td3cv0vSl3sCay_A&oe=69AA43C4
https://instagram.fsdu8-1.fna.fbcdn.net/v/t51.71878-15/640176253_1402412144386163_1449200002024749705_n.jpg?stp=c0.248.640.640a_dst-jpegr_e15_s240x240_tt6&_nc_cat=101&ig_cache_key=MzgzODI1MzMyMjg3NzIwNTgxOA%3D%3D.3-ccb7-5&ccb=7-5&_nc_sid=58cdad&efg=eyJ2ZW5jb2RlX3RhZyI6InhwaWRzLjY0MHgxMTM2Lmhkci5DMiJ9&_nc_ohc=EXcliiO0ywUQ7kNvwHO2n3F&_nc_oc=AdkUNuXrx11fB_qf1WzlorNd85inF5_v5uYEU64E-UcZ6d9XFYqV1hUW2WNrpyfctgttdIXf35BwywSt6wCxA2vD&_nc_ad=z-m&_nc_cid=0&_nc_zt=23&se=-1&_nc_ht=instagram.fsdu8-1.fna&_nc_gid=kCW1LVFt0GPp1b_-bkvpIA&_nc_ss=8&oh=00_Afv9yuQB48_y52SqMWLlKQtYIl_08EAyAXg684vBdIs4UQ&oe=69AA43C4
https://instagram.fsdu8-1.fna.fbcdn.net/v/t51.71878-15/640176253_1402412144386163_1449200002024749705_n.jpg?stp=c0.248.640.640a_dst-jpegr_e15_s150x150_tt6&_nc_cat=101&ig_cache_key=MzgzODI1MzMyMjg3NzIwNTgxOA%3D%3D.3-ccb7-5&ccb=7-5&_nc_sid=58cdad&efg=eyJ2ZW5jb2RlX3RhZyI6InhwaWRzLjY0MHgxMTM2Lmhkci5DMiJ9&_nc_ohc=EXcliiO0ywUQ7kNvwHO2n3F&_nc_oc=AdkUNuXrx11fB_qf1WzlorNd85inF5_v5uYEU64E-UcZ6d9XFYqV1hUW2WNrpyfctgttdIXf35BwywSt6wCxA2vD&_nc_ad=z-m&_nc_cid=0&_nc_zt=23&se=-1&_nc_ht=instagram.fsdu8-1.fna&_nc_gid=kCW1LVFt0GPp1b_-bkvpIA&_nc_ss=8&oh=00_Afv0slx0jP4k4F8wvx7pqePJVb5--u3ySe_Wth007ByENA&oe=69AA43C4",NA,NO,YES,https://instagram.fsdu8-1.fna.fbcdn.net/o1/v/t16/f2/m69/AQObfznvg3MkT_hFsz4GAWGSNAZSNnhNYDQNSA0fVyQBya69THZBnTsdrrkvWRa1Q_JX7xtoW7EAxutCg-n0jvy2.mp4?strext=1&_nc_cat=101&_nc_oc=Adn8jCTlB3FyZHz5Xi1OiQBqjUGIpxdK1B9ap5WC9W3GC9KMZBFcfDzP_QOvZkhpBwoEhM9yXLMqe62yI2PYkxi9&_nc_sid=5e9851&_nc_ht=instagram.fsdu8-1.fna.fbcdn.net&_nc_ohc=jZVtEtnP91wQ7kNvwHeP2na&efg=eyJ2ZW5jb2RlX3RhZyI6Inhwdl9wcm9ncmVzc2l2ZS5JTlNUQUdSQU0uQ0xJUFMuQzIuNzIwLmRhc2hfYmFzZWxpbmVfMV92MSIsInhwdl9hc3NldF9pZCI6MTc5NDM2NzY4NjkxMjg1MDgsImFzc2V0X2FnZV9kYXlzIjo3LCJ2aV91c2VjYXNlX2lkIjoxMDA5OSwiZHVyYXRpb25fcyI6MTY0LCJ1cmxnZW5fc291cmNlIjoid3d3In0%3D&ccb=17-1&_nc_gid=kCW1LVFt0GPp1b_-bkvpIA&_nc_ss=8&_nc_zt=28&vs=174f07e4f6c65ed7&_nc_vs=HBksFQIYOnBhc3N0aHJvdWdoX2V2ZXJzdG9yZS9HT0RIRmlaQlNkelI1NG9JQUQtZkE3SG5NVUIzYnNwVEFRQUYVAALIARIAFQIYUWlnX3hwdl9wbGFjZW1lbnRfcGVybWFuZW50X3YyLzlDNDFDMjNBQjg0RDcxN0Q1OTc5QTk1MDM5NDBCOThGX2F1ZGlvX2Rhc2hpbml0Lm1wNBUCAsgBEgAoABgAGwKIB3VzZV9vaWwBMRJwcm9ncmVzc2l2ZV9yZWNpcGUBMRUAACb4xP3buuvfPxUCKAJDMiwXQGSO6XjU_fQYEmRhc2hfYmFzZWxpbmVfMV92MREAdf4HZeadAQA&oh=00_AfukWkzNQArMV7R-yVUtWpMvSfywwWOvHD4TcL7j_wWSRA&oe=69AA6253,NA,3194347257,eliasmkjabbour,NA,Rio de Janeiro,NA,NA,-22908.0,-431975.0,Autenticidade,Reforça a capacidade de inspirar confiança e de ser percebida como alguém em quem se pode confiar.,62.5,37.5,5.56,27.78,0,5.56,16.67,11.11,5.56,27.78
postagem_120,3838056868968064215,DVDhGMuluTX,"Sun, 22 Feb 2026 09:20:00 GMT",2026-02-22T00:00:00Z,1771752000,"Como deverá ser o ""Pix dos BRICS""?",NA,2321,53,https://www.instagram.com/p/DVDhGMuluTX/,https://instagram.fsdu8-2.fna.fbcdn.net/v/t51.71878-15/639515039_920775477659473_6370280039953303910_n.jpg?stp=dst-jpg_e15_tt6&_nc_cat=103&ig_cache_key=MzgzODA1Njg2ODk2ODA2NDIxNQ%3D%3D.3-ccb7-5&ccb=7-5&_nc_sid=58cdad&efg=eyJ2ZW5jb2RlX3RhZyI6InhwaWRzLjY0MHgxMTM2LnNkci5DMiJ9&_nc_ohc=NzUa9IVBP-EQ7kNvwFp3zV8&_nc_oc=AdnmtWcxUyIG9WVy_CGcGrf8fpVhah8J9yiHluoAhMB1NxoTaNKaHfUbGZG4pT4-3kVpij33T_EU1sAJwTVnaUxu&_nc_ad=z-m&_nc_cid=0&_nc_zt=23&_nc_ht=instagram.fsdu8-2.fna&_nc_gid=kCW1LVFt0GPp1b_-bkvpIA&_nc_ss=8&oh=00_Afsx8ONOBPhi_7IBixplX097-1s2OJukXTLaiZIrub84CQ&oe=69AA4B2B,https://instagram.fsdu8-2.fna.fbcdn.net/v/t51.71878-15/639515039_920775477659473_6370280039953303910_n.jpg?stp=dst-jpg_e15_tt6&_nc_cat=103&ig_cache_key=MzgzODA1Njg2ODk2ODA2NDIxNQ%3D%3D.3-ccb7-5&ccb=7-5&_nc_sid=58cdad&efg=eyJ2ZW5jb2RlX3RhZyI6InhwaWRzLjY0MHgxMTM2LnNkci5DMiJ9&_nc_ohc=NzUa9IVBP-EQ7kNvwFp3zV8&_nc_oc=AdnmtWcxUyIG9WVy_CGcGrf8fpVhah8J9yiHluoAhMB1NxoTaNKaHfUbGZG4pT4-3kVpij33T_EU1sAJwTVnaUxu&_nc_ad=z-m&_nc_cid=0&_nc_zt=23&_nc_ht=instagram.fsdu8-2.fna&_nc_gid=kCW1LVFt0GPp1b_-bkvpIA&_nc_ss=8&oh=00_Afsx8ONOBPhi_7IBixplX097-1s2OJukXTLaiZIrub84CQ&oe=69AA4B2B,"https://instagram.fsdu8-2.fna.fbcdn.net/v/t51.71878-15/639515039_920775477659473_6370280039953303910_n.jpg?stp=dst-jpg_e15_tt6&_nc_cat=103&ig_cache_key=MzgzODA1Njg2ODk2ODA2NDIxNQ%3D%3D.3-ccb7-5&ccb=7-5&_nc_sid=58cdad&efg=eyJ2ZW5jb2RlX3RhZyI6InhwaWRzLjY0MHgxMTM2LnNkci5DMiJ9&_nc_ohc=NzUa9IVBP-EQ7kNvwFp3zV8&_nc_oc=AdnmtWcxUyIG9WVy_CGcGrf8fpVhah8J9yiHluoAhMB1NxoTaNKaHfUbGZG4pT4-3kVpij33T_EU1sAJwTVnaUxu&_nc_ad=z-m&_nc_cid=0&_nc_zt=23&_nc_ht=instagram.fsdu8-2.fna&_nc_gid=kCW1LVFt0GPp1b_-bkvpIA&_nc_ss=8&oh=00_Afsx8ONOBPhi_7IBixplX097-1s2OJukXTLaiZIrub84CQ&oe=69AA4B2B
https://instagram.fsdu8-2.fna.fbcdn.net/v/t51.71878-15/639515039_920775477659473_6370280039953303910_n.jpg?stp=dst-jpg_e15_p480x480_tt6&_nc_cat=103&ig_cache_key=MzgzODA1Njg2ODk2ODA2NDIxNQ%3D%3D.3-ccb7-5&ccb=7-5&_nc_sid=58cdad&efg=eyJ2ZW5jb2RlX3RhZyI6InhwaWRzLjY0MHgxMTM2LnNkci5DMiJ9&_nc_ohc=NzUa9IVBP-EQ7kNvwFp3zV8&_nc_oc=AdnmtWcxUyIG9WVy_CGcGrf8fpVhah8J9yiHluoAhMB1NxoTaNKaHfUbGZG4pT4-3kVpij33T_EU1sAJwTVnaUxu&_nc_ad=z-m&_nc_cid=0&_nc_zt=23&_nc_ht=instagram.fsdu8-2.fna&_nc_gid=kCW1LVFt0GPp1b_-bkvpIA&_nc_ss=8&oh=00_AftVQoV9xkDBGH26gsDDbZoYAlnrzXo93yZmvGx1nKT_YA&oe=69AA4B2B
https://instagram.fsdu8-2.fna.fbcdn.net/v/t51.71878-15/639515039_920775477659473_6370280039953303910_n.jpg?stp=dst-jpg_e15_p320x320_tt6&_nc_cat=103&ig_cache_key=MzgzODA1Njg2ODk2ODA2NDIxNQ%3D%3D.3-ccb7-5&ccb=7-5&_nc_sid=58cdad&efg=eyJ2ZW5jb2RlX3RhZyI6InhwaWRzLjY0MHgxMTM2LnNkci5DMiJ9&_nc_ohc=NzUa9IVBP-EQ7kNvwFp3zV8&_nc_oc=AdnmtWcxUyIG9WVy_CGcGrf8fpVhah8J9yiHluoAhMB1NxoTaNKaHfUbGZG4pT4-3kVpij33T_EU1sAJwTVnaUxu&_nc_ad=z-m&_nc_cid=0&_nc_zt=23&_nc_ht=instagram.fsdu8-2.fna&_nc_gid=kCW1LVFt0GPp1b_-bkvpIA&_nc_ss=8&oh=00_Afutn3w4TiN4yb1RzBiuBoW1aKmRwYi1fzJDLbIWkn4Kpg&oe=69AA4B2B
https://instagram.fsdu8-2.fna.fbcdn.net/v/t51.71878-15/639515039_920775477659473_6370280039953303910_n.jpg?stp=dst-jpg_e15_p240x240_tt6&_nc_cat=103&ig_cache_key=MzgzODA1Njg2ODk2ODA2NDIxNQ%3D%3D.3-ccb7-5&ccb=7-5&_nc_sid=58cdad&efg=eyJ2ZW5jb2RlX3RhZyI6InhwaWRzLjY0MHgxMTM2LnNkci5DMiJ9&_nc_ohc=NzUa9IVBP-EQ7kNvwFp3zV8&_nc_oc=AdnmtWcxUyIG9WVy_CGcGrf8fpVhah8J9yiHluoAhMB1NxoTaNKaHfUbGZG4pT4-3kVpij33T_EU1sAJwTVnaUxu&_nc_ad=z-m&_nc_cid=0&_nc_zt=23&_nc_ht=instagram.fsdu8-2.fna&_nc_gid=kCW1LVFt0GPp1b_-bkvpIA&_nc_ss=8&oh=00_AfvrxAPlOvphd7kIMCOpEShr7nyNCxLxZGtR3Pem_wjIkg&oe=69AA4B2B
https://instagram.fsdu8-2.fna.fbcdn.net/v/t51.71878-15/639515039_920775477659473_6370280039953303910_n.jpg?stp=c0.248.640.640a_dst-jpg_e15_s640x639_tt6&_nc_cat=103&ig_cache_key=MzgzODA1Njg2ODk2ODA2NDIxNQ%3D%3D.3-ccb7-5&ccb=7-5&_nc_sid=58cdad&efg=eyJ2ZW5jb2RlX3RhZyI6InhwaWRzLjY0MHgxMTM2LnNkci5DMiJ9&_nc_ohc=NzUa9IVBP-EQ7kNvwFp3zV8&_nc_oc=AdnmtWcxUyIG9WVy_CGcGrf8fpVhah8J9yiHluoAhMB1NxoTaNKaHfUbGZG4pT4-3kVpij33T_EU1sAJwTVnaUxu&_nc_ad=z-m&_nc_cid=0&_nc_zt=23&_nc_ht=instagram.fsdu8-2.fna&_nc_gid=kCW1LVFt0GPp1b_-bkvpIA&_nc_ss=8&oh=00_Afs7aAvlOAZfZdrnbqLjCkOVxljLjk_cMcYsynchUak5PA&oe=69AA4B2B
https://instagram.fsdu8-2.fna.fbcdn.net/v/t51.71878-15/639515039_920775477659473_6370280039953303910_n.jpg?stp=c0.248.640.640a_dst-jpg_e15_s640x639_tt6&_nc_cat=103&ig_cache_key=MzgzODA1Njg2ODk2ODA2NDIxNQ%3D%3D.3-ccb7-5&ccb=7-5&_nc_sid=58cdad&efg=eyJ2ZW5jb2RlX3RhZyI6InhwaWRzLjY0MHgxMTM2LnNkci5DMiJ9&_nc_ohc=NzUa9IVBP-EQ7kNvwFp3zV8&_nc_oc=AdnmtWcxUyIG9WVy_CGcGrf8fpVhah8J9yiHluoAhMB1NxoTaNKaHfUbGZG4pT4-3kVpij33T_EU1sAJwTVnaUxu&_nc_ad=z-m&_nc_cid=0&_nc_zt=23&_nc_ht=instagram.fsdu8-2.fna&_nc_gid=kCW1LVFt0GPp1b_-bkvpIA&_nc_ss=8&oh=00_Afs7aAvlOAZfZdrnbqLjCkOVxljLjk_cMcYsynchUak5PA&oe=69AA4B2B
https://instagram.fsdu8-2.fna.fbcdn.net/v/t51.71878-15/639515039_920775477659473_6370280039953303910_n.jpg?stp=c0.248.640.640a_dst-jpg_e15_s640x639_tt6&_nc_cat=103&ig_cache_key=MzgzODA1Njg2ODk2ODA2NDIxNQ%3D%3D.3-ccb7-5&ccb=7-5&_nc_sid=58cdad&efg=eyJ2ZW5jb2RlX3RhZyI6InhwaWRzLjY0MHgxMTM2LnNkci5DMiJ9&_nc_ohc=NzUa9IVBP-EQ7kNvwFp3zV8&_nc_oc=AdnmtWcxUyIG9WVy_CGcGrf8fpVhah8J9yiHluoAhMB1NxoTaNKaHfUbGZG4pT4-3kVpij33T_EU1sAJwTVnaUxu&_nc_ad=z-m&_nc_cid=0&_nc_zt=23&_nc_ht=instagram.fsdu8-2.fna&_nc_gid=kCW1LVFt0GPp1b_-bkvpIA&_nc_ss=8&oh=00_Afs7aAvlOAZfZdrnbqLjCkOVxljLjk_cMcYsynchUak5PA&oe=69AA4B2B
https://instagram.fsdu8-2.fna.fbcdn.net/v/t51.71878-15/639515039_920775477659473_6370280039953303910_n.jpg?stp=c0.248.640.640a_dst-jpg_e15_s480x480_tt6&_nc_cat=103&ig_cache_key=MzgzODA1Njg2ODk2ODA2NDIxNQ%3D%3D.3-ccb7-5&ccb=7-5&_nc_sid=58cdad&efg=eyJ2ZW5jb2RlX3RhZyI6InhwaWRzLjY0MHgxMTM2LnNkci5DMiJ9&_nc_ohc=NzUa9IVBP-EQ7kNvwFp3zV8&_nc_oc=AdnmtWcxUyIG9WVy_CGcGrf8fpVhah8J9yiHluoAhMB1NxoTaNKaHfUbGZG4pT4-3kVpij33T_EU1sAJwTVnaUxu&_nc_ad=z-m&_nc_cid=0&_nc_zt=23&_nc_ht=instagram.fsdu8-2.fna&_nc_gid=kCW1LVFt0GPp1b_-bkvpIA&_nc_ss=8&oh=00_AfsX0-OibgykJJIGHkX4-A1XUmLJl9dMbPd6WbSwZEHN0w&oe=69AA4B2B
https://instagram.fsdu8-2.fna.fbcdn.net/v/t51.71878-15/639515039_920775477659473_6370280039953303910_n.jpg?stp=c0.248.640.640a_dst-jpg_e15_s320x320_tt6&_nc_cat=103&ig_cache_key=MzgzODA1Njg2ODk2ODA2NDIxNQ%3D%3D.3-ccb7-5&ccb=7-5&_nc_sid=58cdad&efg=eyJ2ZW5jb2RlX3RhZyI6InhwaWRzLjY0MHgxMTM2LnNkci5DMiJ9&_nc_ohc=NzUa9IVBP-EQ7kNvwFp3zV8&_nc_oc=AdnmtWcxUyIG9WVy_CGcGrf8fpVhah8J9yiHluoAhMB1NxoTaNKaHfUbGZG4pT4-3kVpij33T_EU1sAJwTVnaUxu&_nc_ad=z-m&_nc_cid=0&_nc_zt=23&_nc_ht=instagram.fsdu8-2.fna&_nc_gid=kCW1LVFt0GPp1b_-bkvpIA&_nc_ss=8&oh=00_AfsHp8uTZGzIfUetcXWdcHdhonkE565IMbfMbCH-QM-xsA&oe=69AA4B2B
https://instagram.fsdu8-2.fna.fbcdn.net/v/t51.71878-15/639515039_920775477659473_6370280039953303910_n.jpg?stp=c0.248.640.640a_dst-jpg_e15_s240x240_tt6&_nc_cat=103&ig_cache_key=MzgzODA1Njg2ODk2ODA2NDIxNQ%3D%3D.3-ccb7-5&ccb=7-5&_nc_sid=58cdad&efg=eyJ2ZW5jb2RlX3RhZyI6InhwaWRzLjY0MHgxMTM2LnNkci5DMiJ9&_nc_ohc=NzUa9IVBP-EQ7kNvwFp3zV8&_nc_oc=AdnmtWcxUyIG9WVy_CGcGrf8fpVhah8J9yiHluoAhMB1NxoTaNKaHfUbGZG4pT4-3kVpij33T_EU1sAJwTVnaUxu&_nc_ad=z-m&_nc_cid=0&_nc_zt=23&_nc_ht=instagram.fsdu8-2.fna&_nc_gid=kCW1LVFt0GPp1b_-bkvpIA&_nc_ss=8&oh=00_AfsHhBkLR7sHjGhFZ9NnvhLZ-2-F2saImrqKLcLYMAp4pg&oe=69AA4B2B
https://instagram.fsdu8-2.fna.fbcdn.net/v/t51.71878-15/639515039_920775477659473_6370280039953303910_n.jpg?stp=c0.248.640.640a_dst-jpg_e15_s150x150_tt6&_nc_cat=103&ig_cache_key=MzgzODA1Njg2ODk2ODA2NDIxNQ%3D%3D.3-ccb7-5&ccb=7-5&_nc_sid=58cdad&efg=eyJ2ZW5jb2RlX3RhZyI6InhwaWRzLjY0MHgxMTM2LnNkci5DMiJ9&_nc_ohc=NzUa9IVBP-EQ7kNvwFp3zV8&_nc_oc=AdnmtWcxUyIG9WVy_CGcGrf8fpVhah8J9yiHluoAhMB1NxoTaNKaHfUbGZG4pT4-3kVpij33T_EU1sAJwTVnaUxu&_nc_ad=z-m&_nc_cid=0&_nc_zt=23&_nc_ht=instagram.fsdu8-2.fna&_nc_gid=kCW1LVFt0GPp1b_-bkvpIA&_nc_ss=8&oh=00_AfuOD_4PFsuRvk3LmqIrqLYKun-g1GYU-MwAJ1skp0CyOA&oe=69AA4B2B",NA,NO,YES,https://instagram.fsdu8-2.fna.fbcdn.net/o1/v/t16/f2/m69/AQPRDLCzi67ZVP9HurHAQl2_0cV_EGU6NTmqdFkBNiftOo3ZtaF_uk1XqV7CFzQ1iRkVSLakNBUZ52XhWqGgaitj.mp4?strext=1&_nc_cat=108&_nc_oc=AdneQOTWGxTaGVvZLZVUaIKD7ophCxiYKA-eX2qvC7JN_BgXJEelJKYIiT02vDGP-_ZW0mw0Waizk2StBUs-gd6f&_nc_sid=5e9851&_nc_ht=instagram.fsdu8-2.fna.fbcdn.net&_nc_ohc=kYh27Urb1XsQ7kNvwFNvngT&efg=eyJ2ZW5jb2RlX3RhZyI6Inhwdl9wcm9ncmVzc2l2ZS5JTlNUQUdSQU0uQ0xJUFMuQzIuNzIwLmRhc2hfYmFzZWxpbmVfMV92MSIsInhwdl9hc3NldF9pZCI6MTc5NDM2MTc2MDExMjg1MDgsImFzc2V0X2FnZV9kYXlzIjo3LCJ2aV91c2VjYXNlX2lkIjoxMDA5OSwiZHVyYXRpb25fcyI6NzMsInVybGdlbl9zb3VyY2UiOiJ3d3cifQ%3D%3D&ccb=17-1&_nc_gid=kCW1LVFt0GPp1b_-bkvpIA&_nc_ss=8&_nc_zt=28&vs=7b4f0a85fd3a3e40&_nc_vs=HBksFQIYOnBhc3N0aHJvdWdoX2V2ZXJzdG9yZS9HRW9MLXlXdklJY2pBVU1GQUF6ZGs3bHFhOUpBYnNwVEFRQUYVAALIARIAFQIYUWlnX3hwdl9wbGFjZW1lbnRfcGVybWFuZW50X3YyLzc3NDgzOEJCMUQwQ0NDMzZGMjI1NEEzQTMzNzI2QUFDX2F1ZGlvX2Rhc2hpbml0Lm1wNBUCAsgBEgAoABgAGwKIB3VzZV9vaWwBMRJwcm9ncmVzc2l2ZV9yZWNpcGUBMRUAACb4oM6RgejfPxUCKAJDMiwXQFJIgxJul40YEmRhc2hfYmFzZWxpbmVfMV92MREAdf4HZeadAQA&oh=00_AfuAUA1YXPy65xmdWphYIuapZp14mBCKrYooaJBcAg_uOw&oe=69AA6E2C,NA,3194347257,eliasmkjabbour,NA,Rio de Janeiro,NA,NA,-22908.0,-431975.0,Autoridade,"Expressa ser detentora de habilidades, posicionando-se como melhor do que os eleitores em determinados domínios.",40,60,23.08,7.69,15.38,23.08,7.69,15.38,0,7.69
postagem_119,3837105307369604852,DVAIvJ7iAb0,"Sat, 21 Feb 2026 01:52:07 GMT",2026-02-21T00:00:00Z,1771638727,"Os 3 principais times do Brasil

Sigam o @barbacast pra mais Conteudo’s como esse!

#corinthians #flamengo #sãopaulofc",#corinthians #flamengo #sãopaulofc,49952,5490,https://www.instagram.com/p/DVAIvJ7iAb0/,https://instagram.fsdu8-2.fna.fbcdn.net/v/t51.82787-15/640338126_18079167788600366_2025780603638478414_n.jpg?stp=dst-jpg_e15_tt6&_nc_cat=100&ig_cache_key=MzgzNzEwNTMwNzM2OTYwNDg1MjE4MDc5MTY3Nzg1NjAwMzY2.3-ccb7-5&ccb=7-5&_nc_sid=58cdad&efg=eyJ2ZW5jb2RlX3RhZyI6InhwaWRzLjEwODB4MTkyMC5zZHIuQzIifQ%3D%3D&_nc_ohc=0kYK_jXAepQQ7kNvwHHhoBQ&_nc_oc=Adnfva5SH3ZRPmuY19TDqZ0RY8GWRxeGHNrtOg-HaIFFMRBwqTEVetMpohHjlcUbK2m-nSarNAuQQnsg9u2-4wBI&_nc_ad=z-m&_nc_cid=0&_nc_zt=23&_nc_ht=instagram.fsdu8-2.fna&_nc_gid=kCW1LVFt0GPp1b_-bkvpIA&_nc_ss=8&oh=00_Afu7fjhLgwIlrgjZqn8zotaCm-HKvNfAJx6EN5h84uNUKA&oe=69AA6841,https://instagram.fsdu8-2.fna.fbcdn.net/v/t51.82787-15/640338126_18079167788600366_2025780603638478414_n.jpg?stp=dst-jpg_e15_tt6&_nc_cat=100&ig_cache_key=MzgzNzEwNTMwNzM2OTYwNDg1MjE4MDc5MTY3Nzg1NjAwMzY2.3-ccb7-5&ccb=7-5&_nc_sid=58cdad&efg=eyJ2ZW5jb2RlX3RhZyI6InhwaWRzLjEwODB4MTkyMC5zZHIuQzIifQ%3D%3D&_nc_ohc=0kYK_jXAepQQ7kNvwHHhoBQ&_nc_oc=Adnfva5SH3ZRPmuY19TDqZ0RY8GWRxeGHNrtOg-HaIFFMRBwqTEVetMpohHjlcUbK2m-nSarNAuQQnsg9u2-4wBI&_nc_ad=z-m&_nc_cid=0&_nc_zt=23&_nc_ht=instagram.fsdu8-2.fna&_nc_gid=kCW1LVFt0GPp1b_-bkvpIA&_nc_ss=8&oh=00_Afu7fjhLgwIlrgjZqn8zotaCm-HKvNfAJx6EN5h84uNUKA&oe=69AA6841,"https://instagram.fsdu8-2.fna.fbcdn.net/v/t51.82787-15/640338126_18079167788600366_2025780603638478414_n.jpg?stp=dst-jpg_e15_tt6&_nc_cat=100&ig_cache_key=MzgzNzEwNTMwNzM2OTYwNDg1MjE4MDc5MTY3Nzg1NjAwMzY2.3-ccb7-5&ccb=7-5&_nc_sid=58cdad&efg=eyJ2ZW5jb2RlX3RhZyI6InhwaWRzLjEwODB4MTkyMC5zZHIuQzIifQ%3D%3D&_nc_ohc=0kYK_jXAepQQ7kNvwHHhoBQ&_nc_oc=Adnfva5SH3ZRPmuY19TDqZ0RY8GWRxeGHNrtOg-HaIFFMRBwqTEVetMpohHjlcUbK2m-nSarNAuQQnsg9u2-4wBI&_nc_ad=z-m&_nc_cid=0&_nc_zt=23&_nc_ht=instagram.fsdu8-2.fna&_nc_gid=kCW1LVFt0GPp1b_-bkvpIA&_nc_ss=8&oh=00_Afu7fjhLgwIlrgjZqn8zotaCm-HKvNfAJx6EN5h84uNUKA&oe=69AA6841
https://instagram.fsdu8-2.fna.fbcdn.net/v/t51.82787-15/640338126_18079167788600366_2025780603638478414_n.jpg?stp=dst-jpg_e35_p720x720_sh0.08_tt6&_nc_cat=100&ig_cache_key=MzgzNzEwNTMwNzM2OTYwNDg1MjE4MDc5MTY3Nzg1NjAwMzY2.3-ccb7-5&ccb=7-5&_nc_sid=58cdad&efg=eyJ2ZW5jb2RlX3RhZyI6InhwaWRzLjEwODB4MTkyMC5zZHIuQzIifQ%3D%3D&_nc_ohc=0kYK_jXAepQQ7kNvwHHhoBQ&_nc_oc=Adnfva5SH3ZRPmuY19TDqZ0RY8GWRxeGHNrtOg-HaIFFMRBwqTEVetMpohHjlcUbK2m-nSarNAuQQnsg9u2-4wBI&_nc_ad=z-m&_nc_cid=0&_nc_zt=23&_nc_ht=instagram.fsdu8-2.fna&_nc_gid=kCW1LVFt0GPp1b_-bkvpIA&_nc_ss=8&oh=00_AfsdDOYh9if2YqG9l6wmN9Gcpl_q4xLpR2jUgKSvL2muYA&oe=69AA6841
https://instagram.fsdu8-2.fna.fbcdn.net/v/t51.82787-15/640338126_18079167788600366_2025780603638478414_n.jpg?stp=dst-jpg_e35_p640x640_sh0.08_tt6&_nc_cat=100&ig_cache_key=MzgzNzEwNTMwNzM2OTYwNDg1MjE4MDc5MTY3Nzg1NjAwMzY2.3-ccb7-5&ccb=7-5&_nc_sid=58cdad&efg=eyJ2ZW5jb2RlX3RhZyI6InhwaWRzLjEwODB4MTkyMC5zZHIuQzIifQ%3D%3D&_nc_ohc=0kYK_jXAepQQ7kNvwHHhoBQ&_nc_oc=Adnfva5SH3ZRPmuY19TDqZ0RY8GWRxeGHNrtOg-HaIFFMRBwqTEVetMpohHjlcUbK2m-nSarNAuQQnsg9u2-4wBI&_nc_ad=z-m&_nc_cid=0&_nc_zt=23&_nc_ht=instagram.fsdu8-2.fna&_nc_gid=kCW1LVFt0GPp1b_-bkvpIA&_nc_ss=8&oh=00_AftQLwZtyM09TPCT_adGkLgwsOIYQX1HJ18VTbcHPgd2ZQ&oe=69AA6841
https://instagram.fsdu8-2.fna.fbcdn.net/v/t51.82787-15/640338126_18079167788600366_2025780603638478414_n.jpg?stp=dst-jpg_e15_p480x480_tt6&_nc_cat=100&ig_cache_key=MzgzNzEwNTMwNzM2OTYwNDg1MjE4MDc5MTY3Nzg1NjAwMzY2.3-ccb7-5&ccb=7-5&_nc_sid=58cdad&efg=eyJ2ZW5jb2RlX3RhZyI6InhwaWRzLjEwODB4MTkyMC5zZHIuQzIifQ%3D%3D&_nc_ohc=0kYK_jXAepQQ7kNvwHHhoBQ&_nc_oc=Adnfva5SH3ZRPmuY19TDqZ0RY8GWRxeGHNrtOg-HaIFFMRBwqTEVetMpohHjlcUbK2m-nSarNAuQQnsg9u2-4wBI&_nc_ad=z-m&_nc_cid=0&_nc_zt=23&_nc_ht=instagram.fsdu8-2.fna&_nc_gid=kCW1LVFt0GPp1b_-bkvpIA&_nc_ss=8&oh=00_AfuUcNo2nrONAylZI4k4D9JZJS8N273z9udgr4XToeQePw&oe=69AA6841
https://instagram.fsdu8-2.fna.fbcdn.net/v/t51.82787-15/640338126_18079167788600366_2025780603638478414_n.jpg?stp=dst-jpg_e15_p320x320_tt6&_nc_cat=100&ig_cache_key=MzgzNzEwNTMwNzM2OTYwNDg1MjE4MDc5MTY3Nzg1NjAwMzY2.3-ccb7-5&ccb=7-5&_nc_sid=58cdad&efg=eyJ2ZW5jb2RlX3RhZyI6InhwaWRzLjEwODB4MTkyMC5zZHIuQzIifQ%3D%3D&_nc_ohc=0kYK_jXAepQQ7kNvwHHhoBQ&_nc_oc=Adnfva5SH3ZRPmuY19TDqZ0RY8GWRxeGHNrtOg-HaIFFMRBwqTEVetMpohHjlcUbK2m-nSarNAuQQnsg9u2-4wBI&_nc_ad=z-m&_nc_cid=0&_nc_zt=23&_nc_ht=instagram.fsdu8-2.fna&_nc_gid=kCW1LVFt0GPp1b_-bkvpIA&_nc_ss=8&oh=00_Afs-nqlhd5dVacBz7hI7MGbEUqTs6cDljQ_r8CLhrd6STA&oe=69AA6841
https://instagram.fsdu8-2.fna.fbcdn.net/v/t51.82787-15/640338126_18079167788600366_2025780603638478414_n.jpg?stp=dst-jpg_e15_p240x240_tt6&_nc_cat=100&ig_cache_key=MzgzNzEwNTMwNzM2OTYwNDg1MjE4MDc5MTY3Nzg1NjAwMzY2.3-ccb7-5&ccb=7-5&_nc_sid=58cdad&efg=eyJ2ZW5jb2RlX3RhZyI6InhwaWRzLjEwODB4MTkyMC5zZHIuQzIifQ%3D%3D&_nc_ohc=0kYK_jXAepQQ7kNvwHHhoBQ&_nc_oc=Adnfva5SH3ZRPmuY19TDqZ0RY8GWRxeGHNrtOg-HaIFFMRBwqTEVetMpohHjlcUbK2m-nSarNAuQQnsg9u2-4wBI&_nc_ad=z-m&_nc_cid=0&_nc_zt=23&_nc_ht=instagram.fsdu8-2.fna&_nc_gid=kCW1LVFt0GPp1b_-bkvpIA&_nc_ss=8&oh=00_AfsMKo03bjYKmPNOddkmRU6UfE5JhNn5SsViwYps724HLw&oe=69AA6841
https://instagram.fsdu8-2.fna.fbcdn.net/v/t51.82787-15/640338126_18079167788600366_2025780603638478414_n.jpg?stp=c0.420.1080.1080a_dst-jpg_e15_s1080x1080_tt6&_nc_cat=100&ig_cache_key=MzgzNzEwNTMwNzM2OTYwNDg1MjE4MDc5MTY3Nzg1NjAwMzY2.3-ccb7-5&ccb=7-5&_nc_sid=58cdad&efg=eyJ2ZW5jb2RlX3RhZyI6InhwaWRzLjEwODB4MTkyMC5zZHIuQzIifQ%3D%3D&_nc_ohc=0kYK_jXAepQQ7kNvwHHhoBQ&_nc_oc=Adnfva5SH3ZRPmuY19TDqZ0RY8GWRxeGHNrtOg-HaIFFMRBwqTEVetMpohHjlcUbK2m-nSarNAuQQnsg9u2-4wBI&_nc_ad=z-m&_nc_cid=0&_nc_zt=23&_nc_ht=instagram.fsdu8-2.fna&_nc_gid=kCW1LVFt0GPp1b_-bkvpIA&_nc_ss=8&oh=00_AfuXEPga3TgAhmFgI7BdhX6tBMDxeuQgC_2Q9eDTXW1UTQ&oe=69AA6841
https://instagram.fsdu8-2.fna.fbcdn.net/v/t51.82787-15/640338126_18079167788600366_2025780603638478414_n.jpg?stp=c0.420.1080.1080a_dst-jpg_e35_s750x750_sh0.08_tt6&_nc_cat=100&ig_cache_key=MzgzNzEwNTMwNzM2OTYwNDg1MjE4MDc5MTY3Nzg1NjAwMzY2.3-ccb7-5&ccb=7-5&_nc_sid=58cdad&efg=eyJ2ZW5jb2RlX3RhZyI6InhwaWRzLjEwODB4MTkyMC5zZHIuQzIifQ%3D%3D&_nc_ohc=0kYK_jXAepQQ7kNvwHHhoBQ&_nc_oc=Adnfva5SH3ZRPmuY19TDqZ0RY8GWRxeGHNrtOg-HaIFFMRBwqTEVetMpohHjlcUbK2m-nSarNAuQQnsg9u2-4wBI&_nc_ad=z-m&_nc_cid=0&_nc_zt=23&_nc_ht=instagram.fsdu8-2.fna&_nc_gid=kCW1LVFt0GPp1b_-bkvpIA&_nc_ss=8&oh=00_AfvdTNDh2fPP3Pxt7AZ-5UKZ2mo-cFEor8jtiW_7EpU_nQ&oe=69AA6841
https://instagram.fsdu8-2.fna.fbcdn.net/v/t51.82787-15/640338126_18079167788600366_2025780603638478414_n.jpg?stp=c0.420.1080.1080a_dst-jpg_e35_s640x640_sh0.08_tt6&_nc_cat=100&ig_cache_key=MzgzNzEwNTMwNzM2OTYwNDg1MjE4MDc5MTY3Nzg1NjAwMzY2.3-ccb7-5&ccb=7-5&_nc_sid=58cdad&efg=eyJ2ZW5jb2RlX3RhZyI6InhwaWRzLjEwODB4MTkyMC5zZHIuQzIifQ%3D%3D&_nc_ohc=0kYK_jXAepQQ7kNvwHHhoBQ&_nc_oc=Adnfva5SH3ZRPmuY19TDqZ0RY8GWRxeGHNrtOg-HaIFFMRBwqTEVetMpohHjlcUbK2m-nSarNAuQQnsg9u2-4wBI&_nc_ad=z-m&_nc_cid=0&_nc_zt=23&_nc_ht=instagram.fsdu8-2.fna&_nc_gid=kCW1LVFt0GPp1b_-bkvpIA&_nc_ss=8&oh=00_AfuN3JNh312sc4TbZqYz5JpAJSNxB201DkvJaYZqPEWq4Q&oe=69AA6841
https://instagram.fsdu8-2.fna.fbcdn.net/v/t51.82787-15/640338126_18079167788600366_2025780603638478414_n.jpg?stp=c0.420.1080.1080a_dst-jpg_e15_s480x480_tt6&_nc_cat=100&ig_cache_key=MzgzNzEwNTMwNzM2OTYwNDg1MjE4MDc5MTY3Nzg1NjAwMzY2.3-ccb7-5&ccb=7-5&_nc_sid=58cdad&efg=eyJ2ZW5jb2RlX3RhZyI6InhwaWRzLjEwODB4MTkyMC5zZHIuQzIifQ%3D%3D&_nc_ohc=0kYK_jXAepQQ7kNvwHHhoBQ&_nc_oc=Adnfva5SH3ZRPmuY19TDqZ0RY8GWRxeGHNrtOg-HaIFFMRBwqTEVetMpohHjlcUbK2m-nSarNAuQQnsg9u2-4wBI&_nc_ad=z-m&_nc_cid=0&_nc_zt=23&_nc_ht=instagram.fsdu8-2.fna&_nc_gid=kCW1LVFt0GPp1b_-bkvpIA&_nc_ss=8&oh=00_Afs8G35N53LN-gJxX6x_s1blGwJpXhR8yp0YFfoQ8FdaKQ&oe=69AA6841
https://instagram.fsdu8-2.fna.fbcdn.net/v/t51.82787-15/640338126_18079167788600366_2025780603638478414_n.jpg?stp=c0.420.1080.1080a_dst-jpg_e15_s320x320_tt6&_nc_cat=100&ig_cache_key=MzgzNzEwNTMwNzM2OTYwNDg1MjE4MDc5MTY3Nzg1NjAwMzY2.3-ccb7-5&ccb=7-5&_nc_sid=58cdad&efg=eyJ2ZW5jb2RlX3RhZyI6InhwaWRzLjEwODB4MTkyMC5zZHIuQzIifQ%3D%3D&_nc_ohc=0kYK_jXAepQQ7kNvwHHhoBQ&_nc_oc=Adnfva5SH3ZRPmuY19TDqZ0RY8GWRxeGHNrtOg-HaIFFMRBwqTEVetMpohHjlcUbK2m-nSarNAuQQnsg9u2-4wBI&_nc_ad=z-m&_nc_cid=0&_nc_zt=23&_nc_ht=instagram.fsdu8-2.fna&_nc_gid=kCW1LVFt0GPp1b_-bkvpIA&_nc_ss=8&oh=00_AfsCj_nJkiYmoX9PZkTJXu8N3hrc4BhA5WHRHR0n8Lk1qg&oe=69AA6841
https://instagram.fsdu8-2.fna.fbcdn.net/v/t51.82787-15/640338126_18079167788600366_2025780603638478414_n.jpg?stp=c0.420.1080.1080a_dst-jpg_e15_s240x240_tt6&_nc_cat=100&ig_cache_key=MzgzNzEwNTMwNzM2OTYwNDg1MjE4MDc5MTY3Nzg1NjAwMzY2.3-ccb7-5&ccb=7-5&_nc_sid=58cdad&efg=eyJ2ZW5jb2RlX3RhZyI6InhwaWRzLjEwODB4MTkyMC5zZHIuQzIifQ%3D%3D&_nc_ohc=0kYK_jXAepQQ7kNvwHHhoBQ&_nc_oc=Adnfva5SH3ZRPmuY19TDqZ0RY8GWRxeGHNrtOg-HaIFFMRBwqTEVetMpohHjlcUbK2m-nSarNAuQQnsg9u2-4wBI&_nc_ad=z-m&_nc_cid=0&_nc_zt=23&_nc_ht=instagram.fsdu8-2.fna&_nc_gid=kCW1LVFt0GPp1b_-bkvpIA&_nc_ss=8&oh=00_AftyMmCPk_ofoyihplXjXPNlpw1lo3GbVEYQqGGgJ_4ddA&oe=69AA6841
https://instagram.fsdu8-2.fna.fbcdn.net/v/t51.82787-15/640338126_18079167788600366_2025780603638478414_n.jpg?stp=c0.420.1080.1080a_dst-jpg_e15_s150x150_tt6&_nc_cat=100&ig_cache_key=MzgzNzEwNTMwNzM2OTYwNDg1MjE4MDc5MTY3Nzg1NjAwMzY2.3-ccb7-5&ccb=7-5&_nc_sid=58cdad&efg=eyJ2ZW5jb2RlX3RhZyI6InhwaWRzLjEwODB4MTkyMC5zZHIuQzIifQ%3D%3D&_nc_ohc=0kYK_jXAepQQ7kNvwHHhoBQ&_nc_oc=Adnfva5SH3ZRPmuY19TDqZ0RY8GWRxeGHNrtOg-HaIFFMRBwqTEVetMpohHjlcUbK2m-nSarNAuQQnsg9u2-4wBI&_nc_ad=z-m&_nc_cid=0&_nc_zt=23&_nc_ht=instagram.fsdu8-2.fna&_nc_gid=kCW1LVFt0GPp1b_-bkvpIA&_nc_ss=8&oh=00_AftRQ2QfjJMxKEINs5QeTHpIxWndVlzw5k-gmZEj86zCkw&oe=69AA6841",NA,NO,YES,https://instagram.fsdu8-2.fna.fbcdn.net/o1/v/t16/f2/m69/AQOxqPvsyHl6JTQmVytmx1_doOL4xMkFDgQ_chLk6kuLDh4VxsDHZlutipWcWtsSZ_Ua6lT8NTboHQm4ln5S5FGU.mp4?strext=1&_nc_cat=107&_nc_oc=AdmNmgdgzYs_EXyMaYcYC4v4NrLYENM9ebZ1ug3HyPXdKIElSWxA_Vs2fG7mONtxvNcGiu31WlBFqTjll5PJiTqF&_nc_sid=5e9851&_nc_ht=instagram.fsdu8-2.fna.fbcdn.net&_nc_ohc=j2CqCkddizcQ7kNvwHHQ8ww&efg=eyJ2ZW5jb2RlX3RhZyI6Inhwdl9wcm9ncmVzc2l2ZS5JTlNUQUdSQU0uQ0xJUFMuQzIuNzIwLmRhc2hfYmFzZWxpbmVfMV92MSIsInhwdl9hc3NldF9pZCI6MTc5NDQzODYwMDAxMTYyNjQsImFzc2V0X2FnZV9kYXlzIjo4LCJ2aV91c2VjYXNlX2lkIjoxMDA5OSwiZHVyYXRpb25fcyI6NTUsInVybGdlbl9zb3VyY2UiOiJ3d3cifQ%3D%3D&ccb=17-1&_nc_gid=kCW1LVFt0GPp1b_-bkvpIA&_nc_ss=8&_nc_zt=28&vs=2c6a61960dc6e988&_nc_vs=HBksFQIYOnBhc3N0aHJvdWdoX2V2ZXJzdG9yZS9HTnZqQkNhMWZjaEl5c0FJQUdPUXRpbFNQM0lYYnNwVEFRQUYVAALIARIAFQIYUWlnX3hwdl9wbGFjZW1lbnRfcGVybWFuZW50X3YyL0ZFNDM3MzlBODg1NjFDODZFNkFBMkZCQzFFMzRGODk3X2F1ZGlvX2Rhc2hpbml0Lm1wNBUCAsgBEgAoABgAGwKIB3VzZV9vaWwBMRJwcm9ncmVzc2l2ZV9yZWNpcGUBMRUAACbQ6P6T3pTgPxUCKAJDMiwXQEuIcrAgxJwYEmRhc2hfYmFzZWxpbmVfMV92MREAdf4HZeadAQA&oh=00_AfvOy16ny-6LoyHXZOXA1tU5jx7t2jk5daGkQtTqaHVJtQ&oe=69AA3CA5,NA,48002960365,barbacast,NA,NA,NA,NA,NA,NA,Humanização,"Enfatiza a capacidade de ser percebida como próxima, acessível e semelhante aos eleitores, especialmente em termos de estilo de vida",0,100,11.11,77.78,0,0,0,11.11,0,0
postagem_117,3836923253940503362,DU_fV7dj0NC,"Fri, 20 Feb 2026 19:49:32 GMT",2026-02-20T00:00:00Z,1771616972,"Minha total e irrestrita solidariedade ao deputado @yurimourarj. Estamos juntos irmão!

Assine o manifesto: yurimoura.com.br",NA,3661,78,https://www.instagram.com/p/DU_fV7dj0NC/,https://instagram.fsdu8-2.fna.fbcdn.net/v/t51.71878-15/639806504_2408262216316835_5517900461849432209_n.jpg?stp=dst-jpegr_e15_tt6&_nc_cat=105&ig_cache_key=MzgzNjkyMzI1Mzk0MDUwMzM2Mg%3D%3D.3-ccb7-5&ccb=7-5&_nc_sid=58cdad&efg=eyJ2ZW5jb2RlX3RhZyI6InhwaWRzLjY0MHgxMTM2Lmhkci5DMiJ9&_nc_ohc=yqc8hQ13tJoQ7kNvwFmQCuf&_nc_oc=AdlLSVCf8hvWbZ54kO6MhwJ_ntlnyslE8nLK-jNf3qISbJcg4gEqrURxKRmt16WSM_vMoZMjBWOlxM7ZPEtVSq1D&_nc_ad=z-m&_nc_cid=0&_nc_zt=23&se=-1&_nc_ht=instagram.fsdu8-2.fna&_nc_gid=kCW1LVFt0GPp1b_-bkvpIA&_nc_ss=8&oh=00_AftVqdrS_zKUHfhqWJ_S7XfrTszR0mH4Cc7P0cOBrM2jgA&oe=69AA4370,https://instagram.fsdu8-2.fna.fbcdn.net/v/t51.71878-15/639806504_2408262216316835_5517900461849432209_n.jpg?stp=dst-jpegr_e15_tt6&_nc_cat=105&ig_cache_key=MzgzNjkyMzI1Mzk0MDUwMzM2Mg%3D%3D.3-ccb7-5&ccb=7-5&_nc_sid=58cdad&efg=eyJ2ZW5jb2RlX3RhZyI6InhwaWRzLjY0MHgxMTM2Lmhkci5DMiJ9&_nc_ohc=yqc8hQ13tJoQ7kNvwFmQCuf&_nc_oc=AdlLSVCf8hvWbZ54kO6MhwJ_ntlnyslE8nLK-jNf3qISbJcg4gEqrURxKRmt16WSM_vMoZMjBWOlxM7ZPEtVSq1D&_nc_ad=z-m&_nc_cid=0&_nc_zt=23&se=-1&_nc_ht=instagram.fsdu8-2.fna&_nc_gid=kCW1LVFt0GPp1b_-bkvpIA&_nc_ss=8&oh=00_AftVqdrS_zKUHfhqWJ_S7XfrTszR0mH4Cc7P0cOBrM2jgA&oe=69AA4370,"https://instagram.fsdu8-2.fna.fbcdn.net/v/t51.71878-15/639806504_2408262216316835_5517900461849432209_n.jpg?stp=dst-jpegr_e15_tt6&_nc_cat=105&ig_cache_key=MzgzNjkyMzI1Mzk0MDUwMzM2Mg%3D%3D.3-ccb7-5&ccb=7-5&_nc_sid=58cdad&efg=eyJ2ZW5jb2RlX3RhZyI6InhwaWRzLjY0MHgxMTM2Lmhkci5DMiJ9&_nc_ohc=yqc8hQ13tJoQ7kNvwFmQCuf&_nc_oc=AdlLSVCf8hvWbZ54kO6MhwJ_ntlnyslE8nLK-jNf3qISbJcg4gEqrURxKRmt16WSM_vMoZMjBWOlxM7ZPEtVSq1D&_nc_ad=z-m&_nc_cid=0&_nc_zt=23&se=-1&_nc_ht=instagram.fsdu8-2.fna&_nc_gid=kCW1LVFt0GPp1b_-bkvpIA&_nc_ss=8&oh=00_AftVqdrS_zKUHfhqWJ_S7XfrTszR0mH4Cc7P0cOBrM2jgA&oe=69AA4370
https://instagram.fsdu8-2.fna.fbcdn.net/v/t51.71878-15/639806504_2408262216316835_5517900461849432209_n.jpg?stp=dst-jpegr_e15_p480x480_tt6&_nc_cat=105&ig_cache_key=MzgzNjkyMzI1Mzk0MDUwMzM2Mg%3D%3D.3-ccb7-5&ccb=7-5&_nc_sid=58cdad&efg=eyJ2ZW5jb2RlX3RhZyI6InhwaWRzLjY0MHgxMTM2Lmhkci5DMiJ9&_nc_ohc=yqc8hQ13tJoQ7kNvwFmQCuf&_nc_oc=AdlLSVCf8hvWbZ54kO6MhwJ_ntlnyslE8nLK-jNf3qISbJcg4gEqrURxKRmt16WSM_vMoZMjBWOlxM7ZPEtVSq1D&_nc_ad=z-m&_nc_cid=0&_nc_zt=23&se=-1&_nc_ht=instagram.fsdu8-2.fna&_nc_gid=kCW1LVFt0GPp1b_-bkvpIA&_nc_ss=8&oh=00_Aft4Q-zk2v2W2V4cdmPQfSqV3RolTla43Rmmh5g4AZpPOg&oe=69AA4370
https://instagram.fsdu8-2.fna.fbcdn.net/v/t51.71878-15/639806504_2408262216316835_5517900461849432209_n.jpg?stp=dst-jpegr_e15_p320x320_tt6&_nc_cat=105&ig_cache_key=MzgzNjkyMzI1Mzk0MDUwMzM2Mg%3D%3D.3-ccb7-5&ccb=7-5&_nc_sid=58cdad&efg=eyJ2ZW5jb2RlX3RhZyI6InhwaWRzLjY0MHgxMTM2Lmhkci5DMiJ9&_nc_ohc=yqc8hQ13tJoQ7kNvwFmQCuf&_nc_oc=AdlLSVCf8hvWbZ54kO6MhwJ_ntlnyslE8nLK-jNf3qISbJcg4gEqrURxKRmt16WSM_vMoZMjBWOlxM7ZPEtVSq1D&_nc_ad=z-m&_nc_cid=0&_nc_zt=23&se=-1&_nc_ht=instagram.fsdu8-2.fna&_nc_gid=kCW1LVFt0GPp1b_-bkvpIA&_nc_ss=8&oh=00_AfuCGggZhAYjHxkQNrJGVC0kmCFk7Xq8yIPXDQNeZur2WA&oe=69AA4370
https://instagram.fsdu8-2.fna.fbcdn.net/v/t51.71878-15/639806504_2408262216316835_5517900461849432209_n.jpg?stp=dst-jpegr_e15_p240x240_tt6&_nc_cat=105&ig_cache_key=MzgzNjkyMzI1Mzk0MDUwMzM2Mg%3D%3D.3-ccb7-5&ccb=7-5&_nc_sid=58cdad&efg=eyJ2ZW5jb2RlX3RhZyI6InhwaWRzLjY0MHgxMTM2Lmhkci5DMiJ9&_nc_ohc=yqc8hQ13tJoQ7kNvwFmQCuf&_nc_oc=AdlLSVCf8hvWbZ54kO6MhwJ_ntlnyslE8nLK-jNf3qISbJcg4gEqrURxKRmt16WSM_vMoZMjBWOlxM7ZPEtVSq1D&_nc_ad=z-m&_nc_cid=0&_nc_zt=23&se=-1&_nc_ht=instagram.fsdu8-2.fna&_nc_gid=kCW1LVFt0GPp1b_-bkvpIA&_nc_ss=8&oh=00_AfvQlK14cPxJPhAqym0doFgCk7UxghhEpb-VX-cnlAZHJw&oe=69AA4370
https://instagram.fsdu8-2.fna.fbcdn.net/v/t51.71878-15/639806504_2408262216316835_5517900461849432209_n.jpg?stp=c0.248.640.640a_dst-jpegr_e15_s640x639_tt6&_nc_cat=105&ig_cache_key=MzgzNjkyMzI1Mzk0MDUwMzM2Mg%3D%3D.3-ccb7-5&ccb=7-5&_nc_sid=58cdad&efg=eyJ2ZW5jb2RlX3RhZyI6InhwaWRzLjY0MHgxMTM2Lmhkci5DMiJ9&_nc_ohc=yqc8hQ13tJoQ7kNvwFmQCuf&_nc_oc=AdlLSVCf8hvWbZ54kO6MhwJ_ntlnyslE8nLK-jNf3qISbJcg4gEqrURxKRmt16WSM_vMoZMjBWOlxM7ZPEtVSq1D&_nc_ad=z-m&_nc_cid=0&_nc_zt=23&se=-1&_nc_ht=instagram.fsdu8-2.fna&_nc_gid=kCW1LVFt0GPp1b_-bkvpIA&_nc_ss=8&oh=00_Afsvoy1GNhCsdY0tjVCIkCLNqixkucfPpUqGNiyUS9HYBg&oe=69AA4370
https://instagram.fsdu8-2.fna.fbcdn.net/v/t51.71878-15/639806504_2408262216316835_5517900461849432209_n.jpg?stp=c0.248.640.640a_dst-jpegr_e15_s640x639_tt6&_nc_cat=105&ig_cache_key=MzgzNjkyMzI1Mzk0MDUwMzM2Mg%3D%3D.3-ccb7-5&ccb=7-5&_nc_sid=58cdad&efg=eyJ2ZW5jb2RlX3RhZyI6InhwaWRzLjY0MHgxMTM2Lmhkci5DMiJ9&_nc_ohc=yqc8hQ13tJoQ7kNvwFmQCuf&_nc_oc=AdlLSVCf8hvWbZ54kO6MhwJ_ntlnyslE8nLK-jNf3qISbJcg4gEqrURxKRmt16WSM_vMoZMjBWOlxM7ZPEtVSq1D&_nc_ad=z-m&_nc_cid=0&_nc_zt=23&se=-1&_nc_ht=instagram.fsdu8-2.fna&_nc_gid=kCW1LVFt0GPp1b_-bkvpIA&_nc_ss=8&oh=00_Afsvoy1GNhCsdY0tjVCIkCLNqixkucfPpUqGNiyUS9HYBg&oe=69AA4370
https://instagram.fsdu8-2.fna.fbcdn.net/v/t51.71878-15/639806504_2408262216316835_5517900461849432209_n.jpg?stp=c0.248.640.640a_dst-jpegr_e15_s640x639_tt6&_nc_cat=105&ig_cache_key=MzgzNjkyMzI1Mzk0MDUwMzM2Mg%3D%3D.3-ccb7-5&ccb=7-5&_nc_sid=58cdad&efg=eyJ2ZW5jb2RlX3RhZyI6InhwaWRzLjY0MHgxMTM2Lmhkci5DMiJ9&_nc_ohc=yqc8hQ13tJoQ7kNvwFmQCuf&_nc_oc=AdlLSVCf8hvWbZ54kO6MhwJ_ntlnyslE8nLK-jNf3qISbJcg4gEqrURxKRmt16WSM_vMoZMjBWOlxM7ZPEtVSq1D&_nc_ad=z-m&_nc_cid=0&_nc_zt=23&se=-1&_nc_ht=instagram.fsdu8-2.fna&_nc_gid=kCW1LVFt0GPp1b_-bkvpIA&_nc_ss=8&oh=00_Afsvoy1GNhCsdY0tjVCIkCLNqixkucfPpUqGNiyUS9HYBg&oe=69AA4370
https://instagram.fsdu8-2.fna.fbcdn.net/v/t51.71878-15/639806504_2408262216316835_5517900461849432209_n.jpg?stp=c0.248.640.640a_dst-jpegr_e15_s480x480_tt6&_nc_cat=105&ig_cache_key=MzgzNjkyMzI1Mzk0MDUwMzM2Mg%3D%3D.3-ccb7-5&ccb=7-5&_nc_sid=58cdad&efg=eyJ2ZW5jb2RlX3RhZyI6InhwaWRzLjY0MHgxMTM2Lmhkci5DMiJ9&_nc_ohc=yqc8hQ13tJoQ7kNvwFmQCuf&_nc_oc=AdlLSVCf8hvWbZ54kO6MhwJ_ntlnyslE8nLK-jNf3qISbJcg4gEqrURxKRmt16WSM_vMoZMjBWOlxM7ZPEtVSq1D&_nc_ad=z-m&_nc_cid=0&_nc_zt=23&se=-1&_nc_ht=instagram.fsdu8-2.fna&_nc_gid=kCW1LVFt0GPp1b_-bkvpIA&_nc_ss=8&oh=00_AftXYNtEQuZ4rwK4sG_flUfdJqgbiRTUxCVN5IQoGVD3xQ&oe=69AA4370
https://instagram.fsdu8-2.fna.fbcdn.net/v/t51.71878-15/639806504_2408262216316835_5517900461849432209_n.jpg?stp=c0.248.640.640a_dst-jpegr_e15_s320x320_tt6&_nc_cat=105&ig_cache_key=MzgzNjkyMzI1Mzk0MDUwMzM2Mg%3D%3D.3-ccb7-5&ccb=7-5&_nc_sid=58cdad&efg=eyJ2ZW5jb2RlX3RhZyI6InhwaWRzLjY0MHgxMTM2Lmhkci5DMiJ9&_nc_ohc=yqc8hQ13tJoQ7kNvwFmQCuf&_nc_oc=AdlLSVCf8hvWbZ54kO6MhwJ_ntlnyslE8nLK-jNf3qISbJcg4gEqrURxKRmt16WSM_vMoZMjBWOlxM7ZPEtVSq1D&_nc_ad=z-m&_nc_cid=0&_nc_zt=23&se=-1&_nc_ht=instagram.fsdu8-2.fna&_nc_gid=kCW1LVFt0GPp1b_-bkvpIA&_nc_ss=8&oh=00_Afvo3AOBm5DiPTs-ilmNEef0tOKfgWv-63G9L3kxLqINBw&oe=69AA4370
https://instagram.fsdu8-2.fna.fbcdn.net/v/t51.71878-15/639806504_2408262216316835_5517900461849432209_n.jpg?stp=c0.248.640.640a_dst-jpegr_e15_s240x240_tt6&_nc_cat=105&ig_cache_key=MzgzNjkyMzI1Mzk0MDUwMzM2Mg%3D%3D.3-ccb7-5&ccb=7-5&_nc_sid=58cdad&efg=eyJ2ZW5jb2RlX3RhZyI6InhwaWRzLjY0MHgxMTM2Lmhkci5DMiJ9&_nc_ohc=yqc8hQ13tJoQ7kNvwFmQCuf&_nc_oc=AdlLSVCf8hvWbZ54kO6MhwJ_ntlnyslE8nLK-jNf3qISbJcg4gEqrURxKRmt16WSM_vMoZMjBWOlxM7ZPEtVSq1D&_nc_ad=z-m&_nc_cid=0&_nc_zt=23&se=-1&_nc_ht=instagram.fsdu8-2.fna&_nc_gid=kCW1LVFt0GPp1b_-bkvpIA&_nc_ss=8&oh=00_AfteXGKQHz7PTMvvjHl4wVVLGbpct7A45DaQqQAbyU84Vw&oe=69AA4370
https://instagram.fsdu8-2.fna.fbcdn.net/v/t51.71878-15/639806504_2408262216316835_5517900461849432209_n.jpg?stp=c0.248.640.640a_dst-jpegr_e15_s150x150_tt6&_nc_cat=105&ig_cache_key=MzgzNjkyMzI1Mzk0MDUwMzM2Mg%3D%3D.3-ccb7-5&ccb=7-5&_nc_sid=58cdad&efg=eyJ2ZW5jb2RlX3RhZyI6InhwaWRzLjY0MHgxMTM2Lmhkci5DMiJ9&_nc_ohc=yqc8hQ13tJoQ7kNvwFmQCuf&_nc_oc=AdlLSVCf8hvWbZ54kO6MhwJ_ntlnyslE8nLK-jNf3qISbJcg4gEqrURxKRmt16WSM_vMoZMjBWOlxM7ZPEtVSq1D&_nc_ad=z-m&_nc_cid=0&_nc_zt=23&se=-1&_nc_ht=instagram.fsdu8-2.fna&_nc_gid=kCW1LVFt0GPp1b_-bkvpIA&_nc_ss=8&oh=00_Afukbe3OBIncJOsF9KuG13DPeyX3l5uQQSdhQfR9Rm7r4A&oe=69AA4370",NA,NO,YES,https://instagram.fsdu8-2.fna.fbcdn.net/o1/v/t16/f2/m69/AQMGba7yTIhbvwyRqakaEl5AIXxp7EFZ8b5OLpeneuCnit_7BHaXUoDCpZaJrYHumX6tBJOjkJNYUkh_R-_3ryGR.mp4?strext=1&_nc_cat=103&_nc_oc=Adk58SpgdJgPOfGeXJEc_SqDJ_BSRlFHxLcjKYdVybDAVUDTIIs-Q_iCkn5NHUCS6-7WuNbjpIu7YbcbQln2zdYC&_nc_sid=5e9851&_nc_ht=instagram.fsdu8-2.fna.fbcdn.net&_nc_ohc=dChQe7djs9EQ7kNvwHfLOqr&efg=eyJ2ZW5jb2RlX3RhZyI6Inhwdl9wcm9ncmVzc2l2ZS5JTlNUQUdSQU0uQ0xJUFMuQzIuNzIwLmRhc2hfYmFzZWxpbmVfMV92MSIsInhwdl9hc3NldF9pZCI6MTc5NDM0NDU4MjQxMjg1MDgsImFzc2V0X2FnZV9kYXlzIjo4LCJ2aV91c2VjYXNlX2lkIjoxMDA5OSwiZHVyYXRpb25fcyI6NjIsInVybGdlbl9zb3VyY2UiOiJ3d3cifQ%3D%3D&ccb=17-1&_nc_gid=kCW1LVFt0GPp1b_-bkvpIA&_nc_ss=8&_nc_zt=28&vs=cc1c742ae0cccb59&_nc_vs=HBksFQIYOnBhc3N0aHJvdWdoX2V2ZXJzdG9yZS9HSnJGRFNaUXhIeFk3cm9DQU9DLVkwNWJFdzR1YnNwVEFRQUYVAALIARIAFQIYUWlnX3hwdl9wbGFjZW1lbnRfcGVybWFuZW50X3YyL0RDNEQyQjMzNUIxNTBBN0Q1RTkzNDhCNEVFNDk4NTk5X2F1ZGlvX2Rhc2hpbml0Lm1wNBUCAsgBEgAoABgAGwKIB3VzZV9vaWwBMRJwcm9ncmVzc2l2ZV9yZWNpcGUBMRUAACb4l6amgd7fPxUCKAJDMiwXQE97peNT988YEmRhc2hfYmFzZWxpbmVfMV92MREAdf4HZeadAQA&oh=00_AfvP6VwyU9kWI8iY1nXcpIvnr3uoxachMONstpgzdBWluw&oe=69AA4C61,NA,3194347257,eliasmkjabbour,NA,NA,NA,NA,NA,NA,Humanização,"Enfatiza a capacidade de ser percebida como próxima, acessível e semelhante aos eleitores, especialmente em termos de estilo de vida",31.25,68.75,78.57,7.14,0,0,7.14,0,0,7.14
postagem_116,3836832834183422155,DU_KyJgDuDL,"Fri, 20 Feb 2026 16:50:50 GMT",2026-02-20T00:00:00Z,1771606250,"Nazismo e comunismo são ideologias semelhantes? A história nos mostra outra coisa!

Assista completo no canal do @barbacast.",NA,38115,1898,https://www.instagram.com/p/DU_KyJgDuDL/,https://instagram.fsdu8-1.fna.fbcdn.net/v/t51.71878-15/637140624_1179589127355606_100561392992117726_n.jpg?stp=dst-jpg_e15_tt6&_nc_cat=101&ig_cache_key=MzgzNjgzMjgzNDE4MzQyMjE1NQ%3D%3D.3-ccb7-5&ccb=7-5&_nc_sid=58cdad&efg=eyJ2ZW5jb2RlX3RhZyI6InhwaWRzLjY0MHgxMTM2LnNkci5DMiJ9&_nc_ohc=7YHmA9MUozcQ7kNvwExsEuP&_nc_oc=AdkEZz8JJvbIMDaIfMJGQdlo239RmxwQMZnLz7baqnbZW1bwGNjHMZf0CpuZlR0CYrm1Ztik_cAfVrIXwpOpgyZm&_nc_ad=z-m&_nc_cid=0&_nc_zt=23&_nc_ht=instagram.fsdu8-1.fna&_nc_gid=kCW1LVFt0GPp1b_-bkvpIA&_nc_ss=8&oh=00_AfsWlgaqdRbmJI_0HkURQu-2TFdm-xfcgqniqPm6npF7eQ&oe=69AA4F07,https://instagram.fsdu8-1.fna.fbcdn.net/v/t51.71878-15/637140624_1179589127355606_100561392992117726_n.jpg?stp=dst-jpg_e15_tt6&_nc_cat=101&ig_cache_key=MzgzNjgzMjgzNDE4MzQyMjE1NQ%3D%3D.3-ccb7-5&ccb=7-5&_nc_sid=58cdad&efg=eyJ2ZW5jb2RlX3RhZyI6InhwaWRzLjY0MHgxMTM2LnNkci5DMiJ9&_nc_ohc=7YHmA9MUozcQ7kNvwExsEuP&_nc_oc=AdkEZz8JJvbIMDaIfMJGQdlo239RmxwQMZnLz7baqnbZW1bwGNjHMZf0CpuZlR0CYrm1Ztik_cAfVrIXwpOpgyZm&_nc_ad=z-m&_nc_cid=0&_nc_zt=23&_nc_ht=instagram.fsdu8-1.fna&_nc_gid=kCW1LVFt0GPp1b_-bkvpIA&_nc_ss=8&oh=00_AfsWlgaqdRbmJI_0HkURQu-2TFdm-xfcgqniqPm6npF7eQ&oe=69AA4F07,"https://instagram.fsdu8-1.fna.fbcdn.net/v/t51.71878-15/637140624_1179589127355606_100561392992117726_n.jpg?stp=dst-jpg_e15_tt6&_nc_cat=101&ig_cache_key=MzgzNjgzMjgzNDE4MzQyMjE1NQ%3D%3D.3-ccb7-5&ccb=7-5&_nc_sid=58cdad&efg=eyJ2ZW5jb2RlX3RhZyI6InhwaWRzLjY0MHgxMTM2LnNkci5DMiJ9&_nc_ohc=7YHmA9MUozcQ7kNvwExsEuP&_nc_oc=AdkEZz8JJvbIMDaIfMJGQdlo239RmxwQMZnLz7baqnbZW1bwGNjHMZf0CpuZlR0CYrm1Ztik_cAfVrIXwpOpgyZm&_nc_ad=z-m&_nc_cid=0&_nc_zt=23&_nc_ht=instagram.fsdu8-1.fna&_nc_gid=kCW1LVFt0GPp1b_-bkvpIA&_nc_ss=8&oh=00_AfsWlgaqdRbmJI_0HkURQu-2TFdm-xfcgqniqPm6npF7eQ&oe=69AA4F07
https://instagram.fsdu8-1.fna.fbcdn.net/v/t51.71878-15/637140624_1179589127355606_100561392992117726_n.jpg?stp=dst-jpg_e15_p480x480_tt6&_nc_cat=101&ig_cache_key=MzgzNjgzMjgzNDE4MzQyMjE1NQ%3D%3D.3-ccb7-5&ccb=7-5&_nc_sid=58cdad&efg=eyJ2ZW5jb2RlX3RhZyI6InhwaWRzLjY0MHgxMTM2LnNkci5DMiJ9&_nc_ohc=7YHmA9MUozcQ7kNvwExsEuP&_nc_oc=AdkEZz8JJvbIMDaIfMJGQdlo239RmxwQMZnLz7baqnbZW1bwGNjHMZf0CpuZlR0CYrm1Ztik_cAfVrIXwpOpgyZm&_nc_ad=z-m&_nc_cid=0&_nc_zt=23&_nc_ht=instagram.fsdu8-1.fna&_nc_gid=kCW1LVFt0GPp1b_-bkvpIA&_nc_ss=8&oh=00_AfsLmPaqNg6Vcop0ME95pUgc4DA7yd4HiWFkXs_d-UTmBw&oe=69AA4F07
https://instagram.fsdu8-1.fna.fbcdn.net/v/t51.71878-15/637140624_1179589127355606_100561392992117726_n.jpg?stp=dst-jpg_e15_p320x320_tt6&_nc_cat=101&ig_cache_key=MzgzNjgzMjgzNDE4MzQyMjE1NQ%3D%3D.3-ccb7-5&ccb=7-5&_nc_sid=58cdad&efg=eyJ2ZW5jb2RlX3RhZyI6InhwaWRzLjY0MHgxMTM2LnNkci5DMiJ9&_nc_ohc=7YHmA9MUozcQ7kNvwExsEuP&_nc_oc=AdkEZz8JJvbIMDaIfMJGQdlo239RmxwQMZnLz7baqnbZW1bwGNjHMZf0CpuZlR0CYrm1Ztik_cAfVrIXwpOpgyZm&_nc_ad=z-m&_nc_cid=0&_nc_zt=23&_nc_ht=instagram.fsdu8-1.fna&_nc_gid=kCW1LVFt0GPp1b_-bkvpIA&_nc_ss=8&oh=00_AfuiWH-_hX91yg9rLlobbKVx3dhtNV_L7qvWeb9faXingw&oe=69AA4F07
https://instagram.fsdu8-1.fna.fbcdn.net/v/t51.71878-15/637140624_1179589127355606_100561392992117726_n.jpg?stp=dst-jpg_e15_p240x240_tt6&_nc_cat=101&ig_cache_key=MzgzNjgzMjgzNDE4MzQyMjE1NQ%3D%3D.3-ccb7-5&ccb=7-5&_nc_sid=58cdad&efg=eyJ2ZW5jb2RlX3RhZyI6InhwaWRzLjY0MHgxMTM2LnNkci5DMiJ9&_nc_ohc=7YHmA9MUozcQ7kNvwExsEuP&_nc_oc=AdkEZz8JJvbIMDaIfMJGQdlo239RmxwQMZnLz7baqnbZW1bwGNjHMZf0CpuZlR0CYrm1Ztik_cAfVrIXwpOpgyZm&_nc_ad=z-m&_nc_cid=0&_nc_zt=23&_nc_ht=instagram.fsdu8-1.fna&_nc_gid=kCW1LVFt0GPp1b_-bkvpIA&_nc_ss=8&oh=00_AftZVDXD5uYvhoAkT09_S9kL8YdvMNx9AcO5LjQtDo4rFw&oe=69AA4F07
https://instagram.fsdu8-1.fna.fbcdn.net/v/t51.71878-15/637140624_1179589127355606_100561392992117726_n.jpg?stp=c0.248.640.640a_dst-jpg_e15_s640x639_tt6&_nc_cat=101&ig_cache_key=MzgzNjgzMjgzNDE4MzQyMjE1NQ%3D%3D.3-ccb7-5&ccb=7-5&_nc_sid=58cdad&efg=eyJ2ZW5jb2RlX3RhZyI6InhwaWRzLjY0MHgxMTM2LnNkci5DMiJ9&_nc_ohc=7YHmA9MUozcQ7kNvwExsEuP&_nc_oc=AdkEZz8JJvbIMDaIfMJGQdlo239RmxwQMZnLz7baqnbZW1bwGNjHMZf0CpuZlR0CYrm1Ztik_cAfVrIXwpOpgyZm&_nc_ad=z-m&_nc_cid=0&_nc_zt=23&_nc_ht=instagram.fsdu8-1.fna&_nc_gid=kCW1LVFt0GPp1b_-bkvpIA&_nc_ss=8&oh=00_AfuM8SCpaKBVEHR9TNGM-3hsJXUMEKjTX4X9dvVFhiG5RQ&oe=69AA4F07
https://instagram.fsdu8-1.fna.fbcdn.net/v/t51.71878-15/637140624_1179589127355606_100561392992117726_n.jpg?stp=c0.248.640.640a_dst-jpg_e15_s640x639_tt6&_nc_cat=101&ig_cache_key=MzgzNjgzMjgzNDE4MzQyMjE1NQ%3D%3D.3-ccb7-5&ccb=7-5&_nc_sid=58cdad&efg=eyJ2ZW5jb2RlX3RhZyI6InhwaWRzLjY0MHgxMTM2LnNkci5DMiJ9&_nc_ohc=7YHmA9MUozcQ7kNvwExsEuP&_nc_oc=AdkEZz8JJvbIMDaIfMJGQdlo239RmxwQMZnLz7baqnbZW1bwGNjHMZf0CpuZlR0CYrm1Ztik_cAfVrIXwpOpgyZm&_nc_ad=z-m&_nc_cid=0&_nc_zt=23&_nc_ht=instagram.fsdu8-1.fna&_nc_gid=kCW1LVFt0GPp1b_-bkvpIA&_nc_ss=8&oh=00_AfuM8SCpaKBVEHR9TNGM-3hsJXUMEKjTX4X9dvVFhiG5RQ&oe=69AA4F07
https://instagram.fsdu8-1.fna.fbcdn.net/v/t51.71878-15/637140624_1179589127355606_100561392992117726_n.jpg?stp=c0.248.640.640a_dst-jpg_e15_s640x639_tt6&_nc_cat=101&ig_cache_key=MzgzNjgzMjgzNDE4MzQyMjE1NQ%3D%3D.3-ccb7-5&ccb=7-5&_nc_sid=58cdad&efg=eyJ2ZW5jb2RlX3RhZyI6InhwaWRzLjY0MHgxMTM2LnNkci5DMiJ9&_nc_ohc=7YHmA9MUozcQ7kNvwExsEuP&_nc_oc=AdkEZz8JJvbIMDaIfMJGQdlo239RmxwQMZnLz7baqnbZW1bwGNjHMZf0CpuZlR0CYrm1Ztik_cAfVrIXwpOpgyZm&_nc_ad=z-m&_nc_cid=0&_nc_zt=23&_nc_ht=instagram.fsdu8-1.fna&_nc_gid=kCW1LVFt0GPp1b_-bkvpIA&_nc_ss=8&oh=00_AfuM8SCpaKBVEHR9TNGM-3hsJXUMEKjTX4X9dvVFhiG5RQ&oe=69AA4F07
https://instagram.fsdu8-1.fna.fbcdn.net/v/t51.71878-15/637140624_1179589127355606_100561392992117726_n.jpg?stp=c0.248.640.640a_dst-jpg_e15_s480x480_tt6&_nc_cat=101&ig_cache_key=MzgzNjgzMjgzNDE4MzQyMjE1NQ%3D%3D.3-ccb7-5&ccb=7-5&_nc_sid=58cdad&efg=eyJ2ZW5jb2RlX3RhZyI6InhwaWRzLjY0MHgxMTM2LnNkci5DMiJ9&_nc_ohc=7YHmA9MUozcQ7kNvwExsEuP&_nc_oc=AdkEZz8JJvbIMDaIfMJGQdlo239RmxwQMZnLz7baqnbZW1bwGNjHMZf0CpuZlR0CYrm1Ztik_cAfVrIXwpOpgyZm&_nc_ad=z-m&_nc_cid=0&_nc_zt=23&_nc_ht=instagram.fsdu8-1.fna&_nc_gid=kCW1LVFt0GPp1b_-bkvpIA&_nc_ss=8&oh=00_AfvsJ8em41PcFyW2U5Se813A4LPhZg27NdCFS_EfMO44xQ&oe=69AA4F07
https://instagram.fsdu8-1.fna.fbcdn.net/v/t51.71878-15/637140624_1179589127355606_100561392992117726_n.jpg?stp=c0.248.640.640a_dst-jpg_e15_s320x320_tt6&_nc_cat=101&ig_cache_key=MzgzNjgzMjgzNDE4MzQyMjE1NQ%3D%3D.3-ccb7-5&ccb=7-5&_nc_sid=58cdad&efg=eyJ2ZW5jb2RlX3RhZyI6InhwaWRzLjY0MHgxMTM2LnNkci5DMiJ9&_nc_ohc=7YHmA9MUozcQ7kNvwExsEuP&_nc_oc=AdkEZz8JJvbIMDaIfMJGQdlo239RmxwQMZnLz7baqnbZW1bwGNjHMZf0CpuZlR0CYrm1Ztik_cAfVrIXwpOpgyZm&_nc_ad=z-m&_nc_cid=0&_nc_zt=23&_nc_ht=instagram.fsdu8-1.fna&_nc_gid=kCW1LVFt0GPp1b_-bkvpIA&_nc_ss=8&oh=00_AfuE-NptcdlUpMBXGW1I6RbKey832qnF__pXTCpRB9DDvQ&oe=69AA4F07
https://instagram.fsdu8-1.fna.fbcdn.net/v/t51.71878-15/637140624_1179589127355606_100561392992117726_n.jpg?stp=c0.248.640.640a_dst-jpg_e15_s240x240_tt6&_nc_cat=101&ig_cache_key=MzgzNjgzMjgzNDE4MzQyMjE1NQ%3D%3D.3-ccb7-5&ccb=7-5&_nc_sid=58cdad&efg=eyJ2ZW5jb2RlX3RhZyI6InhwaWRzLjY0MHgxMTM2LnNkci5DMiJ9&_nc_ohc=7YHmA9MUozcQ7kNvwExsEuP&_nc_oc=AdkEZz8JJvbIMDaIfMJGQdlo239RmxwQMZnLz7baqnbZW1bwGNjHMZf0CpuZlR0CYrm1Ztik_cAfVrIXwpOpgyZm&_nc_ad=z-m&_nc_cid=0&_nc_zt=23&_nc_ht=instagram.fsdu8-1.fna&_nc_gid=kCW1LVFt0GPp1b_-bkvpIA&_nc_ss=8&oh=00_AfuAdczdQtKI1NGQHNOxQ27R8WRcw-_SvI_GM1a08fZRFQ&oe=69AA4F07
https://instagram.fsdu8-1.fna.fbcdn.net/v/t51.71878-15/637140624_1179589127355606_100561392992117726_n.jpg?stp=c0.248.640.640a_dst-jpg_e15_s150x150_tt6&_nc_cat=101&ig_cache_key=MzgzNjgzMjgzNDE4MzQyMjE1NQ%3D%3D.3-ccb7-5&ccb=7-5&_nc_sid=58cdad&efg=eyJ2ZW5jb2RlX3RhZyI6InhwaWRzLjY0MHgxMTM2LnNkci5DMiJ9&_nc_ohc=7YHmA9MUozcQ7kNvwExsEuP&_nc_oc=AdkEZz8JJvbIMDaIfMJGQdlo239RmxwQMZnLz7baqnbZW1bwGNjHMZf0CpuZlR0CYrm1Ztik_cAfVrIXwpOpgyZm&_nc_ad=z-m&_nc_cid=0&_nc_zt=23&_nc_ht=instagram.fsdu8-1.fna&_nc_gid=kCW1LVFt0GPp1b_-bkvpIA&_nc_ss=8&oh=00_AfsBk0ijf5KAQymoH7AyoT3cOZNKuLMzAo9vVV5a-pvpcg&oe=69AA4F07",NA,NO,YES,https://instagram.fsdu8-2.fna.fbcdn.net/o1/v/t16/f2/m69/AQMvBAf-2S5ytH92qcDUA9EPw3EdiTG9gO0LJ---WWM9-lMoWTkyLKd_ZC7NF_RHp7BnCuJWDrKASu1j6Ls5EmqB.mp4?strext=1&_nc_cat=109&_nc_oc=AdlGJnd5XZH1hCVUerg-W7GBuV4PmnTf-vpfWosO5ltfaE765Qyd84_3OaALbJN74eZjtA35Ou1WAar9Q7IU2s6B&_nc_sid=5e9851&_nc_ht=instagram.fsdu8-2.fna.fbcdn.net&_nc_ohc=KsCT7VFg44EQ7kNvwGZ2fhg&efg=eyJ2ZW5jb2RlX3RhZyI6Inhwdl9wcm9ncmVzc2l2ZS5JTlNUQUdSQU0uQ0xJUFMuQzIuNzIwLmRhc2hfYmFzZWxpbmVfMV92MSIsInhwdl9hc3NldF9pZCI6MTc5NDM0Mjg2NzYxMjg1MDgsImFzc2V0X2FnZV9kYXlzIjo5LCJ2aV91c2VjYXNlX2lkIjoxMDA5OSwiZHVyYXRpb25fcyI6ODEsInVybGdlbl9zb3VyY2UiOiJ3d3cifQ%3D%3D&ccb=17-1&_nc_gid=kCW1LVFt0GPp1b_-bkvpIA&_nc_ss=8&_nc_zt=28&vs=9e035683d0ff7525&_nc_vs=HBksFQIYOnBhc3N0aHJvdWdoX2V2ZXJzdG9yZS9HREJsRFNaM0N1UFJ5aDBNQUtFQU5lN1FNWGRZYnNwVEFRQUYVAALIARIAFQIYUWlnX3hwdl9wbGFjZW1lbnRfcGVybWFuZW50X3YyL0JCNDkzN0FDRENGQTlCNkE2M0REOTE3MUUyMkQ3RjkxX2F1ZGlvX2Rhc2hpbml0Lm1wNBUCAsgBEgAoABgAGwKIB3VzZV9vaWwBMRJwcm9ncmVzc2l2ZV9yZWNpcGUBMRUAACb4u9jEgd3fPxUCKAJDMiwXQFRbtkWhysEYEmRhc2hfYmFzZWxpbmVfMV92MREAdf4HZeadAQA&oh=00_AfufOBg9F8QioP4EgYLTJqVP890cn6zUEDoPee8r2bESVA&oe=69AA4BA3,NA,3194347257,eliasmkjabbour,NA,Rio de Janeiro,NA,NA,-22908.0,-431975.0,Autoridade,"Expressa ser detentora de habilidades, posicionando-se como melhor do que os eleitores em determinados domínios.",93.33,6.67,12.5,12.5,0,6.25,0,0,0,68.75
postagem_114,3836648841701948288,DU-g8tJjvuA,"Fri, 20 Feb 2026 10:45:45 GMT",2026-02-20T00:00:00Z,1771584345,"A China é uma ditadura?

Quer se aprofundar nesse assunto? Meu novo livro ""Poder e socialismo: governança, classes, ciência e projetamento na China"" já está em pré-venda na Amazon e em todas as livrarias do Brasil.",NA,30349,1268,https://www.instagram.com/p/DU-g8tJjvuA/,https://instagram.fsdu8-1.fna.fbcdn.net/v/t51.71878-15/637716625_728761970167742_2490073834644421503_n.jpg?stp=dst-jpg_e15_tt6&_nc_cat=110&ig_cache_key=MzgzNjY0ODg0MTcwMTk0ODI4OA%3D%3D.3-ccb7-5&ccb=7-5&_nc_sid=58cdad&efg=eyJ2ZW5jb2RlX3RhZyI6InhwaWRzLjY0MHgxMTM2LnNkci5DMiJ9&_nc_ohc=Zp_WW23ljWQQ7kNvwH2FwMK&_nc_oc=Adl_psfaWhTfhL7u66PM5ClbdspsoenYjzNYUqPKJFxRlkEMNcnLh01qNj1Y3OEJ_ET3ljNL41YdG59F0iKB37TZ&_nc_ad=z-m&_nc_cid=0&_nc_zt=23&_nc_ht=instagram.fsdu8-1.fna&_nc_gid=kCW1LVFt0GPp1b_-bkvpIA&_nc_ss=8&oh=00_Aft2YKlVSD_g_4GbBoBdapZoe8ds3mjWPZd5G-SSrPaOQw&oe=69AA696A,https://instagram.fsdu8-1.fna.fbcdn.net/v/t51.71878-15/637716625_728761970167742_2490073834644421503_n.jpg?stp=dst-jpg_e15_tt6&_nc_cat=110&ig_cache_key=MzgzNjY0ODg0MTcwMTk0ODI4OA%3D%3D.3-ccb7-5&ccb=7-5&_nc_sid=58cdad&efg=eyJ2ZW5jb2RlX3RhZyI6InhwaWRzLjY0MHgxMTM2LnNkci5DMiJ9&_nc_ohc=Zp_WW23ljWQQ7kNvwH2FwMK&_nc_oc=Adl_psfaWhTfhL7u66PM5ClbdspsoenYjzNYUqPKJFxRlkEMNcnLh01qNj1Y3OEJ_ET3ljNL41YdG59F0iKB37TZ&_nc_ad=z-m&_nc_cid=0&_nc_zt=23&_nc_ht=instagram.fsdu8-1.fna&_nc_gid=kCW1LVFt0GPp1b_-bkvpIA&_nc_ss=8&oh=00_Aft2YKlVSD_g_4GbBoBdapZoe8ds3mjWPZd5G-SSrPaOQw&oe=69AA696A,"https://instagram.fsdu8-1.fna.fbcdn.net/v/t51.71878-15/637716625_728761970167742_2490073834644421503_n.jpg?stp=dst-jpg_e15_tt6&_nc_cat=110&ig_cache_key=MzgzNjY0ODg0MTcwMTk0ODI4OA%3D%3D.3-ccb7-5&ccb=7-5&_nc_sid=58cdad&efg=eyJ2ZW5jb2RlX3RhZyI6InhwaWRzLjY0MHgxMTM2LnNkci5DMiJ9&_nc_ohc=Zp_WW23ljWQQ7kNvwH2FwMK&_nc_oc=Adl_psfaWhTfhL7u66PM5ClbdspsoenYjzNYUqPKJFxRlkEMNcnLh01qNj1Y3OEJ_ET3ljNL41YdG59F0iKB37TZ&_nc_ad=z-m&_nc_cid=0&_nc_zt=23&_nc_ht=instagram.fsdu8-1.fna&_nc_gid=kCW1LVFt0GPp1b_-bkvpIA&_nc_ss=8&oh=00_Aft2YKlVSD_g_4GbBoBdapZoe8ds3mjWPZd5G-SSrPaOQw&oe=69AA696A
https://instagram.fsdu8-1.fna.fbcdn.net/v/t51.71878-15/637716625_728761970167742_2490073834644421503_n.jpg?stp=dst-jpg_e15_p480x480_tt6&_nc_cat=110&ig_cache_key=MzgzNjY0ODg0MTcwMTk0ODI4OA%3D%3D.3-ccb7-5&ccb=7-5&_nc_sid=58cdad&efg=eyJ2ZW5jb2RlX3RhZyI6InhwaWRzLjY0MHgxMTM2LnNkci5DMiJ9&_nc_ohc=Zp_WW23ljWQQ7kNvwH2FwMK&_nc_oc=Adl_psfaWhTfhL7u66PM5ClbdspsoenYjzNYUqPKJFxRlkEMNcnLh01qNj1Y3OEJ_ET3ljNL41YdG59F0iKB37TZ&_nc_ad=z-m&_nc_cid=0&_nc_zt=23&_nc_ht=instagram.fsdu8-1.fna&_nc_gid=kCW1LVFt0GPp1b_-bkvpIA&_nc_ss=8&oh=00_AfutPKkcRntBswdpcMR30jx9NhPJ52UP4sIOTgWLj3Owkw&oe=69AA696A
https://instagram.fsdu8-1.fna.fbcdn.net/v/t51.71878-15/637716625_728761970167742_2490073834644421503_n.jpg?stp=dst-jpg_e15_p320x320_tt6&_nc_cat=110&ig_cache_key=MzgzNjY0ODg0MTcwMTk0ODI4OA%3D%3D.3-ccb7-5&ccb=7-5&_nc_sid=58cdad&efg=eyJ2ZW5jb2RlX3RhZyI6InhwaWRzLjY0MHgxMTM2LnNkci5DMiJ9&_nc_ohc=Zp_WW23ljWQQ7kNvwH2FwMK&_nc_oc=Adl_psfaWhTfhL7u66PM5ClbdspsoenYjzNYUqPKJFxRlkEMNcnLh01qNj1Y3OEJ_ET3ljNL41YdG59F0iKB37TZ&_nc_ad=z-m&_nc_cid=0&_nc_zt=23&_nc_ht=instagram.fsdu8-1.fna&_nc_gid=kCW1LVFt0GPp1b_-bkvpIA&_nc_ss=8&oh=00_AfuOwOPlosr1WaNCNRPmo2R_V7WV-J1VM_9Cp-IRjdD_qg&oe=69AA696A
https://instagram.fsdu8-1.fna.fbcdn.net/v/t51.71878-15/637716625_728761970167742_2490073834644421503_n.jpg?stp=dst-jpg_e15_p240x240_tt6&_nc_cat=110&ig_cache_key=MzgzNjY0ODg0MTcwMTk0ODI4OA%3D%3D.3-ccb7-5&ccb=7-5&_nc_sid=58cdad&efg=eyJ2ZW5jb2RlX3RhZyI6InhwaWRzLjY0MHgxMTM2LnNkci5DMiJ9&_nc_ohc=Zp_WW23ljWQQ7kNvwH2FwMK&_nc_oc=Adl_psfaWhTfhL7u66PM5ClbdspsoenYjzNYUqPKJFxRlkEMNcnLh01qNj1Y3OEJ_ET3ljNL41YdG59F0iKB37TZ&_nc_ad=z-m&_nc_cid=0&_nc_zt=23&_nc_ht=instagram.fsdu8-1.fna&_nc_gid=kCW1LVFt0GPp1b_-bkvpIA&_nc_ss=8&oh=00_AfsrEMWXAd-oKxJ74UK1mBtbHhuAZpajxbuf1Xd3E9RsSQ&oe=69AA696A
https://instagram.fsdu8-1.fna.fbcdn.net/v/t51.71878-15/637716625_728761970167742_2490073834644421503_n.jpg?stp=c0.248.640.640a_dst-jpg_e15_s640x639_tt6&_nc_cat=110&ig_cache_key=MzgzNjY0ODg0MTcwMTk0ODI4OA%3D%3D.3-ccb7-5&ccb=7-5&_nc_sid=58cdad&efg=eyJ2ZW5jb2RlX3RhZyI6InhwaWRzLjY0MHgxMTM2LnNkci5DMiJ9&_nc_ohc=Zp_WW23ljWQQ7kNvwH2FwMK&_nc_oc=Adl_psfaWhTfhL7u66PM5ClbdspsoenYjzNYUqPKJFxRlkEMNcnLh01qNj1Y3OEJ_ET3ljNL41YdG59F0iKB37TZ&_nc_ad=z-m&_nc_cid=0&_nc_zt=23&_nc_ht=instagram.fsdu8-1.fna&_nc_gid=kCW1LVFt0GPp1b_-bkvpIA&_nc_ss=8&oh=00_AfsHeamM4GnGxHDiUdqJIQMTEVD-lpETzkIHO0FPCv5nbg&oe=69AA696A
https://instagram.fsdu8-1.fna.fbcdn.net/v/t51.71878-15/637716625_728761970167742_2490073834644421503_n.jpg?stp=c0.248.640.640a_dst-jpg_e15_s640x639_tt6&_nc_cat=110&ig_cache_key=MzgzNjY0ODg0MTcwMTk0ODI4OA%3D%3D.3-ccb7-5&ccb=7-5&_nc_sid=58cdad&efg=eyJ2ZW5jb2RlX3RhZyI6InhwaWRzLjY0MHgxMTM2LnNkci5DMiJ9&_nc_ohc=Zp_WW23ljWQQ7kNvwH2FwMK&_nc_oc=Adl_psfaWhTfhL7u66PM5ClbdspsoenYjzNYUqPKJFxRlkEMNcnLh01qNj1Y3OEJ_ET3ljNL41YdG59F0iKB37TZ&_nc_ad=z-m&_nc_cid=0&_nc_zt=23&_nc_ht=instagram.fsdu8-1.fna&_nc_gid=kCW1LVFt0GPp1b_-bkvpIA&_nc_ss=8&oh=00_AfsHeamM4GnGxHDiUdqJIQMTEVD-lpETzkIHO0FPCv5nbg&oe=69AA696A
https://instagram.fsdu8-1.fna.fbcdn.net/v/t51.71878-15/637716625_728761970167742_2490073834644421503_n.jpg?stp=c0.248.640.640a_dst-jpg_e15_s640x639_tt6&_nc_cat=110&ig_cache_key=MzgzNjY0ODg0MTcwMTk0ODI4OA%3D%3D.3-ccb7-5&ccb=7-5&_nc_sid=58cdad&efg=eyJ2ZW5jb2RlX3RhZyI6InhwaWRzLjY0MHgxMTM2LnNkci5DMiJ9&_nc_ohc=Zp_WW23ljWQQ7kNvwH2FwMK&_nc_oc=Adl_psfaWhTfhL7u66PM5ClbdspsoenYjzNYUqPKJFxRlkEMNcnLh01qNj1Y3OEJ_ET3ljNL41YdG59F0iKB37TZ&_nc_ad=z-m&_nc_cid=0&_nc_zt=23&_nc_ht=instagram.fsdu8-1.fna&_nc_gid=kCW1LVFt0GPp1b_-bkvpIA&_nc_ss=8&oh=00_AfsHeamM4GnGxHDiUdqJIQMTEVD-lpETzkIHO0FPCv5nbg&oe=69AA696A
https://instagram.fsdu8-1.fna.fbcdn.net/v/t51.71878-15/637716625_728761970167742_2490073834644421503_n.jpg?stp=c0.248.640.640a_dst-jpg_e15_s480x480_tt6&_nc_cat=110&ig_cache_key=MzgzNjY0ODg0MTcwMTk0ODI4OA%3D%3D.3-ccb7-5&ccb=7-5&_nc_sid=58cdad&efg=eyJ2ZW5jb2RlX3RhZyI6InhwaWRzLjY0MHgxMTM2LnNkci5DMiJ9&_nc_ohc=Zp_WW23ljWQQ7kNvwH2FwMK&_nc_oc=Adl_psfaWhTfhL7u66PM5ClbdspsoenYjzNYUqPKJFxRlkEMNcnLh01qNj1Y3OEJ_ET3ljNL41YdG59F0iKB37TZ&_nc_ad=z-m&_nc_cid=0&_nc_zt=23&_nc_ht=instagram.fsdu8-1.fna&_nc_gid=kCW1LVFt0GPp1b_-bkvpIA&_nc_ss=8&oh=00_Afv8xPP9QHaK3WzSULNewPqn6P2tJkgjE4RY4ccV5INTkg&oe=69AA696A
https://instagram.fsdu8-1.fna.fbcdn.net/v/t51.71878-15/637716625_728761970167742_2490073834644421503_n.jpg?stp=c0.248.640.640a_dst-jpg_e15_s320x320_tt6&_nc_cat=110&ig_cache_key=MzgzNjY0ODg0MTcwMTk0ODI4OA%3D%3D.3-ccb7-5&ccb=7-5&_nc_sid=58cdad&efg=eyJ2ZW5jb2RlX3RhZyI6InhwaWRzLjY0MHgxMTM2LnNkci5DMiJ9&_nc_ohc=Zp_WW23ljWQQ7kNvwH2FwMK&_nc_oc=Adl_psfaWhTfhL7u66PM5ClbdspsoenYjzNYUqPKJFxRlkEMNcnLh01qNj1Y3OEJ_ET3ljNL41YdG59F0iKB37TZ&_nc_ad=z-m&_nc_cid=0&_nc_zt=23&_nc_ht=instagram.fsdu8-1.fna&_nc_gid=kCW1LVFt0GPp1b_-bkvpIA&_nc_ss=8&oh=00_AfsKNfpZ4t9AlOcFRPy5qRtgSyUNWfwXgKhXgodgYCB-jw&oe=69AA696A
https://instagram.fsdu8-1.fna.fbcdn.net/v/t51.71878-15/637716625_728761970167742_2490073834644421503_n.jpg?stp=c0.248.640.640a_dst-jpg_e15_s240x240_tt6&_nc_cat=110&ig_cache_key=MzgzNjY0ODg0MTcwMTk0ODI4OA%3D%3D.3-ccb7-5&ccb=7-5&_nc_sid=58cdad&efg=eyJ2ZW5jb2RlX3RhZyI6InhwaWRzLjY0MHgxMTM2LnNkci5DMiJ9&_nc_ohc=Zp_WW23ljWQQ7kNvwH2FwMK&_nc_oc=Adl_psfaWhTfhL7u66PM5ClbdspsoenYjzNYUqPKJFxRlkEMNcnLh01qNj1Y3OEJ_ET3ljNL41YdG59F0iKB37TZ&_nc_ad=z-m&_nc_cid=0&_nc_zt=23&_nc_ht=instagram.fsdu8-1.fna&_nc_gid=kCW1LVFt0GPp1b_-bkvpIA&_nc_ss=8&oh=00_AftXCRvKucOrr9ycSd02Jh6129oiwAl3reNoDxgw643URw&oe=69AA696A
https://instagram.fsdu8-1.fna.fbcdn.net/v/t51.71878-15/637716625_728761970167742_2490073834644421503_n.jpg?stp=c0.248.640.640a_dst-jpg_e15_s150x150_tt6&_nc_cat=110&ig_cache_key=MzgzNjY0ODg0MTcwMTk0ODI4OA%3D%3D.3-ccb7-5&ccb=7-5&_nc_sid=58cdad&efg=eyJ2ZW5jb2RlX3RhZyI6InhwaWRzLjY0MHgxMTM2LnNkci5DMiJ9&_nc_ohc=Zp_WW23ljWQQ7kNvwH2FwMK&_nc_oc=Adl_psfaWhTfhL7u66PM5ClbdspsoenYjzNYUqPKJFxRlkEMNcnLh01qNj1Y3OEJ_ET3ljNL41YdG59F0iKB37TZ&_nc_ad=z-m&_nc_cid=0&_nc_zt=23&_nc_ht=instagram.fsdu8-1.fna&_nc_gid=kCW1LVFt0GPp1b_-bkvpIA&_nc_ss=8&oh=00_AfuXKYV3-CDIaZhyUtysdENs4Q5rcNDCopWymH4zHF9j0Q&oe=69AA696A",NA,NO,YES,https://instagram.fsdu8-1.fna.fbcdn.net/o1/v/t16/f2/m69/AQPdfe_yMQOvkNTiSBKy5GbLJkXivpovSOLkiFOOGJgKSkLUpJq6e9MOwuM2scGiWIvozCm-zrMVDpOgq92xdhju.mp4?strext=1&_nc_cat=101&_nc_oc=Admw8V1R_Anc4N_xev4IeuhfyD8QImN8Zmgsx2YFO8jD9LO0uYdUcVGMB3-J1My6N9UCSS_AyKCVVowWUFvvXeWz&_nc_sid=5e9851&_nc_ht=instagram.fsdu8-1.fna.fbcdn.net&_nc_ohc=fBPfA9A2gn8Q7kNvwErC644&efg=eyJ2ZW5jb2RlX3RhZyI6Inhwdl9wcm9ncmVzc2l2ZS5JTlNUQUdSQU0uQ0xJUFMuQzIuNzIwLmRhc2hfYmFzZWxpbmVfMV92MSIsInhwdl9hc3NldF9pZCI6MTc5NDMzODQ1ODIxMjg1MDgsImFzc2V0X2FnZV9kYXlzIjo5LCJ2aV91c2VjYXNlX2lkIjoxMDA5OSwiZHVyYXRpb25fcyI6ODUsInVybGdlbl9zb3VyY2UiOiJ3d3cifQ%3D%3D&ccb=17-1&_nc_gid=kCW1LVFt0GPp1b_-bkvpIA&_nc_ss=8&_nc_zt=28&vs=42543e71c6cdbfd1&_nc_vs=HBksFQIYOnBhc3N0aHJvdWdoX2V2ZXJzdG9yZS9HUGk4N1NYT3BlWGtxdllHQUtTRUtuQzdqdDhxYnNwVEFRQUYVAALIARIAFQIYUWlnX3hwdl9wbGFjZW1lbnRfcGVybWFuZW50X3YyLzVBNDM5OUZCQ0I5MDQ0QzU4NUM5RTQxMzM0Mzk2Q0JDX2F1ZGlvX2Rhc2hpbml0Lm1wNBUCAsgBEgAoABgAGwKIB3VzZV9vaWwBMRJwcm9ncmVzc2l2ZV9yZWNpcGUBMRUAACb4jbCBudrfPxUCKAJDMiwXQFV90vGp--cYEmRhc2hfYmFzZWxpbmVfMV92MREAdf4HZeadAQA&oh=00_AftJOulIVtS02qsXbwhYD5xvx9B2aDXAq8Rifm3P1GzsKg&oe=69AA3CF7,NA,3194347257,eliasmkjabbour,NA,Rio de Janeiro,NA,NA,-22908.0,-431975.0,Autoridade,"Expressa ser detentora de habilidades, posicionando-se como melhor do que os eleitores em determinados domínios.",50,50,15.38,10.26,12.82,15.38,7.69,10.26,5.13,23.08
postagem_112,3835922744630710539,DU772mjjhEL,"Thu, 19 Feb 2026 10:43:03 GMT",2026-02-19T00:00:00Z,1771497783,"Cada livro é uma história — e essa é a de Poder e Socialismo, já em pré-venda online (link no story) e nas livrarias de todo Brasil.",NA,2253,103,https://www.instagram.com/p/DU772mjjhEL/,https://instagram.fsdu8-1.fna.fbcdn.net/v/t51.71878-15/632162377_1271341021721449_7762317654222878747_n.jpg?stp=dst-jpg_e15_tt6&_nc_cat=104&ig_cache_key=MzgzNTkyMjc0NDYzMDcxMDUzOQ%3D%3D.3-ccb7-5&ccb=7-5&_nc_sid=58cdad&efg=eyJ2ZW5jb2RlX3RhZyI6InhwaWRzLjY0MHgxMTM2LnNkci5DMiJ9&_nc_ohc=i0MFpxJbWloQ7kNvwFWbyrx&_nc_oc=AdlL_6-O09rAT7f80KWVVl2KqpF3TsQZGhEymp9xHa6-JfuEoww3LDEeCKYHlmDpf7mLmJ5jAEi_TW9OYIKyYQxo&_nc_ad=z-m&_nc_cid=0&_nc_zt=23&_nc_ht=instagram.fsdu8-1.fna&_nc_gid=gF3DjEIkROiE0AOUe9V1IQ&_nc_ss=8&oh=00_Afvl_-I0uZDySagJwCwkEsmrjLiq3-nd82hURp7iaBOYPg&oe=69AA6CBF,https://instagram.fsdu8-1.fna.fbcdn.net/v/t51.71878-15/632162377_1271341021721449_7762317654222878747_n.jpg?stp=dst-jpg_e15_tt6&_nc_cat=104&ig_cache_key=MzgzNTkyMjc0NDYzMDcxMDUzOQ%3D%3D.3-ccb7-5&ccb=7-5&_nc_sid=58cdad&efg=eyJ2ZW5jb2RlX3RhZyI6InhwaWRzLjY0MHgxMTM2LnNkci5DMiJ9&_nc_ohc=i0MFpxJbWloQ7kNvwFWbyrx&_nc_oc=AdlL_6-O09rAT7f80KWVVl2KqpF3TsQZGhEymp9xHa6-JfuEoww3LDEeCKYHlmDpf7mLmJ5jAEi_TW9OYIKyYQxo&_nc_ad=z-m&_nc_cid=0&_nc_zt=23&_nc_ht=instagram.fsdu8-1.fna&_nc_gid=gF3DjEIkROiE0AOUe9V1IQ&_nc_ss=8&oh=00_Afvl_-I0uZDySagJwCwkEsmrjLiq3-nd82hURp7iaBOYPg&oe=69AA6CBF,"https://instagram.fsdu8-1.fna.fbcdn.net/v/t51.71878-15/632162377_1271341021721449_7762317654222878747_n.jpg?stp=dst-jpg_e15_tt6&_nc_cat=104&ig_cache_key=MzgzNTkyMjc0NDYzMDcxMDUzOQ%3D%3D.3-ccb7-5&ccb=7-5&_nc_sid=58cdad&efg=eyJ2ZW5jb2RlX3RhZyI6InhwaWRzLjY0MHgxMTM2LnNkci5DMiJ9&_nc_ohc=i0MFpxJbWloQ7kNvwFWbyrx&_nc_oc=AdlL_6-O09rAT7f80KWVVl2KqpF3TsQZGhEymp9xHa6-JfuEoww3LDEeCKYHlmDpf7mLmJ5jAEi_TW9OYIKyYQxo&_nc_ad=z-m&_nc_cid=0&_nc_zt=23&_nc_ht=instagram.fsdu8-1.fna&_nc_gid=gF3DjEIkROiE0AOUe9V1IQ&_nc_ss=8&oh=00_Afvl_-I0uZDySagJwCwkEsmrjLiq3-nd82hURp7iaBOYPg&oe=69AA6CBF
https://instagram.fsdu8-1.fna.fbcdn.net/v/t51.71878-15/632162377_1271341021721449_7762317654222878747_n.jpg?stp=dst-jpg_e15_p480x480_tt6&_nc_cat=104&ig_cache_key=MzgzNTkyMjc0NDYzMDcxMDUzOQ%3D%3D.3-ccb7-5&ccb=7-5&_nc_sid=58cdad&efg=eyJ2ZW5jb2RlX3RhZyI6InhwaWRzLjY0MHgxMTM2LnNkci5DMiJ9&_nc_ohc=i0MFpxJbWloQ7kNvwFWbyrx&_nc_oc=AdlL_6-O09rAT7f80KWVVl2KqpF3TsQZGhEymp9xHa6-JfuEoww3LDEeCKYHlmDpf7mLmJ5jAEi_TW9OYIKyYQxo&_nc_ad=z-m&_nc_cid=0&_nc_zt=23&_nc_ht=instagram.fsdu8-1.fna&_nc_gid=gF3DjEIkROiE0AOUe9V1IQ&_nc_ss=8&oh=00_AfsZYkDizXEk3yRdA0gsgMEd3YxiY_uSUDaRzWOL7Xy_xw&oe=69AA6CBF
https://instagram.fsdu8-1.fna.fbcdn.net/v/t51.71878-15/632162377_1271341021721449_7762317654222878747_n.jpg?stp=dst-jpg_e15_p320x320_tt6&_nc_cat=104&ig_cache_key=MzgzNTkyMjc0NDYzMDcxMDUzOQ%3D%3D.3-ccb7-5&ccb=7-5&_nc_sid=58cdad&efg=eyJ2ZW5jb2RlX3RhZyI6InhwaWRzLjY0MHgxMTM2LnNkci5DMiJ9&_nc_ohc=i0MFpxJbWloQ7kNvwFWbyrx&_nc_oc=AdlL_6-O09rAT7f80KWVVl2KqpF3TsQZGhEymp9xHa6-JfuEoww3LDEeCKYHlmDpf7mLmJ5jAEi_TW9OYIKyYQxo&_nc_ad=z-m&_nc_cid=0&_nc_zt=23&_nc_ht=instagram.fsdu8-1.fna&_nc_gid=gF3DjEIkROiE0AOUe9V1IQ&_nc_ss=8&oh=00_AftnxkeSOlw1utzI-7SLL3kCXo-RMUOT5fU3QH-SJIb_sA&oe=69AA6CBF
https://instagram.fsdu8-1.fna.fbcdn.net/v/t51.71878-15/632162377_1271341021721449_7762317654222878747_n.jpg?stp=dst-jpg_e15_p240x240_tt6&_nc_cat=104&ig_cache_key=MzgzNTkyMjc0NDYzMDcxMDUzOQ%3D%3D.3-ccb7-5&ccb=7-5&_nc_sid=58cdad&efg=eyJ2ZW5jb2RlX3RhZyI6InhwaWRzLjY0MHgxMTM2LnNkci5DMiJ9&_nc_ohc=i0MFpxJbWloQ7kNvwFWbyrx&_nc_oc=AdlL_6-O09rAT7f80KWVVl2KqpF3TsQZGhEymp9xHa6-JfuEoww3LDEeCKYHlmDpf7mLmJ5jAEi_TW9OYIKyYQxo&_nc_ad=z-m&_nc_cid=0&_nc_zt=23&_nc_ht=instagram.fsdu8-1.fna&_nc_gid=gF3DjEIkROiE0AOUe9V1IQ&_nc_ss=8&oh=00_AfuPElTqt_hKD_xsEvHWjN2-a_rqp9Ocxtu2Ca5yP1MiUw&oe=69AA6CBF
https://instagram.fsdu8-1.fna.fbcdn.net/v/t51.71878-15/632162377_1271341021721449_7762317654222878747_n.jpg?stp=c0.248.640.640a_dst-jpg_e15_s640x639_tt6&_nc_cat=104&ig_cache_key=MzgzNTkyMjc0NDYzMDcxMDUzOQ%3D%3D.3-ccb7-5&ccb=7-5&_nc_sid=58cdad&efg=eyJ2ZW5jb2RlX3RhZyI6InhwaWRzLjY0MHgxMTM2LnNkci5DMiJ9&_nc_ohc=i0MFpxJbWloQ7kNvwFWbyrx&_nc_oc=AdlL_6-O09rAT7f80KWVVl2KqpF3TsQZGhEymp9xHa6-JfuEoww3LDEeCKYHlmDpf7mLmJ5jAEi_TW9OYIKyYQxo&_nc_ad=z-m&_nc_cid=0&_nc_zt=23&_nc_ht=instagram.fsdu8-1.fna&_nc_gid=gF3DjEIkROiE0AOUe9V1IQ&_nc_ss=8&oh=00_AfufC-gV2K6vmxt35Mgix_6ATJNoKPHCEPErci_pcB28cA&oe=69AA6CBF
https://instagram.fsdu8-1.fna.fbcdn.net/v/t51.71878-15/632162377_1271341021721449_7762317654222878747_n.jpg?stp=c0.248.640.640a_dst-jpg_e15_s640x639_tt6&_nc_cat=104&ig_cache_key=MzgzNTkyMjc0NDYzMDcxMDUzOQ%3D%3D.3-ccb7-5&ccb=7-5&_nc_sid=58cdad&efg=eyJ2ZW5jb2RlX3RhZyI6InhwaWRzLjY0MHgxMTM2LnNkci5DMiJ9&_nc_ohc=i0MFpxJbWloQ7kNvwFWbyrx&_nc_oc=AdlL_6-O09rAT7f80KWVVl2KqpF3TsQZGhEymp9xHa6-JfuEoww3LDEeCKYHlmDpf7mLmJ5jAEi_TW9OYIKyYQxo&_nc_ad=z-m&_nc_cid=0&_nc_zt=23&_nc_ht=instagram.fsdu8-1.fna&_nc_gid=gF3DjEIkROiE0AOUe9V1IQ&_nc_ss=8&oh=00_AfufC-gV2K6vmxt35Mgix_6ATJNoKPHCEPErci_pcB28cA&oe=69AA6CBF
https://instagram.fsdu8-1.fna.fbcdn.net/v/t51.71878-15/632162377_1271341021721449_7762317654222878747_n.jpg?stp=c0.248.640.640a_dst-jpg_e15_s640x639_tt6&_nc_cat=104&ig_cache_key=MzgzNTkyMjc0NDYzMDcxMDUzOQ%3D%3D.3-ccb7-5&ccb=7-5&_nc_sid=58cdad&efg=eyJ2ZW5jb2RlX3RhZyI6InhwaWRzLjY0MHgxMTM2LnNkci5DMiJ9&_nc_ohc=i0MFpxJbWloQ7kNvwFWbyrx&_nc_oc=AdlL_6-O09rAT7f80KWVVl2KqpF3TsQZGhEymp9xHa6-JfuEoww3LDEeCKYHlmDpf7mLmJ5jAEi_TW9OYIKyYQxo&_nc_ad=z-m&_nc_cid=0&_nc_zt=23&_nc_ht=instagram.fsdu8-1.fna&_nc_gid=gF3DjEIkROiE0AOUe9V1IQ&_nc_ss=8&oh=00_AfufC-gV2K6vmxt35Mgix_6ATJNoKPHCEPErci_pcB28cA&oe=69AA6CBF
https://instagram.fsdu8-1.fna.fbcdn.net/v/t51.71878-15/632162377_1271341021721449_7762317654222878747_n.jpg?stp=c0.248.640.640a_dst-jpg_e15_s480x480_tt6&_nc_cat=104&ig_cache_key=MzgzNTkyMjc0NDYzMDcxMDUzOQ%3D%3D.3-ccb7-5&ccb=7-5&_nc_sid=58cdad&efg=eyJ2ZW5jb2RlX3RhZyI6InhwaWRzLjY0MHgxMTM2LnNkci5DMiJ9&_nc_ohc=i0MFpxJbWloQ7kNvwFWbyrx&_nc_oc=AdlL_6-O09rAT7f80KWVVl2KqpF3TsQZGhEymp9xHa6-JfuEoww3LDEeCKYHlmDpf7mLmJ5jAEi_TW9OYIKyYQxo&_nc_ad=z-m&_nc_cid=0&_nc_zt=23&_nc_ht=instagram.fsdu8-1.fna&_nc_gid=gF3DjEIkROiE0AOUe9V1IQ&_nc_ss=8&oh=00_AfuR5IK4z4uNeVay1to0uT4z2OqutYKpbLqtvohG43fiog&oe=69AA6CBF
https://instagram.fsdu8-1.fna.fbcdn.net/v/t51.71878-15/632162377_1271341021721449_7762317654222878747_n.jpg?stp=c0.248.640.640a_dst-jpg_e15_s320x320_tt6&_nc_cat=104&ig_cache_key=MzgzNTkyMjc0NDYzMDcxMDUzOQ%3D%3D.3-ccb7-5&ccb=7-5&_nc_sid=58cdad&efg=eyJ2ZW5jb2RlX3RhZyI6InhwaWRzLjY0MHgxMTM2LnNkci5DMiJ9&_nc_ohc=i0MFpxJbWloQ7kNvwFWbyrx&_nc_oc=AdlL_6-O09rAT7f80KWVVl2KqpF3TsQZGhEymp9xHa6-JfuEoww3LDEeCKYHlmDpf7mLmJ5jAEi_TW9OYIKyYQxo&_nc_ad=z-m&_nc_cid=0&_nc_zt=23&_nc_ht=instagram.fsdu8-1.fna&_nc_gid=gF3DjEIkROiE0AOUe9V1IQ&_nc_ss=8&oh=00_Aftu8L3AwehYKiAoBQJz4GIz29s43mZkb7ldtCtHfgaYOQ&oe=69AA6CBF
https://instagram.fsdu8-1.fna.fbcdn.net/v/t51.71878-15/632162377_1271341021721449_7762317654222878747_n.jpg?stp=c0.248.640.640a_dst-jpg_e15_s240x240_tt6&_nc_cat=104&ig_cache_key=MzgzNTkyMjc0NDYzMDcxMDUzOQ%3D%3D.3-ccb7-5&ccb=7-5&_nc_sid=58cdad&efg=eyJ2ZW5jb2RlX3RhZyI6InhwaWRzLjY0MHgxMTM2LnNkci5DMiJ9&_nc_ohc=i0MFpxJbWloQ7kNvwFWbyrx&_nc_oc=AdlL_6-O09rAT7f80KWVVl2KqpF3TsQZGhEymp9xHa6-JfuEoww3LDEeCKYHlmDpf7mLmJ5jAEi_TW9OYIKyYQxo&_nc_ad=z-m&_nc_cid=0&_nc_zt=23&_nc_ht=instagram.fsdu8-1.fna&_nc_gid=gF3DjEIkROiE0AOUe9V1IQ&_nc_ss=8&oh=00_Afu3HJ6kQd93KPzd1j9ySi2R2TExZhZ_JpV8WhCeQnmD_w&oe=69AA6CBF
https://instagram.fsdu8-1.fna.fbcdn.net/v/t51.71878-15/632162377_1271341021721449_7762317654222878747_n.jpg?stp=c0.248.640.640a_dst-jpg_e15_s150x150_tt6&_nc_cat=104&ig_cache_key=MzgzNTkyMjc0NDYzMDcxMDUzOQ%3D%3D.3-ccb7-5&ccb=7-5&_nc_sid=58cdad&efg=eyJ2ZW5jb2RlX3RhZyI6InhwaWRzLjY0MHgxMTM2LnNkci5DMiJ9&_nc_ohc=i0MFpxJbWloQ7kNvwFWbyrx&_nc_oc=AdlL_6-O09rAT7f80KWVVl2KqpF3TsQZGhEymp9xHa6-JfuEoww3LDEeCKYHlmDpf7mLmJ5jAEi_TW9OYIKyYQxo&_nc_ad=z-m&_nc_cid=0&_nc_zt=23&_nc_ht=instagram.fsdu8-1.fna&_nc_gid=gF3DjEIkROiE0AOUe9V1IQ&_nc_ss=8&oh=00_Afuk6CPR1Q7K9YHYEqQr2z5KUzOWniVIvcl5DD0OiBYApQ&oe=69AA6CBF",NA,NO,YES,https://instagram.fsdu8-1.fna.fbcdn.net/o1/v/t16/f2/m69/AQM7e_f7T2m4cuAS-9480GarwKuPm2QOOQLe6JWbFxOqVbsaSR3NScDXtDWCsvqS4lXSa52Y1RkAaSxPR3RFiC8g.mp4?strext=1&_nc_cat=110&_nc_oc=AdmNk7eb_tB8_7YOcs8k5qKwXDddjEnPfB9ImM2yXp-4PGVv6qrcD7EFcG2cCzE7QRAp8olP6XhP2rJ-4yDSHd_X&_nc_sid=5e9851&_nc_ht=instagram.fsdu8-1.fna.fbcdn.net&_nc_ohc=pdZDjfGWCuQQ7kNvwGN03Um&efg=eyJ2ZW5jb2RlX3RhZyI6Inhwdl9wcm9ncmVzc2l2ZS5JTlNUQUdSQU0uQ0xJUFMuQzIuNzIwLmRhc2hfYmFzZWxpbmVfMV92MSIsInhwdl9hc3NldF9pZCI6MTc5NDMyNTgwMDMxMjg1MDgsImFzc2V0X2FnZV9kYXlzIjoxMCwidmlfdXNlY2FzZV9pZCI6MTAwOTksImR1cmF0aW9uX3MiOjEyNSwidXJsZ2VuX3NvdXJjZSI6Ind3dyJ9&ccb=17-1&_nc_gid=gF3DjEIkROiE0AOUe9V1IQ&_nc_ss=8&_nc_zt=28&vs=a7c4e95e84af474c&_nc_vs=HBksFQIYOnBhc3N0aHJvdWdoX2V2ZXJzdG9yZS9HR19qOGlVRVFZZWNuRWdFQUxEZ25YRzRJcTBOYnNwVEFRQUYVAALIARIAFQIYUWlnX3hwdl9wbGFjZW1lbnRfcGVybWFuZW50X3YyL0NDNDU4QjA0OUVGMUFFRDQwOTk3MEI2RUE0QkYxQzk1X2F1ZGlvX2Rhc2hpbml0Lm1wNBUCAsgBEgAoABgAGwKIB3VzZV9vaWwBMRJwcm9ncmVzc2l2ZV9yZWNpcGUBMRUAACb4gp72idPfPxUCKAJDMiwXQF9iHKwIMScYEmRhc2hfYmFzZWxpbmVfMV92MREAdf4HZeadAQA&oh=00_Afv-EdDs5hfzrHFOqGxEEbTZ5CXU8wxgoOxMQsl7-sF2Ig&oe=69AA62C2,NA,3194347257,eliasmkjabbour,NA,Rio de Janeiro,NA,NA,-22908.0,-431975.0,Autoridade,"Expressa ser detentora de habilidades, posicionando-se como melhor do que os eleitores em determinados domínios.",75,25,9.52,4.76,9.52,14.29,0,14.29,0,47.62
postagem_110,3835553795749587204,DU6n9sIjikE,"Wed, 18 Feb 2026 22:27:53 GMT",2026-02-18T00:00:00Z,1771453673,"Niterói: saudações aos que tem coragem 

Soa oportunista setores da esquerda criticarem a Acadêmicos de Niterói pela escolha e a forma como foi apresentado o enredo em homenagem a Lula.

Os mesmos que vacilaram na época da Lava-Jato. Lula é um estadista e como todo estadista, acirra ânimos e gera controvérsias.

A Niterói deu uma lição de coragem e aversão ao risco. Merece nosso imenso respeito e carinho",NA,10593,356,https://www.instagram.com/p/DU6n9sIjikE/,https://instagram.fsdu8-2.fna.fbcdn.net/v/t51.82787-15/637208877_18445274971107258_7519023505135464221_n.jpg?stp=dst-jpg_e35_tt6&_nc_cat=107&ig_cache_key=MzgzNTU1Mzc5NTc0OTU4NzIwNA%3D%3D.3-ccb7-5&ccb=7-5&_nc_sid=58cdad&efg=eyJ2ZW5jb2RlX3RhZyI6InhwaWRzLjExNzl4MTE3NC5zZHIuQzIifQ%3D%3D&_nc_ohc=l5kd0FQ_gHIQ7kNvwEBXwjL&_nc_oc=Adn8Cw5103t3rEU-jcqmYlWtD3FkI8r-hUkyTKSQuC2CuWtg__meq36VRAIglTXgdMff2YfqMicU5XsT6BrMtcqK&_nc_ad=z-m&_nc_cid=0&_nc_zt=23&_nc_ht=instagram.fsdu8-2.fna&_nc_gid=gF3DjEIkROiE0AOUe9V1IQ&_nc_ss=8&oh=00_AfsgFX1Tbzt4ZsEXiRir-4f8c2FIoAoV8jKemmS28O_Vgg&oe=69AA6D78,https://instagram.fsdu8-2.fna.fbcdn.net/v/t51.82787-15/637208877_18445274971107258_7519023505135464221_n.jpg?stp=dst-jpg_e35_tt6&_nc_cat=107&ig_cache_key=MzgzNTU1Mzc5NTc0OTU4NzIwNA%3D%3D.3-ccb7-5&ccb=7-5&_nc_sid=58cdad&efg=eyJ2ZW5jb2RlX3RhZyI6InhwaWRzLjExNzl4MTE3NC5zZHIuQzIifQ%3D%3D&_nc_ohc=l5kd0FQ_gHIQ7kNvwEBXwjL&_nc_oc=Adn8Cw5103t3rEU-jcqmYlWtD3FkI8r-hUkyTKSQuC2CuWtg__meq36VRAIglTXgdMff2YfqMicU5XsT6BrMtcqK&_nc_ad=z-m&_nc_cid=0&_nc_zt=23&_nc_ht=instagram.fsdu8-2.fna&_nc_gid=gF3DjEIkROiE0AOUe9V1IQ&_nc_ss=8&oh=00_AfsgFX1Tbzt4ZsEXiRir-4f8c2FIoAoV8jKemmS28O_Vgg&oe=69AA6D78,"https://instagram.fsdu8-2.fna.fbcdn.net/v/t51.82787-15/637208877_18445274971107258_7519023505135464221_n.jpg?stp=dst-jpg_e35_tt6&_nc_cat=107&ig_cache_key=MzgzNTU1Mzc5NTc0OTU4NzIwNA%3D%3D.3-ccb7-5&ccb=7-5&_nc_sid=58cdad&efg=eyJ2ZW5jb2RlX3RhZyI6InhwaWRzLjExNzl4MTE3NC5zZHIuQzIifQ%3D%3D&_nc_ohc=l5kd0FQ_gHIQ7kNvwEBXwjL&_nc_oc=Adn8Cw5103t3rEU-jcqmYlWtD3FkI8r-hUkyTKSQuC2CuWtg__meq36VRAIglTXgdMff2YfqMicU5XsT6BrMtcqK&_nc_ad=z-m&_nc_cid=0&_nc_zt=23&_nc_ht=instagram.fsdu8-2.fna&_nc_gid=gF3DjEIkROiE0AOUe9V1IQ&_nc_ss=8&oh=00_AfsgFX1Tbzt4ZsEXiRir-4f8c2FIoAoV8jKemmS28O_Vgg&oe=69AA6D78
https://instagram.fsdu8-2.fna.fbcdn.net/v/t51.82787-15/637208877_18445274971107258_7519023505135464221_n.jpg?stp=dst-jpg_e35_s720x720_tt6&_nc_cat=107&ig_cache_key=MzgzNTU1Mzc5NTc0OTU4NzIwNA%3D%3D.3-ccb7-5&ccb=7-5&_nc_sid=58cdad&efg=eyJ2ZW5jb2RlX3RhZyI6InhwaWRzLjExNzl4MTE3NC5zZHIuQzIifQ%3D%3D&_nc_ohc=l5kd0FQ_gHIQ7kNvwEBXwjL&_nc_oc=Adn8Cw5103t3rEU-jcqmYlWtD3FkI8r-hUkyTKSQuC2CuWtg__meq36VRAIglTXgdMff2YfqMicU5XsT6BrMtcqK&_nc_ad=z-m&_nc_cid=0&_nc_zt=23&_nc_ht=instagram.fsdu8-2.fna&_nc_gid=gF3DjEIkROiE0AOUe9V1IQ&_nc_ss=8&oh=00_AftyZcZfVRi4p9W4C5Pju2DQkcmL2skKHsAi-FAm07UDIQ&oe=69AA6D78
https://instagram.fsdu8-2.fna.fbcdn.net/v/t51.82787-15/637208877_18445274971107258_7519023505135464221_n.jpg?stp=dst-jpg_e35_s640x640_sh0.08_tt6&_nc_cat=107&ig_cache_key=MzgzNTU1Mzc5NTc0OTU4NzIwNA%3D%3D.3-ccb7-5&ccb=7-5&_nc_sid=58cdad&efg=eyJ2ZW5jb2RlX3RhZyI6InhwaWRzLjExNzl4MTE3NC5zZHIuQzIifQ%3D%3D&_nc_ohc=l5kd0FQ_gHIQ7kNvwEBXwjL&_nc_oc=Adn8Cw5103t3rEU-jcqmYlWtD3FkI8r-hUkyTKSQuC2CuWtg__meq36VRAIglTXgdMff2YfqMicU5XsT6BrMtcqK&_nc_ad=z-m&_nc_cid=0&_nc_zt=23&_nc_ht=instagram.fsdu8-2.fna&_nc_gid=gF3DjEIkROiE0AOUe9V1IQ&_nc_ss=8&oh=00_Afs2tKZkXBTxzlTKAL2cxYqa5wEYVXnnvWnTVsUnzKKEnA&oe=69AA6D78
https://instagram.fsdu8-2.fna.fbcdn.net/v/t51.82787-15/637208877_18445274971107258_7519023505135464221_n.jpg?stp=dst-jpg_e35_s480x480_tt6&_nc_cat=107&ig_cache_key=MzgzNTU1Mzc5NTc0OTU4NzIwNA%3D%3D.3-ccb7-5&ccb=7-5&_nc_sid=58cdad&efg=eyJ2ZW5jb2RlX3RhZyI6InhwaWRzLjExNzl4MTE3NC5zZHIuQzIifQ%3D%3D&_nc_ohc=l5kd0FQ_gHIQ7kNvwEBXwjL&_nc_oc=Adn8Cw5103t3rEU-jcqmYlWtD3FkI8r-hUkyTKSQuC2CuWtg__meq36VRAIglTXgdMff2YfqMicU5XsT6BrMtcqK&_nc_ad=z-m&_nc_cid=0&_nc_zt=23&_nc_ht=instagram.fsdu8-2.fna&_nc_gid=gF3DjEIkROiE0AOUe9V1IQ&_nc_ss=8&oh=00_AfuKBKewX9utAmFyOy13xuqDdMChX0y5_stpxyGSWoIrNg&oe=69AA6D78
https://instagram.fsdu8-2.fna.fbcdn.net/v/t51.82787-15/637208877_18445274971107258_7519023505135464221_n.jpg?stp=dst-jpg_e35_s320x320_tt6&_nc_cat=107&ig_cache_key=MzgzNTU1Mzc5NTc0OTU4NzIwNA%3D%3D.3-ccb7-5&ccb=7-5&_nc_sid=58cdad&efg=eyJ2ZW5jb2RlX3RhZyI6InhwaWRzLjExNzl4MTE3NC5zZHIuQzIifQ%3D%3D&_nc_ohc=l5kd0FQ_gHIQ7kNvwEBXwjL&_nc_oc=Adn8Cw5103t3rEU-jcqmYlWtD3FkI8r-hUkyTKSQuC2CuWtg__meq36VRAIglTXgdMff2YfqMicU5XsT6BrMtcqK&_nc_ad=z-m&_nc_cid=0&_nc_zt=23&_nc_ht=instagram.fsdu8-2.fna&_nc_gid=gF3DjEIkROiE0AOUe9V1IQ&_nc_ss=8&oh=00_AftGWSig1-2oB9GBX_FXMlBk91JkE8a52P7LxoLk8JmaSQ&oe=69AA6D78
https://instagram.fsdu8-2.fna.fbcdn.net/v/t51.82787-15/637208877_18445274971107258_7519023505135464221_n.jpg?stp=dst-jpg_e35_s240x240_tt6&_nc_cat=107&ig_cache_key=MzgzNTU1Mzc5NTc0OTU4NzIwNA%3D%3D.3-ccb7-5&ccb=7-5&_nc_sid=58cdad&efg=eyJ2ZW5jb2RlX3RhZyI6InhwaWRzLjExNzl4MTE3NC5zZHIuQzIifQ%3D%3D&_nc_ohc=l5kd0FQ_gHIQ7kNvwEBXwjL&_nc_oc=Adn8Cw5103t3rEU-jcqmYlWtD3FkI8r-hUkyTKSQuC2CuWtg__meq36VRAIglTXgdMff2YfqMicU5XsT6BrMtcqK&_nc_ad=z-m&_nc_cid=0&_nc_zt=23&_nc_ht=instagram.fsdu8-2.fna&_nc_gid=gF3DjEIkROiE0AOUe9V1IQ&_nc_ss=8&oh=00_Afv1E53-oy_CPC1k8yC3gSwZ3JRCmEmgJZsOvn3lxDSz8A&oe=69AA6D78
https://instagram.fsdu8-2.fna.fbcdn.net/v/t51.82787-15/637208877_18445274971107258_7519023505135464221_n.jpg?stp=c2.0.1174.1174a_dst-jpg_e35_s1080x1080_tt6&_nc_cat=107&ig_cache_key=MzgzNTU1Mzc5NTc0OTU4NzIwNA%3D%3D.3-ccb7-5&ccb=7-5&_nc_sid=58cdad&efg=eyJ2ZW5jb2RlX3RhZyI6InhwaWRzLjExNzl4MTE3NC5zZHIuQzIifQ%3D%3D&_nc_ohc=l5kd0FQ_gHIQ7kNvwEBXwjL&_nc_oc=Adn8Cw5103t3rEU-jcqmYlWtD3FkI8r-hUkyTKSQuC2CuWtg__meq36VRAIglTXgdMff2YfqMicU5XsT6BrMtcqK&_nc_ad=z-m&_nc_cid=0&_nc_zt=23&_nc_ht=instagram.fsdu8-2.fna&_nc_gid=gF3DjEIkROiE0AOUe9V1IQ&_nc_ss=8&oh=00_AftSdJWYaIV6FP_kJiM3dbeazQae6DRJoHBoMyndqOg8aQ&oe=69AA6D78
https://instagram.fsdu8-2.fna.fbcdn.net/v/t51.82787-15/637208877_18445274971107258_7519023505135464221_n.jpg?stp=c2.0.1174.1174a_dst-jpg_e35_s750x750_sh0.08_tt6&_nc_cat=107&ig_cache_key=MzgzNTU1Mzc5NTc0OTU4NzIwNA%3D%3D.3-ccb7-5&ccb=7-5&_nc_sid=58cdad&efg=eyJ2ZW5jb2RlX3RhZyI6InhwaWRzLjExNzl4MTE3NC5zZHIuQzIifQ%3D%3D&_nc_ohc=l5kd0FQ_gHIQ7kNvwEBXwjL&_nc_oc=Adn8Cw5103t3rEU-jcqmYlWtD3FkI8r-hUkyTKSQuC2CuWtg__meq36VRAIglTXgdMff2YfqMicU5XsT6BrMtcqK&_nc_ad=z-m&_nc_cid=0&_nc_zt=23&_nc_ht=instagram.fsdu8-2.fna&_nc_gid=gF3DjEIkROiE0AOUe9V1IQ&_nc_ss=8&oh=00_Afv_37JL809APKA6AXexUuBmwdoRXu7xuAf7ue18O27Ndg&oe=69AA6D78
https://instagram.fsdu8-2.fna.fbcdn.net/v/t51.82787-15/637208877_18445274971107258_7519023505135464221_n.jpg?stp=c2.0.1174.1174a_dst-jpg_e35_s640x640_sh0.08_tt6&_nc_cat=107&ig_cache_key=MzgzNTU1Mzc5NTc0OTU4NzIwNA%3D%3D.3-ccb7-5&ccb=7-5&_nc_sid=58cdad&efg=eyJ2ZW5jb2RlX3RhZyI6InhwaWRzLjExNzl4MTE3NC5zZHIuQzIifQ%3D%3D&_nc_ohc=l5kd0FQ_gHIQ7kNvwEBXwjL&_nc_oc=Adn8Cw5103t3rEU-jcqmYlWtD3FkI8r-hUkyTKSQuC2CuWtg__meq36VRAIglTXgdMff2YfqMicU5XsT6BrMtcqK&_nc_ad=z-m&_nc_cid=0&_nc_zt=23&_nc_ht=instagram.fsdu8-2.fna&_nc_gid=gF3DjEIkROiE0AOUe9V1IQ&_nc_ss=8&oh=00_AftaJdDCXBR28wkKzfmFmvDY-W4cc16wriLlzA824w_X7g&oe=69AA6D78
https://instagram.fsdu8-2.fna.fbcdn.net/v/t51.82787-15/637208877_18445274971107258_7519023505135464221_n.jpg?stp=c2.0.1174.1174a_dst-jpg_e35_s480x480_tt6&_nc_cat=107&ig_cache_key=MzgzNTU1Mzc5NTc0OTU4NzIwNA%3D%3D.3-ccb7-5&ccb=7-5&_nc_sid=58cdad&efg=eyJ2ZW5jb2RlX3RhZyI6InhwaWRzLjExNzl4MTE3NC5zZHIuQzIifQ%3D%3D&_nc_ohc=l5kd0FQ_gHIQ7kNvwEBXwjL&_nc_oc=Adn8Cw5103t3rEU-jcqmYlWtD3FkI8r-hUkyTKSQuC2CuWtg__meq36VRAIglTXgdMff2YfqMicU5XsT6BrMtcqK&_nc_ad=z-m&_nc_cid=0&_nc_zt=23&_nc_ht=instagram.fsdu8-2.fna&_nc_gid=gF3DjEIkROiE0AOUe9V1IQ&_nc_ss=8&oh=00_Afs-KfX9MQLjZ5wpIos-uhVJGJiFPq8AaRFGSrpsOoGCRQ&oe=69AA6D78
https://instagram.fsdu8-2.fna.fbcdn.net/v/t51.82787-15/637208877_18445274971107258_7519023505135464221_n.jpg?stp=c2.0.1174.1174a_dst-jpg_e35_s320x320_tt6&_nc_cat=107&ig_cache_key=MzgzNTU1Mzc5NTc0OTU4NzIwNA%3D%3D.3-ccb7-5&ccb=7-5&_nc_sid=58cdad&efg=eyJ2ZW5jb2RlX3RhZyI6InhwaWRzLjExNzl4MTE3NC5zZHIuQzIifQ%3D%3D&_nc_ohc=l5kd0FQ_gHIQ7kNvwEBXwjL&_nc_oc=Adn8Cw5103t3rEU-jcqmYlWtD3FkI8r-hUkyTKSQuC2CuWtg__meq36VRAIglTXgdMff2YfqMicU5XsT6BrMtcqK&_nc_ad=z-m&_nc_cid=0&_nc_zt=23&_nc_ht=instagram.fsdu8-2.fna&_nc_gid=gF3DjEIkROiE0AOUe9V1IQ&_nc_ss=8&oh=00_AfteuBgmPm84LU3w9EE2yTs6dR2vO_b8EeHjodfJI_r1AA&oe=69AA6D78
https://instagram.fsdu8-2.fna.fbcdn.net/v/t51.82787-15/637208877_18445274971107258_7519023505135464221_n.jpg?stp=c2.0.1174.1174a_dst-jpg_e35_s240x240_tt6&_nc_cat=107&ig_cache_key=MzgzNTU1Mzc5NTc0OTU4NzIwNA%3D%3D.3-ccb7-5&ccb=7-5&_nc_sid=58cdad&efg=eyJ2ZW5jb2RlX3RhZyI6InhwaWRzLjExNzl4MTE3NC5zZHIuQzIifQ%3D%3D&_nc_ohc=l5kd0FQ_gHIQ7kNvwEBXwjL&_nc_oc=Adn8Cw5103t3rEU-jcqmYlWtD3FkI8r-hUkyTKSQuC2CuWtg__meq36VRAIglTXgdMff2YfqMicU5XsT6BrMtcqK&_nc_ad=z-m&_nc_cid=0&_nc_zt=23&_nc_ht=instagram.fsdu8-2.fna&_nc_gid=gF3DjEIkROiE0AOUe9V1IQ&_nc_ss=8&oh=00_AftL3zBE_8Kk6y48ec4k6BRZpKjG069zu5hmOJHTBMWZmw&oe=69AA6D78
https://instagram.fsdu8-2.fna.fbcdn.net/v/t51.82787-15/637208877_18445274971107258_7519023505135464221_n.jpg?stp=c2.0.1174.1174a_dst-jpg_e35_s150x150_tt6&_nc_cat=107&ig_cache_key=MzgzNTU1Mzc5NTc0OTU4NzIwNA%3D%3D.3-ccb7-5&ccb=7-5&_nc_sid=58cdad&efg=eyJ2ZW5jb2RlX3RhZyI6InhwaWRzLjExNzl4MTE3NC5zZHIuQzIifQ%3D%3D&_nc_ohc=l5kd0FQ_gHIQ7kNvwEBXwjL&_nc_oc=Adn8Cw5103t3rEU-jcqmYlWtD3FkI8r-hUkyTKSQuC2CuWtg__meq36VRAIglTXgdMff2YfqMicU5XsT6BrMtcqK&_nc_ad=z-m&_nc_cid=0&_nc_zt=23&_nc_ht=instagram.fsdu8-2.fna&_nc_gid=gF3DjEIkROiE0AOUe9V1IQ&_nc_ss=8&oh=00_AfvGL_zcfqu4Mpwbw45rzl-zes4yOIRUk6o3Y_gBADCMeA&oe=69AA6D78",NA,NO,NO,NA,NA,3194347257,eliasmkjabbour,NA,NA,NA,NA,NA,NA,Autoridade,"Expressa ser detentora de habilidades, posicionando-se como melhor do que os eleitores em determinados domínios.",50,50,32,4,4,12,0,0,4,44
postagem_108,3835327278075515115,DU50dbHDpDr,"Wed, 18 Feb 2026 14:59:03 GMT",2026-02-18T00:00:00Z,1771426743,"Ontem vivi um sonho. 💙🤍

@swingueiradenoel @unidosdevilaisabel",NA,8016,157,https://www.instagram.com/p/DU50dbHDpDr/,https://instagram.fsdu8-2.fna.fbcdn.net/v/t51.71878-15/632235861_1738594647108945_8904399373907978391_n.jpg?stp=dst-jpg_e15_tt6&_nc_cat=100&ig_cache_key=MzgzNTMyNzI3ODA3NTUxNTExNQ%3D%3D.3-ccb7-5&ccb=7-5&_nc_sid=58cdad&efg=eyJ2ZW5jb2RlX3RhZyI6InhwaWRzLjY0MHgxMTM2LnNkci5DMiJ9&_nc_ohc=HWGoMzPgKYgQ7kNvwG9fZHJ&_nc_oc=AdnhzwMRNqiyQIT3jLsYUKbCz7y7ZXYofs6emqN8a5LK76-ye3vVjmZzTCInfP34D62LcSbTshwIf7tWetWjdb4P&_nc_ad=z-m&_nc_cid=0&_nc_zt=23&_nc_ht=instagram.fsdu8-2.fna&_nc_gid=gF3DjEIkROiE0AOUe9V1IQ&_nc_ss=8&oh=00_AfuU9TlGgiJsfmDl_X4Z4zqIahWLA3lov6jJq438XRzHKA&oe=69AA42E9,https://instagram.fsdu8-2.fna.fbcdn.net/v/t51.71878-15/632235861_1738594647108945_8904399373907978391_n.jpg?stp=dst-jpg_e15_tt6&_nc_cat=100&ig_cache_key=MzgzNTMyNzI3ODA3NTUxNTExNQ%3D%3D.3-ccb7-5&ccb=7-5&_nc_sid=58cdad&efg=eyJ2ZW5jb2RlX3RhZyI6InhwaWRzLjY0MHgxMTM2LnNkci5DMiJ9&_nc_ohc=HWGoMzPgKYgQ7kNvwG9fZHJ&_nc_oc=AdnhzwMRNqiyQIT3jLsYUKbCz7y7ZXYofs6emqN8a5LK76-ye3vVjmZzTCInfP34D62LcSbTshwIf7tWetWjdb4P&_nc_ad=z-m&_nc_cid=0&_nc_zt=23&_nc_ht=instagram.fsdu8-2.fna&_nc_gid=gF3DjEIkROiE0AOUe9V1IQ&_nc_ss=8&oh=00_AfuU9TlGgiJsfmDl_X4Z4zqIahWLA3lov6jJq438XRzHKA&oe=69AA42E9,"https://instagram.fsdu8-2.fna.fbcdn.net/v/t51.71878-15/632235861_1738594647108945_8904399373907978391_n.jpg?stp=dst-jpg_e15_tt6&_nc_cat=100&ig_cache_key=MzgzNTMyNzI3ODA3NTUxNTExNQ%3D%3D.3-ccb7-5&ccb=7-5&_nc_sid=58cdad&efg=eyJ2ZW5jb2RlX3RhZyI6InhwaWRzLjY0MHgxMTM2LnNkci5DMiJ9&_nc_ohc=HWGoMzPgKYgQ7kNvwG9fZHJ&_nc_oc=AdnhzwMRNqiyQIT3jLsYUKbCz7y7ZXYofs6emqN8a5LK76-ye3vVjmZzTCInfP34D62LcSbTshwIf7tWetWjdb4P&_nc_ad=z-m&_nc_cid=0&_nc_zt=23&_nc_ht=instagram.fsdu8-2.fna&_nc_gid=gF3DjEIkROiE0AOUe9V1IQ&_nc_ss=8&oh=00_AfuU9TlGgiJsfmDl_X4Z4zqIahWLA3lov6jJq438XRzHKA&oe=69AA42E9
https://instagram.fsdu8-2.fna.fbcdn.net/v/t51.71878-15/632235861_1738594647108945_8904399373907978391_n.jpg?stp=dst-jpg_e15_p480x480_tt6&_nc_cat=100&ig_cache_key=MzgzNTMyNzI3ODA3NTUxNTExNQ%3D%3D.3-ccb7-5&ccb=7-5&_nc_sid=58cdad&efg=eyJ2ZW5jb2RlX3RhZyI6InhwaWRzLjY0MHgxMTM2LnNkci5DMiJ9&_nc_ohc=HWGoMzPgKYgQ7kNvwG9fZHJ&_nc_oc=AdnhzwMRNqiyQIT3jLsYUKbCz7y7ZXYofs6emqN8a5LK76-ye3vVjmZzTCInfP34D62LcSbTshwIf7tWetWjdb4P&_nc_ad=z-m&_nc_cid=0&_nc_zt=23&_nc_ht=instagram.fsdu8-2.fna&_nc_gid=gF3DjEIkROiE0AOUe9V1IQ&_nc_ss=8&oh=00_AftmXPAUpHat-EBmZiCIpzm1mA40jYEsAGWcQA0E_HAx9Q&oe=69AA42E9
https://instagram.fsdu8-2.fna.fbcdn.net/v/t51.71878-15/632235861_1738594647108945_8904399373907978391_n.jpg?stp=dst-jpg_e15_p320x320_tt6&_nc_cat=100&ig_cache_key=MzgzNTMyNzI3ODA3NTUxNTExNQ%3D%3D.3-ccb7-5&ccb=7-5&_nc_sid=58cdad&efg=eyJ2ZW5jb2RlX3RhZyI6InhwaWRzLjY0MHgxMTM2LnNkci5DMiJ9&_nc_ohc=HWGoMzPgKYgQ7kNvwG9fZHJ&_nc_oc=AdnhzwMRNqiyQIT3jLsYUKbCz7y7ZXYofs6emqN8a5LK76-ye3vVjmZzTCInfP34D62LcSbTshwIf7tWetWjdb4P&_nc_ad=z-m&_nc_cid=0&_nc_zt=23&_nc_ht=instagram.fsdu8-2.fna&_nc_gid=gF3DjEIkROiE0AOUe9V1IQ&_nc_ss=8&oh=00_AfuMAZyhDpn40F4t_fauvv3pf6z5HZ1rQRplYWphmC6MnQ&oe=69AA42E9
https://instagram.fsdu8-2.fna.fbcdn.net/v/t51.71878-15/632235861_1738594647108945_8904399373907978391_n.jpg?stp=dst-jpg_e15_p240x240_tt6&_nc_cat=100&ig_cache_key=MzgzNTMyNzI3ODA3NTUxNTExNQ%3D%3D.3-ccb7-5&ccb=7-5&_nc_sid=58cdad&efg=eyJ2ZW5jb2RlX3RhZyI6InhwaWRzLjY0MHgxMTM2LnNkci5DMiJ9&_nc_ohc=HWGoMzPgKYgQ7kNvwG9fZHJ&_nc_oc=AdnhzwMRNqiyQIT3jLsYUKbCz7y7ZXYofs6emqN8a5LK76-ye3vVjmZzTCInfP34D62LcSbTshwIf7tWetWjdb4P&_nc_ad=z-m&_nc_cid=0&_nc_zt=23&_nc_ht=instagram.fsdu8-2.fna&_nc_gid=gF3DjEIkROiE0AOUe9V1IQ&_nc_ss=8&oh=00_AfstTDD-4EDxAGaBBh-8IJ1U0Sxn2zF7BkeDcIzdg8FnaQ&oe=69AA42E9
https://instagram.fsdu8-2.fna.fbcdn.net/v/t51.71878-15/632235861_1738594647108945_8904399373907978391_n.jpg?stp=c0.248.640.640a_dst-jpg_e15_s640x639_tt6&_nc_cat=100&ig_cache_key=MzgzNTMyNzI3ODA3NTUxNTExNQ%3D%3D.3-ccb7-5&ccb=7-5&_nc_sid=58cdad&efg=eyJ2ZW5jb2RlX3RhZyI6InhwaWRzLjY0MHgxMTM2LnNkci5DMiJ9&_nc_ohc=HWGoMzPgKYgQ7kNvwG9fZHJ&_nc_oc=AdnhzwMRNqiyQIT3jLsYUKbCz7y7ZXYofs6emqN8a5LK76-ye3vVjmZzTCInfP34D62LcSbTshwIf7tWetWjdb4P&_nc_ad=z-m&_nc_cid=0&_nc_zt=23&_nc_ht=instagram.fsdu8-2.fna&_nc_gid=gF3DjEIkROiE0AOUe9V1IQ&_nc_ss=8&oh=00_AfskqPhRIejVYOp-gfUuHVw5pwb-ylkVZ9DwRufKU9XWmw&oe=69AA42E9
https://instagram.fsdu8-2.fna.fbcdn.net/v/t51.71878-15/632235861_1738594647108945_8904399373907978391_n.jpg?stp=c0.248.640.640a_dst-jpg_e15_s640x639_tt6&_nc_cat=100&ig_cache_key=MzgzNTMyNzI3ODA3NTUxNTExNQ%3D%3D.3-ccb7-5&ccb=7-5&_nc_sid=58cdad&efg=eyJ2ZW5jb2RlX3RhZyI6InhwaWRzLjY0MHgxMTM2LnNkci5DMiJ9&_nc_ohc=HWGoMzPgKYgQ7kNvwG9fZHJ&_nc_oc=AdnhzwMRNqiyQIT3jLsYUKbCz7y7ZXYofs6emqN8a5LK76-ye3vVjmZzTCInfP34D62LcSbTshwIf7tWetWjdb4P&_nc_ad=z-m&_nc_cid=0&_nc_zt=23&_nc_ht=instagram.fsdu8-2.fna&_nc_gid=gF3DjEIkROiE0AOUe9V1IQ&_nc_ss=8&oh=00_AfskqPhRIejVYOp-gfUuHVw5pwb-ylkVZ9DwRufKU9XWmw&oe=69AA42E9
https://instagram.fsdu8-2.fna.fbcdn.net/v/t51.71878-15/632235861_1738594647108945_8904399373907978391_n.jpg?stp=c0.248.640.640a_dst-jpg_e15_s640x639_tt6&_nc_cat=100&ig_cache_key=MzgzNTMyNzI3ODA3NTUxNTExNQ%3D%3D.3-ccb7-5&ccb=7-5&_nc_sid=58cdad&efg=eyJ2ZW5jb2RlX3RhZyI6InhwaWRzLjY0MHgxMTM2LnNkci5DMiJ9&_nc_ohc=HWGoMzPgKYgQ7kNvwG9fZHJ&_nc_oc=AdnhzwMRNqiyQIT3jLsYUKbCz7y7ZXYofs6emqN8a5LK76-ye3vVjmZzTCInfP34D62LcSbTshwIf7tWetWjdb4P&_nc_ad=z-m&_nc_cid=0&_nc_zt=23&_nc_ht=instagram.fsdu8-2.fna&_nc_gid=gF3DjEIkROiE0AOUe9V1IQ&_nc_ss=8&oh=00_AfskqPhRIejVYOp-gfUuHVw5pwb-ylkVZ9DwRufKU9XWmw&oe=69AA42E9
https://instagram.fsdu8-2.fna.fbcdn.net/v/t51.71878-15/632235861_1738594647108945_8904399373907978391_n.jpg?stp=c0.248.640.640a_dst-jpg_e15_s480x480_tt6&_nc_cat=100&ig_cache_key=MzgzNTMyNzI3ODA3NTUxNTExNQ%3D%3D.3-ccb7-5&ccb=7-5&_nc_sid=58cdad&efg=eyJ2ZW5jb2RlX3RhZyI6InhwaWRzLjY0MHgxMTM2LnNkci5DMiJ9&_nc_ohc=HWGoMzPgKYgQ7kNvwG9fZHJ&_nc_oc=AdnhzwMRNqiyQIT3jLsYUKbCz7y7ZXYofs6emqN8a5LK76-ye3vVjmZzTCInfP34D62LcSbTshwIf7tWetWjdb4P&_nc_ad=z-m&_nc_cid=0&_nc_zt=23&_nc_ht=instagram.fsdu8-2.fna&_nc_gid=gF3DjEIkROiE0AOUe9V1IQ&_nc_ss=8&oh=00_AfsGNCS532TVyYSvvwNf2CBEwYPjyMaIaSe29nCCTzhTUw&oe=69AA42E9
https://instagram.fsdu8-2.fna.fbcdn.net/v/t51.71878-15/632235861_1738594647108945_8904399373907978391_n.jpg?stp=c0.248.640.640a_dst-jpg_e15_s320x320_tt6&_nc_cat=100&ig_cache_key=MzgzNTMyNzI3ODA3NTUxNTExNQ%3D%3D.3-ccb7-5&ccb=7-5&_nc_sid=58cdad&efg=eyJ2ZW5jb2RlX3RhZyI6InhwaWRzLjY0MHgxMTM2LnNkci5DMiJ9&_nc_ohc=HWGoMzPgKYgQ7kNvwG9fZHJ&_nc_oc=AdnhzwMRNqiyQIT3jLsYUKbCz7y7ZXYofs6emqN8a5LK76-ye3vVjmZzTCInfP34D62LcSbTshwIf7tWetWjdb4P&_nc_ad=z-m&_nc_cid=0&_nc_zt=23&_nc_ht=instagram.fsdu8-2.fna&_nc_gid=gF3DjEIkROiE0AOUe9V1IQ&_nc_ss=8&oh=00_AfvHgyEhGDny7LaPIPUO7BGDELFpID8NtneKPb2UYHDq0g&oe=69AA42E9
https://instagram.fsdu8-2.fna.fbcdn.net/v/t51.71878-15/632235861_1738594647108945_8904399373907978391_n.jpg?stp=c0.248.640.640a_dst-jpg_e15_s240x240_tt6&_nc_cat=100&ig_cache_key=MzgzNTMyNzI3ODA3NTUxNTExNQ%3D%3D.3-ccb7-5&ccb=7-5&_nc_sid=58cdad&efg=eyJ2ZW5jb2RlX3RhZyI6InhwaWRzLjY0MHgxMTM2LnNkci5DMiJ9&_nc_ohc=HWGoMzPgKYgQ7kNvwG9fZHJ&_nc_oc=AdnhzwMRNqiyQIT3jLsYUKbCz7y7ZXYofs6emqN8a5LK76-ye3vVjmZzTCInfP34D62LcSbTshwIf7tWetWjdb4P&_nc_ad=z-m&_nc_cid=0&_nc_zt=23&_nc_ht=instagram.fsdu8-2.fna&_nc_gid=gF3DjEIkROiE0AOUe9V1IQ&_nc_ss=8&oh=00_AfsezZYkKUM8MX8DtSZSQ27FPUL7LTz_Hr0GZIFYieFXQg&oe=69AA42E9
https://instagram.fsdu8-2.fna.fbcdn.net/v/t51.71878-15/632235861_1738594647108945_8904399373907978391_n.jpg?stp=c0.248.640.640a_dst-jpg_e15_s150x150_tt6&_nc_cat=100&ig_cache_key=MzgzNTMyNzI3ODA3NTUxNTExNQ%3D%3D.3-ccb7-5&ccb=7-5&_nc_sid=58cdad&efg=eyJ2ZW5jb2RlX3RhZyI6InhwaWRzLjY0MHgxMTM2LnNkci5DMiJ9&_nc_ohc=HWGoMzPgKYgQ7kNvwG9fZHJ&_nc_oc=AdnhzwMRNqiyQIT3jLsYUKbCz7y7ZXYofs6emqN8a5LK76-ye3vVjmZzTCInfP34D62LcSbTshwIf7tWetWjdb4P&_nc_ad=z-m&_nc_cid=0&_nc_zt=23&_nc_ht=instagram.fsdu8-2.fna&_nc_gid=gF3DjEIkROiE0AOUe9V1IQ&_nc_ss=8&oh=00_AfukyL0scMTDF5AI41G6wOqP4uAbbeZVudRcbcwpCV4Zkw&oe=69AA42E9",NA,NO,YES,https://instagram.fsdu8-2.fna.fbcdn.net/o1/v/t16/f2/m69/AQP9ncNWRF2i4jxE4LH1EMbw2ZpLe5gxYeCYtdrDlJnk8h_b7pQNieoVKSpUyLcasMgeVWLqfpUtspSbYZM6hf94.mp4?strext=1&_nc_cat=105&_nc_oc=AdnRM2XhcN60jIEvTZa0s6fLgwtQJGsUzoF4hmm7wBGD4mk1RnSyl6dfqFFmuNINY2Px-d7g-5QLKHNzRRGx_UTL&_nc_sid=5e9851&_nc_ht=instagram.fsdu8-2.fna.fbcdn.net&_nc_ohc=DvIes5mZUckQ7kNvwGfKLhp&efg=eyJ2ZW5jb2RlX3RhZyI6Inhwdl9wcm9ncmVzc2l2ZS5JTlNUQUdSQU0uQ0xJUFMuQzIuNzIwLmRhc2hfYmFzZWxpbmVfMV92MSIsInhwdl9hc3NldF9pZCI6MTc5NDMxNTUyOTIxMjg1MDgsImFzc2V0X2FnZV9kYXlzIjoxMSwidmlfdXNlY2FzZV9pZCI6MTAwOTksImR1cmF0aW9uX3MiOjY1LCJ1cmxnZW5fc291cmNlIjoid3d3In0%3D&ccb=17-1&_nc_gid=gF3DjEIkROiE0AOUe9V1IQ&_nc_ss=8&_nc_zt=28&vs=84e67db649bd09a6&_nc_vs=HBksFQIYOnBhc3N0aHJvdWdoX2V2ZXJzdG9yZS9HTy1xQVNiUlVVV2ZhSjRKQVBtb2Z1SkwyelZQYnNwVEFRQUYVAALIARIAFQIYUWlnX3hwdl9wbGFjZW1lbnRfcGVybWFuZW50X3YyL0Q3NDg4MUI5OTUxMEJFMEM3RDlBQzJBQUUzM0IzOUIyX2F1ZGlvX2Rhc2hpbml0Lm1wNBUCAsgBEgAoABgAGwKIB3VzZV9vaWwBMRJwcm9ncmVzc2l2ZV9yZWNpcGUBMRUAACb4k7LVjM3fPxUCKAJDMiwXQFBzMzMzMzMYEmRhc2hfYmFzZWxpbmVfMV92MREAdf4HZeadAQA&oh=00_AfsqRi9JuDjVDYtS0-i5Y1qAlJeQMMTUfDjclzHyGM7ccg&oe=69AA442F,NA,3194347257,eliasmkjabbour,NA,Sambódromo da Marquês de Sapucaí,NA,NA,-2.2911285822423E13,-4.319690382328E12,Humanização,"Enfatiza a capacidade de ser percebida como próxima, acessível e semelhante aos eleitores, especialmente em termos de estilo de vida",90.91,9.09,0,0,0,0,7.69,0,0,92.31
postagem_107,3834998068412819375,DU4pmyuDiev,"Wed, 18 Feb 2026 04:04:25 GMT",2026-02-18T00:00:00Z,1771387465,Swingueira de Noel arrebentou!!! 💙🤍,NA,4518,39,https://www.instagram.com/p/DU4pmyuDiev/,https://instagram.fsdu8-2.fna.fbcdn.net/v/t51.82787-15/632586325_18445060924107258_3564582452764848801_n.jpg?stp=dst-jpg_e35_tt6&_nc_cat=103&ig_cache_key=MzgzNDk5ODA2ODQxMjgxOTM3NQ%3D%3D.3-ccb7-5&ccb=7-5&_nc_sid=58cdad&efg=eyJ2ZW5jb2RlX3RhZyI6InhwaWRzLjE0NDB4MTkyMC5zZHIuQzIifQ%3D%3D&_nc_ohc=hlsYo4uaKW4Q7kNvwHfK8bp&_nc_oc=AdnX1JoPL_sVpR8PZOmMuAyiGRDtvw1XREr-AB8cFM0UcscUlcNgb4_j3t1RZDQ8ECszjiLRcWI6ebu7F7N_zTtl&_nc_ad=z-m&_nc_cid=0&_nc_zt=23&_nc_ht=instagram.fsdu8-2.fna&_nc_gid=gF3DjEIkROiE0AOUe9V1IQ&_nc_ss=8&oh=00_AfsKY691lO4fAFGlJt67PQRLepLZxGKMsQbxF9VKhhX-dg&oe=69AA5D30,https://instagram.fsdu8-2.fna.fbcdn.net/v/t51.82787-15/632586325_18445060924107258_3564582452764848801_n.jpg?stp=dst-jpg_e35_tt6&_nc_cat=103&ig_cache_key=MzgzNDk5ODA2ODQxMjgxOTM3NQ%3D%3D.3-ccb7-5&ccb=7-5&_nc_sid=58cdad&efg=eyJ2ZW5jb2RlX3RhZyI6InhwaWRzLjE0NDB4MTkyMC5zZHIuQzIifQ%3D%3D&_nc_ohc=hlsYo4uaKW4Q7kNvwHfK8bp&_nc_oc=AdnX1JoPL_sVpR8PZOmMuAyiGRDtvw1XREr-AB8cFM0UcscUlcNgb4_j3t1RZDQ8ECszjiLRcWI6ebu7F7N_zTtl&_nc_ad=z-m&_nc_cid=0&_nc_zt=23&_nc_ht=instagram.fsdu8-2.fna&_nc_gid=gF3DjEIkROiE0AOUe9V1IQ&_nc_ss=8&oh=00_AfsKY691lO4fAFGlJt67PQRLepLZxGKMsQbxF9VKhhX-dg&oe=69AA5D30,"https://instagram.fsdu8-2.fna.fbcdn.net/v/t51.82787-15/632586325_18445060924107258_3564582452764848801_n.jpg?stp=dst-jpg_e35_tt6&_nc_cat=103&ig_cache_key=MzgzNDk5ODA2ODQxMjgxOTM3NQ%3D%3D.3-ccb7-5&ccb=7-5&_nc_sid=58cdad&efg=eyJ2ZW5jb2RlX3RhZyI6InhwaWRzLjE0NDB4MTkyMC5zZHIuQzIifQ%3D%3D&_nc_ohc=hlsYo4uaKW4Q7kNvwHfK8bp&_nc_oc=AdnX1JoPL_sVpR8PZOmMuAyiGRDtvw1XREr-AB8cFM0UcscUlcNgb4_j3t1RZDQ8ECszjiLRcWI6ebu7F7N_zTtl&_nc_ad=z-m&_nc_cid=0&_nc_zt=23&_nc_ht=instagram.fsdu8-2.fna&_nc_gid=gF3DjEIkROiE0AOUe9V1IQ&_nc_ss=8&oh=00_AfsKY691lO4fAFGlJt67PQRLepLZxGKMsQbxF9VKhhX-dg&oe=69AA5D30
https://instagram.fsdu8-2.fna.fbcdn.net/v/t51.82787-15/632586325_18445060924107258_3564582452764848801_n.jpg?stp=dst-jpg_e35_p1080x1080_tt6&_nc_cat=103&ig_cache_key=MzgzNDk5ODA2ODQxMjgxOTM3NQ%3D%3D.3-ccb7-5&ccb=7-5&_nc_sid=58cdad&efg=eyJ2ZW5jb2RlX3RhZyI6InhwaWRzLjE0NDB4MTkyMC5zZHIuQzIifQ%3D%3D&_nc_ohc=hlsYo4uaKW4Q7kNvwHfK8bp&_nc_oc=AdnX1JoPL_sVpR8PZOmMuAyiGRDtvw1XREr-AB8cFM0UcscUlcNgb4_j3t1RZDQ8ECszjiLRcWI6ebu7F7N_zTtl&_nc_ad=z-m&_nc_cid=0&_nc_zt=23&_nc_ht=instagram.fsdu8-2.fna&_nc_gid=gF3DjEIkROiE0AOUe9V1IQ&_nc_ss=8&oh=00_AfsCssc5BVSC1GbE2RX_2kwm1Xpe3kGjcf_lqexUVBiIYQ&oe=69AA5D30
https://instagram.fsdu8-2.fna.fbcdn.net/v/t51.82787-15/632586325_18445060924107258_3564582452764848801_n.jpg?stp=dst-jpg_e35_p720x720_tt6&_nc_cat=103&ig_cache_key=MzgzNDk5ODA2ODQxMjgxOTM3NQ%3D%3D.3-ccb7-5&ccb=7-5&_nc_sid=58cdad&efg=eyJ2ZW5jb2RlX3RhZyI6InhwaWRzLjE0NDB4MTkyMC5zZHIuQzIifQ%3D%3D&_nc_ohc=hlsYo4uaKW4Q7kNvwHfK8bp&_nc_oc=AdnX1JoPL_sVpR8PZOmMuAyiGRDtvw1XREr-AB8cFM0UcscUlcNgb4_j3t1RZDQ8ECszjiLRcWI6ebu7F7N_zTtl&_nc_ad=z-m&_nc_cid=0&_nc_zt=23&_nc_ht=instagram.fsdu8-2.fna&_nc_gid=gF3DjEIkROiE0AOUe9V1IQ&_nc_ss=8&oh=00_AfvcjnQQjvEXZ6wq-32DPwQvDuJm35t9RJBsebreiCs-Aw&oe=69AA5D30
https://instagram.fsdu8-2.fna.fbcdn.net/v/t51.82787-15/632586325_18445060924107258_3564582452764848801_n.jpg?stp=dst-jpg_e35_p640x640_sh0.08_tt6&_nc_cat=103&ig_cache_key=MzgzNDk5ODA2ODQxMjgxOTM3NQ%3D%3D.3-ccb7-5&ccb=7-5&_nc_sid=58cdad&efg=eyJ2ZW5jb2RlX3RhZyI6InhwaWRzLjE0NDB4MTkyMC5zZHIuQzIifQ%3D%3D&_nc_ohc=hlsYo4uaKW4Q7kNvwHfK8bp&_nc_oc=AdnX1JoPL_sVpR8PZOmMuAyiGRDtvw1XREr-AB8cFM0UcscUlcNgb4_j3t1RZDQ8ECszjiLRcWI6ebu7F7N_zTtl&_nc_ad=z-m&_nc_cid=0&_nc_zt=23&_nc_ht=instagram.fsdu8-2.fna&_nc_gid=gF3DjEIkROiE0AOUe9V1IQ&_nc_ss=8&oh=00_AfsNnwg0OxwP_E9cWmrIosj27qubMFTGtljok6IYucR-jg&oe=69AA5D30
https://instagram.fsdu8-2.fna.fbcdn.net/v/t51.82787-15/632586325_18445060924107258_3564582452764848801_n.jpg?stp=dst-jpg_e35_s640x640_tt6&_nc_cat=103&ig_cache_key=MzgzNDk5ODA2ODQxMjgxOTM3NQ%3D%3D.3-ccb7-5&ccb=7-5&_nc_sid=58cdad&efg=eyJ2ZW5jb2RlX3RhZyI6InhwaWRzLjE0NDB4MTkyMC5zZHIuQzIifQ%3D%3D&_nc_ohc=hlsYo4uaKW4Q7kNvwHfK8bp&_nc_oc=AdnX1JoPL_sVpR8PZOmMuAyiGRDtvw1XREr-AB8cFM0UcscUlcNgb4_j3t1RZDQ8ECszjiLRcWI6ebu7F7N_zTtl&_nc_ad=z-m&_nc_cid=0&_nc_zt=23&_nc_ht=instagram.fsdu8-2.fna&_nc_gid=gF3DjEIkROiE0AOUe9V1IQ&_nc_ss=8&oh=00_AfstQLVWgbgdmTudPb_PCT7U7NDBuTmFvdR75goc85Z-sA&oe=69AA5D30
https://instagram.fsdu8-2.fna.fbcdn.net/v/t51.82787-15/632586325_18445060924107258_3564582452764848801_n.jpg?stp=dst-jpg_e35_p320x320_tt6&_nc_cat=103&ig_cache_key=MzgzNDk5ODA2ODQxMjgxOTM3NQ%3D%3D.3-ccb7-5&ccb=7-5&_nc_sid=58cdad&efg=eyJ2ZW5jb2RlX3RhZyI6InhwaWRzLjE0NDB4MTkyMC5zZHIuQzIifQ%3D%3D&_nc_ohc=hlsYo4uaKW4Q7kNvwHfK8bp&_nc_oc=AdnX1JoPL_sVpR8PZOmMuAyiGRDtvw1XREr-AB8cFM0UcscUlcNgb4_j3t1RZDQ8ECszjiLRcWI6ebu7F7N_zTtl&_nc_ad=z-m&_nc_cid=0&_nc_zt=23&_nc_ht=instagram.fsdu8-2.fna&_nc_gid=gF3DjEIkROiE0AOUe9V1IQ&_nc_ss=8&oh=00_Afvn3YCRJmI7vfmrScOHxZNuycTHEvKSsPTpClbVNADTwA&oe=69AA5D30
https://instagram.fsdu8-2.fna.fbcdn.net/v/t51.82787-15/632586325_18445060924107258_3564582452764848801_n.jpg?stp=dst-jpg_e35_s320x320_tt6&_nc_cat=103&ig_cache_key=MzgzNDk5ODA2ODQxMjgxOTM3NQ%3D%3D.3-ccb7-5&ccb=7-5&_nc_sid=58cdad&efg=eyJ2ZW5jb2RlX3RhZyI6InhwaWRzLjE0NDB4MTkyMC5zZHIuQzIifQ%3D%3D&_nc_ohc=hlsYo4uaKW4Q7kNvwHfK8bp&_nc_oc=AdnX1JoPL_sVpR8PZOmMuAyiGRDtvw1XREr-AB8cFM0UcscUlcNgb4_j3t1RZDQ8ECszjiLRcWI6ebu7F7N_zTtl&_nc_ad=z-m&_nc_cid=0&_nc_zt=23&_nc_ht=instagram.fsdu8-2.fna&_nc_gid=gF3DjEIkROiE0AOUe9V1IQ&_nc_ss=8&oh=00_AftlbK_VQxV0eLgnc5Y7SdhlbOG7j33fQuNy8iYSsgOJdA&oe=69AA5D30
https://instagram.fsdu8-2.fna.fbcdn.net/v/t51.82787-15/632586325_18445060924107258_3564582452764848801_n.jpg?stp=c0.240.1440.1440a_dst-jpg_e35_s1080x1080_tt6&_nc_cat=103&ig_cache_key=MzgzNDk5ODA2ODQxMjgxOTM3NQ%3D%3D.3-ccb7-5&ccb=7-5&_nc_sid=58cdad&efg=eyJ2ZW5jb2RlX3RhZyI6InhwaWRzLjE0NDB4MTkyMC5zZHIuQzIifQ%3D%3D&_nc_ohc=hlsYo4uaKW4Q7kNvwHfK8bp&_nc_oc=AdnX1JoPL_sVpR8PZOmMuAyiGRDtvw1XREr-AB8cFM0UcscUlcNgb4_j3t1RZDQ8ECszjiLRcWI6ebu7F7N_zTtl&_nc_ad=z-m&_nc_cid=0&_nc_zt=23&_nc_ht=instagram.fsdu8-2.fna&_nc_gid=gF3DjEIkROiE0AOUe9V1IQ&_nc_ss=8&oh=00_Afv14C6N2sJC7ll3mQTGBEGGB5beRRoJD38KpWNLrPjndw&oe=69AA5D30
https://instagram.fsdu8-2.fna.fbcdn.net/v/t51.82787-15/632586325_18445060924107258_3564582452764848801_n.jpg?stp=c0.240.1440.1440a_dst-jpg_e35_s750x750_sh0.08_tt6&_nc_cat=103&ig_cache_key=MzgzNDk5ODA2ODQxMjgxOTM3NQ%3D%3D.3-ccb7-5&ccb=7-5&_nc_sid=58cdad&efg=eyJ2ZW5jb2RlX3RhZyI6InhwaWRzLjE0NDB4MTkyMC5zZHIuQzIifQ%3D%3D&_nc_ohc=hlsYo4uaKW4Q7kNvwHfK8bp&_nc_oc=AdnX1JoPL_sVpR8PZOmMuAyiGRDtvw1XREr-AB8cFM0UcscUlcNgb4_j3t1RZDQ8ECszjiLRcWI6ebu7F7N_zTtl&_nc_ad=z-m&_nc_cid=0&_nc_zt=23&_nc_ht=instagram.fsdu8-2.fna&_nc_gid=gF3DjEIkROiE0AOUe9V1IQ&_nc_ss=8&oh=00_AfvMbbSik3w3ECUvRHU10hITPlRtzW2R0W-5B3WBnxHjFQ&oe=69AA5D30
https://instagram.fsdu8-2.fna.fbcdn.net/v/t51.82787-15/632586325_18445060924107258_3564582452764848801_n.jpg?stp=c0.240.1440.1440a_dst-jpg_e35_s640x640_sh0.08_tt6&_nc_cat=103&ig_cache_key=MzgzNDk5ODA2ODQxMjgxOTM3NQ%3D%3D.3-ccb7-5&ccb=7-5&_nc_sid=58cdad&efg=eyJ2ZW5jb2RlX3RhZyI6InhwaWRzLjE0NDB4MTkyMC5zZHIuQzIifQ%3D%3D&_nc_ohc=hlsYo4uaKW4Q7kNvwHfK8bp&_nc_oc=AdnX1JoPL_sVpR8PZOmMuAyiGRDtvw1XREr-AB8cFM0UcscUlcNgb4_j3t1RZDQ8ECszjiLRcWI6ebu7F7N_zTtl&_nc_ad=z-m&_nc_cid=0&_nc_zt=23&_nc_ht=instagram.fsdu8-2.fna&_nc_gid=gF3DjEIkROiE0AOUe9V1IQ&_nc_ss=8&oh=00_AfuvrEAa_pO9waxPIhmTrTZwRSyq8XVSy5IgX5zdT7Stwg&oe=69AA5D30
https://instagram.fsdu8-2.fna.fbcdn.net/v/t51.82787-15/632586325_18445060924107258_3564582452764848801_n.jpg?stp=c0.240.1440.1440a_dst-jpg_e35_s480x480_tt6&_nc_cat=103&ig_cache_key=MzgzNDk5ODA2ODQxMjgxOTM3NQ%3D%3D.3-ccb7-5&ccb=7-5&_nc_sid=58cdad&efg=eyJ2ZW5jb2RlX3RhZyI6InhwaWRzLjE0NDB4MTkyMC5zZHIuQzIifQ%3D%3D&_nc_ohc=hlsYo4uaKW4Q7kNvwHfK8bp&_nc_oc=AdnX1JoPL_sVpR8PZOmMuAyiGRDtvw1XREr-AB8cFM0UcscUlcNgb4_j3t1RZDQ8ECszjiLRcWI6ebu7F7N_zTtl&_nc_ad=z-m&_nc_cid=0&_nc_zt=23&_nc_ht=instagram.fsdu8-2.fna&_nc_gid=gF3DjEIkROiE0AOUe9V1IQ&_nc_ss=8&oh=00_AfvJzji2W5A3sFxeHazrLVM-dbwjbw9wENYiw-Dm3up16w&oe=69AA5D30
https://instagram.fsdu8-2.fna.fbcdn.net/v/t51.82787-15/632586325_18445060924107258_3564582452764848801_n.jpg?stp=c0.240.1440.1440a_dst-jpg_e35_s320x320_tt6&_nc_cat=103&ig_cache_key=MzgzNDk5ODA2ODQxMjgxOTM3NQ%3D%3D.3-ccb7-5&ccb=7-5&_nc_sid=58cdad&efg=eyJ2ZW5jb2RlX3RhZyI6InhwaWRzLjE0NDB4MTkyMC5zZHIuQzIifQ%3D%3D&_nc_ohc=hlsYo4uaKW4Q7kNvwHfK8bp&_nc_oc=AdnX1JoPL_sVpR8PZOmMuAyiGRDtvw1XREr-AB8cFM0UcscUlcNgb4_j3t1RZDQ8ECszjiLRcWI6ebu7F7N_zTtl&_nc_ad=z-m&_nc_cid=0&_nc_zt=23&_nc_ht=instagram.fsdu8-2.fna&_nc_gid=gF3DjEIkROiE0AOUe9V1IQ&_nc_ss=8&oh=00_AftlYrr2qoy2P9lNIBVPqXkmyKvlJEASBKb9aULAmGJ0Ng&oe=69AA5D30
https://instagram.fsdu8-2.fna.fbcdn.net/v/t51.82787-15/632586325_18445060924107258_3564582452764848801_n.jpg?stp=c0.240.1440.1440a_dst-jpg_e35_s240x240_tt6&_nc_cat=103&ig_cache_key=MzgzNDk5ODA2ODQxMjgxOTM3NQ%3D%3D.3-ccb7-5&ccb=7-5&_nc_sid=58cdad&efg=eyJ2ZW5jb2RlX3RhZyI6InhwaWRzLjE0NDB4MTkyMC5zZHIuQzIifQ%3D%3D&_nc_ohc=hlsYo4uaKW4Q7kNvwHfK8bp&_nc_oc=AdnX1JoPL_sVpR8PZOmMuAyiGRDtvw1XREr-AB8cFM0UcscUlcNgb4_j3t1RZDQ8ECszjiLRcWI6ebu7F7N_zTtl&_nc_ad=z-m&_nc_cid=0&_nc_zt=23&_nc_ht=instagram.fsdu8-2.fna&_nc_gid=gF3DjEIkROiE0AOUe9V1IQ&_nc_ss=8&oh=00_Afs5J8qaW9FaUTiHPm-Lr6PuFcp0oDgfLQAac5DJpV9dLA&oe=69AA5D30
https://instagram.fsdu8-2.fna.fbcdn.net/v/t51.82787-15/632586325_18445060924107258_3564582452764848801_n.jpg?stp=c0.240.1440.1440a_dst-jpg_e35_s150x150_tt6&_nc_cat=103&ig_cache_key=MzgzNDk5ODA2ODQxMjgxOTM3NQ%3D%3D.3-ccb7-5&ccb=7-5&_nc_sid=58cdad&efg=eyJ2ZW5jb2RlX3RhZyI6InhwaWRzLjE0NDB4MTkyMC5zZHIuQzIifQ%3D%3D&_nc_ohc=hlsYo4uaKW4Q7kNvwHfK8bp&_nc_oc=AdnX1JoPL_sVpR8PZOmMuAyiGRDtvw1XREr-AB8cFM0UcscUlcNgb4_j3t1RZDQ8ECszjiLRcWI6ebu7F7N_zTtl&_nc_ad=z-m&_nc_cid=0&_nc_zt=23&_nc_ht=instagram.fsdu8-2.fna&_nc_gid=gF3DjEIkROiE0AOUe9V1IQ&_nc_ss=8&oh=00_AfsHCFIoojoEOai24QtZ00JC7nFFFMX7ZvBm8TGYOZpdUQ&oe=69AA5D30",NA,NO,NO,NA,NA,3194347257,eliasmkjabbour,NA,NA,NA,NA,NA,NA,Humanização,"Enfatiza a capacidade de ser percebida como próxima, acessível e semelhante aos eleitores, especialmente em termos de estilo de vida",33.33,66.67,0,0,0,0,0,100,0,0
postagem_106,3834930540252675216,DU4aQIODryQ,"Wed, 18 Feb 2026 01:49:26 GMT",2026-02-18T00:00:00Z,1771379366,"É hoje! VILA!!!!!!! @swingueiradenoel

📸@rsantosarantes",NA,22660,167,https://www.instagram.com/p/DU4aQIODryQ/,https://instagram.fsdu8-2.fna.fbcdn.net/v/t51.82787-15/633704042_18445049032107258_3483586936027869325_n.jpg?stp=dst-jpg_e35_tt6&_nc_cat=105&ig_cache_key=MzgzNDkyOTk1OTYwMTYzMjE4Ng%3D%3D.3-ccb7-5&ccb=7-5&_nc_sid=58cdad&efg=eyJ2ZW5jb2RlX3RhZyI6InhwaWRzLjE0NDB4MTkyMC5zZHIuQzIifQ%3D%3D&_nc_ohc=FnUch_JO0Q8Q7kNvwEKtkoe&_nc_oc=Adm7KmD7ZOwr14prBW8x8PoEz1uoHc815D8bw-X03N9mFxa9ZdhK4W33_A9L6_N63zOrMEh8ZzIRvk4PcDRsxL6P&_nc_ad=z-m&_nc_cid=0&_nc_zt=23&_nc_ht=instagram.fsdu8-2.fna&_nc_gid=gF3DjEIkROiE0AOUe9V1IQ&_nc_ss=8&oh=00_Afv7iE-kbSaTz-zmo0E94nTpHNLIpmOTwGUssme7WLQDTA&oe=69AA57B1,https://instagram.fsdu8-2.fna.fbcdn.net/v/t51.82787-15/633704042_18445049032107258_3483586936027869325_n.jpg?stp=dst-jpg_e35_tt6&_nc_cat=105&ig_cache_key=MzgzNDkyOTk1OTYwMTYzMjE4Ng%3D%3D.3-ccb7-5&ccb=7-5&_nc_sid=58cdad&efg=eyJ2ZW5jb2RlX3RhZyI6InhwaWRzLjE0NDB4MTkyMC5zZHIuQzIifQ%3D%3D&_nc_ohc=FnUch_JO0Q8Q7kNvwEKtkoe&_nc_oc=Adm7KmD7ZOwr14prBW8x8PoEz1uoHc815D8bw-X03N9mFxa9ZdhK4W33_A9L6_N63zOrMEh8ZzIRvk4PcDRsxL6P&_nc_ad=z-m&_nc_cid=0&_nc_zt=23&_nc_ht=instagram.fsdu8-2.fna&_nc_gid=gF3DjEIkROiE0AOUe9V1IQ&_nc_ss=8&oh=00_Afv7iE-kbSaTz-zmo0E94nTpHNLIpmOTwGUssme7WLQDTA&oe=69AA57B1,"https://instagram.fsdu8-2.fna.fbcdn.net/v/t51.82787-15/633704042_18445049032107258_3483586936027869325_n.jpg?stp=dst-jpg_e35_tt6&_nc_cat=105&ig_cache_key=MzgzNDkyOTk1OTYwMTYzMjE4Ng%3D%3D.3-ccb7-5&ccb=7-5&_nc_sid=58cdad&efg=eyJ2ZW5jb2RlX3RhZyI6InhwaWRzLjE0NDB4MTkyMC5zZHIuQzIifQ%3D%3D&_nc_ohc=FnUch_JO0Q8Q7kNvwEKtkoe&_nc_oc=Adm7KmD7ZOwr14prBW8x8PoEz1uoHc815D8bw-X03N9mFxa9ZdhK4W33_A9L6_N63zOrMEh8ZzIRvk4PcDRsxL6P&_nc_ad=z-m&_nc_cid=0&_nc_zt=23&_nc_ht=instagram.fsdu8-2.fna&_nc_gid=gF3DjEIkROiE0AOUe9V1IQ&_nc_ss=8&oh=00_Afv7iE-kbSaTz-zmo0E94nTpHNLIpmOTwGUssme7WLQDTA&oe=69AA57B1
https://instagram.fsdu8-2.fna.fbcdn.net/v/t51.82787-15/628906996_18445049041107258_7220243003211548638_n.jpg?stp=dst-jpg_e35_tt6&_nc_cat=107&ig_cache_key=MzgzNDkyOTk2NDk5NTQ5Njg5Ng%3D%3D.3-ccb7-5&ccb=7-5&_nc_sid=58cdad&efg=eyJ2ZW5jb2RlX3RhZyI6InhwaWRzLjE0NDB4MTkyMC5zZHIuQzIifQ%3D%3D&_nc_ohc=4wQT4FD0OrwQ7kNvwGpgz21&_nc_oc=AdnpjlR69vCf534Y5zY4oIHYQfc9gFOO0mt0YR2nCY1O2pnxMCeGu_opNmgvYe38caK9YbZBfBGbKZiKontykAAJ&_nc_ad=z-m&_nc_cid=0&_nc_zt=23&_nc_ht=instagram.fsdu8-2.fna&_nc_gid=gF3DjEIkROiE0AOUe9V1IQ&_nc_ss=8&oh=00_Afv6Dkf8erK67nI_Fu32vIiZmu-g4B370PFjVn9jblHIDg&oe=69AA536D","https://instagram.fsdu8-2.fna.fbcdn.net/v/t51.82787-15/633704042_18445049032107258_3483586936027869325_n.jpg?stp=dst-jpg_e35_tt6&_nc_cat=105&ig_cache_key=MzgzNDkyOTk1OTYwMTYzMjE4Ng%3D%3D.3-ccb7-5&ccb=7-5&_nc_sid=58cdad&efg=eyJ2ZW5jb2RlX3RhZyI6InhwaWRzLjE0NDB4MTkyMC5zZHIuQzIifQ%3D%3D&_nc_ohc=FnUch_JO0Q8Q7kNvwEKtkoe&_nc_oc=Adm7KmD7ZOwr14prBW8x8PoEz1uoHc815D8bw-X03N9mFxa9ZdhK4W33_A9L6_N63zOrMEh8ZzIRvk4PcDRsxL6P&_nc_ad=z-m&_nc_cid=0&_nc_zt=23&_nc_ht=instagram.fsdu8-2.fna&_nc_gid=gF3DjEIkROiE0AOUe9V1IQ&_nc_ss=8&oh=00_Afv7iE-kbSaTz-zmo0E94nTpHNLIpmOTwGUssme7WLQDTA&oe=69AA57B1
https://instagram.fsdu8-2.fna.fbcdn.net/v/t51.82787-15/628906996_18445049041107258_7220243003211548638_n.jpg?stp=dst-jpg_e35_tt6&_nc_cat=107&ig_cache_key=MzgzNDkyOTk2NDk5NTQ5Njg5Ng%3D%3D.3-ccb7-5&ccb=7-5&_nc_sid=58cdad&efg=eyJ2ZW5jb2RlX3RhZyI6InhwaWRzLjE0NDB4MTkyMC5zZHIuQzIifQ%3D%3D&_nc_ohc=4wQT4FD0OrwQ7kNvwGpgz21&_nc_oc=AdnpjlR69vCf534Y5zY4oIHYQfc9gFOO0mt0YR2nCY1O2pnxMCeGu_opNmgvYe38caK9YbZBfBGbKZiKontykAAJ&_nc_ad=z-m&_nc_cid=0&_nc_zt=23&_nc_ht=instagram.fsdu8-2.fna&_nc_gid=gF3DjEIkROiE0AOUe9V1IQ&_nc_ss=8&oh=00_Afv6Dkf8erK67nI_Fu32vIiZmu-g4B370PFjVn9jblHIDg&oe=69AA536D",YES,NO,NA,NA,3194347257,eliasmkjabbour,NA,Sambódromo da Marquês de Sapucaí,NA,NA,-2.2911285822423E13,-4.319690382328E12,Humanização,"Enfatiza a capacidade de ser percebida como próxima, acessível e semelhante aos eleitores, especialmente em termos de estilo de vida",75,25,0,20,20,0,0,0,0,60
postagem_105,3834096847430760869,DU1csTRjjml,"Mon, 16 Feb 2026 22:13:57 GMT",2026-02-16T00:00:00Z,1771280037,"Chora, @deltandallagnol.",NA,39196,2087,https://www.instagram.com/p/DU1csTRjjml/,https://instagram.fsdu8-2.fna.fbcdn.net/v/t51.71878-15/634850595_1272923081347899_5630876489492317364_n.jpg?stp=dst-jpegr_e15_tt6&_nc_cat=105&ig_cache_key=MzgzNDA5Njg0NzQzMDc2MDg2OQ%3D%3D.3-ccb7-5&ccb=7-5&_nc_sid=58cdad&efg=eyJ2ZW5jb2RlX3RhZyI6InhwaWRzLjY0MHgxMTM2Lmhkci5DMiJ9&_nc_ohc=GPqMIkzPDAMQ7kNvwEbK_vO&_nc_oc=AdlZQ6KuuvnSh7nuUtV4aE1kmPrkIn2YmIMEoz5bonqbsoCad2R-pdGPdP_GbarZbPTox5ejIGmeUvFya9XHUEMi&_nc_ad=z-m&_nc_cid=0&_nc_zt=23&se=-1&_nc_ht=instagram.fsdu8-2.fna&_nc_gid=gF3DjEIkROiE0AOUe9V1IQ&_nc_ss=8&oh=00_Afvr1GrgQdgFYx4-sX_qPtNOzNRYVHg3U3rTAOjJvSzZoA&oe=69AA4396,https://instagram.fsdu8-2.fna.fbcdn.net/v/t51.71878-15/634850595_1272923081347899_5630876489492317364_n.jpg?stp=dst-jpegr_e15_tt6&_nc_cat=105&ig_cache_key=MzgzNDA5Njg0NzQzMDc2MDg2OQ%3D%3D.3-ccb7-5&ccb=7-5&_nc_sid=58cdad&efg=eyJ2ZW5jb2RlX3RhZyI6InhwaWRzLjY0MHgxMTM2Lmhkci5DMiJ9&_nc_ohc=GPqMIkzPDAMQ7kNvwEbK_vO&_nc_oc=AdlZQ6KuuvnSh7nuUtV4aE1kmPrkIn2YmIMEoz5bonqbsoCad2R-pdGPdP_GbarZbPTox5ejIGmeUvFya9XHUEMi&_nc_ad=z-m&_nc_cid=0&_nc_zt=23&se=-1&_nc_ht=instagram.fsdu8-2.fna&_nc_gid=gF3DjEIkROiE0AOUe9V1IQ&_nc_ss=8&oh=00_Afvr1GrgQdgFYx4-sX_qPtNOzNRYVHg3U3rTAOjJvSzZoA&oe=69AA4396,"https://instagram.fsdu8-2.fna.fbcdn.net/v/t51.71878-15/634850595_1272923081347899_5630876489492317364_n.jpg?stp=dst-jpegr_e15_tt6&_nc_cat=105&ig_cache_key=MzgzNDA5Njg0NzQzMDc2MDg2OQ%3D%3D.3-ccb7-5&ccb=7-5&_nc_sid=58cdad&efg=eyJ2ZW5jb2RlX3RhZyI6InhwaWRzLjY0MHgxMTM2Lmhkci5DMiJ9&_nc_ohc=GPqMIkzPDAMQ7kNvwEbK_vO&_nc_oc=AdlZQ6KuuvnSh7nuUtV4aE1kmPrkIn2YmIMEoz5bonqbsoCad2R-pdGPdP_GbarZbPTox5ejIGmeUvFya9XHUEMi&_nc_ad=z-m&_nc_cid=0&_nc_zt=23&se=-1&_nc_ht=instagram.fsdu8-2.fna&_nc_gid=gF3DjEIkROiE0AOUe9V1IQ&_nc_ss=8&oh=00_Afvr1GrgQdgFYx4-sX_qPtNOzNRYVHg3U3rTAOjJvSzZoA&oe=69AA4396
https://instagram.fsdu8-2.fna.fbcdn.net/v/t51.71878-15/634850595_1272923081347899_5630876489492317364_n.jpg?stp=dst-jpegr_e15_p480x480_tt6&_nc_cat=105&ig_cache_key=MzgzNDA5Njg0NzQzMDc2MDg2OQ%3D%3D.3-ccb7-5&ccb=7-5&_nc_sid=58cdad&efg=eyJ2ZW5jb2RlX3RhZyI6InhwaWRzLjY0MHgxMTM2Lmhkci5DMiJ9&_nc_ohc=GPqMIkzPDAMQ7kNvwEbK_vO&_nc_oc=AdlZQ6KuuvnSh7nuUtV4aE1kmPrkIn2YmIMEoz5bonqbsoCad2R-pdGPdP_GbarZbPTox5ejIGmeUvFya9XHUEMi&_nc_ad=z-m&_nc_cid=0&_nc_zt=23&se=-1&_nc_ht=instagram.fsdu8-2.fna&_nc_gid=gF3DjEIkROiE0AOUe9V1IQ&_nc_ss=8&oh=00_AfsJ2VPDP8N_pu4rZXDhMSEyyQ_fkxg4wihrGp4K5tegkA&oe=69AA4396
https://instagram.fsdu8-2.fna.fbcdn.net/v/t51.71878-15/634850595_1272923081347899_5630876489492317364_n.jpg?stp=dst-jpegr_e15_p320x320_tt6&_nc_cat=105&ig_cache_key=MzgzNDA5Njg0NzQzMDc2MDg2OQ%3D%3D.3-ccb7-5&ccb=7-5&_nc_sid=58cdad&efg=eyJ2ZW5jb2RlX3RhZyI6InhwaWRzLjY0MHgxMTM2Lmhkci5DMiJ9&_nc_ohc=GPqMIkzPDAMQ7kNvwEbK_vO&_nc_oc=AdlZQ6KuuvnSh7nuUtV4aE1kmPrkIn2YmIMEoz5bonqbsoCad2R-pdGPdP_GbarZbPTox5ejIGmeUvFya9XHUEMi&_nc_ad=z-m&_nc_cid=0&_nc_zt=23&se=-1&_nc_ht=instagram.fsdu8-2.fna&_nc_gid=gF3DjEIkROiE0AOUe9V1IQ&_nc_ss=8&oh=00_AfsniX2MoSlP2RpcydMkKbzqzAdk1NX-lQolFK7iwm6yWA&oe=69AA4396
https://instagram.fsdu8-2.fna.fbcdn.net/v/t51.71878-15/634850595_1272923081347899_5630876489492317364_n.jpg?stp=dst-jpegr_e15_p240x240_tt6&_nc_cat=105&ig_cache_key=MzgzNDA5Njg0NzQzMDc2MDg2OQ%3D%3D.3-ccb7-5&ccb=7-5&_nc_sid=58cdad&efg=eyJ2ZW5jb2RlX3RhZyI6InhwaWRzLjY0MHgxMTM2Lmhkci5DMiJ9&_nc_ohc=GPqMIkzPDAMQ7kNvwEbK_vO&_nc_oc=AdlZQ6KuuvnSh7nuUtV4aE1kmPrkIn2YmIMEoz5bonqbsoCad2R-pdGPdP_GbarZbPTox5ejIGmeUvFya9XHUEMi&_nc_ad=z-m&_nc_cid=0&_nc_zt=23&se=-1&_nc_ht=instagram.fsdu8-2.fna&_nc_gid=gF3DjEIkROiE0AOUe9V1IQ&_nc_ss=8&oh=00_AfvnRgonscxIC5TWWeG5jWXc0CoHsx2qtpG-P0crYjsW6g&oe=69AA4396
https://instagram.fsdu8-2.fna.fbcdn.net/v/t51.71878-15/634850595_1272923081347899_5630876489492317364_n.jpg?stp=c0.248.640.640a_dst-jpegr_e15_s640x639_tt6&_nc_cat=105&ig_cache_key=MzgzNDA5Njg0NzQzMDc2MDg2OQ%3D%3D.3-ccb7-5&ccb=7-5&_nc_sid=58cdad&efg=eyJ2ZW5jb2RlX3RhZyI6InhwaWRzLjY0MHgxMTM2Lmhkci5DMiJ9&_nc_ohc=GPqMIkzPDAMQ7kNvwEbK_vO&_nc_oc=AdlZQ6KuuvnSh7nuUtV4aE1kmPrkIn2YmIMEoz5bonqbsoCad2R-pdGPdP_GbarZbPTox5ejIGmeUvFya9XHUEMi&_nc_ad=z-m&_nc_cid=0&_nc_zt=23&se=-1&_nc_ht=instagram.fsdu8-2.fna&_nc_gid=gF3DjEIkROiE0AOUe9V1IQ&_nc_ss=8&oh=00_Afs-zSey2m_i4rIbbUoeE9tK9qyGT2hFVDQ_5z3dnLO7hg&oe=69AA4396
https://instagram.fsdu8-2.fna.fbcdn.net/v/t51.71878-15/634850595_1272923081347899_5630876489492317364_n.jpg?stp=c0.248.640.640a_dst-jpegr_e15_s640x639_tt6&_nc_cat=105&ig_cache_key=MzgzNDA5Njg0NzQzMDc2MDg2OQ%3D%3D.3-ccb7-5&ccb=7-5&_nc_sid=58cdad&efg=eyJ2ZW5jb2RlX3RhZyI6InhwaWRzLjY0MHgxMTM2Lmhkci5DMiJ9&_nc_ohc=GPqMIkzPDAMQ7kNvwEbK_vO&_nc_oc=AdlZQ6KuuvnSh7nuUtV4aE1kmPrkIn2YmIMEoz5bonqbsoCad2R-pdGPdP_GbarZbPTox5ejIGmeUvFya9XHUEMi&_nc_ad=z-m&_nc_cid=0&_nc_zt=23&se=-1&_nc_ht=instagram.fsdu8-2.fna&_nc_gid=gF3DjEIkROiE0AOUe9V1IQ&_nc_ss=8&oh=00_Afs-zSey2m_i4rIbbUoeE9tK9qyGT2hFVDQ_5z3dnLO7hg&oe=69AA4396
https://instagram.fsdu8-2.fna.fbcdn.net/v/t51.71878-15/634850595_1272923081347899_5630876489492317364_n.jpg?stp=c0.248.640.640a_dst-jpegr_e15_s640x639_tt6&_nc_cat=105&ig_cache_key=MzgzNDA5Njg0NzQzMDc2MDg2OQ%3D%3D.3-ccb7-5&ccb=7-5&_nc_sid=58cdad&efg=eyJ2ZW5jb2RlX3RhZyI6InhwaWRzLjY0MHgxMTM2Lmhkci5DMiJ9&_nc_ohc=GPqMIkzPDAMQ7kNvwEbK_vO&_nc_oc=AdlZQ6KuuvnSh7nuUtV4aE1kmPrkIn2YmIMEoz5bonqbsoCad2R-pdGPdP_GbarZbPTox5ejIGmeUvFya9XHUEMi&_nc_ad=z-m&_nc_cid=0&_nc_zt=23&se=-1&_nc_ht=instagram.fsdu8-2.fna&_nc_gid=gF3DjEIkROiE0AOUe9V1IQ&_nc_ss=8&oh=00_Afs-zSey2m_i4rIbbUoeE9tK9qyGT2hFVDQ_5z3dnLO7hg&oe=69AA4396
https://instagram.fsdu8-2.fna.fbcdn.net/v/t51.71878-15/634850595_1272923081347899_5630876489492317364_n.jpg?stp=c0.248.640.640a_dst-jpegr_e15_s480x480_tt6&_nc_cat=105&ig_cache_key=MzgzNDA5Njg0NzQzMDc2MDg2OQ%3D%3D.3-ccb7-5&ccb=7-5&_nc_sid=58cdad&efg=eyJ2ZW5jb2RlX3RhZyI6InhwaWRzLjY0MHgxMTM2Lmhkci5DMiJ9&_nc_ohc=GPqMIkzPDAMQ7kNvwEbK_vO&_nc_oc=AdlZQ6KuuvnSh7nuUtV4aE1kmPrkIn2YmIMEoz5bonqbsoCad2R-pdGPdP_GbarZbPTox5ejIGmeUvFya9XHUEMi&_nc_ad=z-m&_nc_cid=0&_nc_zt=23&se=-1&_nc_ht=instagram.fsdu8-2.fna&_nc_gid=gF3DjEIkROiE0AOUe9V1IQ&_nc_ss=8&oh=00_AfvQxz0bElROZAu-orGGn88Srbw4SYOloXor32hJyo08Cg&oe=69AA4396
https://instagram.fsdu8-2.fna.fbcdn.net/v/t51.71878-15/634850595_1272923081347899_5630876489492317364_n.jpg?stp=c0.248.640.640a_dst-jpegr_e15_s320x320_tt6&_nc_cat=105&ig_cache_key=MzgzNDA5Njg0NzQzMDc2MDg2OQ%3D%3D.3-ccb7-5&ccb=7-5&_nc_sid=58cdad&efg=eyJ2ZW5jb2RlX3RhZyI6InhwaWRzLjY0MHgxMTM2Lmhkci5DMiJ9&_nc_ohc=GPqMIkzPDAMQ7kNvwEbK_vO&_nc_oc=AdlZQ6KuuvnSh7nuUtV4aE1kmPrkIn2YmIMEoz5bonqbsoCad2R-pdGPdP_GbarZbPTox5ejIGmeUvFya9XHUEMi&_nc_ad=z-m&_nc_cid=0&_nc_zt=23&se=-1&_nc_ht=instagram.fsdu8-2.fna&_nc_gid=gF3DjEIkROiE0AOUe9V1IQ&_nc_ss=8&oh=00_Afu4r377irPfToUtXRX1oXvX2mz7llR7TvbR9uFTMJJvIQ&oe=69AA4396
https://instagram.fsdu8-2.fna.fbcdn.net/v/t51.71878-15/634850595_1272923081347899_5630876489492317364_n.jpg?stp=c0.248.640.640a_dst-jpegr_e15_s240x240_tt6&_nc_cat=105&ig_cache_key=MzgzNDA5Njg0NzQzMDc2MDg2OQ%3D%3D.3-ccb7-5&ccb=7-5&_nc_sid=58cdad&efg=eyJ2ZW5jb2RlX3RhZyI6InhwaWRzLjY0MHgxMTM2Lmhkci5DMiJ9&_nc_ohc=GPqMIkzPDAMQ7kNvwEbK_vO&_nc_oc=AdlZQ6KuuvnSh7nuUtV4aE1kmPrkIn2YmIMEoz5bonqbsoCad2R-pdGPdP_GbarZbPTox5ejIGmeUvFya9XHUEMi&_nc_ad=z-m&_nc_cid=0&_nc_zt=23&se=-1&_nc_ht=instagram.fsdu8-2.fna&_nc_gid=gF3DjEIkROiE0AOUe9V1IQ&_nc_ss=8&oh=00_AftM27UAmDWKEYkwOkaQYEXv9daBhcefN_xwkljZLE-ISQ&oe=69AA4396
https://instagram.fsdu8-2.fna.fbcdn.net/v/t51.71878-15/634850595_1272923081347899_5630876489492317364_n.jpg?stp=c0.248.640.640a_dst-jpegr_e15_s150x150_tt6&_nc_cat=105&ig_cache_key=MzgzNDA5Njg0NzQzMDc2MDg2OQ%3D%3D.3-ccb7-5&ccb=7-5&_nc_sid=58cdad&efg=eyJ2ZW5jb2RlX3RhZyI6InhwaWRzLjY0MHgxMTM2Lmhkci5DMiJ9&_nc_ohc=GPqMIkzPDAMQ7kNvwEbK_vO&_nc_oc=AdlZQ6KuuvnSh7nuUtV4aE1kmPrkIn2YmIMEoz5bonqbsoCad2R-pdGPdP_GbarZbPTox5ejIGmeUvFya9XHUEMi&_nc_ad=z-m&_nc_cid=0&_nc_zt=23&se=-1&_nc_ht=instagram.fsdu8-2.fna&_nc_gid=gF3DjEIkROiE0AOUe9V1IQ&_nc_ss=8&oh=00_AfuCQEXDxj5jigpgmqGCsDQOlvKwSLeXaRwofXY1vwOcXA&oe=69AA4396",NA,NO,YES,https://instagram.fsdu8-1.fna.fbcdn.net/o1/v/t16/f2/m69/AQMwb8VsgS0_vGxI9DC5KjyEUKZ2bGQco4M8Zgslw3cn2UWEWkldM53IZh4pAO3lu1XvpQPDd31I3xdv01PyHY9o.mp4?strext=1&_nc_cat=106&_nc_oc=Adl_4PtK_AJYqac4mQnXZdbzdyCakxgTxQwmDJpMWLiNieJNNEZruAkJna64TvvN6xcQzymnXLeSZTU_Kh4TczyI&_nc_sid=5e9851&_nc_ht=instagram.fsdu8-1.fna.fbcdn.net&_nc_ohc=fYoc0oYU-D0Q7kNvwHkw1fU&efg=eyJ2ZW5jb2RlX3RhZyI6Inhwdl9wcm9ncmVzc2l2ZS5JTlNUQUdSQU0uQ0xJUFMuQzIuNzIwLmRhc2hfYmFzZWxpbmVfMV92MSIsInhwdl9hc3NldF9pZCI6MTc5NDI5MzY5NjExMjg1MDgsImFzc2V0X2FnZV9kYXlzIjoxMiwidmlfdXNlY2FzZV9pZCI6MTAwOTksImR1cmF0aW9uX3MiOjEzNCwidXJsZ2VuX3NvdXJjZSI6Ind3dyJ9&ccb=17-1&_nc_gid=gF3DjEIkROiE0AOUe9V1IQ&_nc_ss=8&_nc_zt=28&vs=31b226dad49e1f6d&_nc_vs=HBksFQIYOnBhc3N0aHJvdWdoX2V2ZXJzdG9yZS9HS0poMlNWOTJFdFVvR2RmQUpMV0pfa0djQVZ5YnNwVEFRQUYVAALIARIAFQIYUWlnX3hwdl9wbGFjZW1lbnRfcGVybWFuZW50X3YyL0E3NEQyNkVGODRBRTA3RTFEODY5QUU4RkZBMjQ0NkE5X2F1ZGlvX2Rhc2hpbml0Lm1wNBUCAsgBEgAoABgAGwKIB3VzZV9vaWwBMRJwcm9ncmVzc2l2ZV9yZWNpcGUBMRUAACb44Nz8scDfPxUCKAJDMiwXQGDXdLxqfvoYEmRhc2hfYmFzZWxpbmVfMV92MREAdf4HZeadAQA&oh=00_AfsrRBYDOlraVwBH7o5Z8Iew6JjlXmBek_3euOplLbJ2XQ&oe=69AA6C1E,NA,3194347257,eliasmkjabbour,NA,Rio de Janeiro,NA,NA,-22908.0,-431975.0,Humanização,"Enfatiza a capacidade de ser percebida como próxima, acessível e semelhante aos eleitores, especialmente em termos de estilo de vida",58.33,41.67,33.33,6.67,6.67,6.67,0,0,0,46.67
postagem_103,3833881498349576680,DU0ruj0EaHo,"Mon, 16 Feb 2026 15:05:01 GMT",2026-02-16T00:00:00Z,1771254301,"Em entrevista, o geógrafo Elias Jabbour critica o acordo UE-Mercosul e afirma que livre comércio entre regiões desiguais não gera desenvolvimento. Para ele, o caminho para o Brasil é a reindustrialização.

#mercosul #europa #corte #entrevista #jornalismo",#mercosul #europa #corte #entrevista #jornalismo,7228,196,https://www.instagram.com/p/DU0ruj0EaHo/,https://instagram.fsdu8-2.fna.fbcdn.net/v/t51.71878-15/629655696_2307994749726202_9040204814393288761_n.jpg?stp=dst-jpg_e15_tt6&_nc_cat=107&ig_cache_key=MzgzMzg4MTQ5ODM0OTU3NjY4MA%3D%3D.3-ccb7-5&ccb=7-5&_nc_sid=58cdad&efg=eyJ2ZW5jb2RlX3RhZyI6InhwaWRzLjY0MHgxMTM2LnNkci5DMiJ9&_nc_ohc=Nbn-IBHSSVIQ7kNvwHHen2D&_nc_oc=Adn_zVyJrh6zyU3N7hb2iB80JYUkEpFCkj5aEYKTW0huCIJmawq1i_y-kVI-wVzx2nJvf4I8uS5qG_CoR8BhKFOd&_nc_ad=z-m&_nc_cid=0&_nc_zt=23&_nc_ht=instagram.fsdu8-2.fna&_nc_gid=gF3DjEIkROiE0AOUe9V1IQ&_nc_ss=8&oh=00_AfuGICOVm1YmSKu2I4WwzaO_WsXZ8PXye3Igsus7LaGsSg&oe=69AA5C0B,https://instagram.fsdu8-2.fna.fbcdn.net/v/t51.71878-15/629655696_2307994749726202_9040204814393288761_n.jpg?stp=dst-jpg_e15_tt6&_nc_cat=107&ig_cache_key=MzgzMzg4MTQ5ODM0OTU3NjY4MA%3D%3D.3-ccb7-5&ccb=7-5&_nc_sid=58cdad&efg=eyJ2ZW5jb2RlX3RhZyI6InhwaWRzLjY0MHgxMTM2LnNkci5DMiJ9&_nc_ohc=Nbn-IBHSSVIQ7kNvwHHen2D&_nc_oc=Adn_zVyJrh6zyU3N7hb2iB80JYUkEpFCkj5aEYKTW0huCIJmawq1i_y-kVI-wVzx2nJvf4I8uS5qG_CoR8BhKFOd&_nc_ad=z-m&_nc_cid=0&_nc_zt=23&_nc_ht=instagram.fsdu8-2.fna&_nc_gid=gF3DjEIkROiE0AOUe9V1IQ&_nc_ss=8&oh=00_AfuGICOVm1YmSKu2I4WwzaO_WsXZ8PXye3Igsus7LaGsSg&oe=69AA5C0B,"https://instagram.fsdu8-2.fna.fbcdn.net/v/t51.71878-15/629655696_2307994749726202_9040204814393288761_n.jpg?stp=dst-jpg_e15_tt6&_nc_cat=107&ig_cache_key=MzgzMzg4MTQ5ODM0OTU3NjY4MA%3D%3D.3-ccb7-5&ccb=7-5&_nc_sid=58cdad&efg=eyJ2ZW5jb2RlX3RhZyI6InhwaWRzLjY0MHgxMTM2LnNkci5DMiJ9&_nc_ohc=Nbn-IBHSSVIQ7kNvwHHen2D&_nc_oc=Adn_zVyJrh6zyU3N7hb2iB80JYUkEpFCkj5aEYKTW0huCIJmawq1i_y-kVI-wVzx2nJvf4I8uS5qG_CoR8BhKFOd&_nc_ad=z-m&_nc_cid=0&_nc_zt=23&_nc_ht=instagram.fsdu8-2.fna&_nc_gid=gF3DjEIkROiE0AOUe9V1IQ&_nc_ss=8&oh=00_AfuGICOVm1YmSKu2I4WwzaO_WsXZ8PXye3Igsus7LaGsSg&oe=69AA5C0B
https://instagram.fsdu8-2.fna.fbcdn.net/v/t51.71878-15/629655696_2307994749726202_9040204814393288761_n.jpg?stp=dst-jpg_e15_p480x480_tt6&_nc_cat=107&ig_cache_key=MzgzMzg4MTQ5ODM0OTU3NjY4MA%3D%3D.3-ccb7-5&ccb=7-5&_nc_sid=58cdad&efg=eyJ2ZW5jb2RlX3RhZyI6InhwaWRzLjY0MHgxMTM2LnNkci5DMiJ9&_nc_ohc=Nbn-IBHSSVIQ7kNvwHHen2D&_nc_oc=Adn_zVyJrh6zyU3N7hb2iB80JYUkEpFCkj5aEYKTW0huCIJmawq1i_y-kVI-wVzx2nJvf4I8uS5qG_CoR8BhKFOd&_nc_ad=z-m&_nc_cid=0&_nc_zt=23&_nc_ht=instagram.fsdu8-2.fna&_nc_gid=gF3DjEIkROiE0AOUe9V1IQ&_nc_ss=8&oh=00_AftN744wZmT44KTTDH7nLNEnfeyevEo6P--9Hg3TiLARtA&oe=69AA5C0B
https://instagram.fsdu8-2.fna.fbcdn.net/v/t51.71878-15/629655696_2307994749726202_9040204814393288761_n.jpg?stp=dst-jpg_e15_p320x320_tt6&_nc_cat=107&ig_cache_key=MzgzMzg4MTQ5ODM0OTU3NjY4MA%3D%3D.3-ccb7-5&ccb=7-5&_nc_sid=58cdad&efg=eyJ2ZW5jb2RlX3RhZyI6InhwaWRzLjY0MHgxMTM2LnNkci5DMiJ9&_nc_ohc=Nbn-IBHSSVIQ7kNvwHHen2D&_nc_oc=Adn_zVyJrh6zyU3N7hb2iB80JYUkEpFCkj5aEYKTW0huCIJmawq1i_y-kVI-wVzx2nJvf4I8uS5qG_CoR8BhKFOd&_nc_ad=z-m&_nc_cid=0&_nc_zt=23&_nc_ht=instagram.fsdu8-2.fna&_nc_gid=gF3DjEIkROiE0AOUe9V1IQ&_nc_ss=8&oh=00_AfunP8oGhl_OM57jD0BJ9RHd6c86TGAiSM5Q_6PRXmtMkw&oe=69AA5C0B
https://instagram.fsdu8-2.fna.fbcdn.net/v/t51.71878-15/629655696_2307994749726202_9040204814393288761_n.jpg?stp=dst-jpg_e15_p240x240_tt6&_nc_cat=107&ig_cache_key=MzgzMzg4MTQ5ODM0OTU3NjY4MA%3D%3D.3-ccb7-5&ccb=7-5&_nc_sid=58cdad&efg=eyJ2ZW5jb2RlX3RhZyI6InhwaWRzLjY0MHgxMTM2LnNkci5DMiJ9&_nc_ohc=Nbn-IBHSSVIQ7kNvwHHen2D&_nc_oc=Adn_zVyJrh6zyU3N7hb2iB80JYUkEpFCkj5aEYKTW0huCIJmawq1i_y-kVI-wVzx2nJvf4I8uS5qG_CoR8BhKFOd&_nc_ad=z-m&_nc_cid=0&_nc_zt=23&_nc_ht=instagram.fsdu8-2.fna&_nc_gid=gF3DjEIkROiE0AOUe9V1IQ&_nc_ss=8&oh=00_AfvjmB4dsvOxIhacgdBA9fxOcjRPxNIq04a8uYGJhTdPCg&oe=69AA5C0B
https://instagram.fsdu8-2.fna.fbcdn.net/v/t51.71878-15/629655696_2307994749726202_9040204814393288761_n.jpg?stp=c0.248.640.640a_dst-jpg_e15_s640x639_tt6&_nc_cat=107&ig_cache_key=MzgzMzg4MTQ5ODM0OTU3NjY4MA%3D%3D.3-ccb7-5&ccb=7-5&_nc_sid=58cdad&efg=eyJ2ZW5jb2RlX3RhZyI6InhwaWRzLjY0MHgxMTM2LnNkci5DMiJ9&_nc_ohc=Nbn-IBHSSVIQ7kNvwHHen2D&_nc_oc=Adn_zVyJrh6zyU3N7hb2iB80JYUkEpFCkj5aEYKTW0huCIJmawq1i_y-kVI-wVzx2nJvf4I8uS5qG_CoR8BhKFOd&_nc_ad=z-m&_nc_cid=0&_nc_zt=23&_nc_ht=instagram.fsdu8-2.fna&_nc_gid=gF3DjEIkROiE0AOUe9V1IQ&_nc_ss=8&oh=00_AfswEOtGoTSPnJOfCtclGQqGacN645_k9ZSjQ8mXgG_2lg&oe=69AA5C0B
https://instagram.fsdu8-2.fna.fbcdn.net/v/t51.71878-15/629655696_2307994749726202_9040204814393288761_n.jpg?stp=c0.248.640.640a_dst-jpg_e15_s640x639_tt6&_nc_cat=107&ig_cache_key=MzgzMzg4MTQ5ODM0OTU3NjY4MA%3D%3D.3-ccb7-5&ccb=7-5&_nc_sid=58cdad&efg=eyJ2ZW5jb2RlX3RhZyI6InhwaWRzLjY0MHgxMTM2LnNkci5DMiJ9&_nc_ohc=Nbn-IBHSSVIQ7kNvwHHen2D&_nc_oc=Adn_zVyJrh6zyU3N7hb2iB80JYUkEpFCkj5aEYKTW0huCIJmawq1i_y-kVI-wVzx2nJvf4I8uS5qG_CoR8BhKFOd&_nc_ad=z-m&_nc_cid=0&_nc_zt=23&_nc_ht=instagram.fsdu8-2.fna&_nc_gid=gF3DjEIkROiE0AOUe9V1IQ&_nc_ss=8&oh=00_AfswEOtGoTSPnJOfCtclGQqGacN645_k9ZSjQ8mXgG_2lg&oe=69AA5C0B
https://instagram.fsdu8-2.fna.fbcdn.net/v/t51.71878-15/629655696_2307994749726202_9040204814393288761_n.jpg?stp=c0.248.640.640a_dst-jpg_e15_s640x639_tt6&_nc_cat=107&ig_cache_key=MzgzMzg4MTQ5ODM0OTU3NjY4MA%3D%3D.3-ccb7-5&ccb=7-5&_nc_sid=58cdad&efg=eyJ2ZW5jb2RlX3RhZyI6InhwaWRzLjY0MHgxMTM2LnNkci5DMiJ9&_nc_ohc=Nbn-IBHSSVIQ7kNvwHHen2D&_nc_oc=Adn_zVyJrh6zyU3N7hb2iB80JYUkEpFCkj5aEYKTW0huCIJmawq1i_y-kVI-wVzx2nJvf4I8uS5qG_CoR8BhKFOd&_nc_ad=z-m&_nc_cid=0&_nc_zt=23&_nc_ht=instagram.fsdu8-2.fna&_nc_gid=gF3DjEIkROiE0AOUe9V1IQ&_nc_ss=8&oh=00_AfswEOtGoTSPnJOfCtclGQqGacN645_k9ZSjQ8mXgG_2lg&oe=69AA5C0B
https://instagram.fsdu8-2.fna.fbcdn.net/v/t51.71878-15/629655696_2307994749726202_9040204814393288761_n.jpg?stp=c0.248.640.640a_dst-jpg_e15_s480x480_tt6&_nc_cat=107&ig_cache_key=MzgzMzg4MTQ5ODM0OTU3NjY4MA%3D%3D.3-ccb7-5&ccb=7-5&_nc_sid=58cdad&efg=eyJ2ZW5jb2RlX3RhZyI6InhwaWRzLjY0MHgxMTM2LnNkci5DMiJ9&_nc_ohc=Nbn-IBHSSVIQ7kNvwHHen2D&_nc_oc=Adn_zVyJrh6zyU3N7hb2iB80JYUkEpFCkj5aEYKTW0huCIJmawq1i_y-kVI-wVzx2nJvf4I8uS5qG_CoR8BhKFOd&_nc_ad=z-m&_nc_cid=0&_nc_zt=23&_nc_ht=instagram.fsdu8-2.fna&_nc_gid=gF3DjEIkROiE0AOUe9V1IQ&_nc_ss=8&oh=00_AfufEZ14Sz2JrNcYIqYIz0Ueh0ViBE9DPnjtdaISVDRfoQ&oe=69AA5C0B
https://instagram.fsdu8-2.fna.fbcdn.net/v/t51.71878-15/629655696_2307994749726202_9040204814393288761_n.jpg?stp=c0.248.640.640a_dst-jpg_e15_s320x320_tt6&_nc_cat=107&ig_cache_key=MzgzMzg4MTQ5ODM0OTU3NjY4MA%3D%3D.3-ccb7-5&ccb=7-5&_nc_sid=58cdad&efg=eyJ2ZW5jb2RlX3RhZyI6InhwaWRzLjY0MHgxMTM2LnNkci5DMiJ9&_nc_ohc=Nbn-IBHSSVIQ7kNvwHHen2D&_nc_oc=Adn_zVyJrh6zyU3N7hb2iB80JYUkEpFCkj5aEYKTW0huCIJmawq1i_y-kVI-wVzx2nJvf4I8uS5qG_CoR8BhKFOd&_nc_ad=z-m&_nc_cid=0&_nc_zt=23&_nc_ht=instagram.fsdu8-2.fna&_nc_gid=gF3DjEIkROiE0AOUe9V1IQ&_nc_ss=8&oh=00_AftYlShPo5AX7FdQHf2skwAnsLc2XOAw2eccOMLxBwxC-w&oe=69AA5C0B
https://instagram.fsdu8-2.fna.fbcdn.net/v/t51.71878-15/629655696_2307994749726202_9040204814393288761_n.jpg?stp=c0.248.640.640a_dst-jpg_e15_s240x240_tt6&_nc_cat=107&ig_cache_key=MzgzMzg4MTQ5ODM0OTU3NjY4MA%3D%3D.3-ccb7-5&ccb=7-5&_nc_sid=58cdad&efg=eyJ2ZW5jb2RlX3RhZyI6InhwaWRzLjY0MHgxMTM2LnNkci5DMiJ9&_nc_ohc=Nbn-IBHSSVIQ7kNvwHHen2D&_nc_oc=Adn_zVyJrh6zyU3N7hb2iB80JYUkEpFCkj5aEYKTW0huCIJmawq1i_y-kVI-wVzx2nJvf4I8uS5qG_CoR8BhKFOd&_nc_ad=z-m&_nc_cid=0&_nc_zt=23&_nc_ht=instagram.fsdu8-2.fna&_nc_gid=gF3DjEIkROiE0AOUe9V1IQ&_nc_ss=8&oh=00_AfsdsxnW2oR7DXhr9AIG61O6qZ6-AqhMVaBgcYS8lP5c3A&oe=69AA5C0B
https://instagram.fsdu8-2.fna.fbcdn.net/v/t51.71878-15/629655696_2307994749726202_9040204814393288761_n.jpg?stp=c0.248.640.640a_dst-jpg_e15_s150x150_tt6&_nc_cat=107&ig_cache_key=MzgzMzg4MTQ5ODM0OTU3NjY4MA%3D%3D.3-ccb7-5&ccb=7-5&_nc_sid=58cdad&efg=eyJ2ZW5jb2RlX3RhZyI6InhwaWRzLjY0MHgxMTM2LnNkci5DMiJ9&_nc_ohc=Nbn-IBHSSVIQ7kNvwHHen2D&_nc_oc=Adn_zVyJrh6zyU3N7hb2iB80JYUkEpFCkj5aEYKTW0huCIJmawq1i_y-kVI-wVzx2nJvf4I8uS5qG_CoR8BhKFOd&_nc_ad=z-m&_nc_cid=0&_nc_zt=23&_nc_ht=instagram.fsdu8-2.fna&_nc_gid=gF3DjEIkROiE0AOUe9V1IQ&_nc_ss=8&oh=00_Afs6dLOM4bEepBr7n-uIjH7C4iZ-7eHD1kLkQ2j5wVmK7Q&oe=69AA5C0B",NA,NO,YES,https://instagram.fsdu8-2.fna.fbcdn.net/o1/v/t16/f2/m69/AQNl-UVzlPBQD5FSeX83-hLm4PvclIsfpkBIOR_yVLFnZIFCTxCY8RcwhP_Nw2kbM-Dw4g0Gv4zYMoAb3BOKHZOs.mp4?strext=1&_nc_cat=100&_nc_oc=AdntR6xMNaMD5pKPPwcJL7o0anQd6jbhapXFKx9pD3wi6RbMv51QkQ6gLtIY-FTLeaGfH6ijQqRWOR9w-unClJ1u&_nc_sid=5e9851&_nc_ht=instagram.fsdu8-2.fna.fbcdn.net&_nc_ohc=hWYgsdEolfIQ7kNvwEIpRLV&efg=eyJ2ZW5jb2RlX3RhZyI6Inhwdl9wcm9ncmVzc2l2ZS5JTlNUQUdSQU0uQ0xJUFMuQzIuNzIwLmRhc2hfYmFzZWxpbmVfMV92MSIsInhwdl9hc3NldF9pZCI6MTc4NTQ2OTU3MTE2MTkwOTksImFzc2V0X2FnZV9kYXlzIjoxNSwidmlfdXNlY2FzZV9pZCI6MTAwOTksImR1cmF0aW9uX3MiOjk0LCJ1cmxnZW5fc291cmNlIjoid3d3In0%3D&ccb=17-1&_nc_gid=gF3DjEIkROiE0AOUe9V1IQ&_nc_ss=8&_nc_zt=28&vs=44f1a8c3b2771604&_nc_vs=HBksFQIYOnBhc3N0aHJvdWdoX2V2ZXJzdG9yZS9HRmxleWlXcHpUOFA0Nk1GQUlPN3d6QnlsSjh3YnNwVEFRQUYVAALIARIAFQIYUWlnX3hwdl9wbGFjZW1lbnRfcGVybWFuZW50X3YyL0I3NDNCRDgyNUYwQ0MwMjM4NUZDMDkyODJBMTA1QTg4X2F1ZGlvX2Rhc2hpbml0Lm1wNBUCAsgBEgAoABgAGwKIB3VzZV9vaWwBMRJwcm9ncmVzc2l2ZV9yZWNpcGUBMRUAACa24LW3ibC3PxUCKAJDMiwXQFeoIMSbpeMYEmRhc2hfYmFzZWxpbmVfMV92MREAdf4HZeadAQA&oh=00_AfsGOZ1uBgSun7g-GA77dcXkJ8pHo3szI-4VXOIWRno3Zg&oe=69AA3EFC,NA,78609075098,geopoliticaexpress,NA,NA,NA,NA,NA,NA,Autoridade,"Expressa ser detentora de habilidades, posicionando-se como melhor do que os eleitores em determinados domínios.",57.89,42.11,12.9,16.13,0,9.68,9.68,6.45,16.13,29.03
postagem_102,3833185629660645442,DUyNgVmDghC,"Sun, 15 Feb 2026 16:02:37 GMT",2026-02-15T00:00:00Z,1771171357,"O homem da minha vida 

Renato Rabelo foi o homem mais importante da minha vida. Não é força de expressão. É um fato da minha trajetória, da minha formação política, intelectual e humana.

Eu o conheci ainda no início da década de 1990, quando João Amazonas ainda estava vivo. Em 2004 passei a trabalhar com ele de forma constante. Foram anos de convivência intensa, até 2014, aprendendo diariamente, discutindo o Brasil, a economia, o socialismo.

Tudo o que eu sou devo muito a ele. Minha trajetória, minhas escolhas, minha forma de pensar o país, tudo carrega a marca do Renato.

Renato esteve presente nos momentos decisivos da minha vida. Foi meu maior incentivador. Foi a pessoa que acreditou em mim quando eu ainda não tinha nada a oferecer além de disposição. Foi quem me estendeu a mão nos momentos mais difíceis. Foi quem me ensinou disciplina, método, lealdade e grandeza.

Perdemos um grande brasileiro. Eu perdi uma referência integral. Perdi um amigo. Perdi alguém que moldou quem eu sou.

Obrigado por tudo, Renato.

Eu nunca esquecerei.",NA,6026,80,https://www.instagram.com/p/DUyNgVmDghC/,https://instagram.fsdu8-1.fna.fbcdn.net/v/t51.82787-15/629816127_18444708319107258_998166922331937309_n.jpg?stp=dst-jpg_e35_tt6&_nc_cat=111&ig_cache_key=MzgzMzE4MzcyMDk0MTk4MzUxNA%3D%3D.3-ccb7-5&ccb=7-5&_nc_sid=58cdad&efg=eyJ2ZW5jb2RlX3RhZyI6InhwaWRzLjExMzd4MTEwNS5zZHIuQzIifQ%3D%3D&_nc_ohc=FYxjpRNR1zkQ7kNvwH1eH60&_nc_oc=AdmaWkagIf4S5z9uwXmm5ZXRFZCxdjLxmCTSKl25FULdS9-56NQgCRrBRkVxzepcH3ImTBGiIUYoMnXoeh8h1ccq&_nc_ad=z-m&_nc_cid=0&_nc_zt=23&_nc_ht=instagram.fsdu8-1.fna&_nc_gid=gF3DjEIkROiE0AOUe9V1IQ&_nc_ss=8&oh=00_AfspM_hnWcuApcF97D8rZx2Cm96-wHt9K57m6OJgBv7jUg&oe=69AA5A28,https://instagram.fsdu8-1.fna.fbcdn.net/v/t51.82787-15/629816127_18444708319107258_998166922331937309_n.jpg?stp=dst-jpg_e35_tt6&_nc_cat=111&ig_cache_key=MzgzMzE4MzcyMDk0MTk4MzUxNA%3D%3D.3-ccb7-5&ccb=7-5&_nc_sid=58cdad&efg=eyJ2ZW5jb2RlX3RhZyI6InhwaWRzLjExMzd4MTEwNS5zZHIuQzIifQ%3D%3D&_nc_ohc=FYxjpRNR1zkQ7kNvwH1eH60&_nc_oc=AdmaWkagIf4S5z9uwXmm5ZXRFZCxdjLxmCTSKl25FULdS9-56NQgCRrBRkVxzepcH3ImTBGiIUYoMnXoeh8h1ccq&_nc_ad=z-m&_nc_cid=0&_nc_zt=23&_nc_ht=instagram.fsdu8-1.fna&_nc_gid=gF3DjEIkROiE0AOUe9V1IQ&_nc_ss=8&oh=00_AfspM_hnWcuApcF97D8rZx2Cm96-wHt9K57m6OJgBv7jUg&oe=69AA5A28,"https://instagram.fsdu8-1.fna.fbcdn.net/v/t51.82787-15/629816127_18444708319107258_998166922331937309_n.jpg?stp=dst-jpg_e35_tt6&_nc_cat=111&ig_cache_key=MzgzMzE4MzcyMDk0MTk4MzUxNA%3D%3D.3-ccb7-5&ccb=7-5&_nc_sid=58cdad&efg=eyJ2ZW5jb2RlX3RhZyI6InhwaWRzLjExMzd4MTEwNS5zZHIuQzIifQ%3D%3D&_nc_ohc=FYxjpRNR1zkQ7kNvwH1eH60&_nc_oc=AdmaWkagIf4S5z9uwXmm5ZXRFZCxdjLxmCTSKl25FULdS9-56NQgCRrBRkVxzepcH3ImTBGiIUYoMnXoeh8h1ccq&_nc_ad=z-m&_nc_cid=0&_nc_zt=23&_nc_ht=instagram.fsdu8-1.fna&_nc_gid=gF3DjEIkROiE0AOUe9V1IQ&_nc_ss=8&oh=00_AfspM_hnWcuApcF97D8rZx2Cm96-wHt9K57m6OJgBv7jUg&oe=69AA5A28
https://instagram.fsdu8-2.fna.fbcdn.net/v/t51.82787-15/630137698_18444708346107258_4695869687536690591_n.jpg?stp=dst-jpg_e35_tt6&_nc_cat=109&ig_cache_key=MzgzMzE4MzcyMjMxNzcwMTc5Ng%3D%3D.3-ccb7-5&ccb=7-5&_nc_sid=58cdad&efg=eyJ2ZW5jb2RlX3RhZyI6InhwaWRzLjExNDB4MTExMC5zZHIuQzIifQ%3D%3D&_nc_ohc=7uAKGFT8KxkQ7kNvwEY_iex&_nc_oc=Adk6_DRoGAJ89IIDxbGVTDkFfg6xG3aZWJ70e7V8sEgKG97M01zWzidJXhp3vzzKfAYFOjvSUa24osSf3CuWQKi2&_nc_ad=z-m&_nc_cid=0&_nc_zt=23&_nc_ht=instagram.fsdu8-2.fna&_nc_gid=gF3DjEIkROiE0AOUe9V1IQ&_nc_ss=8&oh=00_AfuwVoOKXpmdMR8R7HBmvx2HWULc93xAj7y-9BnyPU0cVg&oe=69AA5BE3
https://instagram.fsdu8-1.fna.fbcdn.net/v/t51.82787-15/628858786_18444708328107258_2711726036085357671_n.jpg?stp=dst-jpg_e35_tt6&_nc_cat=104&ig_cache_key=MzgzMzE4MzcyMzUzNDA4NDAyOQ%3D%3D.3-ccb7-5&ccb=7-5&_nc_sid=58cdad&efg=eyJ2ZW5jb2RlX3RhZyI6InhwaWRzLjExMzd4MTEwNS5zZHIuQzIifQ%3D%3D&_nc_ohc=musgu8zX7V8Q7kNvwFFd0gY&_nc_oc=Adm_kgxcz-i4kd_tOKWu-ouKvmG33LUfzcjvx3zMVa8imCtKOUHIVKrTeij2KgGnuCm0YsbPV7U2HFeTj9eOvA3E&_nc_ad=z-m&_nc_cid=0&_nc_zt=23&_nc_ht=instagram.fsdu8-1.fna&_nc_gid=gF3DjEIkROiE0AOUe9V1IQ&_nc_ss=8&oh=00_AfvngpOh_JZSwlwKKBXt4kG43yP0EhqEWSMb-3Ck1EQ68Q&oe=69AA468E
https://instagram.fsdu8-2.fna.fbcdn.net/v/t51.82787-15/629747787_18444708337107258_2234419017258418345_n.jpg?stp=dst-jpg_e35_tt6&_nc_cat=100&ig_cache_key=MzgzMzE4MzcyNDA2MjUyNTYyOA%3D%3D.3-ccb7-5&ccb=7-5&_nc_sid=58cdad&efg=eyJ2ZW5jb2RlX3RhZyI6InhwaWRzLjcyNng3MDUuc2RyLkMyIn0%3D&_nc_ohc=OsV7bh79d3oQ7kNvwGtKHWx&_nc_oc=Adl_xXkHFRuB7t88wAgsEV1_7tuCtsB4ssttYNdRk_yHdHNkEiWOIzCdJRDux2I-cREHDQsesLq1iyS3KeSlgIP8&_nc_ad=z-m&_nc_cid=0&_nc_zt=23&_nc_ht=instagram.fsdu8-2.fna&_nc_gid=gF3DjEIkROiE0AOUe9V1IQ&_nc_ss=8&oh=00_Afs3siEU1Ax38rVyFvxUWpzP4x6j0gq_5DUShFdXC7UVLA&oe=69AA5E73
https://instagram.fsdu8-2.fna.fbcdn.net/v/t51.82787-15/632419728_18444708355107258_5529336067112265643_n.jpg?stp=dst-jpg_e15_tt6&_nc_cat=100&ig_cache_key=MzgzMzE4MzcyNzkxMjkxMzQ1Mw%3D%3D.3-ccb7-5&ccb=7-5&_nc_sid=58cdad&efg=eyJ2ZW5jb2RlX3RhZyI6InhwaWRzLjcyMHg3MDEuc2RyLkMyIn0%3D&_nc_ohc=PKcAA0F7DdEQ7kNvwG9_TnY&_nc_oc=Adnx7JoH3aWCmt1qDnthIuS5WdpjvzUAT9DOZalhMSZ2nXMgfINjP44z78kCsv3xXtFK2FWoVAB6gNka8ZTGJRB-&_nc_ad=z-m&_nc_cid=0&_nc_zt=23&_nc_ht=instagram.fsdu8-2.fna&_nc_gid=gF3DjEIkROiE0AOUe9V1IQ&_nc_ss=8&oh=00_AfuGGc73txo2BqKzcoqABX-Uv7yQsymlWSOiyG18HGzseQ&oe=69AA53A7","https://instagram.fsdu8-1.fna.fbcdn.net/v/t51.82787-15/629816127_18444708319107258_998166922331937309_n.jpg?stp=dst-jpg_e35_tt6&_nc_cat=111&ig_cache_key=MzgzMzE4MzcyMDk0MTk4MzUxNA%3D%3D.3-ccb7-5&ccb=7-5&_nc_sid=58cdad&efg=eyJ2ZW5jb2RlX3RhZyI6InhwaWRzLjExMzd4MTEwNS5zZHIuQzIifQ%3D%3D&_nc_ohc=FYxjpRNR1zkQ7kNvwH1eH60&_nc_oc=AdmaWkagIf4S5z9uwXmm5ZXRFZCxdjLxmCTSKl25FULdS9-56NQgCRrBRkVxzepcH3ImTBGiIUYoMnXoeh8h1ccq&_nc_ad=z-m&_nc_cid=0&_nc_zt=23&_nc_ht=instagram.fsdu8-1.fna&_nc_gid=gF3DjEIkROiE0AOUe9V1IQ&_nc_ss=8&oh=00_AfspM_hnWcuApcF97D8rZx2Cm96-wHt9K57m6OJgBv7jUg&oe=69AA5A28
https://instagram.fsdu8-2.fna.fbcdn.net/v/t51.82787-15/630137698_18444708346107258_4695869687536690591_n.jpg?stp=dst-jpg_e35_tt6&_nc_cat=109&ig_cache_key=MzgzMzE4MzcyMjMxNzcwMTc5Ng%3D%3D.3-ccb7-5&ccb=7-5&_nc_sid=58cdad&efg=eyJ2ZW5jb2RlX3RhZyI6InhwaWRzLjExNDB4MTExMC5zZHIuQzIifQ%3D%3D&_nc_ohc=7uAKGFT8KxkQ7kNvwEY_iex&_nc_oc=Adk6_DRoGAJ89IIDxbGVTDkFfg6xG3aZWJ70e7V8sEgKG97M01zWzidJXhp3vzzKfAYFOjvSUa24osSf3CuWQKi2&_nc_ad=z-m&_nc_cid=0&_nc_zt=23&_nc_ht=instagram.fsdu8-2.fna&_nc_gid=gF3DjEIkROiE0AOUe9V1IQ&_nc_ss=8&oh=00_AfuwVoOKXpmdMR8R7HBmvx2HWULc93xAj7y-9BnyPU0cVg&oe=69AA5BE3
https://instagram.fsdu8-1.fna.fbcdn.net/v/t51.82787-15/628858786_18444708328107258_2711726036085357671_n.jpg?stp=dst-jpg_e35_tt6&_nc_cat=104&ig_cache_key=MzgzMzE4MzcyMzUzNDA4NDAyOQ%3D%3D.3-ccb7-5&ccb=7-5&_nc_sid=58cdad&efg=eyJ2ZW5jb2RlX3RhZyI6InhwaWRzLjExMzd4MTEwNS5zZHIuQzIifQ%3D%3D&_nc_ohc=musgu8zX7V8Q7kNvwFFd0gY&_nc_oc=Adm_kgxcz-i4kd_tOKWu-ouKvmG33LUfzcjvx3zMVa8imCtKOUHIVKrTeij2KgGnuCm0YsbPV7U2HFeTj9eOvA3E&_nc_ad=z-m&_nc_cid=0&_nc_zt=23&_nc_ht=instagram.fsdu8-1.fna&_nc_gid=gF3DjEIkROiE0AOUe9V1IQ&_nc_ss=8&oh=00_AfvngpOh_JZSwlwKKBXt4kG43yP0EhqEWSMb-3Ck1EQ68Q&oe=69AA468E
https://instagram.fsdu8-2.fna.fbcdn.net/v/t51.82787-15/629747787_18444708337107258_2234419017258418345_n.jpg?stp=dst-jpg_e35_tt6&_nc_cat=100&ig_cache_key=MzgzMzE4MzcyNDA2MjUyNTYyOA%3D%3D.3-ccb7-5&ccb=7-5&_nc_sid=58cdad&efg=eyJ2ZW5jb2RlX3RhZyI6InhwaWRzLjcyNng3MDUuc2RyLkMyIn0%3D&_nc_ohc=OsV7bh79d3oQ7kNvwGtKHWx&_nc_oc=Adl_xXkHFRuB7t88wAgsEV1_7tuCtsB4ssttYNdRk_yHdHNkEiWOIzCdJRDux2I-cREHDQsesLq1iyS3KeSlgIP8&_nc_ad=z-m&_nc_cid=0&_nc_zt=23&_nc_ht=instagram.fsdu8-2.fna&_nc_gid=gF3DjEIkROiE0AOUe9V1IQ&_nc_ss=8&oh=00_Afs3siEU1Ax38rVyFvxUWpzP4x6j0gq_5DUShFdXC7UVLA&oe=69AA5E73
https://instagram.fsdu8-2.fna.fbcdn.net/v/t51.82787-15/632419728_18444708355107258_5529336067112265643_n.jpg?stp=dst-jpg_e15_tt6&_nc_cat=100&ig_cache_key=MzgzMzE4MzcyNzkxMjkxMzQ1Mw%3D%3D.3-ccb7-5&ccb=7-5&_nc_sid=58cdad&efg=eyJ2ZW5jb2RlX3RhZyI6InhwaWRzLjcyMHg3MDEuc2RyLkMyIn0%3D&_nc_ohc=PKcAA0F7DdEQ7kNvwG9_TnY&_nc_oc=Adnx7JoH3aWCmt1qDnthIuS5WdpjvzUAT9DOZalhMSZ2nXMgfINjP44z78kCsv3xXtFK2FWoVAB6gNka8ZTGJRB-&_nc_ad=z-m&_nc_cid=0&_nc_zt=23&_nc_ht=instagram.fsdu8-2.fna&_nc_gid=gF3DjEIkROiE0AOUe9V1IQ&_nc_ss=8&oh=00_AfuGGc73txo2BqKzcoqABX-Uv7yQsymlWSOiyG18HGzseQ&oe=69AA53A7",YES,NO,NA,NA,3194347257,eliasmkjabbour,NA,NA,NA,NA,NA,NA,Humanização,"Enfatiza a capacidade de ser percebida como próxima, acessível e semelhante aos eleitores, especialmente em termos de estilo de vida",50,50,50,0,0,50,0,0,0,0
postagem_101,3833171794589548076,DUyKXArjn4s,"Sun, 15 Feb 2026 15:37:47 GMT",2026-02-15T00:00:00Z,1771169867,"Nota de pesar: Renato Rabelo, presente!

A Fundação Maurício Grabois despede-se, com profunda tristeza e imenso respeito, de Renato Rabelo, falecido nesta domingo, 15 de fevereiro. Militante comunista, dirigente histórico do Partido Comunista do Brasil e Presidente de Honra da Fundação, Renato dedicou toda a sua vida à luta por um Brasil soberano, democrático e socialista.

Renato pertence à estirpe dos que não se afastam da história quando ela se torna dura. Enfrentou derrotas sem renunciar a princípios, atravessou transformações profundas do mundo sem perder o rumo, soube renovar ideias sem romper com convicções. Sua trajetória foi marcada pela disciplina militante, pelo estudo rigoroso, pela coragem política e por uma coerência rara entre pensamento e ação.

Na Fundação Maurício Grabois, Renato foi formulador, orientador e referência. Teve papel decisivo na consolidação de um programa permanente de estudos sobre o capitalismo contemporâneo, a luta pelo socialismo e os desafios do desenvolvimento nacional. Foi mentor das bases do atual Programa Socialista do PCdoB e contribuiu de maneira duradoura para a formação política de gerações de militantes, quadros e dirigentes.

Ao lado de Maurício Grabois e João Amazonas, Renato Rabelo integra a linhagem histórica de dirigentes que sustentaram, em condições adversas, a reorganização revolucionária do Partido Comunista do Brasil, mantendo viva a chama da resistência, da soberania nacional e da esperança socialista.

A Fundação Maurício Grabois rende homenagem à memória de Renato Rabelo, expressa solidariedade à sua família, aos amigos e camaradas, e reafirma o compromisso de preservar, estudar e projetar o legado político, teórico e moral que ele nos confiou.
Inspirados por sua trajetória, reafirmamos a tarefa histórica que ele ajudou a construir: “Instruí-vos, porque teremos necessidade de toda a nossa inteligência. Agitai-vos, porque teremos necessidade de todo o nosso entusiasmo. Organizai-vos, porque teremos necessidade de toda a nossa força.” (Antonio Gramsci)

São Paulo, 15 de fevereiro de 2026
Fundação Maurício Grabois",NA,3037,222,https://www.instagram.com/p/DUyKXArjn4s/,https://instagram.fsdu8-1.fna.fbcdn.net/v/t51.82787-15/633974564_18344937808238567_1275666872148002070_n.jpg?stp=dst-jpg_e35_tt6&_nc_cat=111&ig_cache_key=MzgzMzE3MTc5NDU4OTU0ODA3Ng%3D%3D.3-ccb7-5&ccb=7-5&_nc_sid=58cdad&efg=eyJ2ZW5jb2RlX3RhZyI6InhwaWRzLjEyODB4MTYwMC5zZHIuQzIifQ%3D%3D&_nc_ohc=dHPdywgNg18Q7kNvwHxz9vp&_nc_oc=AdlLTbE_IBWQGgwuyVtOjp7npc_VDYCHrt61F6ewLHGaGF91BxDYypNKPdeSqn9hqNNEP-ynu2RDiOPx0fwHLaEr&_nc_ad=z-m&_nc_cid=0&_nc_zt=23&_nc_ht=instagram.fsdu8-1.fna&_nc_gid=697xzHBngljE9K1R_gbMow&_nc_ss=8&oh=00_AfuWJ1yN36huOmxxxtci6asARbYCjZ2-qYwy5gcnEH8Oww&oe=69AA3EE6,https://instagram.fsdu8-1.fna.fbcdn.net/v/t51.82787-15/633974564_18344937808238567_1275666872148002070_n.jpg?stp=dst-jpg_e35_tt6&_nc_cat=111&ig_cache_key=MzgzMzE3MTc5NDU4OTU0ODA3Ng%3D%3D.3-ccb7-5&ccb=7-5&_nc_sid=58cdad&efg=eyJ2ZW5jb2RlX3RhZyI6InhwaWRzLjEyODB4MTYwMC5zZHIuQzIifQ%3D%3D&_nc_ohc=dHPdywgNg18Q7kNvwHxz9vp&_nc_oc=AdlLTbE_IBWQGgwuyVtOjp7npc_VDYCHrt61F6ewLHGaGF91BxDYypNKPdeSqn9hqNNEP-ynu2RDiOPx0fwHLaEr&_nc_ad=z-m&_nc_cid=0&_nc_zt=23&_nc_ht=instagram.fsdu8-1.fna&_nc_gid=697xzHBngljE9K1R_gbMow&_nc_ss=8&oh=00_AfuWJ1yN36huOmxxxtci6asARbYCjZ2-qYwy5gcnEH8Oww&oe=69AA3EE6,"https://instagram.fsdu8-1.fna.fbcdn.net/v/t51.82787-15/633974564_18344937808238567_1275666872148002070_n.jpg?stp=dst-jpg_e35_tt6&_nc_cat=111&ig_cache_key=MzgzMzE3MTc5NDU4OTU0ODA3Ng%3D%3D.3-ccb7-5&ccb=7-5&_nc_sid=58cdad&efg=eyJ2ZW5jb2RlX3RhZyI6InhwaWRzLjEyODB4MTYwMC5zZHIuQzIifQ%3D%3D&_nc_ohc=dHPdywgNg18Q7kNvwHxz9vp&_nc_oc=AdlLTbE_IBWQGgwuyVtOjp7npc_VDYCHrt61F6ewLHGaGF91BxDYypNKPdeSqn9hqNNEP-ynu2RDiOPx0fwHLaEr&_nc_ad=z-m&_nc_cid=0&_nc_zt=23&_nc_ht=instagram.fsdu8-1.fna&_nc_gid=697xzHBngljE9K1R_gbMow&_nc_ss=8&oh=00_AfuWJ1yN36huOmxxxtci6asARbYCjZ2-qYwy5gcnEH8Oww&oe=69AA3EE6
https://instagram.fsdu8-1.fna.fbcdn.net/v/t51.82787-15/633974564_18344937808238567_1275666872148002070_n.jpg?stp=dst-jpg_e35_p1080x1080_tt6&_nc_cat=111&ig_cache_key=MzgzMzE3MTc5NDU4OTU0ODA3Ng%3D%3D.3-ccb7-5&ccb=7-5&_nc_sid=58cdad&efg=eyJ2ZW5jb2RlX3RhZyI6InhwaWRzLjEyODB4MTYwMC5zZHIuQzIifQ%3D%3D&_nc_ohc=dHPdywgNg18Q7kNvwHxz9vp&_nc_oc=AdlLTbE_IBWQGgwuyVtOjp7npc_VDYCHrt61F6ewLHGaGF91BxDYypNKPdeSqn9hqNNEP-ynu2RDiOPx0fwHLaEr&_nc_ad=z-m&_nc_cid=0&_nc_zt=23&_nc_ht=instagram.fsdu8-1.fna&_nc_gid=697xzHBngljE9K1R_gbMow&_nc_ss=8&oh=00_Aft-vy9WN2E0HNLXsQ-Ex8eQqh_JG77iet9dPxMFFwFF5w&oe=69AA3EE6
https://instagram.fsdu8-1.fna.fbcdn.net/v/t51.82787-15/633974564_18344937808238567_1275666872148002070_n.jpg?stp=dst-jpg_e35_p720x720_tt6&_nc_cat=111&ig_cache_key=MzgzMzE3MTc5NDU4OTU0ODA3Ng%3D%3D.3-ccb7-5&ccb=7-5&_nc_sid=58cdad&efg=eyJ2ZW5jb2RlX3RhZyI6InhwaWRzLjEyODB4MTYwMC5zZHIuQzIifQ%3D%3D&_nc_ohc=dHPdywgNg18Q7kNvwHxz9vp&_nc_oc=AdlLTbE_IBWQGgwuyVtOjp7npc_VDYCHrt61F6ewLHGaGF91BxDYypNKPdeSqn9hqNNEP-ynu2RDiOPx0fwHLaEr&_nc_ad=z-m&_nc_cid=0&_nc_zt=23&_nc_ht=instagram.fsdu8-1.fna&_nc_gid=697xzHBngljE9K1R_gbMow&_nc_ss=8&oh=00_AfsTPmt5syCae2JCh-U--aLFblIAaNUhtM8QoHcB1PaIkw&oe=69AA3EE6
https://instagram.fsdu8-1.fna.fbcdn.net/v/t51.82787-15/633974564_18344937808238567_1275666872148002070_n.jpg?stp=dst-jpg_e35_p640x640_sh0.08_tt6&_nc_cat=111&ig_cache_key=MzgzMzE3MTc5NDU4OTU0ODA3Ng%3D%3D.3-ccb7-5&ccb=7-5&_nc_sid=58cdad&efg=eyJ2ZW5jb2RlX3RhZyI6InhwaWRzLjEyODB4MTYwMC5zZHIuQzIifQ%3D%3D&_nc_ohc=dHPdywgNg18Q7kNvwHxz9vp&_nc_oc=AdlLTbE_IBWQGgwuyVtOjp7npc_VDYCHrt61F6ewLHGaGF91BxDYypNKPdeSqn9hqNNEP-ynu2RDiOPx0fwHLaEr&_nc_ad=z-m&_nc_cid=0&_nc_zt=23&_nc_ht=instagram.fsdu8-1.fna&_nc_gid=697xzHBngljE9K1R_gbMow&_nc_ss=8&oh=00_Afu981q_-6WJJ-PPgaCk3_YQwtg6FEEQDqe-AUKQFYBkIQ&oe=69AA3EE6
https://instagram.fsdu8-1.fna.fbcdn.net/v/t51.82787-15/633974564_18344937808238567_1275666872148002070_n.jpg?stp=dst-jpg_e35_p480x480_tt6&_nc_cat=111&ig_cache_key=MzgzMzE3MTc5NDU4OTU0ODA3Ng%3D%3D.3-ccb7-5&ccb=7-5&_nc_sid=58cdad&efg=eyJ2ZW5jb2RlX3RhZyI6InhwaWRzLjEyODB4MTYwMC5zZHIuQzIifQ%3D%3D&_nc_ohc=dHPdywgNg18Q7kNvwHxz9vp&_nc_oc=AdlLTbE_IBWQGgwuyVtOjp7npc_VDYCHrt61F6ewLHGaGF91BxDYypNKPdeSqn9hqNNEP-ynu2RDiOPx0fwHLaEr&_nc_ad=z-m&_nc_cid=0&_nc_zt=23&_nc_ht=instagram.fsdu8-1.fna&_nc_gid=697xzHBngljE9K1R_gbMow&_nc_ss=8&oh=00_AftFLBvUQMRZQBiPV4cMdN5OxY8DW_7Zez07h6gXhrgK5Q&oe=69AA3EE6
https://instagram.fsdu8-1.fna.fbcdn.net/v/t51.82787-15/633974564_18344937808238567_1275666872148002070_n.jpg?stp=dst-jpg_e35_p320x320_tt6&_nc_cat=111&ig_cache_key=MzgzMzE3MTc5NDU4OTU0ODA3Ng%3D%3D.3-ccb7-5&ccb=7-5&_nc_sid=58cdad&efg=eyJ2ZW5jb2RlX3RhZyI6InhwaWRzLjEyODB4MTYwMC5zZHIuQzIifQ%3D%3D&_nc_ohc=dHPdywgNg18Q7kNvwHxz9vp&_nc_oc=AdlLTbE_IBWQGgwuyVtOjp7npc_VDYCHrt61F6ewLHGaGF91BxDYypNKPdeSqn9hqNNEP-ynu2RDiOPx0fwHLaEr&_nc_ad=z-m&_nc_cid=0&_nc_zt=23&_nc_ht=instagram.fsdu8-1.fna&_nc_gid=697xzHBngljE9K1R_gbMow&_nc_ss=8&oh=00_AfsG1bv-4kdO9kOOaebSCJphshjiMLQs_iq75SRiapciAw&oe=69AA3EE6
https://instagram.fsdu8-1.fna.fbcdn.net/v/t51.82787-15/633974564_18344937808238567_1275666872148002070_n.jpg?stp=dst-jpg_e35_p240x240_tt6&_nc_cat=111&ig_cache_key=MzgzMzE3MTc5NDU4OTU0ODA3Ng%3D%3D.3-ccb7-5&ccb=7-5&_nc_sid=58cdad&efg=eyJ2ZW5jb2RlX3RhZyI6InhwaWRzLjEyODB4MTYwMC5zZHIuQzIifQ%3D%3D&_nc_ohc=dHPdywgNg18Q7kNvwHxz9vp&_nc_oc=AdlLTbE_IBWQGgwuyVtOjp7npc_VDYCHrt61F6ewLHGaGF91BxDYypNKPdeSqn9hqNNEP-ynu2RDiOPx0fwHLaEr&_nc_ad=z-m&_nc_cid=0&_nc_zt=23&_nc_ht=instagram.fsdu8-1.fna&_nc_gid=697xzHBngljE9K1R_gbMow&_nc_ss=8&oh=00_AfukpsWWqN6WCeBm3m8EG-KrmMNXXdBy1r-dNDbco50a4A&oe=69AA3EE6
https://instagram.fsdu8-1.fna.fbcdn.net/v/t51.82787-15/633974564_18344937808238567_1275666872148002070_n.jpg?stp=c0.160.1280.1280a_dst-jpg_e35_s1080x1080_tt6&_nc_cat=111&ig_cache_key=MzgzMzE3MTc5NDU4OTU0ODA3Ng%3D%3D.3-ccb7-5&ccb=7-5&_nc_sid=58cdad&efg=eyJ2ZW5jb2RlX3RhZyI6InhwaWRzLjEyODB4MTYwMC5zZHIuQzIifQ%3D%3D&_nc_ohc=dHPdywgNg18Q7kNvwHxz9vp&_nc_oc=AdlLTbE_IBWQGgwuyVtOjp7npc_VDYCHrt61F6ewLHGaGF91BxDYypNKPdeSqn9hqNNEP-ynu2RDiOPx0fwHLaEr&_nc_ad=z-m&_nc_cid=0&_nc_zt=23&_nc_ht=instagram.fsdu8-1.fna&_nc_gid=697xzHBngljE9K1R_gbMow&_nc_ss=8&oh=00_AfuV1v6Ae_gINGxPjKEwmuZCBPlQMkR2cAFp2oHief1POg&oe=69AA3EE6
https://instagram.fsdu8-1.fna.fbcdn.net/v/t51.82787-15/633974564_18344937808238567_1275666872148002070_n.jpg?stp=c0.160.1280.1280a_dst-jpg_e35_s750x750_sh0.08_tt6&_nc_cat=111&ig_cache_key=MzgzMzE3MTc5NDU4OTU0ODA3Ng%3D%3D.3-ccb7-5&ccb=7-5&_nc_sid=58cdad&efg=eyJ2ZW5jb2RlX3RhZyI6InhwaWRzLjEyODB4MTYwMC5zZHIuQzIifQ%3D%3D&_nc_ohc=dHPdywgNg18Q7kNvwHxz9vp&_nc_oc=AdlLTbE_IBWQGgwuyVtOjp7npc_VDYCHrt61F6ewLHGaGF91BxDYypNKPdeSqn9hqNNEP-ynu2RDiOPx0fwHLaEr&_nc_ad=z-m&_nc_cid=0&_nc_zt=23&_nc_ht=instagram.fsdu8-1.fna&_nc_gid=697xzHBngljE9K1R_gbMow&_nc_ss=8&oh=00_Afv2VvIliuCXwN9TpEbd9W0IUZamjkx7deZvQUf873AHPQ&oe=69AA3EE6
https://instagram.fsdu8-1.fna.fbcdn.net/v/t51.82787-15/633974564_18344937808238567_1275666872148002070_n.jpg?stp=c0.160.1280.1280a_dst-jpg_e35_s640x640_sh0.08_tt6&_nc_cat=111&ig_cache_key=MzgzMzE3MTc5NDU4OTU0ODA3Ng%3D%3D.3-ccb7-5&ccb=7-5&_nc_sid=58cdad&efg=eyJ2ZW5jb2RlX3RhZyI6InhwaWRzLjEyODB4MTYwMC5zZHIuQzIifQ%3D%3D&_nc_ohc=dHPdywgNg18Q7kNvwHxz9vp&_nc_oc=AdlLTbE_IBWQGgwuyVtOjp7npc_VDYCHrt61F6ewLHGaGF91BxDYypNKPdeSqn9hqNNEP-ynu2RDiOPx0fwHLaEr&_nc_ad=z-m&_nc_cid=0&_nc_zt=23&_nc_ht=instagram.fsdu8-1.fna&_nc_gid=697xzHBngljE9K1R_gbMow&_nc_ss=8&oh=00_AfsoN_5rX7IveEmsTeo2Rw2cTEVguhs3AAZ5fQWZKmIGCg&oe=69AA3EE6
https://instagram.fsdu8-1.fna.fbcdn.net/v/t51.82787-15/633974564_18344937808238567_1275666872148002070_n.jpg?stp=c0.160.1280.1280a_dst-jpg_e35_s480x480_tt6&_nc_cat=111&ig_cache_key=MzgzMzE3MTc5NDU4OTU0ODA3Ng%3D%3D.3-ccb7-5&ccb=7-5&_nc_sid=58cdad&efg=eyJ2ZW5jb2RlX3RhZyI6InhwaWRzLjEyODB4MTYwMC5zZHIuQzIifQ%3D%3D&_nc_ohc=dHPdywgNg18Q7kNvwHxz9vp&_nc_oc=AdlLTbE_IBWQGgwuyVtOjp7npc_VDYCHrt61F6ewLHGaGF91BxDYypNKPdeSqn9hqNNEP-ynu2RDiOPx0fwHLaEr&_nc_ad=z-m&_nc_cid=0&_nc_zt=23&_nc_ht=instagram.fsdu8-1.fna&_nc_gid=697xzHBngljE9K1R_gbMow&_nc_ss=8&oh=00_AfslTyL48k4Mt7pr1kecu0NFbrqrykHBDgMVolKXQPuu3w&oe=69AA3EE6
https://instagram.fsdu8-1.fna.fbcdn.net/v/t51.82787-15/633974564_18344937808238567_1275666872148002070_n.jpg?stp=c0.160.1280.1280a_dst-jpg_e35_s320x320_tt6&_nc_cat=111&ig_cache_key=MzgzMzE3MTc5NDU4OTU0ODA3Ng%3D%3D.3-ccb7-5&ccb=7-5&_nc_sid=58cdad&efg=eyJ2ZW5jb2RlX3RhZyI6InhwaWRzLjEyODB4MTYwMC5zZHIuQzIifQ%3D%3D&_nc_ohc=dHPdywgNg18Q7kNvwHxz9vp&_nc_oc=AdlLTbE_IBWQGgwuyVtOjp7npc_VDYCHrt61F6ewLHGaGF91BxDYypNKPdeSqn9hqNNEP-ynu2RDiOPx0fwHLaEr&_nc_ad=z-m&_nc_cid=0&_nc_zt=23&_nc_ht=instagram.fsdu8-1.fna&_nc_gid=697xzHBngljE9K1R_gbMow&_nc_ss=8&oh=00_Afs_I6cBThuxAh8tULGtTcTcpoxa36wWVwEWWWSSIQDOQw&oe=69AA3EE6
https://instagram.fsdu8-1.fna.fbcdn.net/v/t51.82787-15/633974564_18344937808238567_1275666872148002070_n.jpg?stp=c0.160.1280.1280a_dst-jpg_e35_s240x240_tt6&_nc_cat=111&ig_cache_key=MzgzMzE3MTc5NDU4OTU0ODA3Ng%3D%3D.3-ccb7-5&ccb=7-5&_nc_sid=58cdad&efg=eyJ2ZW5jb2RlX3RhZyI6InhwaWRzLjEyODB4MTYwMC5zZHIuQzIifQ%3D%3D&_nc_ohc=dHPdywgNg18Q7kNvwHxz9vp&_nc_oc=AdlLTbE_IBWQGgwuyVtOjp7npc_VDYCHrt61F6ewLHGaGF91BxDYypNKPdeSqn9hqNNEP-ynu2RDiOPx0fwHLaEr&_nc_ad=z-m&_nc_cid=0&_nc_zt=23&_nc_ht=instagram.fsdu8-1.fna&_nc_gid=697xzHBngljE9K1R_gbMow&_nc_ss=8&oh=00_AfuyL-2vTjRn1FOduhh5m8hezWjBcQylYWc_b2-qlGSbog&oe=69AA3EE6
https://instagram.fsdu8-1.fna.fbcdn.net/v/t51.82787-15/633974564_18344937808238567_1275666872148002070_n.jpg?stp=c0.160.1280.1280a_dst-jpg_e35_s150x150_tt6&_nc_cat=111&ig_cache_key=MzgzMzE3MTc5NDU4OTU0ODA3Ng%3D%3D.3-ccb7-5&ccb=7-5&_nc_sid=58cdad&efg=eyJ2ZW5jb2RlX3RhZyI6InhwaWRzLjEyODB4MTYwMC5zZHIuQzIifQ%3D%3D&_nc_ohc=dHPdywgNg18Q7kNvwHxz9vp&_nc_oc=AdlLTbE_IBWQGgwuyVtOjp7npc_VDYCHrt61F6ewLHGaGF91BxDYypNKPdeSqn9hqNNEP-ynu2RDiOPx0fwHLaEr&_nc_ad=z-m&_nc_cid=0&_nc_zt=23&_nc_ht=instagram.fsdu8-1.fna&_nc_gid=697xzHBngljE9K1R_gbMow&_nc_ss=8&oh=00_AfurRJdJSSnrRkqE5cXRDsVoeyoS2AsFTli2fMdCgvnU1g&oe=69AA3EE6",NA,NO,NO,NA,NA,7130246566,fundacaograbois,NA,NA,NA,NA,NA,NA,Autoridade,"Expressa ser detentora de habilidades, posicionando-se como melhor do que os eleitores em determinados domínios.",33.33,66.67,0,0,25,25,0,25,12.5,12.5
postagem_100,3833089492094160121,DUx3pWgjgz5,"Sun, 15 Feb 2026 12:51:46 GMT",2026-02-15T00:00:00Z,1771159906,"Marco Rubio e a nossa pré-candidatura

Ontem na Conferência de Munique Marco Rubio recoloca a Europa ao lado dos Estados Unidos em busca de um objetivo comum: a recolonização do Sul Global. Foi elogioso aos impérios coloniais e destilou seu ódio ao movimento comunista internacional por destruir essa estrutura.

A esquerda brasileira deve absorver um léxico claramente nacionalista caso queira estar à altura do que está por vir. 

A nossa pré-candidatura a deputado federal é uma resposta nacionalista de esquerda a este estado de coisas no mundo e no Brasil.",NA,5543,63,https://www.instagram.com/p/DUx3pWgjgz5/,https://instagram.fsdu8-2.fna.fbcdn.net/v/t51.82787-15/635177435_18444683305107258_8591257557521962689_n.jpg?stp=dst-jpg_e35_tt6&_nc_cat=108&ig_cache_key=MzgzMzA4OTQ5MjA5NDE2MDEyMQ%3D%3D.3-ccb7-5&ccb=7-5&_nc_sid=58cdad&efg=eyJ2ZW5jb2RlX3RhZyI6InhwaWRzLjExNzl4MTEwMy5zZHIuQzIifQ%3D%3D&_nc_ohc=Z036imjLGbQQ7kNvwFTZSpB&_nc_oc=AdmFGmpveNM0AOnesgnDqcdNfHCLF5FuuGZgFlTMyyB1YJsLfHhKiUv2IfpMg7sCNBP-_Ud9Z1rf-TCySJhmb6CN&_nc_ad=z-m&_nc_cid=0&_nc_zt=23&_nc_ht=instagram.fsdu8-2.fna&_nc_gid=697xzHBngljE9K1R_gbMow&_nc_ss=8&oh=00_AfubPVPzeT0hp1vdBLWN0SynWRnLbyoZsvxMWDYwFPWaqw&oe=69AA4BC5,https://instagram.fsdu8-2.fna.fbcdn.net/v/t51.82787-15/635177435_18444683305107258_8591257557521962689_n.jpg?stp=dst-jpg_e35_tt6&_nc_cat=108&ig_cache_key=MzgzMzA4OTQ5MjA5NDE2MDEyMQ%3D%3D.3-ccb7-5&ccb=7-5&_nc_sid=58cdad&efg=eyJ2ZW5jb2RlX3RhZyI6InhwaWRzLjExNzl4MTEwMy5zZHIuQzIifQ%3D%3D&_nc_ohc=Z036imjLGbQQ7kNvwFTZSpB&_nc_oc=AdmFGmpveNM0AOnesgnDqcdNfHCLF5FuuGZgFlTMyyB1YJsLfHhKiUv2IfpMg7sCNBP-_Ud9Z1rf-TCySJhmb6CN&_nc_ad=z-m&_nc_cid=0&_nc_zt=23&_nc_ht=instagram.fsdu8-2.fna&_nc_gid=697xzHBngljE9K1R_gbMow&_nc_ss=8&oh=00_AfubPVPzeT0hp1vdBLWN0SynWRnLbyoZsvxMWDYwFPWaqw&oe=69AA4BC5,"https://instagram.fsdu8-2.fna.fbcdn.net/v/t51.82787-15/635177435_18444683305107258_8591257557521962689_n.jpg?stp=dst-jpg_e35_tt6&_nc_cat=108&ig_cache_key=MzgzMzA4OTQ5MjA5NDE2MDEyMQ%3D%3D.3-ccb7-5&ccb=7-5&_nc_sid=58cdad&efg=eyJ2ZW5jb2RlX3RhZyI6InhwaWRzLjExNzl4MTEwMy5zZHIuQzIifQ%3D%3D&_nc_ohc=Z036imjLGbQQ7kNvwFTZSpB&_nc_oc=AdmFGmpveNM0AOnesgnDqcdNfHCLF5FuuGZgFlTMyyB1YJsLfHhKiUv2IfpMg7sCNBP-_Ud9Z1rf-TCySJhmb6CN&_nc_ad=z-m&_nc_cid=0&_nc_zt=23&_nc_ht=instagram.fsdu8-2.fna&_nc_gid=697xzHBngljE9K1R_gbMow&_nc_ss=8&oh=00_AfubPVPzeT0hp1vdBLWN0SynWRnLbyoZsvxMWDYwFPWaqw&oe=69AA4BC5
https://instagram.fsdu8-2.fna.fbcdn.net/v/t51.82787-15/635177435_18444683305107258_8591257557521962689_n.jpg?stp=dst-jpg_e35_s720x720_tt6&_nc_cat=108&ig_cache_key=MzgzMzA4OTQ5MjA5NDE2MDEyMQ%3D%3D.3-ccb7-5&ccb=7-5&_nc_sid=58cdad&efg=eyJ2ZW5jb2RlX3RhZyI6InhwaWRzLjExNzl4MTEwMy5zZHIuQzIifQ%3D%3D&_nc_ohc=Z036imjLGbQQ7kNvwFTZSpB&_nc_oc=AdmFGmpveNM0AOnesgnDqcdNfHCLF5FuuGZgFlTMyyB1YJsLfHhKiUv2IfpMg7sCNBP-_Ud9Z1rf-TCySJhmb6CN&_nc_ad=z-m&_nc_cid=0&_nc_zt=23&_nc_ht=instagram.fsdu8-2.fna&_nc_gid=697xzHBngljE9K1R_gbMow&_nc_ss=8&oh=00_Afvzpg8K8PRPx8RumKOJjwZxH1nS4iL3cWRhelZQ3pB5RA&oe=69AA4BC5
https://instagram.fsdu8-2.fna.fbcdn.net/v/t51.82787-15/635177435_18444683305107258_8591257557521962689_n.jpg?stp=dst-jpg_e35_s640x640_sh0.08_tt6&_nc_cat=108&ig_cache_key=MzgzMzA4OTQ5MjA5NDE2MDEyMQ%3D%3D.3-ccb7-5&ccb=7-5&_nc_sid=58cdad&efg=eyJ2ZW5jb2RlX3RhZyI6InhwaWRzLjExNzl4MTEwMy5zZHIuQzIifQ%3D%3D&_nc_ohc=Z036imjLGbQQ7kNvwFTZSpB&_nc_oc=AdmFGmpveNM0AOnesgnDqcdNfHCLF5FuuGZgFlTMyyB1YJsLfHhKiUv2IfpMg7sCNBP-_Ud9Z1rf-TCySJhmb6CN&_nc_ad=z-m&_nc_cid=0&_nc_zt=23&_nc_ht=instagram.fsdu8-2.fna&_nc_gid=697xzHBngljE9K1R_gbMow&_nc_ss=8&oh=00_Afvquy_HP8MaHbbsmoDEf2aVZwa6OXkg-w-dsRw78jFl-A&oe=69AA4BC5
https://instagram.fsdu8-2.fna.fbcdn.net/v/t51.82787-15/635177435_18444683305107258_8591257557521962689_n.jpg?stp=dst-jpg_e35_s480x480_tt6&_nc_cat=108&ig_cache_key=MzgzMzA4OTQ5MjA5NDE2MDEyMQ%3D%3D.3-ccb7-5&ccb=7-5&_nc_sid=58cdad&efg=eyJ2ZW5jb2RlX3RhZyI6InhwaWRzLjExNzl4MTEwMy5zZHIuQzIifQ%3D%3D&_nc_ohc=Z036imjLGbQQ7kNvwFTZSpB&_nc_oc=AdmFGmpveNM0AOnesgnDqcdNfHCLF5FuuGZgFlTMyyB1YJsLfHhKiUv2IfpMg7sCNBP-_Ud9Z1rf-TCySJhmb6CN&_nc_ad=z-m&_nc_cid=0&_nc_zt=23&_nc_ht=instagram.fsdu8-2.fna&_nc_gid=697xzHBngljE9K1R_gbMow&_nc_ss=8&oh=00_AfuuzgWpLVOLy9u_HqdajJ6QYrMKX8E5xVH_NfJMsYE8Hg&oe=69AA4BC5
https://instagram.fsdu8-2.fna.fbcdn.net/v/t51.82787-15/635177435_18444683305107258_8591257557521962689_n.jpg?stp=dst-jpg_e35_s320x320_tt6&_nc_cat=108&ig_cache_key=MzgzMzA4OTQ5MjA5NDE2MDEyMQ%3D%3D.3-ccb7-5&ccb=7-5&_nc_sid=58cdad&efg=eyJ2ZW5jb2RlX3RhZyI6InhwaWRzLjExNzl4MTEwMy5zZHIuQzIifQ%3D%3D&_nc_ohc=Z036imjLGbQQ7kNvwFTZSpB&_nc_oc=AdmFGmpveNM0AOnesgnDqcdNfHCLF5FuuGZgFlTMyyB1YJsLfHhKiUv2IfpMg7sCNBP-_Ud9Z1rf-TCySJhmb6CN&_nc_ad=z-m&_nc_cid=0&_nc_zt=23&_nc_ht=instagram.fsdu8-2.fna&_nc_gid=697xzHBngljE9K1R_gbMow&_nc_ss=8&oh=00_Afur4a_MnHeqz-PwpNd8cTioNqPhzal53LYKOW11izEJ1w&oe=69AA4BC5
https://instagram.fsdu8-2.fna.fbcdn.net/v/t51.82787-15/635177435_18444683305107258_8591257557521962689_n.jpg?stp=dst-jpg_e35_s240x240_tt6&_nc_cat=108&ig_cache_key=MzgzMzA4OTQ5MjA5NDE2MDEyMQ%3D%3D.3-ccb7-5&ccb=7-5&_nc_sid=58cdad&efg=eyJ2ZW5jb2RlX3RhZyI6InhwaWRzLjExNzl4MTEwMy5zZHIuQzIifQ%3D%3D&_nc_ohc=Z036imjLGbQQ7kNvwFTZSpB&_nc_oc=AdmFGmpveNM0AOnesgnDqcdNfHCLF5FuuGZgFlTMyyB1YJsLfHhKiUv2IfpMg7sCNBP-_Ud9Z1rf-TCySJhmb6CN&_nc_ad=z-m&_nc_cid=0&_nc_zt=23&_nc_ht=instagram.fsdu8-2.fna&_nc_gid=697xzHBngljE9K1R_gbMow&_nc_ss=8&oh=00_AfuXny8LuTjly759GdC1d6BIqJ-B0eBQttH3TDGkh7c8Hw&oe=69AA4BC5
https://instagram.fsdu8-2.fna.fbcdn.net/v/t51.82787-15/635177435_18444683305107258_8591257557521962689_n.jpg?stp=c38.0.1103.1103a_dst-jpg_e35_s1080x1080_tt6&_nc_cat=108&ig_cache_key=MzgzMzA4OTQ5MjA5NDE2MDEyMQ%3D%3D.3-ccb7-5&ccb=7-5&_nc_sid=58cdad&efg=eyJ2ZW5jb2RlX3RhZyI6InhwaWRzLjExNzl4MTEwMy5zZHIuQzIifQ%3D%3D&_nc_ohc=Z036imjLGbQQ7kNvwFTZSpB&_nc_oc=AdmFGmpveNM0AOnesgnDqcdNfHCLF5FuuGZgFlTMyyB1YJsLfHhKiUv2IfpMg7sCNBP-_Ud9Z1rf-TCySJhmb6CN&_nc_ad=z-m&_nc_cid=0&_nc_zt=23&_nc_ht=instagram.fsdu8-2.fna&_nc_gid=697xzHBngljE9K1R_gbMow&_nc_ss=8&oh=00_Afsd4UyIIYA8aRUzMCZGjluwFIpSt_uZMVFTao7hPdCkhw&oe=69AA4BC5
https://instagram.fsdu8-2.fna.fbcdn.net/v/t51.82787-15/635177435_18444683305107258_8591257557521962689_n.jpg?stp=c38.0.1103.1103a_dst-jpg_e35_s750x750_sh0.08_tt6&_nc_cat=108&ig_cache_key=MzgzMzA4OTQ5MjA5NDE2MDEyMQ%3D%3D.3-ccb7-5&ccb=7-5&_nc_sid=58cdad&efg=eyJ2ZW5jb2RlX3RhZyI6InhwaWRzLjExNzl4MTEwMy5zZHIuQzIifQ%3D%3D&_nc_ohc=Z036imjLGbQQ7kNvwFTZSpB&_nc_oc=AdmFGmpveNM0AOnesgnDqcdNfHCLF5FuuGZgFlTMyyB1YJsLfHhKiUv2IfpMg7sCNBP-_Ud9Z1rf-TCySJhmb6CN&_nc_ad=z-m&_nc_cid=0&_nc_zt=23&_nc_ht=instagram.fsdu8-2.fna&_nc_gid=697xzHBngljE9K1R_gbMow&_nc_ss=8&oh=00_AfvwrWQwPDYPmKHWkXZtvHFPJwpRKnGFWzDtsbwvLDAk6Q&oe=69AA4BC5
https://instagram.fsdu8-2.fna.fbcdn.net/v/t51.82787-15/635177435_18444683305107258_8591257557521962689_n.jpg?stp=c38.0.1103.1103a_dst-jpg_e35_s640x640_sh0.08_tt6&_nc_cat=108&ig_cache_key=MzgzMzA4OTQ5MjA5NDE2MDEyMQ%3D%3D.3-ccb7-5&ccb=7-5&_nc_sid=58cdad&efg=eyJ2ZW5jb2RlX3RhZyI6InhwaWRzLjExNzl4MTEwMy5zZHIuQzIifQ%3D%3D&_nc_ohc=Z036imjLGbQQ7kNvwFTZSpB&_nc_oc=AdmFGmpveNM0AOnesgnDqcdNfHCLF5FuuGZgFlTMyyB1YJsLfHhKiUv2IfpMg7sCNBP-_Ud9Z1rf-TCySJhmb6CN&_nc_ad=z-m&_nc_cid=0&_nc_zt=23&_nc_ht=instagram.fsdu8-2.fna&_nc_gid=697xzHBngljE9K1R_gbMow&_nc_ss=8&oh=00_AfsjcuONbgadwzw7HqehiOGTf-HiVsgxkHTMYlKdKKhNvw&oe=69AA4BC5
https://instagram.fsdu8-2.fna.fbcdn.net/v/t51.82787-15/635177435_18444683305107258_8591257557521962689_n.jpg?stp=c38.0.1103.1103a_dst-jpg_e35_s480x480_tt6&_nc_cat=108&ig_cache_key=MzgzMzA4OTQ5MjA5NDE2MDEyMQ%3D%3D.3-ccb7-5&ccb=7-5&_nc_sid=58cdad&efg=eyJ2ZW5jb2RlX3RhZyI6InhwaWRzLjExNzl4MTEwMy5zZHIuQzIifQ%3D%3D&_nc_ohc=Z036imjLGbQQ7kNvwFTZSpB&_nc_oc=AdmFGmpveNM0AOnesgnDqcdNfHCLF5FuuGZgFlTMyyB1YJsLfHhKiUv2IfpMg7sCNBP-_Ud9Z1rf-TCySJhmb6CN&_nc_ad=z-m&_nc_cid=0&_nc_zt=23&_nc_ht=instagram.fsdu8-2.fna&_nc_gid=697xzHBngljE9K1R_gbMow&_nc_ss=8&oh=00_AfsN0BEyzEGE-7mJ4L5cl8m3P3Yd0tQexXBpkoBiS_Hmgw&oe=69AA4BC5
https://instagram.fsdu8-2.fna.fbcdn.net/v/t51.82787-15/635177435_18444683305107258_8591257557521962689_n.jpg?stp=c38.0.1103.1103a_dst-jpg_e35_s320x320_tt6&_nc_cat=108&ig_cache_key=MzgzMzA4OTQ5MjA5NDE2MDEyMQ%3D%3D.3-ccb7-5&ccb=7-5&_nc_sid=58cdad&efg=eyJ2ZW5jb2RlX3RhZyI6InhwaWRzLjExNzl4MTEwMy5zZHIuQzIifQ%3D%3D&_nc_ohc=Z036imjLGbQQ7kNvwFTZSpB&_nc_oc=AdmFGmpveNM0AOnesgnDqcdNfHCLF5FuuGZgFlTMyyB1YJsLfHhKiUv2IfpMg7sCNBP-_Ud9Z1rf-TCySJhmb6CN&_nc_ad=z-m&_nc_cid=0&_nc_zt=23&_nc_ht=instagram.fsdu8-2.fna&_nc_gid=697xzHBngljE9K1R_gbMow&_nc_ss=8&oh=00_AfuNFd0nxCkm1HV_CTgy-pS8Yedocmhw-sGgyq1fm-n5hg&oe=69AA4BC5
https://instagram.fsdu8-2.fna.fbcdn.net/v/t51.82787-15/635177435_18444683305107258_8591257557521962689_n.jpg?stp=c38.0.1103.1103a_dst-jpg_e35_s240x240_tt6&_nc_cat=108&ig_cache_key=MzgzMzA4OTQ5MjA5NDE2MDEyMQ%3D%3D.3-ccb7-5&ccb=7-5&_nc_sid=58cdad&efg=eyJ2ZW5jb2RlX3RhZyI6InhwaWRzLjExNzl4MTEwMy5zZHIuQzIifQ%3D%3D&_nc_ohc=Z036imjLGbQQ7kNvwFTZSpB&_nc_oc=AdmFGmpveNM0AOnesgnDqcdNfHCLF5FuuGZgFlTMyyB1YJsLfHhKiUv2IfpMg7sCNBP-_Ud9Z1rf-TCySJhmb6CN&_nc_ad=z-m&_nc_cid=0&_nc_zt=23&_nc_ht=instagram.fsdu8-2.fna&_nc_gid=697xzHBngljE9K1R_gbMow&_nc_ss=8&oh=00_Afu3aA7tCrYvz2ZjSykgWCO0wMns4NJs1oB-vcyYF6Ptsw&oe=69AA4BC5
https://instagram.fsdu8-2.fna.fbcdn.net/v/t51.82787-15/635177435_18444683305107258_8591257557521962689_n.jpg?stp=c38.0.1103.1103a_dst-jpg_e35_s150x150_tt6&_nc_cat=108&ig_cache_key=MzgzMzA4OTQ5MjA5NDE2MDEyMQ%3D%3D.3-ccb7-5&ccb=7-5&_nc_sid=58cdad&efg=eyJ2ZW5jb2RlX3RhZyI6InhwaWRzLjExNzl4MTEwMy5zZHIuQzIifQ%3D%3D&_nc_ohc=Z036imjLGbQQ7kNvwFTZSpB&_nc_oc=AdmFGmpveNM0AOnesgnDqcdNfHCLF5FuuGZgFlTMyyB1YJsLfHhKiUv2IfpMg7sCNBP-_Ud9Z1rf-TCySJhmb6CN&_nc_ad=z-m&_nc_cid=0&_nc_zt=23&_nc_ht=instagram.fsdu8-2.fna&_nc_gid=697xzHBngljE9K1R_gbMow&_nc_ss=8&oh=00_AfvC7tRi9ZlpCIlAUVh3OSm0EdPs0II1JdQb-KPWbbwDag&oe=69AA4BC5",NA,NO,NO,NA,NA,3194347257,eliasmkjabbour,NA,NA,NA,NA,NA,NA,Autoridade,"Expressa ser detentora de habilidades, posicionando-se como melhor do que os eleitores em determinados domínios.",100,0,0,0,0,0,0,0,60,40
postagem_99,3833033492180332924,DUxq6chlXF8,"Sun, 15 Feb 2026 11:00:00 GMT",2026-02-15T00:00:00Z,1771153200,"O debate sobre soberania e defesa nacional voltou ao centro da geopolítica global. Para Elias Jabbour, países com ativos estratégicos e sem capacidade de dissuasão permanecem vulneráveis no concerto das nações.

No artigo publicado na Fundação Maurício Grabois, o autor defende que reindustrialização, ciência, tecnologia e uma estratégia nacional de defesa são pilares de um projeto soberano de desenvolvimento.

🔗 Leia a análise completa no portal.",NA,19325,710,https://www.instagram.com/p/DUxq6chlXF8/,https://instagram.fsdu8-2.fna.fbcdn.net/v/t51.82787-15/630170346_18344823997238567_6825953437702848051_n.jpg?stp=dst-jpg_e35_tt6&_nc_cat=105&ig_cache_key=MzgzMjUwMjk0NTkzNDg1NDIwMw%3D%3D.3-ccb7-5&ccb=7-5&_nc_sid=58cdad&efg=eyJ2ZW5jb2RlX3RhZyI6InhwaWRzLjEwODB4MTM1MC5zZHIuQzIifQ%3D%3D&_nc_ohc=QB0JR1Nmpr8Q7kNvwFTq_3h&_nc_oc=AdkkyEPiQrD2UyX3QGed_m7TmOIu5JlvtHbah9eXVkK54jEQ12Kry7SXGjn_EBMm_3QiT743fdtBWP-6eOzYPSnl&_nc_ad=z-m&_nc_cid=0&_nc_zt=23&_nc_ht=instagram.fsdu8-2.fna&_nc_gid=697xzHBngljE9K1R_gbMow&_nc_ss=8&oh=00_AfvpOVgM1NYI4jIUc8EDXVXSyPJedcD_W8B34_HgpJG1UQ&oe=69AA5C8B,https://instagram.fsdu8-2.fna.fbcdn.net/v/t51.82787-15/630170346_18344823997238567_6825953437702848051_n.jpg?stp=dst-jpg_e35_tt6&_nc_cat=105&ig_cache_key=MzgzMjUwMjk0NTkzNDg1NDIwMw%3D%3D.3-ccb7-5&ccb=7-5&_nc_sid=58cdad&efg=eyJ2ZW5jb2RlX3RhZyI6InhwaWRzLjEwODB4MTM1MC5zZHIuQzIifQ%3D%3D&_nc_ohc=QB0JR1Nmpr8Q7kNvwFTq_3h&_nc_oc=AdkkyEPiQrD2UyX3QGed_m7TmOIu5JlvtHbah9eXVkK54jEQ12Kry7SXGjn_EBMm_3QiT743fdtBWP-6eOzYPSnl&_nc_ad=z-m&_nc_cid=0&_nc_zt=23&_nc_ht=instagram.fsdu8-2.fna&_nc_gid=697xzHBngljE9K1R_gbMow&_nc_ss=8&oh=00_AfvpOVgM1NYI4jIUc8EDXVXSyPJedcD_W8B34_HgpJG1UQ&oe=69AA5C8B,"https://instagram.fsdu8-2.fna.fbcdn.net/v/t51.82787-15/630170346_18344823997238567_6825953437702848051_n.jpg?stp=dst-jpg_e35_tt6&_nc_cat=105&ig_cache_key=MzgzMjUwMjk0NTkzNDg1NDIwMw%3D%3D.3-ccb7-5&ccb=7-5&_nc_sid=58cdad&efg=eyJ2ZW5jb2RlX3RhZyI6InhwaWRzLjEwODB4MTM1MC5zZHIuQzIifQ%3D%3D&_nc_ohc=QB0JR1Nmpr8Q7kNvwFTq_3h&_nc_oc=AdkkyEPiQrD2UyX3QGed_m7TmOIu5JlvtHbah9eXVkK54jEQ12Kry7SXGjn_EBMm_3QiT743fdtBWP-6eOzYPSnl&_nc_ad=z-m&_nc_cid=0&_nc_zt=23&_nc_ht=instagram.fsdu8-2.fna&_nc_gid=697xzHBngljE9K1R_gbMow&_nc_ss=8&oh=00_AfvpOVgM1NYI4jIUc8EDXVXSyPJedcD_W8B34_HgpJG1UQ&oe=69AA5C8B
https://instagram.fsdu8-2.fna.fbcdn.net/v/t51.82787-15/629752949_18344824009238567_4594580121846755329_n.jpg?stp=dst-jpg_e35_tt6&_nc_cat=103&ig_cache_key=MzgzMjUwMjk0NTYyNDQyNzc2NQ%3D%3D.3-ccb7-5&ccb=7-5&_nc_sid=58cdad&efg=eyJ2ZW5jb2RlX3RhZyI6InhwaWRzLjEwODB4MTM1MC5zZHIuQzIifQ%3D%3D&_nc_ohc=uzVAYk7HWYsQ7kNvwHmbBw0&_nc_oc=Adnjc287Lx7FyefjzcQdbw6AgTmH_k1QRHlGhHDxOs0PQQSQItSfTDdAyd0Y17AIg3hECdXEAIgpKR-YbDZEwt8Q&_nc_ad=z-m&_nc_cid=0&_nc_zt=23&_nc_ht=instagram.fsdu8-2.fna&_nc_gid=697xzHBngljE9K1R_gbMow&_nc_ss=8&oh=00_AfuP7C-STmP3NOZ3-WCUVPT3zWsKYWF7o9PzFOHn2asBCQ&oe=69AA4621
https://instagram.fsdu8-2.fna.fbcdn.net/v/t51.82787-15/632391730_18344824018238567_429097832045866261_n.jpg?stp=dst-jpg_e35_tt6&_nc_cat=103&ig_cache_key=MzgzMjUwMjk0NTU4MjUzOTQ3Nw%3D%3D.3-ccb7-5&ccb=7-5&_nc_sid=58cdad&efg=eyJ2ZW5jb2RlX3RhZyI6InhwaWRzLjEwODB4MTM1MC5zZHIuQzIifQ%3D%3D&_nc_ohc=VT4kxVeoGAQQ7kNvwFwymxX&_nc_oc=Adn69iVYWKxvuW2bcG1kHmZZHC7xRu47muVoxCs_XQDhDHsOCHhL3dlmnUfN2Wt7wp6mnoKqNqaHSGt3uw6_b6Me&_nc_ad=z-m&_nc_cid=0&_nc_zt=23&_nc_ht=instagram.fsdu8-2.fna&_nc_gid=697xzHBngljE9K1R_gbMow&_nc_ss=8&oh=00_AftDxcRtTIni2qyIXo9MgFGZ6z9fYTz62yEcb3UtNA4Jxw&oe=69AA7024","https://instagram.fsdu8-2.fna.fbcdn.net/v/t51.82787-15/630170346_18344823997238567_6825953437702848051_n.jpg?stp=dst-jpg_e35_tt6&_nc_cat=105&ig_cache_key=MzgzMjUwMjk0NTkzNDg1NDIwMw%3D%3D.3-ccb7-5&ccb=7-5&_nc_sid=58cdad&efg=eyJ2ZW5jb2RlX3RhZyI6InhwaWRzLjEwODB4MTM1MC5zZHIuQzIifQ%3D%3D&_nc_ohc=QB0JR1Nmpr8Q7kNvwFTq_3h&_nc_oc=AdkkyEPiQrD2UyX3QGed_m7TmOIu5JlvtHbah9eXVkK54jEQ12Kry7SXGjn_EBMm_3QiT743fdtBWP-6eOzYPSnl&_nc_ad=z-m&_nc_cid=0&_nc_zt=23&_nc_ht=instagram.fsdu8-2.fna&_nc_gid=697xzHBngljE9K1R_gbMow&_nc_ss=8&oh=00_AfvpOVgM1NYI4jIUc8EDXVXSyPJedcD_W8B34_HgpJG1UQ&oe=69AA5C8B
https://instagram.fsdu8-2.fna.fbcdn.net/v/t51.82787-15/629752949_18344824009238567_4594580121846755329_n.jpg?stp=dst-jpg_e35_tt6&_nc_cat=103&ig_cache_key=MzgzMjUwMjk0NTYyNDQyNzc2NQ%3D%3D.3-ccb7-5&ccb=7-5&_nc_sid=58cdad&efg=eyJ2ZW5jb2RlX3RhZyI6InhwaWRzLjEwODB4MTM1MC5zZHIuQzIifQ%3D%3D&_nc_ohc=uzVAYk7HWYsQ7kNvwHmbBw0&_nc_oc=Adnjc287Lx7FyefjzcQdbw6AgTmH_k1QRHlGhHDxOs0PQQSQItSfTDdAyd0Y17AIg3hECdXEAIgpKR-YbDZEwt8Q&_nc_ad=z-m&_nc_cid=0&_nc_zt=23&_nc_ht=instagram.fsdu8-2.fna&_nc_gid=697xzHBngljE9K1R_gbMow&_nc_ss=8&oh=00_AfuP7C-STmP3NOZ3-WCUVPT3zWsKYWF7o9PzFOHn2asBCQ&oe=69AA4621
https://instagram.fsdu8-2.fna.fbcdn.net/v/t51.82787-15/632391730_18344824018238567_429097832045866261_n.jpg?stp=dst-jpg_e35_tt6&_nc_cat=103&ig_cache_key=MzgzMjUwMjk0NTU4MjUzOTQ3Nw%3D%3D.3-ccb7-5&ccb=7-5&_nc_sid=58cdad&efg=eyJ2ZW5jb2RlX3RhZyI6InhwaWRzLjEwODB4MTM1MC5zZHIuQzIifQ%3D%3D&_nc_ohc=VT4kxVeoGAQQ7kNvwFwymxX&_nc_oc=Adn69iVYWKxvuW2bcG1kHmZZHC7xRu47muVoxCs_XQDhDHsOCHhL3dlmnUfN2Wt7wp6mnoKqNqaHSGt3uw6_b6Me&_nc_ad=z-m&_nc_cid=0&_nc_zt=23&_nc_ht=instagram.fsdu8-2.fna&_nc_gid=697xzHBngljE9K1R_gbMow&_nc_ss=8&oh=00_AftDxcRtTIni2qyIXo9MgFGZ6z9fYTz62yEcb3UtNA4Jxw&oe=69AA7024",YES,NO,NA,NA,7130246566,fundacaograbois,NA,NA,NA,NA,NA,NA,Autoridade,"Expressa ser detentora de habilidades, posicionando-se como melhor do que os eleitores em determinados domínios.",75,25,0,28.57,0,0,0,0,28.57,42.86
postagem_98,3832965711992346304,DUxbgHTjlbA,"Sun, 15 Feb 2026 08:45:00 GMT",2026-02-15T00:00:00Z,1771145100,"À ""ameaça"" do comunismo justifica tudo na cabeça de alguns.",NA,19878,668,https://www.instagram.com/p/DUxbgHTjlbA/,https://instagram.fsdu8-1.fna.fbcdn.net/v/t51.71878-15/633914204_4250175528571841_1169542204024247900_n.jpg?stp=dst-jpg_e15_tt6&_nc_cat=104&ig_cache_key=MzgzMjk2NTcxMTk5MjM0NjMwNA%3D%3D.3-ccb7-5&ccb=7-5&_nc_sid=58cdad&efg=eyJ2ZW5jb2RlX3RhZyI6InhwaWRzLjY0MHgxMTM4LnNkci5DMiJ9&_nc_ohc=GvYwaFBVqckQ7kNvwGNo9Wt&_nc_oc=AdlVmrhX3iByWwqDx-Ix3KpAtNpHPeQsQEqggZ4mwXm0CgivdRgQMzR10ArKVD_JpUtRRz_dQFK7rCNs4QJU1qkr&_nc_ad=z-m&_nc_cid=0&_nc_zt=23&_nc_ht=instagram.fsdu8-1.fna&_nc_gid=697xzHBngljE9K1R_gbMow&_nc_ss=8&oh=00_AfshZr7VYZeZMudkbtg27iTfcEBJXfKh5G29j4Hm3Ga9pw&oe=69AA65AA,https://instagram.fsdu8-1.fna.fbcdn.net/v/t51.71878-15/633914204_4250175528571841_1169542204024247900_n.jpg?stp=dst-jpg_e15_tt6&_nc_cat=104&ig_cache_key=MzgzMjk2NTcxMTk5MjM0NjMwNA%3D%3D.3-ccb7-5&ccb=7-5&_nc_sid=58cdad&efg=eyJ2ZW5jb2RlX3RhZyI6InhwaWRzLjY0MHgxMTM4LnNkci5DMiJ9&_nc_ohc=GvYwaFBVqckQ7kNvwGNo9Wt&_nc_oc=AdlVmrhX3iByWwqDx-Ix3KpAtNpHPeQsQEqggZ4mwXm0CgivdRgQMzR10ArKVD_JpUtRRz_dQFK7rCNs4QJU1qkr&_nc_ad=z-m&_nc_cid=0&_nc_zt=23&_nc_ht=instagram.fsdu8-1.fna&_nc_gid=697xzHBngljE9K1R_gbMow&_nc_ss=8&oh=00_AfshZr7VYZeZMudkbtg27iTfcEBJXfKh5G29j4Hm3Ga9pw&oe=69AA65AA,"https://instagram.fsdu8-1.fna.fbcdn.net/v/t51.71878-15/633914204_4250175528571841_1169542204024247900_n.jpg?stp=dst-jpg_e15_tt6&_nc_cat=104&ig_cache_key=MzgzMjk2NTcxMTk5MjM0NjMwNA%3D%3D.3-ccb7-5&ccb=7-5&_nc_sid=58cdad&efg=eyJ2ZW5jb2RlX3RhZyI6InhwaWRzLjY0MHgxMTM4LnNkci5DMiJ9&_nc_ohc=GvYwaFBVqckQ7kNvwGNo9Wt&_nc_oc=AdlVmrhX3iByWwqDx-Ix3KpAtNpHPeQsQEqggZ4mwXm0CgivdRgQMzR10ArKVD_JpUtRRz_dQFK7rCNs4QJU1qkr&_nc_ad=z-m&_nc_cid=0&_nc_zt=23&_nc_ht=instagram.fsdu8-1.fna&_nc_gid=697xzHBngljE9K1R_gbMow&_nc_ss=8&oh=00_AfshZr7VYZeZMudkbtg27iTfcEBJXfKh5G29j4Hm3Ga9pw&oe=69AA65AA
https://instagram.fsdu8-1.fna.fbcdn.net/v/t51.71878-15/633914204_4250175528571841_1169542204024247900_n.jpg?stp=dst-jpg_e15_p480x480_tt6&_nc_cat=104&ig_cache_key=MzgzMjk2NTcxMTk5MjM0NjMwNA%3D%3D.3-ccb7-5&ccb=7-5&_nc_sid=58cdad&efg=eyJ2ZW5jb2RlX3RhZyI6InhwaWRzLjY0MHgxMTM4LnNkci5DMiJ9&_nc_ohc=GvYwaFBVqckQ7kNvwGNo9Wt&_nc_oc=AdlVmrhX3iByWwqDx-Ix3KpAtNpHPeQsQEqggZ4mwXm0CgivdRgQMzR10ArKVD_JpUtRRz_dQFK7rCNs4QJU1qkr&_nc_ad=z-m&_nc_cid=0&_nc_zt=23&_nc_ht=instagram.fsdu8-1.fna&_nc_gid=697xzHBngljE9K1R_gbMow&_nc_ss=8&oh=00_AfvcroqtUbJ5b0mKV3I8hquEW724xGesKS8FVP-XZh7JMA&oe=69AA65AA
https://instagram.fsdu8-1.fna.fbcdn.net/v/t51.71878-15/633914204_4250175528571841_1169542204024247900_n.jpg?stp=dst-jpg_e15_p320x320_tt6&_nc_cat=104&ig_cache_key=MzgzMjk2NTcxMTk5MjM0NjMwNA%3D%3D.3-ccb7-5&ccb=7-5&_nc_sid=58cdad&efg=eyJ2ZW5jb2RlX3RhZyI6InhwaWRzLjY0MHgxMTM4LnNkci5DMiJ9&_nc_ohc=GvYwaFBVqckQ7kNvwGNo9Wt&_nc_oc=AdlVmrhX3iByWwqDx-Ix3KpAtNpHPeQsQEqggZ4mwXm0CgivdRgQMzR10ArKVD_JpUtRRz_dQFK7rCNs4QJU1qkr&_nc_ad=z-m&_nc_cid=0&_nc_zt=23&_nc_ht=instagram.fsdu8-1.fna&_nc_gid=697xzHBngljE9K1R_gbMow&_nc_ss=8&oh=00_Afu7Cb47gBWrqxHM0eiXlG-pOWFCYMkY8P9afjXNztO4fg&oe=69AA65AA
https://instagram.fsdu8-1.fna.fbcdn.net/v/t51.71878-15/633914204_4250175528571841_1169542204024247900_n.jpg?stp=dst-jpg_e15_p240x240_tt6&_nc_cat=104&ig_cache_key=MzgzMjk2NTcxMTk5MjM0NjMwNA%3D%3D.3-ccb7-5&ccb=7-5&_nc_sid=58cdad&efg=eyJ2ZW5jb2RlX3RhZyI6InhwaWRzLjY0MHgxMTM4LnNkci5DMiJ9&_nc_ohc=GvYwaFBVqckQ7kNvwGNo9Wt&_nc_oc=AdlVmrhX3iByWwqDx-Ix3KpAtNpHPeQsQEqggZ4mwXm0CgivdRgQMzR10ArKVD_JpUtRRz_dQFK7rCNs4QJU1qkr&_nc_ad=z-m&_nc_cid=0&_nc_zt=23&_nc_ht=instagram.fsdu8-1.fna&_nc_gid=697xzHBngljE9K1R_gbMow&_nc_ss=8&oh=00_AfuXB_si3-Bw1s0wa7rKEdDKn3B0goHL3N-hYY7vgX-e9w&oe=69AA65AA
https://instagram.fsdu8-1.fna.fbcdn.net/v/t51.71878-15/633914204_4250175528571841_1169542204024247900_n.jpg?stp=c0.249.640.640a_dst-jpg_e15_s640x639_tt6&_nc_cat=104&ig_cache_key=MzgzMjk2NTcxMTk5MjM0NjMwNA%3D%3D.3-ccb7-5&ccb=7-5&_nc_sid=58cdad&efg=eyJ2ZW5jb2RlX3RhZyI6InhwaWRzLjY0MHgxMTM4LnNkci5DMiJ9&_nc_ohc=GvYwaFBVqckQ7kNvwGNo9Wt&_nc_oc=AdlVmrhX3iByWwqDx-Ix3KpAtNpHPeQsQEqggZ4mwXm0CgivdRgQMzR10ArKVD_JpUtRRz_dQFK7rCNs4QJU1qkr&_nc_ad=z-m&_nc_cid=0&_nc_zt=23&_nc_ht=instagram.fsdu8-1.fna&_nc_gid=697xzHBngljE9K1R_gbMow&_nc_ss=8&oh=00_AftgDbfVg6BXO-EBZTGUzIryfD8S7_AruYcIM4xDXVLFqA&oe=69AA65AA
https://instagram.fsdu8-1.fna.fbcdn.net/v/t51.71878-15/633914204_4250175528571841_1169542204024247900_n.jpg?stp=c0.249.640.640a_dst-jpg_e15_s640x639_tt6&_nc_cat=104&ig_cache_key=MzgzMjk2NTcxMTk5MjM0NjMwNA%3D%3D.3-ccb7-5&ccb=7-5&_nc_sid=58cdad&efg=eyJ2ZW5jb2RlX3RhZyI6InhwaWRzLjY0MHgxMTM4LnNkci5DMiJ9&_nc_ohc=GvYwaFBVqckQ7kNvwGNo9Wt&_nc_oc=AdlVmrhX3iByWwqDx-Ix3KpAtNpHPeQsQEqggZ4mwXm0CgivdRgQMzR10ArKVD_JpUtRRz_dQFK7rCNs4QJU1qkr&_nc_ad=z-m&_nc_cid=0&_nc_zt=23&_nc_ht=instagram.fsdu8-1.fna&_nc_gid=697xzHBngljE9K1R_gbMow&_nc_ss=8&oh=00_AftgDbfVg6BXO-EBZTGUzIryfD8S7_AruYcIM4xDXVLFqA&oe=69AA65AA
https://instagram.fsdu8-1.fna.fbcdn.net/v/t51.71878-15/633914204_4250175528571841_1169542204024247900_n.jpg?stp=c0.249.640.640a_dst-jpg_e15_s640x639_tt6&_nc_cat=104&ig_cache_key=MzgzMjk2NTcxMTk5MjM0NjMwNA%3D%3D.3-ccb7-5&ccb=7-5&_nc_sid=58cdad&efg=eyJ2ZW5jb2RlX3RhZyI6InhwaWRzLjY0MHgxMTM4LnNkci5DMiJ9&_nc_ohc=GvYwaFBVqckQ7kNvwGNo9Wt&_nc_oc=AdlVmrhX3iByWwqDx-Ix3KpAtNpHPeQsQEqggZ4mwXm0CgivdRgQMzR10ArKVD_JpUtRRz_dQFK7rCNs4QJU1qkr&_nc_ad=z-m&_nc_cid=0&_nc_zt=23&_nc_ht=instagram.fsdu8-1.fna&_nc_gid=697xzHBngljE9K1R_gbMow&_nc_ss=8&oh=00_AftgDbfVg6BXO-EBZTGUzIryfD8S7_AruYcIM4xDXVLFqA&oe=69AA65AA
https://instagram.fsdu8-1.fna.fbcdn.net/v/t51.71878-15/633914204_4250175528571841_1169542204024247900_n.jpg?stp=c0.249.640.640a_dst-jpg_e15_s480x480_tt6&_nc_cat=104&ig_cache_key=MzgzMjk2NTcxMTk5MjM0NjMwNA%3D%3D.3-ccb7-5&ccb=7-5&_nc_sid=58cdad&efg=eyJ2ZW5jb2RlX3RhZyI6InhwaWRzLjY0MHgxMTM4LnNkci5DMiJ9&_nc_ohc=GvYwaFBVqckQ7kNvwGNo9Wt&_nc_oc=AdlVmrhX3iByWwqDx-Ix3KpAtNpHPeQsQEqggZ4mwXm0CgivdRgQMzR10ArKVD_JpUtRRz_dQFK7rCNs4QJU1qkr&_nc_ad=z-m&_nc_cid=0&_nc_zt=23&_nc_ht=instagram.fsdu8-1.fna&_nc_gid=697xzHBngljE9K1R_gbMow&_nc_ss=8&oh=00_AftNCm3pcNmso0ITH1tFE8mx7V81yxZCQIOf4pvt7iIW9w&oe=69AA65AA
https://instagram.fsdu8-1.fna.fbcdn.net/v/t51.71878-15/633914204_4250175528571841_1169542204024247900_n.jpg?stp=c0.249.640.640a_dst-jpg_e15_s320x320_tt6&_nc_cat=104&ig_cache_key=MzgzMjk2NTcxMTk5MjM0NjMwNA%3D%3D.3-ccb7-5&ccb=7-5&_nc_sid=58cdad&efg=eyJ2ZW5jb2RlX3RhZyI6InhwaWRzLjY0MHgxMTM4LnNkci5DMiJ9&_nc_ohc=GvYwaFBVqckQ7kNvwGNo9Wt&_nc_oc=AdlVmrhX3iByWwqDx-Ix3KpAtNpHPeQsQEqggZ4mwXm0CgivdRgQMzR10ArKVD_JpUtRRz_dQFK7rCNs4QJU1qkr&_nc_ad=z-m&_nc_cid=0&_nc_zt=23&_nc_ht=instagram.fsdu8-1.fna&_nc_gid=697xzHBngljE9K1R_gbMow&_nc_ss=8&oh=00_Afux6xvIUsxP1HHumGtbgH48V6dNuGi5qa6FsOeph4-Vog&oe=69AA65AA
https://instagram.fsdu8-1.fna.fbcdn.net/v/t51.71878-15/633914204_4250175528571841_1169542204024247900_n.jpg?stp=c0.249.640.640a_dst-jpg_e15_s240x240_tt6&_nc_cat=104&ig_cache_key=MzgzMjk2NTcxMTk5MjM0NjMwNA%3D%3D.3-ccb7-5&ccb=7-5&_nc_sid=58cdad&efg=eyJ2ZW5jb2RlX3RhZyI6InhwaWRzLjY0MHgxMTM4LnNkci5DMiJ9&_nc_ohc=GvYwaFBVqckQ7kNvwGNo9Wt&_nc_oc=AdlVmrhX3iByWwqDx-Ix3KpAtNpHPeQsQEqggZ4mwXm0CgivdRgQMzR10ArKVD_JpUtRRz_dQFK7rCNs4QJU1qkr&_nc_ad=z-m&_nc_cid=0&_nc_zt=23&_nc_ht=instagram.fsdu8-1.fna&_nc_gid=697xzHBngljE9K1R_gbMow&_nc_ss=8&oh=00_AfuwbphbiM4rlv4aDHKzKEtfu2D3W5dIDJlTl3-BWvjlAg&oe=69AA65AA
https://instagram.fsdu8-1.fna.fbcdn.net/v/t51.71878-15/633914204_4250175528571841_1169542204024247900_n.jpg?stp=c0.249.640.640a_dst-jpg_e15_s150x150_tt6&_nc_cat=104&ig_cache_key=MzgzMjk2NTcxMTk5MjM0NjMwNA%3D%3D.3-ccb7-5&ccb=7-5&_nc_sid=58cdad&efg=eyJ2ZW5jb2RlX3RhZyI6InhwaWRzLjY0MHgxMTM4LnNkci5DMiJ9&_nc_ohc=GvYwaFBVqckQ7kNvwGNo9Wt&_nc_oc=AdlVmrhX3iByWwqDx-Ix3KpAtNpHPeQsQEqggZ4mwXm0CgivdRgQMzR10ArKVD_JpUtRRz_dQFK7rCNs4QJU1qkr&_nc_ad=z-m&_nc_cid=0&_nc_zt=23&_nc_ht=instagram.fsdu8-1.fna&_nc_gid=697xzHBngljE9K1R_gbMow&_nc_ss=8&oh=00_AfsFW4CcQSJ7z1TQktNhU6IQP2yOxmBeLQ15zsuq8AxYng&oe=69AA65AA",NA,NO,YES,https://instagram.fsdu8-1.fna.fbcdn.net/o1/v/t16/f2/m69/AQMeAYhE-uGjs0eKsLy9W3mIhbIzZ6DlQXN-qLCXz1coDSOsgHIQOV-d-tyn_Zj2NNfxGW-copog2xVrkdVFsmZ6.mp4?strext=1&_nc_cat=106&_nc_oc=AdmGt1K0uR_0zJd3sfuWujxwk-oBF5iQZgtliHyu6wGYfetWu2NwLtojQD4k7imcd110TPPuk8Cgr4qw_8vf9ShY&_nc_sid=5e9851&_nc_ht=instagram.fsdu8-1.fna.fbcdn.net&_nc_ohc=LdieNCn28T4Q7kNvwEqriGW&efg=eyJ2ZW5jb2RlX3RhZyI6Inhwdl9wcm9ncmVzc2l2ZS5JTlNUQUdSQU0uQ0xJUFMuQzIuNDgwLmRhc2hfYmFzZWxpbmVfMV92MSIsInhwdl9hc3NldF9pZCI6MTc4NDg4OTQyODE2ODI2NzgsImFzc2V0X2FnZV9kYXlzIjoxNCwidmlfdXNlY2FzZV9pZCI6MTAwOTksImR1cmF0aW9uX3MiOjc5LCJ1cmxnZW5fc291cmNlIjoid3d3In0%3D&ccb=17-1&_nc_gid=697xzHBngljE9K1R_gbMow&_nc_ss=8&_nc_zt=28&vs=e5f32db84fe6228&_nc_vs=HBksFQIYOnBhc3N0aHJvdWdoX2V2ZXJzdG9yZS9HSHByZHlXanFJNUpkeUFGQUdmTEh1NS10TjB4YnNwVEFRQUYVAALIARIAFQIYUWlnX3hwdl9wbGFjZW1lbnRfcGVybWFuZW50X3YyLzI0NEIzODgwOTlDNTkzNTIzNjI3RjMzRkY2MzUxMDk2X2F1ZGlvX2Rhc2hpbml0Lm1wNBUCAsgBEgAoABgAGwKIB3VzZV9vaWwBMRJwcm9ncmVzc2l2ZV9yZWNpcGUBMRUAACbsu9i0sd60PxUCKAJDMiwXQFPgAAAAAAAYEmRhc2hfYmFzZWxpbmVfMV92MREAdf4HZeadAQA&oh=00_AftdFe-dBG_258UpJJwNgeNQXYVee_1keeA7t9AGuoetmw&oe=69AA4D6A,NA,80470410677,eliasjabbourtakes,NA,Centro (Rio de Janeiro),NA,NA,-2.290805556E9,-4.317666667E9,Autenticidade,Reforça a capacidade de inspirar confiança e de ser percebida como alguém em quem se pode confiar.,81.82,18.18,14.29,14.29,0,19.05,9.52,9.52,9.52,23.81
postagem_96,3832635994156390821,DUwQiFpEVml,"Sat, 14 Feb 2026 21:50:37 GMT",2026-02-14T00:00:00Z,1771105837,"Capitalismo de Estado é pleonasmo.

#AprendeRenata #China #eliasjabbour",#AprendeRenata #China #eliasjabbour,3816,62,https://www.instagram.com/p/DUwQiFpEVml/,https://instagram.fsdu8-2.fna.fbcdn.net/v/t51.82787-15/635024837_17848853484682678_2106539396683163798_n.webp?_nc_cat=105&ig_cache_key=MzgzMjYzNTk5NDE1NjM5MDgyMQ%3D%3D.3-ccb7-5&ccb=7-5&_nc_sid=58cdad&efg=eyJ2ZW5jb2RlX3RhZyI6InhwaWRzLjE0NDB4MTkyMC5zZHIuQzIifQ%3D%3D&_nc_ohc=DNeuX2Nm1xQQ7kNvwGLHoQk&_nc_oc=Adl5DNqc37sYyPzr3o0znLyLHNUgpCz4Kwhd5FeieKe00h7NDW5Eqs_tbkNVGJTlTKGHjbCTbjU1a1_80UCcxgZt&_nc_ad=z-m&_nc_cid=0&_nc_zt=23&_nc_ht=instagram.fsdu8-2.fna&_nc_gid=697xzHBngljE9K1R_gbMow&_nc_ss=8&oh=00_AfuKzs2uCK8FacKy7y5pBpLuStpegwYDe8f5RDM3EokX0A&oe=69AA5B43,https://instagram.fsdu8-2.fna.fbcdn.net/v/t51.82787-15/635024837_17848853484682678_2106539396683163798_n.webp?_nc_cat=105&ig_cache_key=MzgzMjYzNTk5NDE1NjM5MDgyMQ%3D%3D.3-ccb7-5&ccb=7-5&_nc_sid=58cdad&efg=eyJ2ZW5jb2RlX3RhZyI6InhwaWRzLjE0NDB4MTkyMC5zZHIuQzIifQ%3D%3D&_nc_ohc=DNeuX2Nm1xQQ7kNvwGLHoQk&_nc_oc=Adl5DNqc37sYyPzr3o0znLyLHNUgpCz4Kwhd5FeieKe00h7NDW5Eqs_tbkNVGJTlTKGHjbCTbjU1a1_80UCcxgZt&_nc_ad=z-m&_nc_cid=0&_nc_zt=23&_nc_ht=instagram.fsdu8-2.fna&_nc_gid=697xzHBngljE9K1R_gbMow&_nc_ss=8&oh=00_AfuKzs2uCK8FacKy7y5pBpLuStpegwYDe8f5RDM3EokX0A&oe=69AA5B43,"https://instagram.fsdu8-2.fna.fbcdn.net/v/t51.82787-15/635024837_17848853484682678_2106539396683163798_n.webp?_nc_cat=105&ig_cache_key=MzgzMjYzNTk5NDE1NjM5MDgyMQ%3D%3D.3-ccb7-5&ccb=7-5&_nc_sid=58cdad&efg=eyJ2ZW5jb2RlX3RhZyI6InhwaWRzLjE0NDB4MTkyMC5zZHIuQzIifQ%3D%3D&_nc_ohc=DNeuX2Nm1xQQ7kNvwGLHoQk&_nc_oc=Adl5DNqc37sYyPzr3o0znLyLHNUgpCz4Kwhd5FeieKe00h7NDW5Eqs_tbkNVGJTlTKGHjbCTbjU1a1_80UCcxgZt&_nc_ad=z-m&_nc_cid=0&_nc_zt=23&_nc_ht=instagram.fsdu8-2.fna&_nc_gid=697xzHBngljE9K1R_gbMow&_nc_ss=8&oh=00_AfuKzs2uCK8FacKy7y5pBpLuStpegwYDe8f5RDM3EokX0A&oe=69AA5B43
https://instagram.fsdu8-2.fna.fbcdn.net/v/t51.82787-15/635024837_17848853484682678_2106539396683163798_n.webp?stp=dst-webp_p1080x1080&_nc_cat=105&ig_cache_key=MzgzMjYzNTk5NDE1NjM5MDgyMQ%3D%3D.3-ccb7-5&ccb=7-5&_nc_sid=58cdad&efg=eyJ2ZW5jb2RlX3RhZyI6InhwaWRzLjE0NDB4MTkyMC5zZHIuQzIifQ%3D%3D&_nc_ohc=DNeuX2Nm1xQQ7kNvwGLHoQk&_nc_oc=Adl5DNqc37sYyPzr3o0znLyLHNUgpCz4Kwhd5FeieKe00h7NDW5Eqs_tbkNVGJTlTKGHjbCTbjU1a1_80UCcxgZt&_nc_ad=z-m&_nc_cid=0&_nc_zt=23&_nc_ht=instagram.fsdu8-2.fna&_nc_gid=697xzHBngljE9K1R_gbMow&_nc_ss=8&oh=00_Afvto0M_T6qso489hwulPxd1UBnt95hC8KrJnuUSUNj0KA&oe=69AA5B43
https://instagram.fsdu8-2.fna.fbcdn.net/v/t51.82787-15/635024837_17848853484682678_2106539396683163798_n.webp?stp=dst-webp_p720x720&_nc_cat=105&ig_cache_key=MzgzMjYzNTk5NDE1NjM5MDgyMQ%3D%3D.3-ccb7-5&ccb=7-5&_nc_sid=58cdad&efg=eyJ2ZW5jb2RlX3RhZyI6InhwaWRzLjE0NDB4MTkyMC5zZHIuQzIifQ%3D%3D&_nc_ohc=DNeuX2Nm1xQQ7kNvwGLHoQk&_nc_oc=Adl5DNqc37sYyPzr3o0znLyLHNUgpCz4Kwhd5FeieKe00h7NDW5Eqs_tbkNVGJTlTKGHjbCTbjU1a1_80UCcxgZt&_nc_ad=z-m&_nc_cid=0&_nc_zt=23&_nc_ht=instagram.fsdu8-2.fna&_nc_gid=697xzHBngljE9K1R_gbMow&_nc_ss=8&oh=00_AfumLPztQ0f_L0G9Y84qgLksQ9xLxifNEnEIvnWG-IyLIA&oe=69AA5B43
https://instagram.fsdu8-2.fna.fbcdn.net/v/t51.82787-15/635024837_17848853484682678_2106539396683163798_n.webp?stp=dst-webp_p640x640_sh0.08&_nc_cat=105&ig_cache_key=MzgzMjYzNTk5NDE1NjM5MDgyMQ%3D%3D.3-ccb7-5&ccb=7-5&_nc_sid=58cdad&efg=eyJ2ZW5jb2RlX3RhZyI6InhwaWRzLjE0NDB4MTkyMC5zZHIuQzIifQ%3D%3D&_nc_ohc=DNeuX2Nm1xQQ7kNvwGLHoQk&_nc_oc=Adl5DNqc37sYyPzr3o0znLyLHNUgpCz4Kwhd5FeieKe00h7NDW5Eqs_tbkNVGJTlTKGHjbCTbjU1a1_80UCcxgZt&_nc_ad=z-m&_nc_cid=0&_nc_zt=23&_nc_ht=instagram.fsdu8-2.fna&_nc_gid=697xzHBngljE9K1R_gbMow&_nc_ss=8&oh=00_Afs3TSG3BiJrsEM77upuHivc-QNQxdFUVZ1uNed9-CUW0w&oe=69AA5B43
https://instagram.fsdu8-2.fna.fbcdn.net/v/t51.82787-15/635024837_17848853484682678_2106539396683163798_n.webp?stp=dst-webp_s640x640&_nc_cat=105&ig_cache_key=MzgzMjYzNTk5NDE1NjM5MDgyMQ%3D%3D.3-ccb7-5&ccb=7-5&_nc_sid=58cdad&efg=eyJ2ZW5jb2RlX3RhZyI6InhwaWRzLjE0NDB4MTkyMC5zZHIuQzIifQ%3D%3D&_nc_ohc=DNeuX2Nm1xQQ7kNvwGLHoQk&_nc_oc=Adl5DNqc37sYyPzr3o0znLyLHNUgpCz4Kwhd5FeieKe00h7NDW5Eqs_tbkNVGJTlTKGHjbCTbjU1a1_80UCcxgZt&_nc_ad=z-m&_nc_cid=0&_nc_zt=23&_nc_ht=instagram.fsdu8-2.fna&_nc_gid=697xzHBngljE9K1R_gbMow&_nc_ss=8&oh=00_AfuTQP6Hpc4KVoBuCVlw9XSf4NFuZp9o-sN7KSrQpt8SyQ&oe=69AA5B43
https://instagram.fsdu8-2.fna.fbcdn.net/v/t51.82787-15/635024837_17848853484682678_2106539396683163798_n.webp?stp=dst-webp_p320x320&_nc_cat=105&ig_cache_key=MzgzMjYzNTk5NDE1NjM5MDgyMQ%3D%3D.3-ccb7-5&ccb=7-5&_nc_sid=58cdad&efg=eyJ2ZW5jb2RlX3RhZyI6InhwaWRzLjE0NDB4MTkyMC5zZHIuQzIifQ%3D%3D&_nc_ohc=DNeuX2Nm1xQQ7kNvwGLHoQk&_nc_oc=Adl5DNqc37sYyPzr3o0znLyLHNUgpCz4Kwhd5FeieKe00h7NDW5Eqs_tbkNVGJTlTKGHjbCTbjU1a1_80UCcxgZt&_nc_ad=z-m&_nc_cid=0&_nc_zt=23&_nc_ht=instagram.fsdu8-2.fna&_nc_gid=697xzHBngljE9K1R_gbMow&_nc_ss=8&oh=00_AfsL0dl2vdVAxoTFuUaeQiBgo49FAuHFOqCTMLIXGTSeOA&oe=69AA5B43
https://instagram.fsdu8-2.fna.fbcdn.net/v/t51.82787-15/635024837_17848853484682678_2106539396683163798_n.webp?stp=dst-webp_s320x320&_nc_cat=105&ig_cache_key=MzgzMjYzNTk5NDE1NjM5MDgyMQ%3D%3D.3-ccb7-5&ccb=7-5&_nc_sid=58cdad&efg=eyJ2ZW5jb2RlX3RhZyI6InhwaWRzLjE0NDB4MTkyMC5zZHIuQzIifQ%3D%3D&_nc_ohc=DNeuX2Nm1xQQ7kNvwGLHoQk&_nc_oc=Adl5DNqc37sYyPzr3o0znLyLHNUgpCz4Kwhd5FeieKe00h7NDW5Eqs_tbkNVGJTlTKGHjbCTbjU1a1_80UCcxgZt&_nc_ad=z-m&_nc_cid=0&_nc_zt=23&_nc_ht=instagram.fsdu8-2.fna&_nc_gid=697xzHBngljE9K1R_gbMow&_nc_ss=8&oh=00_AfuQFxsjoMXG9XKPzCAt19MGtJZjfTavNJoNuLkuc5WCVg&oe=69AA5B43
https://instagram.fsdu8-2.fna.fbcdn.net/v/t51.82787-15/635024837_17848853484682678_2106539396683163798_n.webp?stp=c0.240.1440.1440a_dst-webp_s1080x1080&_nc_cat=105&ig_cache_key=MzgzMjYzNTk5NDE1NjM5MDgyMQ%3D%3D.3-ccb7-5&ccb=7-5&_nc_sid=58cdad&efg=eyJ2ZW5jb2RlX3RhZyI6InhwaWRzLjE0NDB4MTkyMC5zZHIuQzIifQ%3D%3D&_nc_ohc=DNeuX2Nm1xQQ7kNvwGLHoQk&_nc_oc=Adl5DNqc37sYyPzr3o0znLyLHNUgpCz4Kwhd5FeieKe00h7NDW5Eqs_tbkNVGJTlTKGHjbCTbjU1a1_80UCcxgZt&_nc_ad=z-m&_nc_cid=0&_nc_zt=23&_nc_ht=instagram.fsdu8-2.fna&_nc_gid=697xzHBngljE9K1R_gbMow&_nc_ss=8&oh=00_Afsp_3DqT4SVflteVkwXOFKZZmHte8Wby2K-0BYp_cXP8g&oe=69AA5B43
https://instagram.fsdu8-2.fna.fbcdn.net/v/t51.82787-15/635024837_17848853484682678_2106539396683163798_n.webp?stp=c0.240.1440.1440a_dst-webp_s750x750_sh0.08&_nc_cat=105&ig_cache_key=MzgzMjYzNTk5NDE1NjM5MDgyMQ%3D%3D.3-ccb7-5&ccb=7-5&_nc_sid=58cdad&efg=eyJ2ZW5jb2RlX3RhZyI6InhwaWRzLjE0NDB4MTkyMC5zZHIuQzIifQ%3D%3D&_nc_ohc=DNeuX2Nm1xQQ7kNvwGLHoQk&_nc_oc=Adl5DNqc37sYyPzr3o0znLyLHNUgpCz4Kwhd5FeieKe00h7NDW5Eqs_tbkNVGJTlTKGHjbCTbjU1a1_80UCcxgZt&_nc_ad=z-m&_nc_cid=0&_nc_zt=23&_nc_ht=instagram.fsdu8-2.fna&_nc_gid=697xzHBngljE9K1R_gbMow&_nc_ss=8&oh=00_AfvyuLiM9O_xEmMU0yO8xQIKVQUpJcMQ8St07-ZuoCbJWw&oe=69AA5B43
https://instagram.fsdu8-2.fna.fbcdn.net/v/t51.82787-15/635024837_17848853484682678_2106539396683163798_n.webp?stp=c0.240.1440.1440a_dst-webp_s640x640_sh0.08&_nc_cat=105&ig_cache_key=MzgzMjYzNTk5NDE1NjM5MDgyMQ%3D%3D.3-ccb7-5&ccb=7-5&_nc_sid=58cdad&efg=eyJ2ZW5jb2RlX3RhZyI6InhwaWRzLjE0NDB4MTkyMC5zZHIuQzIifQ%3D%3D&_nc_ohc=DNeuX2Nm1xQQ7kNvwGLHoQk&_nc_oc=Adl5DNqc37sYyPzr3o0znLyLHNUgpCz4Kwhd5FeieKe00h7NDW5Eqs_tbkNVGJTlTKGHjbCTbjU1a1_80UCcxgZt&_nc_ad=z-m&_nc_cid=0&_nc_zt=23&_nc_ht=instagram.fsdu8-2.fna&_nc_gid=697xzHBngljE9K1R_gbMow&_nc_ss=8&oh=00_AftLTOZt7gnnl3vdufyMTdLo_9CSaNUI_oWpFvnZyMXn3w&oe=69AA5B43
https://instagram.fsdu8-2.fna.fbcdn.net/v/t51.82787-15/635024837_17848853484682678_2106539396683163798_n.webp?stp=c0.240.1440.1440a_dst-webp_s480x480&_nc_cat=105&ig_cache_key=MzgzMjYzNTk5NDE1NjM5MDgyMQ%3D%3D.3-ccb7-5&ccb=7-5&_nc_sid=58cdad&efg=eyJ2ZW5jb2RlX3RhZyI6InhwaWRzLjE0NDB4MTkyMC5zZHIuQzIifQ%3D%3D&_nc_ohc=DNeuX2Nm1xQQ7kNvwGLHoQk&_nc_oc=Adl5DNqc37sYyPzr3o0znLyLHNUgpCz4Kwhd5FeieKe00h7NDW5Eqs_tbkNVGJTlTKGHjbCTbjU1a1_80UCcxgZt&_nc_ad=z-m&_nc_cid=0&_nc_zt=23&_nc_ht=instagram.fsdu8-2.fna&_nc_gid=697xzHBngljE9K1R_gbMow&_nc_ss=8&oh=00_AfvNWw6VsrdbsFxD2H7m7DFD_3SDBm5BGu-3o9SWCLHtlg&oe=69AA5B43
https://instagram.fsdu8-2.fna.fbcdn.net/v/t51.82787-15/635024837_17848853484682678_2106539396683163798_n.webp?stp=c0.240.1440.1440a_dst-webp_s320x320&_nc_cat=105&ig_cache_key=MzgzMjYzNTk5NDE1NjM5MDgyMQ%3D%3D.3-ccb7-5&ccb=7-5&_nc_sid=58cdad&efg=eyJ2ZW5jb2RlX3RhZyI6InhwaWRzLjE0NDB4MTkyMC5zZHIuQzIifQ%3D%3D&_nc_ohc=DNeuX2Nm1xQQ7kNvwGLHoQk&_nc_oc=Adl5DNqc37sYyPzr3o0znLyLHNUgpCz4Kwhd5FeieKe00h7NDW5Eqs_tbkNVGJTlTKGHjbCTbjU1a1_80UCcxgZt&_nc_ad=z-m&_nc_cid=0&_nc_zt=23&_nc_ht=instagram.fsdu8-2.fna&_nc_gid=697xzHBngljE9K1R_gbMow&_nc_ss=8&oh=00_Afsc3Jjz7oli0FGvhiOyskSvj7eWQGWCsAsfFWMGqcmZLg&oe=69AA5B43
https://instagram.fsdu8-2.fna.fbcdn.net/v/t51.82787-15/635024837_17848853484682678_2106539396683163798_n.webp?stp=c0.240.1440.1440a_dst-webp_s240x240&_nc_cat=105&ig_cache_key=MzgzMjYzNTk5NDE1NjM5MDgyMQ%3D%3D.3-ccb7-5&ccb=7-5&_nc_sid=58cdad&efg=eyJ2ZW5jb2RlX3RhZyI6InhwaWRzLjE0NDB4MTkyMC5zZHIuQzIifQ%3D%3D&_nc_ohc=DNeuX2Nm1xQQ7kNvwGLHoQk&_nc_oc=Adl5DNqc37sYyPzr3o0znLyLHNUgpCz4Kwhd5FeieKe00h7NDW5Eqs_tbkNVGJTlTKGHjbCTbjU1a1_80UCcxgZt&_nc_ad=z-m&_nc_cid=0&_nc_zt=23&_nc_ht=instagram.fsdu8-2.fna&_nc_gid=697xzHBngljE9K1R_gbMow&_nc_ss=8&oh=00_AfvkB-Z5yLqjph4nh6I84HwNiDEMfxD4JFtfBoSYIOM21w&oe=69AA5B43
https://instagram.fsdu8-2.fna.fbcdn.net/v/t51.82787-15/635024837_17848853484682678_2106539396683163798_n.webp?stp=c0.240.1440.1440a_dst-webp_s150x150&_nc_cat=105&ig_cache_key=MzgzMjYzNTk5NDE1NjM5MDgyMQ%3D%3D.3-ccb7-5&ccb=7-5&_nc_sid=58cdad&efg=eyJ2ZW5jb2RlX3RhZyI6InhwaWRzLjE0NDB4MTkyMC5zZHIuQzIifQ%3D%3D&_nc_ohc=DNeuX2Nm1xQQ7kNvwGLHoQk&_nc_oc=Adl5DNqc37sYyPzr3o0znLyLHNUgpCz4Kwhd5FeieKe00h7NDW5Eqs_tbkNVGJTlTKGHjbCTbjU1a1_80UCcxgZt&_nc_ad=z-m&_nc_cid=0&_nc_zt=23&_nc_ht=instagram.fsdu8-2.fna&_nc_gid=697xzHBngljE9K1R_gbMow&_nc_ss=8&oh=00_AftTmYF-SJp2TrzG72m7HGrarrl03xTEQY1yY0ZO2CCtog&oe=69AA5B43",NA,NO,NO,NA,NA,80470410677,eliasjabbourtakes,NA,NA,NA,NA,NA,NA,Autoridade,"Expressa ser detentora de habilidades, posicionando-se como melhor do que os eleitores em determinados domínios.",81.25,18.75,16,16,4,12,8,8,8,28
postagem_95,3831656144561917066,DUsxvZmDkyK,"Fri, 13 Feb 2026 13:24:09 GMT",2026-02-13T00:00:00Z,1770989049,Minha história com a @unidosdevilaisabel.,NA,2880,93,https://www.instagram.com/p/DUsxvZmDkyK/,https://instagram.fsdu8-2.fna.fbcdn.net/v/t51.71878-15/633121588_2228702021203977_2298135967958705950_n.jpg?stp=dst-jpg_e15_tt6&_nc_cat=103&ig_cache_key=MzgzMTY1NjE0NDU2MTkxNzA2Ng%3D%3D.3-ccb7-5&ccb=7-5&_nc_sid=58cdad&efg=eyJ2ZW5jb2RlX3RhZyI6InhwaWRzLjY0MHgxMTM2LnNkci5DMiJ9&_nc_ohc=X9RX83D_EXMQ7kNvwHDDpxE&_nc_oc=AdmjmOTQ52osXkoVMiSc3sIGY6DQ5H3vb-i5wF8VqG1WQid15slGNEyfpHazNYj9E1alSnh_Ab8XanfVK3GyvYWh&_nc_ad=z-m&_nc_cid=0&_nc_zt=23&_nc_ht=instagram.fsdu8-2.fna&_nc_gid=697xzHBngljE9K1R_gbMow&_nc_ss=8&oh=00_AfviKiHnpQCooFt2Y5tvrBI1UgAI6-tDO0L62-TIRp3QLg&oe=69AA5A8B,https://instagram.fsdu8-2.fna.fbcdn.net/v/t51.71878-15/633121588_2228702021203977_2298135967958705950_n.jpg?stp=dst-jpg_e15_tt6&_nc_cat=103&ig_cache_key=MzgzMTY1NjE0NDU2MTkxNzA2Ng%3D%3D.3-ccb7-5&ccb=7-5&_nc_sid=58cdad&efg=eyJ2ZW5jb2RlX3RhZyI6InhwaWRzLjY0MHgxMTM2LnNkci5DMiJ9&_nc_ohc=X9RX83D_EXMQ7kNvwHDDpxE&_nc_oc=AdmjmOTQ52osXkoVMiSc3sIGY6DQ5H3vb-i5wF8VqG1WQid15slGNEyfpHazNYj9E1alSnh_Ab8XanfVK3GyvYWh&_nc_ad=z-m&_nc_cid=0&_nc_zt=23&_nc_ht=instagram.fsdu8-2.fna&_nc_gid=697xzHBngljE9K1R_gbMow&_nc_ss=8&oh=00_AfviKiHnpQCooFt2Y5tvrBI1UgAI6-tDO0L62-TIRp3QLg&oe=69AA5A8B,"https://instagram.fsdu8-2.fna.fbcdn.net/v/t51.71878-15/633121588_2228702021203977_2298135967958705950_n.jpg?stp=dst-jpg_e15_tt6&_nc_cat=103&ig_cache_key=MzgzMTY1NjE0NDU2MTkxNzA2Ng%3D%3D.3-ccb7-5&ccb=7-5&_nc_sid=58cdad&efg=eyJ2ZW5jb2RlX3RhZyI6InhwaWRzLjY0MHgxMTM2LnNkci5DMiJ9&_nc_ohc=X9RX83D_EXMQ7kNvwHDDpxE&_nc_oc=AdmjmOTQ52osXkoVMiSc3sIGY6DQ5H3vb-i5wF8VqG1WQid15slGNEyfpHazNYj9E1alSnh_Ab8XanfVK3GyvYWh&_nc_ad=z-m&_nc_cid=0&_nc_zt=23&_nc_ht=instagram.fsdu8-2.fna&_nc_gid=697xzHBngljE9K1R_gbMow&_nc_ss=8&oh=00_AfviKiHnpQCooFt2Y5tvrBI1UgAI6-tDO0L62-TIRp3QLg&oe=69AA5A8B
https://instagram.fsdu8-2.fna.fbcdn.net/v/t51.71878-15/633121588_2228702021203977_2298135967958705950_n.jpg?stp=dst-jpg_e15_p480x480_tt6&_nc_cat=103&ig_cache_key=MzgzMTY1NjE0NDU2MTkxNzA2Ng%3D%3D.3-ccb7-5&ccb=7-5&_nc_sid=58cdad&efg=eyJ2ZW5jb2RlX3RhZyI6InhwaWRzLjY0MHgxMTM2LnNkci5DMiJ9&_nc_ohc=X9RX83D_EXMQ7kNvwHDDpxE&_nc_oc=AdmjmOTQ52osXkoVMiSc3sIGY6DQ5H3vb-i5wF8VqG1WQid15slGNEyfpHazNYj9E1alSnh_Ab8XanfVK3GyvYWh&_nc_ad=z-m&_nc_cid=0&_nc_zt=23&_nc_ht=instagram.fsdu8-2.fna&_nc_gid=697xzHBngljE9K1R_gbMow&_nc_ss=8&oh=00_AftmLnctfiBUC5scyvnDbzyRi94ZCelIBHsrq7ifverV8A&oe=69AA5A8B
https://instagram.fsdu8-2.fna.fbcdn.net/v/t51.71878-15/633121588_2228702021203977_2298135967958705950_n.jpg?stp=dst-jpg_e15_p320x320_tt6&_nc_cat=103&ig_cache_key=MzgzMTY1NjE0NDU2MTkxNzA2Ng%3D%3D.3-ccb7-5&ccb=7-5&_nc_sid=58cdad&efg=eyJ2ZW5jb2RlX3RhZyI6InhwaWRzLjY0MHgxMTM2LnNkci5DMiJ9&_nc_ohc=X9RX83D_EXMQ7kNvwHDDpxE&_nc_oc=AdmjmOTQ52osXkoVMiSc3sIGY6DQ5H3vb-i5wF8VqG1WQid15slGNEyfpHazNYj9E1alSnh_Ab8XanfVK3GyvYWh&_nc_ad=z-m&_nc_cid=0&_nc_zt=23&_nc_ht=instagram.fsdu8-2.fna&_nc_gid=697xzHBngljE9K1R_gbMow&_nc_ss=8&oh=00_AftKM1kNie6aOhWsmx8PZOEdAy2JBcO1C7iJjpJa0o45nw&oe=69AA5A8B
https://instagram.fsdu8-2.fna.fbcdn.net/v/t51.71878-15/633121588_2228702021203977_2298135967958705950_n.jpg?stp=dst-jpg_e15_p240x240_tt6&_nc_cat=103&ig_cache_key=MzgzMTY1NjE0NDU2MTkxNzA2Ng%3D%3D.3-ccb7-5&ccb=7-5&_nc_sid=58cdad&efg=eyJ2ZW5jb2RlX3RhZyI6InhwaWRzLjY0MHgxMTM2LnNkci5DMiJ9&_nc_ohc=X9RX83D_EXMQ7kNvwHDDpxE&_nc_oc=AdmjmOTQ52osXkoVMiSc3sIGY6DQ5H3vb-i5wF8VqG1WQid15slGNEyfpHazNYj9E1alSnh_Ab8XanfVK3GyvYWh&_nc_ad=z-m&_nc_cid=0&_nc_zt=23&_nc_ht=instagram.fsdu8-2.fna&_nc_gid=697xzHBngljE9K1R_gbMow&_nc_ss=8&oh=00_Afu9WDcKVt_jm3zEtc8jsuW8IBnKlVATcfzRdwXiJBE31A&oe=69AA5A8B
https://instagram.fsdu8-2.fna.fbcdn.net/v/t51.71878-15/633121588_2228702021203977_2298135967958705950_n.jpg?stp=c0.248.640.640a_dst-jpg_e15_s640x639_tt6&_nc_cat=103&ig_cache_key=MzgzMTY1NjE0NDU2MTkxNzA2Ng%3D%3D.3-ccb7-5&ccb=7-5&_nc_sid=58cdad&efg=eyJ2ZW5jb2RlX3RhZyI6InhwaWRzLjY0MHgxMTM2LnNkci5DMiJ9&_nc_ohc=X9RX83D_EXMQ7kNvwHDDpxE&_nc_oc=AdmjmOTQ52osXkoVMiSc3sIGY6DQ5H3vb-i5wF8VqG1WQid15slGNEyfpHazNYj9E1alSnh_Ab8XanfVK3GyvYWh&_nc_ad=z-m&_nc_cid=0&_nc_zt=23&_nc_ht=instagram.fsdu8-2.fna&_nc_gid=697xzHBngljE9K1R_gbMow&_nc_ss=8&oh=00_Afuc8Db8wTNbDf3j6TY_UwN_8DCOPopcY049GelHiWg6jw&oe=69AA5A8B
https://instagram.fsdu8-2.fna.fbcdn.net/v/t51.71878-15/633121588_2228702021203977_2298135967958705950_n.jpg?stp=c0.248.640.640a_dst-jpg_e15_s640x639_tt6&_nc_cat=103&ig_cache_key=MzgzMTY1NjE0NDU2MTkxNzA2Ng%3D%3D.3-ccb7-5&ccb=7-5&_nc_sid=58cdad&efg=eyJ2ZW5jb2RlX3RhZyI6InhwaWRzLjY0MHgxMTM2LnNkci5DMiJ9&_nc_ohc=X9RX83D_EXMQ7kNvwHDDpxE&_nc_oc=AdmjmOTQ52osXkoVMiSc3sIGY6DQ5H3vb-i5wF8VqG1WQid15slGNEyfpHazNYj9E1alSnh_Ab8XanfVK3GyvYWh&_nc_ad=z-m&_nc_cid=0&_nc_zt=23&_nc_ht=instagram.fsdu8-2.fna&_nc_gid=697xzHBngljE9K1R_gbMow&_nc_ss=8&oh=00_Afuc8Db8wTNbDf3j6TY_UwN_8DCOPopcY049GelHiWg6jw&oe=69AA5A8B
https://instagram.fsdu8-2.fna.fbcdn.net/v/t51.71878-15/633121588_2228702021203977_2298135967958705950_n.jpg?stp=c0.248.640.640a_dst-jpg_e15_s640x639_tt6&_nc_cat=103&ig_cache_key=MzgzMTY1NjE0NDU2MTkxNzA2Ng%3D%3D.3-ccb7-5&ccb=7-5&_nc_sid=58cdad&efg=eyJ2ZW5jb2RlX3RhZyI6InhwaWRzLjY0MHgxMTM2LnNkci5DMiJ9&_nc_ohc=X9RX83D_EXMQ7kNvwHDDpxE&_nc_oc=AdmjmOTQ52osXkoVMiSc3sIGY6DQ5H3vb-i5wF8VqG1WQid15slGNEyfpHazNYj9E1alSnh_Ab8XanfVK3GyvYWh&_nc_ad=z-m&_nc_cid=0&_nc_zt=23&_nc_ht=instagram.fsdu8-2.fna&_nc_gid=697xzHBngljE9K1R_gbMow&_nc_ss=8&oh=00_Afuc8Db8wTNbDf3j6TY_UwN_8DCOPopcY049GelHiWg6jw&oe=69AA5A8B
https://instagram.fsdu8-2.fna.fbcdn.net/v/t51.71878-15/633121588_2228702021203977_2298135967958705950_n.jpg?stp=c0.248.640.640a_dst-jpg_e15_s480x480_tt6&_nc_cat=103&ig_cache_key=MzgzMTY1NjE0NDU2MTkxNzA2Ng%3D%3D.3-ccb7-5&ccb=7-5&_nc_sid=58cdad&efg=eyJ2ZW5jb2RlX3RhZyI6InhwaWRzLjY0MHgxMTM2LnNkci5DMiJ9&_nc_ohc=X9RX83D_EXMQ7kNvwHDDpxE&_nc_oc=AdmjmOTQ52osXkoVMiSc3sIGY6DQ5H3vb-i5wF8VqG1WQid15slGNEyfpHazNYj9E1alSnh_Ab8XanfVK3GyvYWh&_nc_ad=z-m&_nc_cid=0&_nc_zt=23&_nc_ht=instagram.fsdu8-2.fna&_nc_gid=697xzHBngljE9K1R_gbMow&_nc_ss=8&oh=00_AftqTvvvmUCUstsyW9EQ8mRLUsxLka1VKWRY6gpjyzREFQ&oe=69AA5A8B
https://instagram.fsdu8-2.fna.fbcdn.net/v/t51.71878-15/633121588_2228702021203977_2298135967958705950_n.jpg?stp=c0.248.640.640a_dst-jpg_e15_s320x320_tt6&_nc_cat=103&ig_cache_key=MzgzMTY1NjE0NDU2MTkxNzA2Ng%3D%3D.3-ccb7-5&ccb=7-5&_nc_sid=58cdad&efg=eyJ2ZW5jb2RlX3RhZyI6InhwaWRzLjY0MHgxMTM2LnNkci5DMiJ9&_nc_ohc=X9RX83D_EXMQ7kNvwHDDpxE&_nc_oc=AdmjmOTQ52osXkoVMiSc3sIGY6DQ5H3vb-i5wF8VqG1WQid15slGNEyfpHazNYj9E1alSnh_Ab8XanfVK3GyvYWh&_nc_ad=z-m&_nc_cid=0&_nc_zt=23&_nc_ht=instagram.fsdu8-2.fna&_nc_gid=697xzHBngljE9K1R_gbMow&_nc_ss=8&oh=00_AfuRJdthIiGCbh5v6ZWlQ6Bi_xaZ33mXUJuclCuHNi1IVg&oe=69AA5A8B
https://instagram.fsdu8-2.fna.fbcdn.net/v/t51.71878-15/633121588_2228702021203977_2298135967958705950_n.jpg?stp=c0.248.640.640a_dst-jpg_e15_s240x240_tt6&_nc_cat=103&ig_cache_key=MzgzMTY1NjE0NDU2MTkxNzA2Ng%3D%3D.3-ccb7-5&ccb=7-5&_nc_sid=58cdad&efg=eyJ2ZW5jb2RlX3RhZyI6InhwaWRzLjY0MHgxMTM2LnNkci5DMiJ9&_nc_ohc=X9RX83D_EXMQ7kNvwHDDpxE&_nc_oc=AdmjmOTQ52osXkoVMiSc3sIGY6DQ5H3vb-i5wF8VqG1WQid15slGNEyfpHazNYj9E1alSnh_Ab8XanfVK3GyvYWh&_nc_ad=z-m&_nc_cid=0&_nc_zt=23&_nc_ht=instagram.fsdu8-2.fna&_nc_gid=697xzHBngljE9K1R_gbMow&_nc_ss=8&oh=00_AfsswhVxgcAWCAqSv9r6Ndxe42g2mgaK6E8RVyfgE5pg0A&oe=69AA5A8B
https://instagram.fsdu8-2.fna.fbcdn.net/v/t51.71878-15/633121588_2228702021203977_2298135967958705950_n.jpg?stp=c0.248.640.640a_dst-jpg_e15_s150x150_tt6&_nc_cat=103&ig_cache_key=MzgzMTY1NjE0NDU2MTkxNzA2Ng%3D%3D.3-ccb7-5&ccb=7-5&_nc_sid=58cdad&efg=eyJ2ZW5jb2RlX3RhZyI6InhwaWRzLjY0MHgxMTM2LnNkci5DMiJ9&_nc_ohc=X9RX83D_EXMQ7kNvwHDDpxE&_nc_oc=AdmjmOTQ52osXkoVMiSc3sIGY6DQ5H3vb-i5wF8VqG1WQid15slGNEyfpHazNYj9E1alSnh_Ab8XanfVK3GyvYWh&_nc_ad=z-m&_nc_cid=0&_nc_zt=23&_nc_ht=instagram.fsdu8-2.fna&_nc_gid=697xzHBngljE9K1R_gbMow&_nc_ss=8&oh=00_AfsCQrOykIaEVdMZ0iFnXpAnvHmDiJv52IeM44BVSlowLg&oe=69AA5A8B",NA,NO,YES,https://instagram.fsdu8-2.fna.fbcdn.net/o1/v/t16/f2/m69/AQM7Pm3RILa8WoXyahm6BMahyuhk_mEkaUhSmsiidaSix0cQe4VkNKfM-h7UVbL_hESmHuRSfVK-i4q2ExA8h9f6.mp4?strext=1&_nc_cat=109&_nc_oc=AdngPtTPMab0Cj2cJyyBbsmKlnEYILH14HZQnae0xyMcKuZl8KJDDspY0e7AhEZZOvepCdFm8N8YJzybS5_9u1rt&_nc_sid=5e9851&_nc_ht=instagram.fsdu8-2.fna.fbcdn.net&_nc_ohc=YYe2IEgzb7oQ7kNvwG3IRGL&efg=eyJ2ZW5jb2RlX3RhZyI6Inhwdl9wcm9ncmVzc2l2ZS5JTlNUQUdSQU0uQ0xJUFMuQzIuNzIwLmRhc2hfYmFzZWxpbmVfMV92MSIsInhwdl9hc3NldF9pZCI6MTc5NDI0NDYyNTcxMjg1MDgsImFzc2V0X2FnZV9kYXlzIjoxNiwidmlfdXNlY2FzZV9pZCI6MTAwOTksImR1cmF0aW9uX3MiOjE0MiwidXJsZ2VuX3NvdXJjZSI6Ind3dyJ9&ccb=17-1&_nc_gid=697xzHBngljE9K1R_gbMow&_nc_ss=8&_nc_zt=28&vs=90c06379f9bd8eab&_nc_vs=HBksFQIYOnBhc3N0aHJvdWdoX2V2ZXJzdG9yZS9HTG1Uc2lVNDJMOGVCMm9HQUNWYkhjZDRoYUVGYnNwVEFRQUYVAALIARIAFQIYUWlnX3hwdl9wbGFjZW1lbnRfcGVybWFuZW50X3YyL0RCNEI3Q0UwRjZGMjQ2MkFCREY5Rjc2MUYzMjRBQTlCX2F1ZGlvX2Rhc2hpbml0Lm1wNBUCAsgBEgAoABgAGwKIB3VzZV9vaWwBMRJwcm9ncmVzc2l2ZV9yZWNpcGUBMRUAACb4kPb46aPfPxUCKAJDMiwXQGHRDlYEGJMYEmRhc2hfYmFzZWxpbmVfMV92MREAdf4HZeadAQA&oh=00_Afv25nm_EE3jSYeMXjVEHOXhOjypfcq0Snc-2VVnJjQ8_A&oe=69AA457B,NA,3194347257,eliasmkjabbour,NA,Vila Isabel,NA,NA,-229156.0,-432486.0,Humanização,"Enfatiza a capacidade de ser percebida como próxima, acessível e semelhante aos eleitores, especialmente em termos de estilo de vida",66.67,33.33,0,0,0,0,0,14.29,0,85.71
postagem_93,3830980842072464993,DUqYMdJDl5h,"Thu, 12 Feb 2026 15:10:53 GMT",2026-02-12T00:00:00Z,1770909053,Sobre a Quaest: Lula x o candidato dos EUA.,NA,4556,250,https://www.instagram.com/p/DUqYMdJDl5h/,https://instagram.fsdu8-2.fna.fbcdn.net/v/t51.71878-15/629751067_1251852193539656_8875568041473894522_n.jpg?stp=dst-jpegr_e15_tt6&_nc_cat=108&ig_cache_key=MzgzMDk4MDg0MjA3MjQ2NDk5Mw%3D%3D.3-ccb7-5&ccb=7-5&_nc_sid=58cdad&efg=eyJ2ZW5jb2RlX3RhZyI6InhwaWRzLjY0MHgxMTM2Lmhkci5DMiJ9&_nc_ohc=HPcuUVFRiWkQ7kNvwHhSgC4&_nc_oc=AdkOKdS_Eyk2vQPYjXlJHXi52P1-utsKymy6q_sqAZEPdkzlM3_AcgSXdHh5XMjJ7YHsAFzGhrXUVsBmJNx8fCSw&_nc_ad=z-m&_nc_cid=0&_nc_zt=23&se=-1&_nc_ht=instagram.fsdu8-2.fna&_nc_gid=697xzHBngljE9K1R_gbMow&_nc_ss=8&oh=00_Afs46sa4CabHVyOaItF8rkNHP3AUByPlenjwH38TNxj50w&oe=69AA4911,https://instagram.fsdu8-2.fna.fbcdn.net/v/t51.71878-15/629751067_1251852193539656_8875568041473894522_n.jpg?stp=dst-jpegr_e15_tt6&_nc_cat=108&ig_cache_key=MzgzMDk4MDg0MjA3MjQ2NDk5Mw%3D%3D.3-ccb7-5&ccb=7-5&_nc_sid=58cdad&efg=eyJ2ZW5jb2RlX3RhZyI6InhwaWRzLjY0MHgxMTM2Lmhkci5DMiJ9&_nc_ohc=HPcuUVFRiWkQ7kNvwHhSgC4&_nc_oc=AdkOKdS_Eyk2vQPYjXlJHXi52P1-utsKymy6q_sqAZEPdkzlM3_AcgSXdHh5XMjJ7YHsAFzGhrXUVsBmJNx8fCSw&_nc_ad=z-m&_nc_cid=0&_nc_zt=23&se=-1&_nc_ht=instagram.fsdu8-2.fna&_nc_gid=697xzHBngljE9K1R_gbMow&_nc_ss=8&oh=00_Afs46sa4CabHVyOaItF8rkNHP3AUByPlenjwH38TNxj50w&oe=69AA4911,"https://instagram.fsdu8-2.fna.fbcdn.net/v/t51.71878-15/629751067_1251852193539656_8875568041473894522_n.jpg?stp=dst-jpegr_e15_tt6&_nc_cat=108&ig_cache_key=MzgzMDk4MDg0MjA3MjQ2NDk5Mw%3D%3D.3-ccb7-5&ccb=7-5&_nc_sid=58cdad&efg=eyJ2ZW5jb2RlX3RhZyI6InhwaWRzLjY0MHgxMTM2Lmhkci5DMiJ9&_nc_ohc=HPcuUVFRiWkQ7kNvwHhSgC4&_nc_oc=AdkOKdS_Eyk2vQPYjXlJHXi52P1-utsKymy6q_sqAZEPdkzlM3_AcgSXdHh5XMjJ7YHsAFzGhrXUVsBmJNx8fCSw&_nc_ad=z-m&_nc_cid=0&_nc_zt=23&se=-1&_nc_ht=instagram.fsdu8-2.fna&_nc_gid=697xzHBngljE9K1R_gbMow&_nc_ss=8&oh=00_Afs46sa4CabHVyOaItF8rkNHP3AUByPlenjwH38TNxj50w&oe=69AA4911
https://instagram.fsdu8-2.fna.fbcdn.net/v/t51.71878-15/629751067_1251852193539656_8875568041473894522_n.jpg?stp=dst-jpegr_e15_p480x480_tt6&_nc_cat=108&ig_cache_key=MzgzMDk4MDg0MjA3MjQ2NDk5Mw%3D%3D.3-ccb7-5&ccb=7-5&_nc_sid=58cdad&efg=eyJ2ZW5jb2RlX3RhZyI6InhwaWRzLjY0MHgxMTM2Lmhkci5DMiJ9&_nc_ohc=HPcuUVFRiWkQ7kNvwHhSgC4&_nc_oc=AdkOKdS_Eyk2vQPYjXlJHXi52P1-utsKymy6q_sqAZEPdkzlM3_AcgSXdHh5XMjJ7YHsAFzGhrXUVsBmJNx8fCSw&_nc_ad=z-m&_nc_cid=0&_nc_zt=23&se=-1&_nc_ht=instagram.fsdu8-2.fna&_nc_gid=697xzHBngljE9K1R_gbMow&_nc_ss=8&oh=00_Aft5tl3tE3OckM06PYlyUDZEyoQ_8pf_0GlciVKcPanpUg&oe=69AA4911
https://instagram.fsdu8-2.fna.fbcdn.net/v/t51.71878-15/629751067_1251852193539656_8875568041473894522_n.jpg?stp=dst-jpegr_e15_p320x320_tt6&_nc_cat=108&ig_cache_key=MzgzMDk4MDg0MjA3MjQ2NDk5Mw%3D%3D.3-ccb7-5&ccb=7-5&_nc_sid=58cdad&efg=eyJ2ZW5jb2RlX3RhZyI6InhwaWRzLjY0MHgxMTM2Lmhkci5DMiJ9&_nc_ohc=HPcuUVFRiWkQ7kNvwHhSgC4&_nc_oc=AdkOKdS_Eyk2vQPYjXlJHXi52P1-utsKymy6q_sqAZEPdkzlM3_AcgSXdHh5XMjJ7YHsAFzGhrXUVsBmJNx8fCSw&_nc_ad=z-m&_nc_cid=0&_nc_zt=23&se=-1&_nc_ht=instagram.fsdu8-2.fna&_nc_gid=697xzHBngljE9K1R_gbMow&_nc_ss=8&oh=00_AftPzqUpqU-1bxKPdse-dIZvp8TlORu7umGi4Xa5x7DfuA&oe=69AA4911
https://instagram.fsdu8-2.fna.fbcdn.net/v/t51.71878-15/629751067_1251852193539656_8875568041473894522_n.jpg?stp=dst-jpegr_e15_p240x240_tt6&_nc_cat=108&ig_cache_key=MzgzMDk4MDg0MjA3MjQ2NDk5Mw%3D%3D.3-ccb7-5&ccb=7-5&_nc_sid=58cdad&efg=eyJ2ZW5jb2RlX3RhZyI6InhwaWRzLjY0MHgxMTM2Lmhkci5DMiJ9&_nc_ohc=HPcuUVFRiWkQ7kNvwHhSgC4&_nc_oc=AdkOKdS_Eyk2vQPYjXlJHXi52P1-utsKymy6q_sqAZEPdkzlM3_AcgSXdHh5XMjJ7YHsAFzGhrXUVsBmJNx8fCSw&_nc_ad=z-m&_nc_cid=0&_nc_zt=23&se=-1&_nc_ht=instagram.fsdu8-2.fna&_nc_gid=697xzHBngljE9K1R_gbMow&_nc_ss=8&oh=00_AftT9IN59IkXdiBGoF8Wk0rHaZ9r-ZZEIpNiHiStVos1sw&oe=69AA4911
https://instagram.fsdu8-2.fna.fbcdn.net/v/t51.71878-15/629751067_1251852193539656_8875568041473894522_n.jpg?stp=c0.248.640.640a_dst-jpegr_e15_s640x639_tt6&_nc_cat=108&ig_cache_key=MzgzMDk4MDg0MjA3MjQ2NDk5Mw%3D%3D.3-ccb7-5&ccb=7-5&_nc_sid=58cdad&efg=eyJ2ZW5jb2RlX3RhZyI6InhwaWRzLjY0MHgxMTM2Lmhkci5DMiJ9&_nc_ohc=HPcuUVFRiWkQ7kNvwHhSgC4&_nc_oc=AdkOKdS_Eyk2vQPYjXlJHXi52P1-utsKymy6q_sqAZEPdkzlM3_AcgSXdHh5XMjJ7YHsAFzGhrXUVsBmJNx8fCSw&_nc_ad=z-m&_nc_cid=0&_nc_zt=23&se=-1&_nc_ht=instagram.fsdu8-2.fna&_nc_gid=697xzHBngljE9K1R_gbMow&_nc_ss=8&oh=00_AfsxWDsaN4UdUDshUUEpVHYU3MuNsSFv-kzIsH6pXN_sTA&oe=69AA4911
https://instagram.fsdu8-2.fna.fbcdn.net/v/t51.71878-15/629751067_1251852193539656_8875568041473894522_n.jpg?stp=c0.248.640.640a_dst-jpegr_e15_s640x639_tt6&_nc_cat=108&ig_cache_key=MzgzMDk4MDg0MjA3MjQ2NDk5Mw%3D%3D.3-ccb7-5&ccb=7-5&_nc_sid=58cdad&efg=eyJ2ZW5jb2RlX3RhZyI6InhwaWRzLjY0MHgxMTM2Lmhkci5DMiJ9&_nc_ohc=HPcuUVFRiWkQ7kNvwHhSgC4&_nc_oc=AdkOKdS_Eyk2vQPYjXlJHXi52P1-utsKymy6q_sqAZEPdkzlM3_AcgSXdHh5XMjJ7YHsAFzGhrXUVsBmJNx8fCSw&_nc_ad=z-m&_nc_cid=0&_nc_zt=23&se=-1&_nc_ht=instagram.fsdu8-2.fna&_nc_gid=697xzHBngljE9K1R_gbMow&_nc_ss=8&oh=00_AfsxWDsaN4UdUDshUUEpVHYU3MuNsSFv-kzIsH6pXN_sTA&oe=69AA4911
https://instagram.fsdu8-2.fna.fbcdn.net/v/t51.71878-15/629751067_1251852193539656_8875568041473894522_n.jpg?stp=c0.248.640.640a_dst-jpegr_e15_s640x639_tt6&_nc_cat=108&ig_cache_key=MzgzMDk4MDg0MjA3MjQ2NDk5Mw%3D%3D.3-ccb7-5&ccb=7-5&_nc_sid=58cdad&efg=eyJ2ZW5jb2RlX3RhZyI6InhwaWRzLjY0MHgxMTM2Lmhkci5DMiJ9&_nc_ohc=HPcuUVFRiWkQ7kNvwHhSgC4&_nc_oc=AdkOKdS_Eyk2vQPYjXlJHXi52P1-utsKymy6q_sqAZEPdkzlM3_AcgSXdHh5XMjJ7YHsAFzGhrXUVsBmJNx8fCSw&_nc_ad=z-m&_nc_cid=0&_nc_zt=23&se=-1&_nc_ht=instagram.fsdu8-2.fna&_nc_gid=697xzHBngljE9K1R_gbMow&_nc_ss=8&oh=00_AfsxWDsaN4UdUDshUUEpVHYU3MuNsSFv-kzIsH6pXN_sTA&oe=69AA4911
https://instagram.fsdu8-2.fna.fbcdn.net/v/t51.71878-15/629751067_1251852193539656_8875568041473894522_n.jpg?stp=c0.248.640.640a_dst-jpegr_e15_s480x480_tt6&_nc_cat=108&ig_cache_key=MzgzMDk4MDg0MjA3MjQ2NDk5Mw%3D%3D.3-ccb7-5&ccb=7-5&_nc_sid=58cdad&efg=eyJ2ZW5jb2RlX3RhZyI6InhwaWRzLjY0MHgxMTM2Lmhkci5DMiJ9&_nc_ohc=HPcuUVFRiWkQ7kNvwHhSgC4&_nc_oc=AdkOKdS_Eyk2vQPYjXlJHXi52P1-utsKymy6q_sqAZEPdkzlM3_AcgSXdHh5XMjJ7YHsAFzGhrXUVsBmJNx8fCSw&_nc_ad=z-m&_nc_cid=0&_nc_zt=23&se=-1&_nc_ht=instagram.fsdu8-2.fna&_nc_gid=697xzHBngljE9K1R_gbMow&_nc_ss=8&oh=00_AfusyoeMjvZsNOSGSNbO8G1vKKOt24L6A7437PqVpbSDNQ&oe=69AA4911
https://instagram.fsdu8-2.fna.fbcdn.net/v/t51.71878-15/629751067_1251852193539656_8875568041473894522_n.jpg?stp=c0.248.640.640a_dst-jpegr_e15_s320x320_tt6&_nc_cat=108&ig_cache_key=MzgzMDk4MDg0MjA3MjQ2NDk5Mw%3D%3D.3-ccb7-5&ccb=7-5&_nc_sid=58cdad&efg=eyJ2ZW5jb2RlX3RhZyI6InhwaWRzLjY0MHgxMTM2Lmhkci5DMiJ9&_nc_ohc=HPcuUVFRiWkQ7kNvwHhSgC4&_nc_oc=AdkOKdS_Eyk2vQPYjXlJHXi52P1-utsKymy6q_sqAZEPdkzlM3_AcgSXdHh5XMjJ7YHsAFzGhrXUVsBmJNx8fCSw&_nc_ad=z-m&_nc_cid=0&_nc_zt=23&se=-1&_nc_ht=instagram.fsdu8-2.fna&_nc_gid=697xzHBngljE9K1R_gbMow&_nc_ss=8&oh=00_AfsEsF8BDvg4dZKYylBSHkf75HRt1zXOBeg3tE-t5q9sdQ&oe=69AA4911
https://instagram.fsdu8-2.fna.fbcdn.net/v/t51.71878-15/629751067_1251852193539656_8875568041473894522_n.jpg?stp=c0.248.640.640a_dst-jpegr_e15_s240x240_tt6&_nc_cat=108&ig_cache_key=MzgzMDk4MDg0MjA3MjQ2NDk5Mw%3D%3D.3-ccb7-5&ccb=7-5&_nc_sid=58cdad&efg=eyJ2ZW5jb2RlX3RhZyI6InhwaWRzLjY0MHgxMTM2Lmhkci5DMiJ9&_nc_ohc=HPcuUVFRiWkQ7kNvwHhSgC4&_nc_oc=AdkOKdS_Eyk2vQPYjXlJHXi52P1-utsKymy6q_sqAZEPdkzlM3_AcgSXdHh5XMjJ7YHsAFzGhrXUVsBmJNx8fCSw&_nc_ad=z-m&_nc_cid=0&_nc_zt=23&se=-1&_nc_ht=instagram.fsdu8-2.fna&_nc_gid=697xzHBngljE9K1R_gbMow&_nc_ss=8&oh=00_Afs8xsmV_lRQBYSZIYqpto4SeXhUBeuHQd8UYswcD_39og&oe=69AA4911
https://instagram.fsdu8-2.fna.fbcdn.net/v/t51.71878-15/629751067_1251852193539656_8875568041473894522_n.jpg?stp=c0.248.640.640a_dst-jpegr_e15_s150x150_tt6&_nc_cat=108&ig_cache_key=MzgzMDk4MDg0MjA3MjQ2NDk5Mw%3D%3D.3-ccb7-5&ccb=7-5&_nc_sid=58cdad&efg=eyJ2ZW5jb2RlX3RhZyI6InhwaWRzLjY0MHgxMTM2Lmhkci5DMiJ9&_nc_ohc=HPcuUVFRiWkQ7kNvwHhSgC4&_nc_oc=AdkOKdS_Eyk2vQPYjXlJHXi52P1-utsKymy6q_sqAZEPdkzlM3_AcgSXdHh5XMjJ7YHsAFzGhrXUVsBmJNx8fCSw&_nc_ad=z-m&_nc_cid=0&_nc_zt=23&se=-1&_nc_ht=instagram.fsdu8-2.fna&_nc_gid=697xzHBngljE9K1R_gbMow&_nc_ss=8&oh=00_AfvdLv4pMKOYdQ5gV2GU6MJ04PDRWfgMZZY1cFi5fsIULA&oe=69AA4911",NA,NO,YES,https://instagram.fsdu8-2.fna.fbcdn.net/o1/v/t16/f2/m69/AQNjWXKpjQr_PyDQk9AA34MtkN0_vnTj6j-4DFxycPUkCn7474U5u2GIag-kljruRMPE_Y6Q5038P7RwKka6cFZf.mp4?strext=1&_nc_cat=107&_nc_oc=Adnmin8Dj6xEiF_sONIWocTtQ0sO05s6J16wdTm-4YXsxbiuDgIfVJomkASYcspoDJbkwqkJNcgpNTFlX0hlWQtH&_nc_sid=5e9851&_nc_ht=instagram.fsdu8-2.fna.fbcdn.net&_nc_ohc=QLaKoqPQan0Q7kNvwEj7TII&efg=eyJ2ZW5jb2RlX3RhZyI6Inhwdl9wcm9ncmVzc2l2ZS5JTlNUQUdSQU0uQ0xJUFMuQzIuNzIwLmRhc2hfYmFzZWxpbmVfMV92MSIsInhwdl9hc3NldF9pZCI6MTc5NDIzMzIwNDQxMjg1MDgsImFzc2V0X2FnZV9kYXlzIjoxNywidmlfdXNlY2FzZV9pZCI6MTAwOTksImR1cmF0aW9uX3MiOjE3NCwidXJsZ2VuX3NvdXJjZSI6Ind3dyJ9&ccb=17-1&_nc_gid=697xzHBngljE9K1R_gbMow&_nc_ss=8&_nc_zt=28&vs=2ceba26f4855bd4c&_nc_vs=HBksFQIYOnBhc3N0aHJvdWdoX2V2ZXJzdG9yZS9HSy1yd0NVNWp4UGRGSmdFQUxFVW5PbXVOdk1UYnNwVEFRQUYVAALIARIAFQIYUWlnX3hwdl9wbGFjZW1lbnRfcGVybWFuZW50X3YyL0M5NDhGQ0I0MjhGMEZBMDk2NzZEREU1NTZFQTYzNDkyX2F1ZGlvX2Rhc2hpbml0Lm1wNBUCAsgBEgAoABgAGwKIB3VzZV9vaWwBMRJwcm9ncmVzc2l2ZV9yZWNpcGUBMRUAACb4w_X-lp3fPxUCKAJDMiwXQGXd2yLQ5WAYEmRhc2hfYmFzZWxpbmVfMV92MREAdf4HZeadAQA&oh=00_AfueAvWeu1U1IdniLNsUiKXCHRpjTM6SZsekHULDysBywQ&oe=69AA5FA1,NA,3194347257,eliasmkjabbour,NA,Rio de Janeiro,NA,NA,-22908.0,-431975.0,Autoridade,"Expressa ser detentora de habilidades, posicionando-se como melhor do que os eleitores em determinados domínios.",53.33,46.67,31.25,12.5,6.25,18.75,0,0,0,31.25
postagem_92,3830796212056800437,DUpuNvCjry1,"Thu, 12 Feb 2026 08:55:00 GMT",2026-02-12T00:00:00Z,1770886500,O capitalismo não é superior ao socialismo? Então por que não acabam com o bloqueio a Cuba?,NA,13926,979,https://www.instagram.com/p/DUpuNvCjry1/,https://instagram.fsdu8-1.fna.fbcdn.net/v/t51.71878-15/631336640_1555564522204568_4459649279708015306_n.jpg?stp=dst-jpg_e15_tt6&_nc_cat=101&ig_cache_key=MzgzMDc5NjIxMjA1NjgwMDQzNw%3D%3D.3-ccb7-5&ccb=7-5&_nc_sid=58cdad&efg=eyJ2ZW5jb2RlX3RhZyI6InhwaWRzLjY0MHgxMTM2LnNkci5DMiJ9&_nc_ohc=sUkqUmWhIR8Q7kNvwH2oJmS&_nc_oc=AdlE7fZ94HEAJPMKkZTLc5iy55JqsTSmAkPToEhkRiO6HyLWgspxDKOXAAG8mbrI1wu8Stpc2tL928c7ZUpsUwVD&_nc_ad=z-m&_nc_cid=0&_nc_zt=23&_nc_ht=instagram.fsdu8-1.fna&_nc_gid=697xzHBngljE9K1R_gbMow&_nc_ss=8&oh=00_AftQFuiyHgddF16GJIoRenXbP1OCyFCx8chhyv3SjrzNHw&oe=69AA72FE,https://instagram.fsdu8-1.fna.fbcdn.net/v/t51.71878-15/631336640_1555564522204568_4459649279708015306_n.jpg?stp=dst-jpg_e15_tt6&_nc_cat=101&ig_cache_key=MzgzMDc5NjIxMjA1NjgwMDQzNw%3D%3D.3-ccb7-5&ccb=7-5&_nc_sid=58cdad&efg=eyJ2ZW5jb2RlX3RhZyI6InhwaWRzLjY0MHgxMTM2LnNkci5DMiJ9&_nc_ohc=sUkqUmWhIR8Q7kNvwH2oJmS&_nc_oc=AdlE7fZ94HEAJPMKkZTLc5iy55JqsTSmAkPToEhkRiO6HyLWgspxDKOXAAG8mbrI1wu8Stpc2tL928c7ZUpsUwVD&_nc_ad=z-m&_nc_cid=0&_nc_zt=23&_nc_ht=instagram.fsdu8-1.fna&_nc_gid=697xzHBngljE9K1R_gbMow&_nc_ss=8&oh=00_AftQFuiyHgddF16GJIoRenXbP1OCyFCx8chhyv3SjrzNHw&oe=69AA72FE,"https://instagram.fsdu8-1.fna.fbcdn.net/v/t51.71878-15/631336640_1555564522204568_4459649279708015306_n.jpg?stp=dst-jpg_e15_tt6&_nc_cat=101&ig_cache_key=MzgzMDc5NjIxMjA1NjgwMDQzNw%3D%3D.3-ccb7-5&ccb=7-5&_nc_sid=58cdad&efg=eyJ2ZW5jb2RlX3RhZyI6InhwaWRzLjY0MHgxMTM2LnNkci5DMiJ9&_nc_ohc=sUkqUmWhIR8Q7kNvwH2oJmS&_nc_oc=AdlE7fZ94HEAJPMKkZTLc5iy55JqsTSmAkPToEhkRiO6HyLWgspxDKOXAAG8mbrI1wu8Stpc2tL928c7ZUpsUwVD&_nc_ad=z-m&_nc_cid=0&_nc_zt=23&_nc_ht=instagram.fsdu8-1.fna&_nc_gid=697xzHBngljE9K1R_gbMow&_nc_ss=8&oh=00_AftQFuiyHgddF16GJIoRenXbP1OCyFCx8chhyv3SjrzNHw&oe=69AA72FE
https://instagram.fsdu8-1.fna.fbcdn.net/v/t51.71878-15/631336640_1555564522204568_4459649279708015306_n.jpg?stp=dst-jpg_e15_p480x480_tt6&_nc_cat=101&ig_cache_key=MzgzMDc5NjIxMjA1NjgwMDQzNw%3D%3D.3-ccb7-5&ccb=7-5&_nc_sid=58cdad&efg=eyJ2ZW5jb2RlX3RhZyI6InhwaWRzLjY0MHgxMTM2LnNkci5DMiJ9&_nc_ohc=sUkqUmWhIR8Q7kNvwH2oJmS&_nc_oc=AdlE7fZ94HEAJPMKkZTLc5iy55JqsTSmAkPToEhkRiO6HyLWgspxDKOXAAG8mbrI1wu8Stpc2tL928c7ZUpsUwVD&_nc_ad=z-m&_nc_cid=0&_nc_zt=23&_nc_ht=instagram.fsdu8-1.fna&_nc_gid=697xzHBngljE9K1R_gbMow&_nc_ss=8&oh=00_Afs6Z6schRv0tvx6qUR6QiD6iDbaMOcG_TaEcb-ix8RbeA&oe=69AA72FE
https://instagram.fsdu8-1.fna.fbcdn.net/v/t51.71878-15/631336640_1555564522204568_4459649279708015306_n.jpg?stp=dst-jpg_e15_p320x320_tt6&_nc_cat=101&ig_cache_key=MzgzMDc5NjIxMjA1NjgwMDQzNw%3D%3D.3-ccb7-5&ccb=7-5&_nc_sid=58cdad&efg=eyJ2ZW5jb2RlX3RhZyI6InhwaWRzLjY0MHgxMTM2LnNkci5DMiJ9&_nc_ohc=sUkqUmWhIR8Q7kNvwH2oJmS&_nc_oc=AdlE7fZ94HEAJPMKkZTLc5iy55JqsTSmAkPToEhkRiO6HyLWgspxDKOXAAG8mbrI1wu8Stpc2tL928c7ZUpsUwVD&_nc_ad=z-m&_nc_cid=0&_nc_zt=23&_nc_ht=instagram.fsdu8-1.fna&_nc_gid=697xzHBngljE9K1R_gbMow&_nc_ss=8&oh=00_AftEf9OMBR6im35zo8xwsWth1Wy5an0Jt9WBgTrXr41ssQ&oe=69AA72FE
https://instagram.fsdu8-1.fna.fbcdn.net/v/t51.71878-15/631336640_1555564522204568_4459649279708015306_n.jpg?stp=dst-jpg_e15_p240x240_tt6&_nc_cat=101&ig_cache_key=MzgzMDc5NjIxMjA1NjgwMDQzNw%3D%3D.3-ccb7-5&ccb=7-5&_nc_sid=58cdad&efg=eyJ2ZW5jb2RlX3RhZyI6InhwaWRzLjY0MHgxMTM2LnNkci5DMiJ9&_nc_ohc=sUkqUmWhIR8Q7kNvwH2oJmS&_nc_oc=AdlE7fZ94HEAJPMKkZTLc5iy55JqsTSmAkPToEhkRiO6HyLWgspxDKOXAAG8mbrI1wu8Stpc2tL928c7ZUpsUwVD&_nc_ad=z-m&_nc_cid=0&_nc_zt=23&_nc_ht=instagram.fsdu8-1.fna&_nc_gid=697xzHBngljE9K1R_gbMow&_nc_ss=8&oh=00_Afsd_S_YGWf_0OWPIYIkQ-GlDtM_jyWxpH1xZhclf6LR9g&oe=69AA72FE
https://instagram.fsdu8-1.fna.fbcdn.net/v/t51.71878-15/631336640_1555564522204568_4459649279708015306_n.jpg?stp=c0.248.640.640a_dst-jpg_e15_s640x639_tt6&_nc_cat=101&ig_cache_key=MzgzMDc5NjIxMjA1NjgwMDQzNw%3D%3D.3-ccb7-5&ccb=7-5&_nc_sid=58cdad&efg=eyJ2ZW5jb2RlX3RhZyI6InhwaWRzLjY0MHgxMTM2LnNkci5DMiJ9&_nc_ohc=sUkqUmWhIR8Q7kNvwH2oJmS&_nc_oc=AdlE7fZ94HEAJPMKkZTLc5iy55JqsTSmAkPToEhkRiO6HyLWgspxDKOXAAG8mbrI1wu8Stpc2tL928c7ZUpsUwVD&_nc_ad=z-m&_nc_cid=0&_nc_zt=23&_nc_ht=instagram.fsdu8-1.fna&_nc_gid=697xzHBngljE9K1R_gbMow&_nc_ss=8&oh=00_Afv99WJqgyGwg7-bnKsZv6HDSpv6mDyiofw3ZLZLfBAxiQ&oe=69AA72FE
https://instagram.fsdu8-1.fna.fbcdn.net/v/t51.71878-15/631336640_1555564522204568_4459649279708015306_n.jpg?stp=c0.248.640.640a_dst-jpg_e15_s640x639_tt6&_nc_cat=101&ig_cache_key=MzgzMDc5NjIxMjA1NjgwMDQzNw%3D%3D.3-ccb7-5&ccb=7-5&_nc_sid=58cdad&efg=eyJ2ZW5jb2RlX3RhZyI6InhwaWRzLjY0MHgxMTM2LnNkci5DMiJ9&_nc_ohc=sUkqUmWhIR8Q7kNvwH2oJmS&_nc_oc=AdlE7fZ94HEAJPMKkZTLc5iy55JqsTSmAkPToEhkRiO6HyLWgspxDKOXAAG8mbrI1wu8Stpc2tL928c7ZUpsUwVD&_nc_ad=z-m&_nc_cid=0&_nc_zt=23&_nc_ht=instagram.fsdu8-1.fna&_nc_gid=697xzHBngljE9K1R_gbMow&_nc_ss=8&oh=00_Afv99WJqgyGwg7-bnKsZv6HDSpv6mDyiofw3ZLZLfBAxiQ&oe=69AA72FE
https://instagram.fsdu8-1.fna.fbcdn.net/v/t51.71878-15/631336640_1555564522204568_4459649279708015306_n.jpg?stp=c0.248.640.640a_dst-jpg_e15_s640x639_tt6&_nc_cat=101&ig_cache_key=MzgzMDc5NjIxMjA1NjgwMDQzNw%3D%3D.3-ccb7-5&ccb=7-5&_nc_sid=58cdad&efg=eyJ2ZW5jb2RlX3RhZyI6InhwaWRzLjY0MHgxMTM2LnNkci5DMiJ9&_nc_ohc=sUkqUmWhIR8Q7kNvwH2oJmS&_nc_oc=AdlE7fZ94HEAJPMKkZTLc5iy55JqsTSmAkPToEhkRiO6HyLWgspxDKOXAAG8mbrI1wu8Stpc2tL928c7ZUpsUwVD&_nc_ad=z-m&_nc_cid=0&_nc_zt=23&_nc_ht=instagram.fsdu8-1.fna&_nc_gid=697xzHBngljE9K1R_gbMow&_nc_ss=8&oh=00_Afv99WJqgyGwg7-bnKsZv6HDSpv6mDyiofw3ZLZLfBAxiQ&oe=69AA72FE
https://instagram.fsdu8-1.fna.fbcdn.net/v/t51.71878-15/631336640_1555564522204568_4459649279708015306_n.jpg?stp=c0.248.640.640a_dst-jpg_e15_s480x480_tt6&_nc_cat=101&ig_cache_key=MzgzMDc5NjIxMjA1NjgwMDQzNw%3D%3D.3-ccb7-5&ccb=7-5&_nc_sid=58cdad&efg=eyJ2ZW5jb2RlX3RhZyI6InhwaWRzLjY0MHgxMTM2LnNkci5DMiJ9&_nc_ohc=sUkqUmWhIR8Q7kNvwH2oJmS&_nc_oc=AdlE7fZ94HEAJPMKkZTLc5iy55JqsTSmAkPToEhkRiO6HyLWgspxDKOXAAG8mbrI1wu8Stpc2tL928c7ZUpsUwVD&_nc_ad=z-m&_nc_cid=0&_nc_zt=23&_nc_ht=instagram.fsdu8-1.fna&_nc_gid=697xzHBngljE9K1R_gbMow&_nc_ss=8&oh=00_Afu8SaIJ8NlDrumsMqcktscjovTjgrRSkVaC8dhipGQDYQ&oe=69AA72FE
https://instagram.fsdu8-1.fna.fbcdn.net/v/t51.71878-15/631336640_1555564522204568_4459649279708015306_n.jpg?stp=c0.248.640.640a_dst-jpg_e15_s320x320_tt6&_nc_cat=101&ig_cache_key=MzgzMDc5NjIxMjA1NjgwMDQzNw%3D%3D.3-ccb7-5&ccb=7-5&_nc_sid=58cdad&efg=eyJ2ZW5jb2RlX3RhZyI6InhwaWRzLjY0MHgxMTM2LnNkci5DMiJ9&_nc_ohc=sUkqUmWhIR8Q7kNvwH2oJmS&_nc_oc=AdlE7fZ94HEAJPMKkZTLc5iy55JqsTSmAkPToEhkRiO6HyLWgspxDKOXAAG8mbrI1wu8Stpc2tL928c7ZUpsUwVD&_nc_ad=z-m&_nc_cid=0&_nc_zt=23&_nc_ht=instagram.fsdu8-1.fna&_nc_gid=697xzHBngljE9K1R_gbMow&_nc_ss=8&oh=00_AftUmUnQZC5rfPk3O-udYmoc4sFE0fBNs5ThjzIbclF00w&oe=69AA72FE
https://instagram.fsdu8-1.fna.fbcdn.net/v/t51.71878-15/631336640_1555564522204568_4459649279708015306_n.jpg?stp=c0.248.640.640a_dst-jpg_e15_s240x240_tt6&_nc_cat=101&ig_cache_key=MzgzMDc5NjIxMjA1NjgwMDQzNw%3D%3D.3-ccb7-5&ccb=7-5&_nc_sid=58cdad&efg=eyJ2ZW5jb2RlX3RhZyI6InhwaWRzLjY0MHgxMTM2LnNkci5DMiJ9&_nc_ohc=sUkqUmWhIR8Q7kNvwH2oJmS&_nc_oc=AdlE7fZ94HEAJPMKkZTLc5iy55JqsTSmAkPToEhkRiO6HyLWgspxDKOXAAG8mbrI1wu8Stpc2tL928c7ZUpsUwVD&_nc_ad=z-m&_nc_cid=0&_nc_zt=23&_nc_ht=instagram.fsdu8-1.fna&_nc_gid=697xzHBngljE9K1R_gbMow&_nc_ss=8&oh=00_Afv30QQSbzs75eI2oMX0kItMPMMCK0zZL1E05f_EVYUbTQ&oe=69AA72FE
https://instagram.fsdu8-1.fna.fbcdn.net/v/t51.71878-15/631336640_1555564522204568_4459649279708015306_n.jpg?stp=c0.248.640.640a_dst-jpg_e15_s150x150_tt6&_nc_cat=101&ig_cache_key=MzgzMDc5NjIxMjA1NjgwMDQzNw%3D%3D.3-ccb7-5&ccb=7-5&_nc_sid=58cdad&efg=eyJ2ZW5jb2RlX3RhZyI6InhwaWRzLjY0MHgxMTM2LnNkci5DMiJ9&_nc_ohc=sUkqUmWhIR8Q7kNvwH2oJmS&_nc_oc=AdlE7fZ94HEAJPMKkZTLc5iy55JqsTSmAkPToEhkRiO6HyLWgspxDKOXAAG8mbrI1wu8Stpc2tL928c7ZUpsUwVD&_nc_ad=z-m&_nc_cid=0&_nc_zt=23&_nc_ht=instagram.fsdu8-1.fna&_nc_gid=697xzHBngljE9K1R_gbMow&_nc_ss=8&oh=00_AfumI1Y4CslqACFn89b8qdERxp6VerSWhopxGeF94ZeEzw&oe=69AA72FE",NA,NO,YES,https://instagram.fsdu8-2.fna.fbcdn.net/o1/v/t16/f2/m69/AQN-CfNJ1gqdDRAbPT9XGpvVMcVvLMMHzZu5vv_z3qvQ1lqIxs9dSyQi-grhcIu84pthQlH4LFffO39quBFbxqbd.mp4?strext=1&_nc_cat=109&_nc_oc=AdkrY6-WSAzQNn8ortWAgmaW--gGWHBC49w0aepaJvd9wjZEpm-MgqJ4tbtEcaU-RcIMcC-sZKq-GZHh2RM9JFx6&_nc_sid=5e9851&_nc_ht=instagram.fsdu8-2.fna.fbcdn.net&_nc_ohc=WDaf-H2U7c0Q7kNvwFYnNoT&efg=eyJ2ZW5jb2RlX3RhZyI6Inhwdl9wcm9ncmVzc2l2ZS5JTlNUQUdSQU0uQ0xJUFMuQzIuNzIwLmRhc2hfYmFzZWxpbmVfMV92MSIsInhwdl9hc3NldF9pZCI6MTc5NDIyNTc4MTgxMjg1MDgsImFzc2V0X2FnZV9kYXlzIjoxNywidmlfdXNlY2FzZV9pZCI6MTAwOTksImR1cmF0aW9uX3MiOjc1LCJ1cmxnZW5fc291cmNlIjoid3d3In0%3D&ccb=17-1&_nc_gid=697xzHBngljE9K1R_gbMow&_nc_ss=8&_nc_zt=28&vs=769d32087a774666&_nc_vs=HBksFQIYOnBhc3N0aHJvdWdoX2V2ZXJzdG9yZS9HTERxYnlVaUx6TlVJOXNGQURNUG51b2JrWlFOYnNwVEFRQUYVAALIARIAFQIYUWlnX3hwdl9wbGFjZW1lbnRfcGVybWFuZW50X3YyLzhBNEU2RThFM0EyM0VFNkFERDQxRUYzRDkzMDE2M0I1X2F1ZGlvX2Rhc2hpbml0Lm1wNBUCAsgBEgAoABgAGwKIB3VzZV9vaWwBMRJwcm9ncmVzc2l2ZV9yZWNpcGUBMRUAACb4wb777ZjfPxUCKAJDMiwXQFLRBiTdLxsYEmRhc2hfYmFzZWxpbmVfMV92MREAdf4HZeadAQA&oh=00_AfvElLlAeh1qNowQ4_w88o-v7ekfAWk4YGEJbMy1_XPzsg&oe=69AA4E2B,NA,3194347257,eliasmkjabbour,NA,Rio de Janeiro,NA,NA,-22908.0,-431975.0,Autoridade,"Expressa ser detentora de habilidades, posicionando-se como melhor do que os eleitores em determinados domínios.",34.78,65.22,33.33,4.17,8.33,20.83,4.17,12.5,0,16.67
postagem_91,3830506275247995641,DUosSmWD7r5,"Wed, 11 Feb 2026 23:21:32 GMT",2026-02-11T00:00:00Z,1770852092,"Cuba e o compromisso histórico dos comunistas brasileiros: por que o Brasil deve se posicionar? Elias Jabbour fala sobre Cuba no último Meia Noite em Pequim!

Assista no YouTube - uma parceria TV Grabois e @icl.noticias!",NA,2206,96,https://www.instagram.com/p/DUosSmWD7r5/,https://instagram.fsdu8-1.fna.fbcdn.net/v/t51.71878-15/626288001_796809242708218_5475437403631869207_n.jpg?stp=dst-jpg_e15_tt6&_nc_cat=111&ig_cache_key=MzgzMDUwNjI3NTI0Nzk5NTY0MQ%3D%3D.3-ccb7-5&ccb=7-5&_nc_sid=58cdad&efg=eyJ2ZW5jb2RlX3RhZyI6InhwaWRzLjY0MHgxMTM2LnNkci5DMiJ9&_nc_ohc=UfvKjXGlYqMQ7kNvwEOfq4N&_nc_oc=AdmCIrE8uA4b1uwTuf4JNZRMsrPu8ez2oU8rVuJSwLljd2I7ovSptROQ8dBwzRLjXVIr5YGex-URweeNmoLHWu4O&_nc_ad=z-m&_nc_cid=0&_nc_zt=23&_nc_ht=instagram.fsdu8-1.fna&_nc_gid=697xzHBngljE9K1R_gbMow&_nc_ss=8&oh=00_AfvlVWuuBPlao4ql0noVs2iHXEODY7w-L3_wrK_iPI54EA&oe=69AA3BA1,https://instagram.fsdu8-1.fna.fbcdn.net/v/t51.71878-15/626288001_796809242708218_5475437403631869207_n.jpg?stp=dst-jpg_e15_tt6&_nc_cat=111&ig_cache_key=MzgzMDUwNjI3NTI0Nzk5NTY0MQ%3D%3D.3-ccb7-5&ccb=7-5&_nc_sid=58cdad&efg=eyJ2ZW5jb2RlX3RhZyI6InhwaWRzLjY0MHgxMTM2LnNkci5DMiJ9&_nc_ohc=UfvKjXGlYqMQ7kNvwEOfq4N&_nc_oc=AdmCIrE8uA4b1uwTuf4JNZRMsrPu8ez2oU8rVuJSwLljd2I7ovSptROQ8dBwzRLjXVIr5YGex-URweeNmoLHWu4O&_nc_ad=z-m&_nc_cid=0&_nc_zt=23&_nc_ht=instagram.fsdu8-1.fna&_nc_gid=697xzHBngljE9K1R_gbMow&_nc_ss=8&oh=00_AfvlVWuuBPlao4ql0noVs2iHXEODY7w-L3_wrK_iPI54EA&oe=69AA3BA1,"https://instagram.fsdu8-1.fna.fbcdn.net/v/t51.71878-15/626288001_796809242708218_5475437403631869207_n.jpg?stp=dst-jpg_e15_tt6&_nc_cat=111&ig_cache_key=MzgzMDUwNjI3NTI0Nzk5NTY0MQ%3D%3D.3-ccb7-5&ccb=7-5&_nc_sid=58cdad&efg=eyJ2ZW5jb2RlX3RhZyI6InhwaWRzLjY0MHgxMTM2LnNkci5DMiJ9&_nc_ohc=UfvKjXGlYqMQ7kNvwEOfq4N&_nc_oc=AdmCIrE8uA4b1uwTuf4JNZRMsrPu8ez2oU8rVuJSwLljd2I7ovSptROQ8dBwzRLjXVIr5YGex-URweeNmoLHWu4O&_nc_ad=z-m&_nc_cid=0&_nc_zt=23&_nc_ht=instagram.fsdu8-1.fna&_nc_gid=697xzHBngljE9K1R_gbMow&_nc_ss=8&oh=00_AfvlVWuuBPlao4ql0noVs2iHXEODY7w-L3_wrK_iPI54EA&oe=69AA3BA1
https://instagram.fsdu8-1.fna.fbcdn.net/v/t51.71878-15/626288001_796809242708218_5475437403631869207_n.jpg?stp=dst-jpg_e15_p480x480_tt6&_nc_cat=111&ig_cache_key=MzgzMDUwNjI3NTI0Nzk5NTY0MQ%3D%3D.3-ccb7-5&ccb=7-5&_nc_sid=58cdad&efg=eyJ2ZW5jb2RlX3RhZyI6InhwaWRzLjY0MHgxMTM2LnNkci5DMiJ9&_nc_ohc=UfvKjXGlYqMQ7kNvwEOfq4N&_nc_oc=AdmCIrE8uA4b1uwTuf4JNZRMsrPu8ez2oU8rVuJSwLljd2I7ovSptROQ8dBwzRLjXVIr5YGex-URweeNmoLHWu4O&_nc_ad=z-m&_nc_cid=0&_nc_zt=23&_nc_ht=instagram.fsdu8-1.fna&_nc_gid=697xzHBngljE9K1R_gbMow&_nc_ss=8&oh=00_AfuYGwFArGt0Fm7ngjK31_wZsKPQGHe8d7XR0uvTX62HAg&oe=69AA3BA1
https://instagram.fsdu8-1.fna.fbcdn.net/v/t51.71878-15/626288001_796809242708218_5475437403631869207_n.jpg?stp=dst-jpg_e15_p320x320_tt6&_nc_cat=111&ig_cache_key=MzgzMDUwNjI3NTI0Nzk5NTY0MQ%3D%3D.3-ccb7-5&ccb=7-5&_nc_sid=58cdad&efg=eyJ2ZW5jb2RlX3RhZyI6InhwaWRzLjY0MHgxMTM2LnNkci5DMiJ9&_nc_ohc=UfvKjXGlYqMQ7kNvwEOfq4N&_nc_oc=AdmCIrE8uA4b1uwTuf4JNZRMsrPu8ez2oU8rVuJSwLljd2I7ovSptROQ8dBwzRLjXVIr5YGex-URweeNmoLHWu4O&_nc_ad=z-m&_nc_cid=0&_nc_zt=23&_nc_ht=instagram.fsdu8-1.fna&_nc_gid=697xzHBngljE9K1R_gbMow&_nc_ss=8&oh=00_AfuOaJ_Lot02t2LB29OyzIrY3k6aEXunuf2E4BVBAuzJSw&oe=69AA3BA1
https://instagram.fsdu8-1.fna.fbcdn.net/v/t51.71878-15/626288001_796809242708218_5475437403631869207_n.jpg?stp=dst-jpg_e15_p240x240_tt6&_nc_cat=111&ig_cache_key=MzgzMDUwNjI3NTI0Nzk5NTY0MQ%3D%3D.3-ccb7-5&ccb=7-5&_nc_sid=58cdad&efg=eyJ2ZW5jb2RlX3RhZyI6InhwaWRzLjY0MHgxMTM2LnNkci5DMiJ9&_nc_ohc=UfvKjXGlYqMQ7kNvwEOfq4N&_nc_oc=AdmCIrE8uA4b1uwTuf4JNZRMsrPu8ez2oU8rVuJSwLljd2I7ovSptROQ8dBwzRLjXVIr5YGex-URweeNmoLHWu4O&_nc_ad=z-m&_nc_cid=0&_nc_zt=23&_nc_ht=instagram.fsdu8-1.fna&_nc_gid=697xzHBngljE9K1R_gbMow&_nc_ss=8&oh=00_Afv5tWVCbHZosbxgbrz6K20C8pjhbAEekH6lT9tf4Yvn3Q&oe=69AA3BA1
https://instagram.fsdu8-1.fna.fbcdn.net/v/t51.71878-15/626288001_796809242708218_5475437403631869207_n.jpg?stp=c0.248.640.640a_dst-jpg_e15_s640x639_tt6&_nc_cat=111&ig_cache_key=MzgzMDUwNjI3NTI0Nzk5NTY0MQ%3D%3D.3-ccb7-5&ccb=7-5&_nc_sid=58cdad&efg=eyJ2ZW5jb2RlX3RhZyI6InhwaWRzLjY0MHgxMTM2LnNkci5DMiJ9&_nc_ohc=UfvKjXGlYqMQ7kNvwEOfq4N&_nc_oc=AdmCIrE8uA4b1uwTuf4JNZRMsrPu8ez2oU8rVuJSwLljd2I7ovSptROQ8dBwzRLjXVIr5YGex-URweeNmoLHWu4O&_nc_ad=z-m&_nc_cid=0&_nc_zt=23&_nc_ht=instagram.fsdu8-1.fna&_nc_gid=697xzHBngljE9K1R_gbMow&_nc_ss=8&oh=00_AfueUuhNqX_KH6_MFTvBM4809cLT26ijNPND0m_grKkRzA&oe=69AA3BA1
https://instagram.fsdu8-1.fna.fbcdn.net/v/t51.71878-15/626288001_796809242708218_5475437403631869207_n.jpg?stp=c0.248.640.640a_dst-jpg_e15_s640x639_tt6&_nc_cat=111&ig_cache_key=MzgzMDUwNjI3NTI0Nzk5NTY0MQ%3D%3D.3-ccb7-5&ccb=7-5&_nc_sid=58cdad&efg=eyJ2ZW5jb2RlX3RhZyI6InhwaWRzLjY0MHgxMTM2LnNkci5DMiJ9&_nc_ohc=UfvKjXGlYqMQ7kNvwEOfq4N&_nc_oc=AdmCIrE8uA4b1uwTuf4JNZRMsrPu8ez2oU8rVuJSwLljd2I7ovSptROQ8dBwzRLjXVIr5YGex-URweeNmoLHWu4O&_nc_ad=z-m&_nc_cid=0&_nc_zt=23&_nc_ht=instagram.fsdu8-1.fna&_nc_gid=697xzHBngljE9K1R_gbMow&_nc_ss=8&oh=00_AfueUuhNqX_KH6_MFTvBM4809cLT26ijNPND0m_grKkRzA&oe=69AA3BA1
https://instagram.fsdu8-1.fna.fbcdn.net/v/t51.71878-15/626288001_796809242708218_5475437403631869207_n.jpg?stp=c0.248.640.640a_dst-jpg_e15_s640x639_tt6&_nc_cat=111&ig_cache_key=MzgzMDUwNjI3NTI0Nzk5NTY0MQ%3D%3D.3-ccb7-5&ccb=7-5&_nc_sid=58cdad&efg=eyJ2ZW5jb2RlX3RhZyI6InhwaWRzLjY0MHgxMTM2LnNkci5DMiJ9&_nc_ohc=UfvKjXGlYqMQ7kNvwEOfq4N&_nc_oc=AdmCIrE8uA4b1uwTuf4JNZRMsrPu8ez2oU8rVuJSwLljd2I7ovSptROQ8dBwzRLjXVIr5YGex-URweeNmoLHWu4O&_nc_ad=z-m&_nc_cid=0&_nc_zt=23&_nc_ht=instagram.fsdu8-1.fna&_nc_gid=697xzHBngljE9K1R_gbMow&_nc_ss=8&oh=00_AfueUuhNqX_KH6_MFTvBM4809cLT26ijNPND0m_grKkRzA&oe=69AA3BA1
https://instagram.fsdu8-1.fna.fbcdn.net/v/t51.71878-15/626288001_796809242708218_5475437403631869207_n.jpg?stp=c0.248.640.640a_dst-jpg_e15_s480x480_tt6&_nc_cat=111&ig_cache_key=MzgzMDUwNjI3NTI0Nzk5NTY0MQ%3D%3D.3-ccb7-5&ccb=7-5&_nc_sid=58cdad&efg=eyJ2ZW5jb2RlX3RhZyI6InhwaWRzLjY0MHgxMTM2LnNkci5DMiJ9&_nc_ohc=UfvKjXGlYqMQ7kNvwEOfq4N&_nc_oc=AdmCIrE8uA4b1uwTuf4JNZRMsrPu8ez2oU8rVuJSwLljd2I7ovSptROQ8dBwzRLjXVIr5YGex-URweeNmoLHWu4O&_nc_ad=z-m&_nc_cid=0&_nc_zt=23&_nc_ht=instagram.fsdu8-1.fna&_nc_gid=697xzHBngljE9K1R_gbMow&_nc_ss=8&oh=00_AfsVRP77SjNop1OTEmCoEGyuTm5fNOf4CWUrveNbw8QMfQ&oe=69AA3BA1
https://instagram.fsdu8-1.fna.fbcdn.net/v/t51.71878-15/626288001_796809242708218_5475437403631869207_n.jpg?stp=c0.248.640.640a_dst-jpg_e15_s320x320_tt6&_nc_cat=111&ig_cache_key=MzgzMDUwNjI3NTI0Nzk5NTY0MQ%3D%3D.3-ccb7-5&ccb=7-5&_nc_sid=58cdad&efg=eyJ2ZW5jb2RlX3RhZyI6InhwaWRzLjY0MHgxMTM2LnNkci5DMiJ9&_nc_ohc=UfvKjXGlYqMQ7kNvwEOfq4N&_nc_oc=AdmCIrE8uA4b1uwTuf4JNZRMsrPu8ez2oU8rVuJSwLljd2I7ovSptROQ8dBwzRLjXVIr5YGex-URweeNmoLHWu4O&_nc_ad=z-m&_nc_cid=0&_nc_zt=23&_nc_ht=instagram.fsdu8-1.fna&_nc_gid=697xzHBngljE9K1R_gbMow&_nc_ss=8&oh=00_Aftklb8hH3_Uo6B1iNln-G2OoyMafPocF5XyS80JI1xMjg&oe=69AA3BA1
https://instagram.fsdu8-1.fna.fbcdn.net/v/t51.71878-15/626288001_796809242708218_5475437403631869207_n.jpg?stp=c0.248.640.640a_dst-jpg_e15_s240x240_tt6&_nc_cat=111&ig_cache_key=MzgzMDUwNjI3NTI0Nzk5NTY0MQ%3D%3D.3-ccb7-5&ccb=7-5&_nc_sid=58cdad&efg=eyJ2ZW5jb2RlX3RhZyI6InhwaWRzLjY0MHgxMTM2LnNkci5DMiJ9&_nc_ohc=UfvKjXGlYqMQ7kNvwEOfq4N&_nc_oc=AdmCIrE8uA4b1uwTuf4JNZRMsrPu8ez2oU8rVuJSwLljd2I7ovSptROQ8dBwzRLjXVIr5YGex-URweeNmoLHWu4O&_nc_ad=z-m&_nc_cid=0&_nc_zt=23&_nc_ht=instagram.fsdu8-1.fna&_nc_gid=697xzHBngljE9K1R_gbMow&_nc_ss=8&oh=00_Aftelqk7bQmHtK_64JcQQp1-glS-mJP7kxMICi-lvd89PA&oe=69AA3BA1
https://instagram.fsdu8-1.fna.fbcdn.net/v/t51.71878-15/626288001_796809242708218_5475437403631869207_n.jpg?stp=c0.248.640.640a_dst-jpg_e15_s150x150_tt6&_nc_cat=111&ig_cache_key=MzgzMDUwNjI3NTI0Nzk5NTY0MQ%3D%3D.3-ccb7-5&ccb=7-5&_nc_sid=58cdad&efg=eyJ2ZW5jb2RlX3RhZyI6InhwaWRzLjY0MHgxMTM2LnNkci5DMiJ9&_nc_ohc=UfvKjXGlYqMQ7kNvwEOfq4N&_nc_oc=AdmCIrE8uA4b1uwTuf4JNZRMsrPu8ez2oU8rVuJSwLljd2I7ovSptROQ8dBwzRLjXVIr5YGex-URweeNmoLHWu4O&_nc_ad=z-m&_nc_cid=0&_nc_zt=23&_nc_ht=instagram.fsdu8-1.fna&_nc_gid=697xzHBngljE9K1R_gbMow&_nc_ss=8&oh=00_Afv_M_TiaApLX1v55-1s41fFGbUHmFXbRYrO6x3WW-yQiQ&oe=69AA3BA1",NA,NO,YES,https://instagram.fsdu8-2.fna.fbcdn.net/o1/v/t16/f2/m69/AQNbbseHUMNt-dR4fxHvpS1qnmn2tj9cGLKzuoMxTQxmVqXWscnwba2LMFzwSTIsqW_3uSsTdi6VGpdmunZn8xv1.mp4?strext=1&_nc_cat=103&_nc_oc=AdkGpyjjoORRP-igoHz4-wkzhLf8bJBKJgl6w10jyTwijgiHE6k_mQCe9o4Vq7huPraOtvqGPQfk7_BRdHOnL_7s&_nc_sid=5e9851&_nc_ht=instagram.fsdu8-2.fna.fbcdn.net&_nc_ohc=aCponI9nTZEQ7kNvwGT77x8&efg=eyJ2ZW5jb2RlX3RhZyI6Inhwdl9wcm9ncmVzc2l2ZS5JTlNUQUdSQU0uQ0xJUFMuQzIuNzIwLmRhc2hfYmFzZWxpbmVfMV92MSIsInhwdl9hc3NldF9pZCI6MTc5NDUyNjExNDgxMDcxMTIsImFzc2V0X2FnZV9kYXlzIjoxNywidmlfdXNlY2FzZV9pZCI6MTAwOTksImR1cmF0aW9uX3MiOjg4LCJ1cmxnZW5fc291cmNlIjoid3d3In0%3D&ccb=17-1&_nc_gid=697xzHBngljE9K1R_gbMow&_nc_ss=8&_nc_zt=28&vs=c08d35ddb98fcbd5&_nc_vs=HBksFQIYOnBhc3N0aHJvdWdoX2V2ZXJzdG9yZS9HQl91aENYQkR5bVZkaW9EQURMS2hvRmNoVUpYYnNwVEFRQUYVAALIARIAFQIYUWlnX3hwdl9wbGFjZW1lbnRfcGVybWFuZW50X3YyLzc5NEE3QThBODY3OURCREU2NDczOEJERDA0MEE4MTkxX2F1ZGlvX2Rhc2hpbml0Lm1wNBUCAsgBEgAoABgAGwKIB3VzZV9vaWwBMRJwcm9ncmVzc2l2ZV9yZWNpcGUBMRUAACbQxZPC1sfgPxUCKAJDMiwXQFYKn752yLQYEmRhc2hfYmFzZWxpbmVfMV92MREAdf4HZeadAQA&oh=00_Afu-6moF0XqB6nh96HZI-Es-L3UDWE47wheIHJrsI0BLXw&oe=69AA629D,NA,7130246566,fundacaograbois,NA,NA,NA,NA,NA,NA,Autoridade,"Expressa ser detentora de habilidades, posicionando-se como melhor do que os eleitores em determinados domínios.",62.5,37.5,10,20,10,10,0,10,10,30
postagem_90,3830354947863348291,DUoJ4fvDgRD,"Wed, 11 Feb 2026 18:18:51 GMT",2026-02-11T00:00:00Z,1770833931,O Rio que queremos?,NA,1622,36,https://www.instagram.com/p/DUoJ4fvDgRD/,https://instagram.fsdu8-2.fna.fbcdn.net/v/t51.71878-15/629077033_798951506008063_6854437065282129225_n.jpg?stp=dst-jpegr_e15_tt6&_nc_cat=109&ig_cache_key=MzgzMDM1NDk0Nzg2MzM0ODI5MQ%3D%3D.3-ccb7-5&ccb=7-5&_nc_sid=58cdad&efg=eyJ2ZW5jb2RlX3RhZyI6InhwaWRzLjY0MHgxMTM2Lmhkci5DMiJ9&_nc_ohc=Wc9bmB7efZcQ7kNvwEoHevD&_nc_oc=AdlKERiITZ9he-7CoYZnao8eDQ2Sx6h9kSOYUmM1JWcIxcL7Q1IX4tFSelwOxkL9Umw6Y-HNcdUy9bW1v-Cz3YSy&_nc_ad=z-m&_nc_cid=0&_nc_zt=23&se=-1&_nc_ht=instagram.fsdu8-2.fna&_nc_gid=697xzHBngljE9K1R_gbMow&_nc_ss=8&oh=00_AfsP-WIaucFjYGJvtjCGMBPv_16a28C-2NMo1AX1Yaeq3w&oe=69AA5A52,https://instagram.fsdu8-2.fna.fbcdn.net/v/t51.71878-15/629077033_798951506008063_6854437065282129225_n.jpg?stp=dst-jpegr_e15_tt6&_nc_cat=109&ig_cache_key=MzgzMDM1NDk0Nzg2MzM0ODI5MQ%3D%3D.3-ccb7-5&ccb=7-5&_nc_sid=58cdad&efg=eyJ2ZW5jb2RlX3RhZyI6InhwaWRzLjY0MHgxMTM2Lmhkci5DMiJ9&_nc_ohc=Wc9bmB7efZcQ7kNvwEoHevD&_nc_oc=AdlKERiITZ9he-7CoYZnao8eDQ2Sx6h9kSOYUmM1JWcIxcL7Q1IX4tFSelwOxkL9Umw6Y-HNcdUy9bW1v-Cz3YSy&_nc_ad=z-m&_nc_cid=0&_nc_zt=23&se=-1&_nc_ht=instagram.fsdu8-2.fna&_nc_gid=697xzHBngljE9K1R_gbMow&_nc_ss=8&oh=00_AfsP-WIaucFjYGJvtjCGMBPv_16a28C-2NMo1AX1Yaeq3w&oe=69AA5A52,"https://instagram.fsdu8-2.fna.fbcdn.net/v/t51.71878-15/629077033_798951506008063_6854437065282129225_n.jpg?stp=dst-jpegr_e15_tt6&_nc_cat=109&ig_cache_key=MzgzMDM1NDk0Nzg2MzM0ODI5MQ%3D%3D.3-ccb7-5&ccb=7-5&_nc_sid=58cdad&efg=eyJ2ZW5jb2RlX3RhZyI6InhwaWRzLjY0MHgxMTM2Lmhkci5DMiJ9&_nc_ohc=Wc9bmB7efZcQ7kNvwEoHevD&_nc_oc=AdlKERiITZ9he-7CoYZnao8eDQ2Sx6h9kSOYUmM1JWcIxcL7Q1IX4tFSelwOxkL9Umw6Y-HNcdUy9bW1v-Cz3YSy&_nc_ad=z-m&_nc_cid=0&_nc_zt=23&se=-1&_nc_ht=instagram.fsdu8-2.fna&_nc_gid=697xzHBngljE9K1R_gbMow&_nc_ss=8&oh=00_AfsP-WIaucFjYGJvtjCGMBPv_16a28C-2NMo1AX1Yaeq3w&oe=69AA5A52
https://instagram.fsdu8-2.fna.fbcdn.net/v/t51.71878-15/629077033_798951506008063_6854437065282129225_n.jpg?stp=dst-jpegr_e15_p480x480_tt6&_nc_cat=109&ig_cache_key=MzgzMDM1NDk0Nzg2MzM0ODI5MQ%3D%3D.3-ccb7-5&ccb=7-5&_nc_sid=58cdad&efg=eyJ2ZW5jb2RlX3RhZyI6InhwaWRzLjY0MHgxMTM2Lmhkci5DMiJ9&_nc_ohc=Wc9bmB7efZcQ7kNvwEoHevD&_nc_oc=AdlKERiITZ9he-7CoYZnao8eDQ2Sx6h9kSOYUmM1JWcIxcL7Q1IX4tFSelwOxkL9Umw6Y-HNcdUy9bW1v-Cz3YSy&_nc_ad=z-m&_nc_cid=0&_nc_zt=23&se=-1&_nc_ht=instagram.fsdu8-2.fna&_nc_gid=697xzHBngljE9K1R_gbMow&_nc_ss=8&oh=00_AftKnoW8jbfdzmLOiZCfEqMJfJ-yywF6BcFyDy0IVCO0rA&oe=69AA5A52
https://instagram.fsdu8-2.fna.fbcdn.net/v/t51.71878-15/629077033_798951506008063_6854437065282129225_n.jpg?stp=dst-jpegr_e15_p320x320_tt6&_nc_cat=109&ig_cache_key=MzgzMDM1NDk0Nzg2MzM0ODI5MQ%3D%3D.3-ccb7-5&ccb=7-5&_nc_sid=58cdad&efg=eyJ2ZW5jb2RlX3RhZyI6InhwaWRzLjY0MHgxMTM2Lmhkci5DMiJ9&_nc_ohc=Wc9bmB7efZcQ7kNvwEoHevD&_nc_oc=AdlKERiITZ9he-7CoYZnao8eDQ2Sx6h9kSOYUmM1JWcIxcL7Q1IX4tFSelwOxkL9Umw6Y-HNcdUy9bW1v-Cz3YSy&_nc_ad=z-m&_nc_cid=0&_nc_zt=23&se=-1&_nc_ht=instagram.fsdu8-2.fna&_nc_gid=697xzHBngljE9K1R_gbMow&_nc_ss=8&oh=00_AfuXCklcXBizX1SPOG2ZYUaxqRHqQucnk2CSkowUV25RJw&oe=69AA5A52
https://instagram.fsdu8-2.fna.fbcdn.net/v/t51.71878-15/629077033_798951506008063_6854437065282129225_n.jpg?stp=dst-jpegr_e15_p240x240_tt6&_nc_cat=109&ig_cache_key=MzgzMDM1NDk0Nzg2MzM0ODI5MQ%3D%3D.3-ccb7-5&ccb=7-5&_nc_sid=58cdad&efg=eyJ2ZW5jb2RlX3RhZyI6InhwaWRzLjY0MHgxMTM2Lmhkci5DMiJ9&_nc_ohc=Wc9bmB7efZcQ7kNvwEoHevD&_nc_oc=AdlKERiITZ9he-7CoYZnao8eDQ2Sx6h9kSOYUmM1JWcIxcL7Q1IX4tFSelwOxkL9Umw6Y-HNcdUy9bW1v-Cz3YSy&_nc_ad=z-m&_nc_cid=0&_nc_zt=23&se=-1&_nc_ht=instagram.fsdu8-2.fna&_nc_gid=697xzHBngljE9K1R_gbMow&_nc_ss=8&oh=00_AfuDKpTXLEmF2HZxpjlVPe579rKo2MIcj77BxXQJRySCqw&oe=69AA5A52
https://instagram.fsdu8-2.fna.fbcdn.net/v/t51.71878-15/629077033_798951506008063_6854437065282129225_n.jpg?stp=c0.248.640.640a_dst-jpegr_e15_s640x639_tt6&_nc_cat=109&ig_cache_key=MzgzMDM1NDk0Nzg2MzM0ODI5MQ%3D%3D.3-ccb7-5&ccb=7-5&_nc_sid=58cdad&efg=eyJ2ZW5jb2RlX3RhZyI6InhwaWRzLjY0MHgxMTM2Lmhkci5DMiJ9&_nc_ohc=Wc9bmB7efZcQ7kNvwEoHevD&_nc_oc=AdlKERiITZ9he-7CoYZnao8eDQ2Sx6h9kSOYUmM1JWcIxcL7Q1IX4tFSelwOxkL9Umw6Y-HNcdUy9bW1v-Cz3YSy&_nc_ad=z-m&_nc_cid=0&_nc_zt=23&se=-1&_nc_ht=instagram.fsdu8-2.fna&_nc_gid=697xzHBngljE9K1R_gbMow&_nc_ss=8&oh=00_AftZtkMp8u6Cg-UI9U0Tzkk1HIQJKCZUky1w-4CiV0H4fQ&oe=69AA5A52
https://instagram.fsdu8-2.fna.fbcdn.net/v/t51.71878-15/629077033_798951506008063_6854437065282129225_n.jpg?stp=c0.248.640.640a_dst-jpegr_e15_s640x639_tt6&_nc_cat=109&ig_cache_key=MzgzMDM1NDk0Nzg2MzM0ODI5MQ%3D%3D.3-ccb7-5&ccb=7-5&_nc_sid=58cdad&efg=eyJ2ZW5jb2RlX3RhZyI6InhwaWRzLjY0MHgxMTM2Lmhkci5DMiJ9&_nc_ohc=Wc9bmB7efZcQ7kNvwEoHevD&_nc_oc=AdlKERiITZ9he-7CoYZnao8eDQ2Sx6h9kSOYUmM1JWcIxcL7Q1IX4tFSelwOxkL9Umw6Y-HNcdUy9bW1v-Cz3YSy&_nc_ad=z-m&_nc_cid=0&_nc_zt=23&se=-1&_nc_ht=instagram.fsdu8-2.fna&_nc_gid=697xzHBngljE9K1R_gbMow&_nc_ss=8&oh=00_AftZtkMp8u6Cg-UI9U0Tzkk1HIQJKCZUky1w-4CiV0H4fQ&oe=69AA5A52
https://instagram.fsdu8-2.fna.fbcdn.net/v/t51.71878-15/629077033_798951506008063_6854437065282129225_n.jpg?stp=c0.248.640.640a_dst-jpegr_e15_s640x639_tt6&_nc_cat=109&ig_cache_key=MzgzMDM1NDk0Nzg2MzM0ODI5MQ%3D%3D.3-ccb7-5&ccb=7-5&_nc_sid=58cdad&efg=eyJ2ZW5jb2RlX3RhZyI6InhwaWRzLjY0MHgxMTM2Lmhkci5DMiJ9&_nc_ohc=Wc9bmB7efZcQ7kNvwEoHevD&_nc_oc=AdlKERiITZ9he-7CoYZnao8eDQ2Sx6h9kSOYUmM1JWcIxcL7Q1IX4tFSelwOxkL9Umw6Y-HNcdUy9bW1v-Cz3YSy&_nc_ad=z-m&_nc_cid=0&_nc_zt=23&se=-1&_nc_ht=instagram.fsdu8-2.fna&_nc_gid=697xzHBngljE9K1R_gbMow&_nc_ss=8&oh=00_AftZtkMp8u6Cg-UI9U0Tzkk1HIQJKCZUky1w-4CiV0H4fQ&oe=69AA5A52
https://instagram.fsdu8-2.fna.fbcdn.net/v/t51.71878-15/629077033_798951506008063_6854437065282129225_n.jpg?stp=c0.248.640.640a_dst-jpegr_e15_s480x480_tt6&_nc_cat=109&ig_cache_key=MzgzMDM1NDk0Nzg2MzM0ODI5MQ%3D%3D.3-ccb7-5&ccb=7-5&_nc_sid=58cdad&efg=eyJ2ZW5jb2RlX3RhZyI6InhwaWRzLjY0MHgxMTM2Lmhkci5DMiJ9&_nc_ohc=Wc9bmB7efZcQ7kNvwEoHevD&_nc_oc=AdlKERiITZ9he-7CoYZnao8eDQ2Sx6h9kSOYUmM1JWcIxcL7Q1IX4tFSelwOxkL9Umw6Y-HNcdUy9bW1v-Cz3YSy&_nc_ad=z-m&_nc_cid=0&_nc_zt=23&se=-1&_nc_ht=instagram.fsdu8-2.fna&_nc_gid=697xzHBngljE9K1R_gbMow&_nc_ss=8&oh=00_AftvEzv6YZ59qCReDkVPtLsem97-r9wM2bctaVyWuxK9Eg&oe=69AA5A52
https://instagram.fsdu8-2.fna.fbcdn.net/v/t51.71878-15/629077033_798951506008063_6854437065282129225_n.jpg?stp=c0.248.640.640a_dst-jpegr_e15_s320x320_tt6&_nc_cat=109&ig_cache_key=MzgzMDM1NDk0Nzg2MzM0ODI5MQ%3D%3D.3-ccb7-5&ccb=7-5&_nc_sid=58cdad&efg=eyJ2ZW5jb2RlX3RhZyI6InhwaWRzLjY0MHgxMTM2Lmhkci5DMiJ9&_nc_ohc=Wc9bmB7efZcQ7kNvwEoHevD&_nc_oc=AdlKERiITZ9he-7CoYZnao8eDQ2Sx6h9kSOYUmM1JWcIxcL7Q1IX4tFSelwOxkL9Umw6Y-HNcdUy9bW1v-Cz3YSy&_nc_ad=z-m&_nc_cid=0&_nc_zt=23&se=-1&_nc_ht=instagram.fsdu8-2.fna&_nc_gid=697xzHBngljE9K1R_gbMow&_nc_ss=8&oh=00_AfvVZNftCn_nVyLz4xQ7kfIpQYlvsEzMF3RcMdeL18ZyVg&oe=69AA5A52
https://instagram.fsdu8-2.fna.fbcdn.net/v/t51.71878-15/629077033_798951506008063_6854437065282129225_n.jpg?stp=c0.248.640.640a_dst-jpegr_e15_s240x240_tt6&_nc_cat=109&ig_cache_key=MzgzMDM1NDk0Nzg2MzM0ODI5MQ%3D%3D.3-ccb7-5&ccb=7-5&_nc_sid=58cdad&efg=eyJ2ZW5jb2RlX3RhZyI6InhwaWRzLjY0MHgxMTM2Lmhkci5DMiJ9&_nc_ohc=Wc9bmB7efZcQ7kNvwEoHevD&_nc_oc=AdlKERiITZ9he-7CoYZnao8eDQ2Sx6h9kSOYUmM1JWcIxcL7Q1IX4tFSelwOxkL9Umw6Y-HNcdUy9bW1v-Cz3YSy&_nc_ad=z-m&_nc_cid=0&_nc_zt=23&se=-1&_nc_ht=instagram.fsdu8-2.fna&_nc_gid=697xzHBngljE9K1R_gbMow&_nc_ss=8&oh=00_AfuJkOacqX5l-d32udjn_TW4uV1LN1bylIRRsU83WvK1RQ&oe=69AA5A52
https://instagram.fsdu8-2.fna.fbcdn.net/v/t51.71878-15/629077033_798951506008063_6854437065282129225_n.jpg?stp=c0.248.640.640a_dst-jpegr_e15_s150x150_tt6&_nc_cat=109&ig_cache_key=MzgzMDM1NDk0Nzg2MzM0ODI5MQ%3D%3D.3-ccb7-5&ccb=7-5&_nc_sid=58cdad&efg=eyJ2ZW5jb2RlX3RhZyI6InhwaWRzLjY0MHgxMTM2Lmhkci5DMiJ9&_nc_ohc=Wc9bmB7efZcQ7kNvwEoHevD&_nc_oc=AdlKERiITZ9he-7CoYZnao8eDQ2Sx6h9kSOYUmM1JWcIxcL7Q1IX4tFSelwOxkL9Umw6Y-HNcdUy9bW1v-Cz3YSy&_nc_ad=z-m&_nc_cid=0&_nc_zt=23&se=-1&_nc_ht=instagram.fsdu8-2.fna&_nc_gid=697xzHBngljE9K1R_gbMow&_nc_ss=8&oh=00_AfudvFeDtAp7WJvKSF4cYcf0PcrUVe1hm9r68aJIlZY_rQ&oe=69AA5A52",NA,NO,YES,https://instagram.fsdu8-1.fna.fbcdn.net/o1/v/t16/f2/m69/AQMRPMjU3u1-E1cpVuOwxsYgPYVAioWUGXmMqdwS1PikN9chyU8TjzfmOSNxv2xjvSjg7Omvl55j6mFURHZcR2vB.mp4?strext=1&_nc_cat=102&_nc_oc=AdlJulob_l9Z7WfHB9rmeatzTRfM4BLMXACChEfeeiUktfAiHvATl3ah3QMHYm8IM-2H96se4ulJMUjfRGFPBpYo&_nc_sid=5e9851&_nc_ht=instagram.fsdu8-1.fna.fbcdn.net&_nc_ohc=qsBNOruix6QQ7kNvwEB0_Ut&efg=eyJ2ZW5jb2RlX3RhZyI6Inhwdl9wcm9ncmVzc2l2ZS5JTlNUQUdSQU0uQ0xJUFMuQzIuNzIwLmRhc2hfYmFzZWxpbmVfMV92MSIsInhwdl9hc3NldF9pZCI6MTc5NDIyMzMwMDUxMjg1MDgsImFzc2V0X2FnZV9kYXlzIjoxOCwidmlfdXNlY2FzZV9pZCI6MTAwOTksImR1cmF0aW9uX3MiOjEyOSwidXJsZ2VuX3NvdXJjZSI6Ind3dyJ9&ccb=17-1&_nc_gid=697xzHBngljE9K1R_gbMow&_nc_ss=8&_nc_zt=28&vs=6ed32f33abe351dd&_nc_vs=HBksFQIYOnBhc3N0aHJvdWdoX2V2ZXJzdG9yZS9HRnp2cWlVaUxQTFZvU1VIQUNSc1pMLTFhazkzYnNwVEFRQUYVAALIARIAFQIYUWlnX3hwdl9wbGFjZW1lbnRfcGVybWFuZW50X3YyL0IxNDgzOUIzN0IxNzRCMjk0OTc3NjBBMTQ1QTZEMTkxX2F1ZGlvX2Rhc2hpbml0Lm1wNBUCAsgBEgAoABgAGwKIB3VzZV9vaWwBMRJwcm9ncmVzc2l2ZV9yZWNpcGUBMRUAACb47PuLtZffPxUCKAJDMiwXQGA2XjU_fO4YEmRhc2hfYmFzZWxpbmVfMV92MREAdf4HZeadAQA&oh=00_Afur-iQASXCI3dJVLVPf_fztj0rC5CoHOUwzyqiEdzv5Hg&oe=69AA538A,NA,3194347257,eliasmkjabbour,NA,Rio de Janeiro,NA,NA,-22908.0,-431975.0,Autenticidade,Reforça a capacidade de inspirar confiança e de ser percebida como alguém em quem se pode confiar.,75,25,0,20,10,10,10,10,20,20
postagem_89,3830071518374553476,DUnJcDdDmeE,"Wed, 11 Feb 2026 08:55:00 GMT",2026-02-11T00:00:00Z,1770800100,Tem que criminalizar o movimento redpill no Brasil?,NA,48849,2304,https://www.instagram.com/p/DUnJcDdDmeE/,https://instagram.fsdu8-2.fna.fbcdn.net/v/t51.71878-15/632708973_889813880313582_1697247457969404760_n.jpg?stp=dst-jpg_e15_tt6&_nc_cat=103&ig_cache_key=MzgzMDA3MTUxODM3NDU1MzQ3Ng%3D%3D.3-ccb7-5&ccb=7-5&_nc_sid=58cdad&efg=eyJ2ZW5jb2RlX3RhZyI6InhwaWRzLjY0MHgxMTM2LnNkci5DMiJ9&_nc_ohc=HOKbppNTB8wQ7kNvwE3QgG5&_nc_oc=AdnX4-ZFbDit3PY9qjgPC9D81YxBY3-kM7TnSGzgBqMirp6IO6PMlnF4J5MYSVoycngb_fUx8sV9LK9RKuO_DsDS&_nc_ad=z-m&_nc_cid=0&_nc_zt=23&_nc_ht=instagram.fsdu8-2.fna&_nc_gid=gpb1UCPwmmje1bMpDp_mCg&_nc_ss=8&oh=00_AftpxoV-NW13j3teAqmjZj3JUT3fHu8_WsZxEQt5suRNgA&oe=69AA53AE,https://instagram.fsdu8-2.fna.fbcdn.net/v/t51.71878-15/632708973_889813880313582_1697247457969404760_n.jpg?stp=dst-jpg_e15_tt6&_nc_cat=103&ig_cache_key=MzgzMDA3MTUxODM3NDU1MzQ3Ng%3D%3D.3-ccb7-5&ccb=7-5&_nc_sid=58cdad&efg=eyJ2ZW5jb2RlX3RhZyI6InhwaWRzLjY0MHgxMTM2LnNkci5DMiJ9&_nc_ohc=HOKbppNTB8wQ7kNvwE3QgG5&_nc_oc=AdnX4-ZFbDit3PY9qjgPC9D81YxBY3-kM7TnSGzgBqMirp6IO6PMlnF4J5MYSVoycngb_fUx8sV9LK9RKuO_DsDS&_nc_ad=z-m&_nc_cid=0&_nc_zt=23&_nc_ht=instagram.fsdu8-2.fna&_nc_gid=gpb1UCPwmmje1bMpDp_mCg&_nc_ss=8&oh=00_AftpxoV-NW13j3teAqmjZj3JUT3fHu8_WsZxEQt5suRNgA&oe=69AA53AE,"https://instagram.fsdu8-2.fna.fbcdn.net/v/t51.71878-15/632708973_889813880313582_1697247457969404760_n.jpg?stp=dst-jpg_e15_tt6&_nc_cat=103&ig_cache_key=MzgzMDA3MTUxODM3NDU1MzQ3Ng%3D%3D.3-ccb7-5&ccb=7-5&_nc_sid=58cdad&efg=eyJ2ZW5jb2RlX3RhZyI6InhwaWRzLjY0MHgxMTM2LnNkci5DMiJ9&_nc_ohc=HOKbppNTB8wQ7kNvwE3QgG5&_nc_oc=AdnX4-ZFbDit3PY9qjgPC9D81YxBY3-kM7TnSGzgBqMirp6IO6PMlnF4J5MYSVoycngb_fUx8sV9LK9RKuO_DsDS&_nc_ad=z-m&_nc_cid=0&_nc_zt=23&_nc_ht=instagram.fsdu8-2.fna&_nc_gid=gpb1UCPwmmje1bMpDp_mCg&_nc_ss=8&oh=00_AftpxoV-NW13j3teAqmjZj3JUT3fHu8_WsZxEQt5suRNgA&oe=69AA53AE
https://instagram.fsdu8-2.fna.fbcdn.net/v/t51.71878-15/632708973_889813880313582_1697247457969404760_n.jpg?stp=dst-jpg_e15_p480x480_tt6&_nc_cat=103&ig_cache_key=MzgzMDA3MTUxODM3NDU1MzQ3Ng%3D%3D.3-ccb7-5&ccb=7-5&_nc_sid=58cdad&efg=eyJ2ZW5jb2RlX3RhZyI6InhwaWRzLjY0MHgxMTM2LnNkci5DMiJ9&_nc_ohc=HOKbppNTB8wQ7kNvwE3QgG5&_nc_oc=AdnX4-ZFbDit3PY9qjgPC9D81YxBY3-kM7TnSGzgBqMirp6IO6PMlnF4J5MYSVoycngb_fUx8sV9LK9RKuO_DsDS&_nc_ad=z-m&_nc_cid=0&_nc_zt=23&_nc_ht=instagram.fsdu8-2.fna&_nc_gid=gpb1UCPwmmje1bMpDp_mCg&_nc_ss=8&oh=00_AfstLRoVAGdZIsjS8L2aTvzcj4tcTuDLPLlmCilan8w1rw&oe=69AA53AE
https://instagram.fsdu8-2.fna.fbcdn.net/v/t51.71878-15/632708973_889813880313582_1697247457969404760_n.jpg?stp=dst-jpg_e15_p320x320_tt6&_nc_cat=103&ig_cache_key=MzgzMDA3MTUxODM3NDU1MzQ3Ng%3D%3D.3-ccb7-5&ccb=7-5&_nc_sid=58cdad&efg=eyJ2ZW5jb2RlX3RhZyI6InhwaWRzLjY0MHgxMTM2LnNkci5DMiJ9&_nc_ohc=HOKbppNTB8wQ7kNvwE3QgG5&_nc_oc=AdnX4-ZFbDit3PY9qjgPC9D81YxBY3-kM7TnSGzgBqMirp6IO6PMlnF4J5MYSVoycngb_fUx8sV9LK9RKuO_DsDS&_nc_ad=z-m&_nc_cid=0&_nc_zt=23&_nc_ht=instagram.fsdu8-2.fna&_nc_gid=gpb1UCPwmmje1bMpDp_mCg&_nc_ss=8&oh=00_Aftc_1hEN6sgqu5HibsbR7C9K_fOwfGnawGFAXshmv1gIQ&oe=69AA53AE
https://instagram.fsdu8-2.fna.fbcdn.net/v/t51.71878-15/632708973_889813880313582_1697247457969404760_n.jpg?stp=dst-jpg_e15_p240x240_tt6&_nc_cat=103&ig_cache_key=MzgzMDA3MTUxODM3NDU1MzQ3Ng%3D%3D.3-ccb7-5&ccb=7-5&_nc_sid=58cdad&efg=eyJ2ZW5jb2RlX3RhZyI6InhwaWRzLjY0MHgxMTM2LnNkci5DMiJ9&_nc_ohc=HOKbppNTB8wQ7kNvwE3QgG5&_nc_oc=AdnX4-ZFbDit3PY9qjgPC9D81YxBY3-kM7TnSGzgBqMirp6IO6PMlnF4J5MYSVoycngb_fUx8sV9LK9RKuO_DsDS&_nc_ad=z-m&_nc_cid=0&_nc_zt=23&_nc_ht=instagram.fsdu8-2.fna&_nc_gid=gpb1UCPwmmje1bMpDp_mCg&_nc_ss=8&oh=00_Afs74ryoeFullJDmUZ-fb0G5AP9FROwXKaYwMTCrX6UKCA&oe=69AA53AE
https://instagram.fsdu8-2.fna.fbcdn.net/v/t51.71878-15/632708973_889813880313582_1697247457969404760_n.jpg?stp=c0.248.640.640a_dst-jpg_e15_s640x639_tt6&_nc_cat=103&ig_cache_key=MzgzMDA3MTUxODM3NDU1MzQ3Ng%3D%3D.3-ccb7-5&ccb=7-5&_nc_sid=58cdad&efg=eyJ2ZW5jb2RlX3RhZyI6InhwaWRzLjY0MHgxMTM2LnNkci5DMiJ9&_nc_ohc=HOKbppNTB8wQ7kNvwE3QgG5&_nc_oc=AdnX4-ZFbDit3PY9qjgPC9D81YxBY3-kM7TnSGzgBqMirp6IO6PMlnF4J5MYSVoycngb_fUx8sV9LK9RKuO_DsDS&_nc_ad=z-m&_nc_cid=0&_nc_zt=23&_nc_ht=instagram.fsdu8-2.fna&_nc_gid=gpb1UCPwmmje1bMpDp_mCg&_nc_ss=8&oh=00_AftDXRE3DhJ_SEJvzTXUjXDRPqWayDRw65I-br64pEoNYg&oe=69AA53AE
https://instagram.fsdu8-2.fna.fbcdn.net/v/t51.71878-15/632708973_889813880313582_1697247457969404760_n.jpg?stp=c0.248.640.640a_dst-jpg_e15_s640x639_tt6&_nc_cat=103&ig_cache_key=MzgzMDA3MTUxODM3NDU1MzQ3Ng%3D%3D.3-ccb7-5&ccb=7-5&_nc_sid=58cdad&efg=eyJ2ZW5jb2RlX3RhZyI6InhwaWRzLjY0MHgxMTM2LnNkci5DMiJ9&_nc_ohc=HOKbppNTB8wQ7kNvwE3QgG5&_nc_oc=AdnX4-ZFbDit3PY9qjgPC9D81YxBY3-kM7TnSGzgBqMirp6IO6PMlnF4J5MYSVoycngb_fUx8sV9LK9RKuO_DsDS&_nc_ad=z-m&_nc_cid=0&_nc_zt=23&_nc_ht=instagram.fsdu8-2.fna&_nc_gid=gpb1UCPwmmje1bMpDp_mCg&_nc_ss=8&oh=00_AftDXRE3DhJ_SEJvzTXUjXDRPqWayDRw65I-br64pEoNYg&oe=69AA53AE
https://instagram.fsdu8-2.fna.fbcdn.net/v/t51.71878-15/632708973_889813880313582_1697247457969404760_n.jpg?stp=c0.248.640.640a_dst-jpg_e15_s640x639_tt6&_nc_cat=103&ig_cache_key=MzgzMDA3MTUxODM3NDU1MzQ3Ng%3D%3D.3-ccb7-5&ccb=7-5&_nc_sid=58cdad&efg=eyJ2ZW5jb2RlX3RhZyI6InhwaWRzLjY0MHgxMTM2LnNkci5DMiJ9&_nc_ohc=HOKbppNTB8wQ7kNvwE3QgG5&_nc_oc=AdnX4-ZFbDit3PY9qjgPC9D81YxBY3-kM7TnSGzgBqMirp6IO6PMlnF4J5MYSVoycngb_fUx8sV9LK9RKuO_DsDS&_nc_ad=z-m&_nc_cid=0&_nc_zt=23&_nc_ht=instagram.fsdu8-2.fna&_nc_gid=gpb1UCPwmmje1bMpDp_mCg&_nc_ss=8&oh=00_AftDXRE3DhJ_SEJvzTXUjXDRPqWayDRw65I-br64pEoNYg&oe=69AA53AE
https://instagram.fsdu8-2.fna.fbcdn.net/v/t51.71878-15/632708973_889813880313582_1697247457969404760_n.jpg?stp=c0.248.640.640a_dst-jpg_e15_s480x480_tt6&_nc_cat=103&ig_cache_key=MzgzMDA3MTUxODM3NDU1MzQ3Ng%3D%3D.3-ccb7-5&ccb=7-5&_nc_sid=58cdad&efg=eyJ2ZW5jb2RlX3RhZyI6InhwaWRzLjY0MHgxMTM2LnNkci5DMiJ9&_nc_ohc=HOKbppNTB8wQ7kNvwE3QgG5&_nc_oc=AdnX4-ZFbDit3PY9qjgPC9D81YxBY3-kM7TnSGzgBqMirp6IO6PMlnF4J5MYSVoycngb_fUx8sV9LK9RKuO_DsDS&_nc_ad=z-m&_nc_cid=0&_nc_zt=23&_nc_ht=instagram.fsdu8-2.fna&_nc_gid=gpb1UCPwmmje1bMpDp_mCg&_nc_ss=8&oh=00_AfuAKVecLu8dsaeSrVSyU5N8q-_JYr1-waBL5vuD7B3JAw&oe=69AA53AE
https://instagram.fsdu8-2.fna.fbcdn.net/v/t51.71878-15/632708973_889813880313582_1697247457969404760_n.jpg?stp=c0.248.640.640a_dst-jpg_e15_s320x320_tt6&_nc_cat=103&ig_cache_key=MzgzMDA3MTUxODM3NDU1MzQ3Ng%3D%3D.3-ccb7-5&ccb=7-5&_nc_sid=58cdad&efg=eyJ2ZW5jb2RlX3RhZyI6InhwaWRzLjY0MHgxMTM2LnNkci5DMiJ9&_nc_ohc=HOKbppNTB8wQ7kNvwE3QgG5&_nc_oc=AdnX4-ZFbDit3PY9qjgPC9D81YxBY3-kM7TnSGzgBqMirp6IO6PMlnF4J5MYSVoycngb_fUx8sV9LK9RKuO_DsDS&_nc_ad=z-m&_nc_cid=0&_nc_zt=23&_nc_ht=instagram.fsdu8-2.fna&_nc_gid=gpb1UCPwmmje1bMpDp_mCg&_nc_ss=8&oh=00_AfujWCJDQuAzDekjIkJpOFavU2p96kLsuOr9xVKh3uvsiw&oe=69AA53AE
https://instagram.fsdu8-2.fna.fbcdn.net/v/t51.71878-15/632708973_889813880313582_1697247457969404760_n.jpg?stp=c0.248.640.640a_dst-jpg_e15_s240x240_tt6&_nc_cat=103&ig_cache_key=MzgzMDA3MTUxODM3NDU1MzQ3Ng%3D%3D.3-ccb7-5&ccb=7-5&_nc_sid=58cdad&efg=eyJ2ZW5jb2RlX3RhZyI6InhwaWRzLjY0MHgxMTM2LnNkci5DMiJ9&_nc_ohc=HOKbppNTB8wQ7kNvwE3QgG5&_nc_oc=AdnX4-ZFbDit3PY9qjgPC9D81YxBY3-kM7TnSGzgBqMirp6IO6PMlnF4J5MYSVoycngb_fUx8sV9LK9RKuO_DsDS&_nc_ad=z-m&_nc_cid=0&_nc_zt=23&_nc_ht=instagram.fsdu8-2.fna&_nc_gid=gpb1UCPwmmje1bMpDp_mCg&_nc_ss=8&oh=00_Afu6uxNBnnCCDdbIWC_um-gAzZHUTjhHpzGZJf5qsbq2BA&oe=69AA53AE
https://instagram.fsdu8-2.fna.fbcdn.net/v/t51.71878-15/632708973_889813880313582_1697247457969404760_n.jpg?stp=c0.248.640.640a_dst-jpg_e15_s150x150_tt6&_nc_cat=103&ig_cache_key=MzgzMDA3MTUxODM3NDU1MzQ3Ng%3D%3D.3-ccb7-5&ccb=7-5&_nc_sid=58cdad&efg=eyJ2ZW5jb2RlX3RhZyI6InhwaWRzLjY0MHgxMTM2LnNkci5DMiJ9&_nc_ohc=HOKbppNTB8wQ7kNvwE3QgG5&_nc_oc=AdnX4-ZFbDit3PY9qjgPC9D81YxBY3-kM7TnSGzgBqMirp6IO6PMlnF4J5MYSVoycngb_fUx8sV9LK9RKuO_DsDS&_nc_ad=z-m&_nc_cid=0&_nc_zt=23&_nc_ht=instagram.fsdu8-2.fna&_nc_gid=gpb1UCPwmmje1bMpDp_mCg&_nc_ss=8&oh=00_AfvBkavJORFIFrKmTL6T08xb84JvEl-uKgofgiHTLxon8Q&oe=69AA53AE",NA,NO,YES,https://instagram.fsdu8-2.fna.fbcdn.net/o1/v/t16/f2/m69/AQNH9duKCgA5zWfVwtv-7Jcqn4kJn2vmKLNsUs2ZHDHsKbk2Xymo4F_sDXdQiJG6kQBvkabgtRLZ56XgDhP5DDqt.mp4?strext=1&_nc_cat=108&_nc_oc=AdnQri3MyuxNDWFJ4WzXpkLFEc7X-m0lZ7yk0bhsVNHh63CEWee-2rrt4xRlqEW2VQE1U3dRry9w5E1o_pgJVUQS&_nc_sid=5e9851&_nc_ht=instagram.fsdu8-2.fna.fbcdn.net&_nc_ohc=3A76FcQCHi0Q7kNvwFtwb8r&efg=eyJ2ZW5jb2RlX3RhZyI6Inhwdl9wcm9ncmVzc2l2ZS5JTlNUQUdSQU0uQ0xJUFMuQzIuNzIwLmRhc2hfYmFzZWxpbmVfMV92MSIsInhwdl9hc3NldF9pZCI6MTc5NDIxMjkyMjkxMjg1MDgsImFzc2V0X2FnZV9kYXlzIjoxOCwidmlfdXNlY2FzZV9pZCI6MTAwOTksImR1cmF0aW9uX3MiOjUwLCJ1cmxnZW5fc291cmNlIjoid3d3In0%3D&ccb=17-1&_nc_gid=gpb1UCPwmmje1bMpDp_mCg&_nc_ss=8&_nc_zt=28&vs=df3c54451281a7ff&_nc_vs=HBksFQIYOnBhc3N0aHJvdWdoX2V2ZXJzdG9yZS9HTl9HbFNYZVNueFlla2tQQUN0c1psYUNoUGdaYnNwVEFRQUYVAALIARIAFQIYUWlnX3hwdl9wbGFjZW1lbnRfcGVybWFuZW50X3YyLzA2NEVGMzgyQzZGNkJBNThFQUQyQ0I0QkZFRjU1MUIxX2F1ZGlvX2Rhc2hpbml0Lm1wNBUCAsgBEgAoABgAGwKIB3VzZV9vaWwBMRJwcm9ncmVzc2l2ZV9yZWNpcGUBMRUAACb4jLvzr5HfPxUCKAJDMiwXQEkEOVgQYk4YEmRhc2hfYmFzZWxpbmVfMV92MREAdf4HZeadAQA&oh=00_AfueA8biUMTEPRl9a7ki1lz1DY4ft8cmklyC1nnRkyZJiw&oe=69AA708C,NA,3194347257,eliasmkjabbour,NA,Rio de Janeiro,NA,NA,-22908.0,-431975.0,Autoridade,"Expressa ser detentora de habilidades, posicionando-se como melhor do que os eleitores em determinados domínios.",42.86,57.14,7.41,0,0,29.63,3.7,29.63,0,29.63
postagem_88,3829812060943744435,DUmOcc5Dv2z,"Wed, 11 Feb 2026 00:20:04 GMT",2026-02-11T00:00:00Z,1770769204,"Cuba 

Cuba está sendo condenada à morte por um bloqueio de acesso da ilha a petróleo. Trata-se de um crime bárbaro contra a humanidade.

É nosso papel cobrar uma atitude ativa do governo brasileiro diante dessa situação. Não se trata mais de declarações em defesa da soberania cubana.

O Brasil, um dos maiores produtores de petróleo do mundo, tem a obrigação moral e política de furar esse cerco e evitar um genocídio. Não podemos ser cúmplices de um crime de lesa-humanidade.",NA,15036,532,https://www.instagram.com/p/DUmOcc5Dv2z/,https://instagram.fsdu8-2.fna.fbcdn.net/v/t51.71878-15/629258634_25832885396361733_4982989115293423973_n.jpg?stp=dst-jpg_e15_tt6&_nc_cat=103&ig_cache_key=MzgyOTgxMjA2MDk0Mzc0NDQzNQ%3D%3D.3-ccb7-5&ccb=7-5&_nc_sid=58cdad&efg=eyJ2ZW5jb2RlX3RhZyI6InhwaWRzLjY0MHg3NDIuc2RyLkMyIn0%3D&_nc_ohc=LjlalD8MWvAQ7kNvwGmDtcu&_nc_oc=AdkoOQXEmJhn6qvSxgBXOlhwArBO31UA-Oj7_0AYxKwx9LrCVJLShHt-rfYkDoCkdSCYD3O9rhgEl4lec_SdN1jV&_nc_ad=z-m&_nc_cid=0&_nc_zt=23&_nc_ht=instagram.fsdu8-2.fna&_nc_gid=gpb1UCPwmmje1bMpDp_mCg&_nc_ss=8&oh=00_AftSVSEOkgO7e9R6EJOM8N1l3tRDiLQ2i30SZchWWqCbWA&oe=69AA5607,https://instagram.fsdu8-2.fna.fbcdn.net/v/t51.71878-15/629258634_25832885396361733_4982989115293423973_n.jpg?stp=dst-jpg_e15_tt6&_nc_cat=103&ig_cache_key=MzgyOTgxMjA2MDk0Mzc0NDQzNQ%3D%3D.3-ccb7-5&ccb=7-5&_nc_sid=58cdad&efg=eyJ2ZW5jb2RlX3RhZyI6InhwaWRzLjY0MHg3NDIuc2RyLkMyIn0%3D&_nc_ohc=LjlalD8MWvAQ7kNvwGmDtcu&_nc_oc=AdkoOQXEmJhn6qvSxgBXOlhwArBO31UA-Oj7_0AYxKwx9LrCVJLShHt-rfYkDoCkdSCYD3O9rhgEl4lec_SdN1jV&_nc_ad=z-m&_nc_cid=0&_nc_zt=23&_nc_ht=instagram.fsdu8-2.fna&_nc_gid=gpb1UCPwmmje1bMpDp_mCg&_nc_ss=8&oh=00_AftSVSEOkgO7e9R6EJOM8N1l3tRDiLQ2i30SZchWWqCbWA&oe=69AA5607,"https://instagram.fsdu8-2.fna.fbcdn.net/v/t51.71878-15/629258634_25832885396361733_4982989115293423973_n.jpg?stp=dst-jpg_e15_tt6&_nc_cat=103&ig_cache_key=MzgyOTgxMjA2MDk0Mzc0NDQzNQ%3D%3D.3-ccb7-5&ccb=7-5&_nc_sid=58cdad&efg=eyJ2ZW5jb2RlX3RhZyI6InhwaWRzLjY0MHg3NDIuc2RyLkMyIn0%3D&_nc_ohc=LjlalD8MWvAQ7kNvwGmDtcu&_nc_oc=AdkoOQXEmJhn6qvSxgBXOlhwArBO31UA-Oj7_0AYxKwx9LrCVJLShHt-rfYkDoCkdSCYD3O9rhgEl4lec_SdN1jV&_nc_ad=z-m&_nc_cid=0&_nc_zt=23&_nc_ht=instagram.fsdu8-2.fna&_nc_gid=gpb1UCPwmmje1bMpDp_mCg&_nc_ss=8&oh=00_AftSVSEOkgO7e9R6EJOM8N1l3tRDiLQ2i30SZchWWqCbWA&oe=69AA5607
https://instagram.fsdu8-2.fna.fbcdn.net/v/t51.71878-15/629258634_25832885396361733_4982989115293423973_n.jpg?stp=dst-jpg_e15_p480x480_tt6&_nc_cat=103&ig_cache_key=MzgyOTgxMjA2MDk0Mzc0NDQzNQ%3D%3D.3-ccb7-5&ccb=7-5&_nc_sid=58cdad&efg=eyJ2ZW5jb2RlX3RhZyI6InhwaWRzLjY0MHg3NDIuc2RyLkMyIn0%3D&_nc_ohc=LjlalD8MWvAQ7kNvwGmDtcu&_nc_oc=AdkoOQXEmJhn6qvSxgBXOlhwArBO31UA-Oj7_0AYxKwx9LrCVJLShHt-rfYkDoCkdSCYD3O9rhgEl4lec_SdN1jV&_nc_ad=z-m&_nc_cid=0&_nc_zt=23&_nc_ht=instagram.fsdu8-2.fna&_nc_gid=gpb1UCPwmmje1bMpDp_mCg&_nc_ss=8&oh=00_AfvgXozsZa3QXqhp-ORM0Eb2TknfLZ0cII6_MZVxP_5hsA&oe=69AA5607
https://instagram.fsdu8-2.fna.fbcdn.net/v/t51.71878-15/629258634_25832885396361733_4982989115293423973_n.jpg?stp=dst-jpg_e15_p320x320_tt6&_nc_cat=103&ig_cache_key=MzgyOTgxMjA2MDk0Mzc0NDQzNQ%3D%3D.3-ccb7-5&ccb=7-5&_nc_sid=58cdad&efg=eyJ2ZW5jb2RlX3RhZyI6InhwaWRzLjY0MHg3NDIuc2RyLkMyIn0%3D&_nc_ohc=LjlalD8MWvAQ7kNvwGmDtcu&_nc_oc=AdkoOQXEmJhn6qvSxgBXOlhwArBO31UA-Oj7_0AYxKwx9LrCVJLShHt-rfYkDoCkdSCYD3O9rhgEl4lec_SdN1jV&_nc_ad=z-m&_nc_cid=0&_nc_zt=23&_nc_ht=instagram.fsdu8-2.fna&_nc_gid=gpb1UCPwmmje1bMpDp_mCg&_nc_ss=8&oh=00_Afs-dMmjgTSaxsA0M1krVFGNKuJzE1RGMMzKEJJ2bBG0Ew&oe=69AA5607
https://instagram.fsdu8-2.fna.fbcdn.net/v/t51.71878-15/629258634_25832885396361733_4982989115293423973_n.jpg?stp=dst-jpg_e15_p240x240_tt6&_nc_cat=103&ig_cache_key=MzgyOTgxMjA2MDk0Mzc0NDQzNQ%3D%3D.3-ccb7-5&ccb=7-5&_nc_sid=58cdad&efg=eyJ2ZW5jb2RlX3RhZyI6InhwaWRzLjY0MHg3NDIuc2RyLkMyIn0%3D&_nc_ohc=LjlalD8MWvAQ7kNvwGmDtcu&_nc_oc=AdkoOQXEmJhn6qvSxgBXOlhwArBO31UA-Oj7_0AYxKwx9LrCVJLShHt-rfYkDoCkdSCYD3O9rhgEl4lec_SdN1jV&_nc_ad=z-m&_nc_cid=0&_nc_zt=23&_nc_ht=instagram.fsdu8-2.fna&_nc_gid=gpb1UCPwmmje1bMpDp_mCg&_nc_ss=8&oh=00_AfuqpJzaThAKR7RcuVk907ZylNv9viz7LkGmDweDIAUCpQ&oe=69AA5607
https://instagram.fsdu8-2.fna.fbcdn.net/v/t51.71878-15/629258634_25832885396361733_4982989115293423973_n.jpg?stp=c0.51.640.640a_dst-jpg_e15_s640x640_tt6&_nc_cat=103&ig_cache_key=MzgyOTgxMjA2MDk0Mzc0NDQzNQ%3D%3D.3-ccb7-5&ccb=7-5&_nc_sid=58cdad&efg=eyJ2ZW5jb2RlX3RhZyI6InhwaWRzLjY0MHg3NDIuc2RyLkMyIn0%3D&_nc_ohc=LjlalD8MWvAQ7kNvwGmDtcu&_nc_oc=AdkoOQXEmJhn6qvSxgBXOlhwArBO31UA-Oj7_0AYxKwx9LrCVJLShHt-rfYkDoCkdSCYD3O9rhgEl4lec_SdN1jV&_nc_ad=z-m&_nc_cid=0&_nc_zt=23&_nc_ht=instagram.fsdu8-2.fna&_nc_gid=gpb1UCPwmmje1bMpDp_mCg&_nc_ss=8&oh=00_Afuezb8ANheVxxGeVRyDdKiVwt0fEEKzbe8ztRHoa-Z7HA&oe=69AA5607
https://instagram.fsdu8-2.fna.fbcdn.net/v/t51.71878-15/629258634_25832885396361733_4982989115293423973_n.jpg?stp=c0.51.640.640a_dst-jpg_e15_s640x640_tt6&_nc_cat=103&ig_cache_key=MzgyOTgxMjA2MDk0Mzc0NDQzNQ%3D%3D.3-ccb7-5&ccb=7-5&_nc_sid=58cdad&efg=eyJ2ZW5jb2RlX3RhZyI6InhwaWRzLjY0MHg3NDIuc2RyLkMyIn0%3D&_nc_ohc=LjlalD8MWvAQ7kNvwGmDtcu&_nc_oc=AdkoOQXEmJhn6qvSxgBXOlhwArBO31UA-Oj7_0AYxKwx9LrCVJLShHt-rfYkDoCkdSCYD3O9rhgEl4lec_SdN1jV&_nc_ad=z-m&_nc_cid=0&_nc_zt=23&_nc_ht=instagram.fsdu8-2.fna&_nc_gid=gpb1UCPwmmje1bMpDp_mCg&_nc_ss=8&oh=00_Afuezb8ANheVxxGeVRyDdKiVwt0fEEKzbe8ztRHoa-Z7HA&oe=69AA5607
https://instagram.fsdu8-2.fna.fbcdn.net/v/t51.71878-15/629258634_25832885396361733_4982989115293423973_n.jpg?stp=c0.51.640.640a_dst-jpg_e15_s640x640_tt6&_nc_cat=103&ig_cache_key=MzgyOTgxMjA2MDk0Mzc0NDQzNQ%3D%3D.3-ccb7-5&ccb=7-5&_nc_sid=58cdad&efg=eyJ2ZW5jb2RlX3RhZyI6InhwaWRzLjY0MHg3NDIuc2RyLkMyIn0%3D&_nc_ohc=LjlalD8MWvAQ7kNvwGmDtcu&_nc_oc=AdkoOQXEmJhn6qvSxgBXOlhwArBO31UA-Oj7_0AYxKwx9LrCVJLShHt-rfYkDoCkdSCYD3O9rhgEl4lec_SdN1jV&_nc_ad=z-m&_nc_cid=0&_nc_zt=23&_nc_ht=instagram.fsdu8-2.fna&_nc_gid=gpb1UCPwmmje1bMpDp_mCg&_nc_ss=8&oh=00_Afuezb8ANheVxxGeVRyDdKiVwt0fEEKzbe8ztRHoa-Z7HA&oe=69AA5607
https://instagram.fsdu8-2.fna.fbcdn.net/v/t51.71878-15/629258634_25832885396361733_4982989115293423973_n.jpg?stp=c0.51.640.640a_dst-jpg_e15_s480x480_tt6&_nc_cat=103&ig_cache_key=MzgyOTgxMjA2MDk0Mzc0NDQzNQ%3D%3D.3-ccb7-5&ccb=7-5&_nc_sid=58cdad&efg=eyJ2ZW5jb2RlX3RhZyI6InhwaWRzLjY0MHg3NDIuc2RyLkMyIn0%3D&_nc_ohc=LjlalD8MWvAQ7kNvwGmDtcu&_nc_oc=AdkoOQXEmJhn6qvSxgBXOlhwArBO31UA-Oj7_0AYxKwx9LrCVJLShHt-rfYkDoCkdSCYD3O9rhgEl4lec_SdN1jV&_nc_ad=z-m&_nc_cid=0&_nc_zt=23&_nc_ht=instagram.fsdu8-2.fna&_nc_gid=gpb1UCPwmmje1bMpDp_mCg&_nc_ss=8&oh=00_AfuS_9QYd-w6NUGukL98kTlxQSCmBT3XIcw-8gBSJJzx4g&oe=69AA5607
https://instagram.fsdu8-2.fna.fbcdn.net/v/t51.71878-15/629258634_25832885396361733_4982989115293423973_n.jpg?stp=c0.51.640.640a_dst-jpg_e15_s320x320_tt6&_nc_cat=103&ig_cache_key=MzgyOTgxMjA2MDk0Mzc0NDQzNQ%3D%3D.3-ccb7-5&ccb=7-5&_nc_sid=58cdad&efg=eyJ2ZW5jb2RlX3RhZyI6InhwaWRzLjY0MHg3NDIuc2RyLkMyIn0%3D&_nc_ohc=LjlalD8MWvAQ7kNvwGmDtcu&_nc_oc=AdkoOQXEmJhn6qvSxgBXOlhwArBO31UA-Oj7_0AYxKwx9LrCVJLShHt-rfYkDoCkdSCYD3O9rhgEl4lec_SdN1jV&_nc_ad=z-m&_nc_cid=0&_nc_zt=23&_nc_ht=instagram.fsdu8-2.fna&_nc_gid=gpb1UCPwmmje1bMpDp_mCg&_nc_ss=8&oh=00_AftHr4ihI9Xo6vpPpX1hKp4YP23rjxeBTJ7TlGB411SmMw&oe=69AA5607
https://instagram.fsdu8-2.fna.fbcdn.net/v/t51.71878-15/629258634_25832885396361733_4982989115293423973_n.jpg?stp=c0.51.640.640a_dst-jpg_e15_s240x240_tt6&_nc_cat=103&ig_cache_key=MzgyOTgxMjA2MDk0Mzc0NDQzNQ%3D%3D.3-ccb7-5&ccb=7-5&_nc_sid=58cdad&efg=eyJ2ZW5jb2RlX3RhZyI6InhwaWRzLjY0MHg3NDIuc2RyLkMyIn0%3D&_nc_ohc=LjlalD8MWvAQ7kNvwGmDtcu&_nc_oc=AdkoOQXEmJhn6qvSxgBXOlhwArBO31UA-Oj7_0AYxKwx9LrCVJLShHt-rfYkDoCkdSCYD3O9rhgEl4lec_SdN1jV&_nc_ad=z-m&_nc_cid=0&_nc_zt=23&_nc_ht=instagram.fsdu8-2.fna&_nc_gid=gpb1UCPwmmje1bMpDp_mCg&_nc_ss=8&oh=00_Afu_CGYFoK58AbH9qB4I46-xqs353gWgDLoFtxRLGctbwQ&oe=69AA5607
https://instagram.fsdu8-2.fna.fbcdn.net/v/t51.71878-15/629258634_25832885396361733_4982989115293423973_n.jpg?stp=c0.51.640.640a_dst-jpg_e15_s150x150_tt6&_nc_cat=103&ig_cache_key=MzgyOTgxMjA2MDk0Mzc0NDQzNQ%3D%3D.3-ccb7-5&ccb=7-5&_nc_sid=58cdad&efg=eyJ2ZW5jb2RlX3RhZyI6InhwaWRzLjY0MHg3NDIuc2RyLkMyIn0%3D&_nc_ohc=LjlalD8MWvAQ7kNvwGmDtcu&_nc_oc=AdkoOQXEmJhn6qvSxgBXOlhwArBO31UA-Oj7_0AYxKwx9LrCVJLShHt-rfYkDoCkdSCYD3O9rhgEl4lec_SdN1jV&_nc_ad=z-m&_nc_cid=0&_nc_zt=23&_nc_ht=instagram.fsdu8-2.fna&_nc_gid=gpb1UCPwmmje1bMpDp_mCg&_nc_ss=8&oh=00_Afu2nif9o2Ba_MOlt3hGMbPhI9XoK5xlYC22pK9hcwSlAA&oe=69AA5607",NA,NO,YES,https://instagram.fsdu8-1.fna.fbcdn.net/o1/v/t16/f2/m69/AQNsmAhBR9Ur0NuGG0uoxH3sNKXGu9quPl1yEIzzQsaLJM5FzHwuZGjOnH_Aym8CqxVg8DlKIoNEGmDBeYwGw5Lh.mp4?strext=1&_nc_cat=104&_nc_oc=Adks3mvcMaWekNDL0WUSWnSSAhokmHFBtVdPQCGFE1MkYOZKoWbx2wT2DmXNW2WGKfPaPbLvcphbuvzsWgaVdZpZ&_nc_sid=5e9851&_nc_ht=instagram.fsdu8-1.fna.fbcdn.net&_nc_ohc=RDv_qzuYcQUQ7kNvwEH85ed&efg=eyJ2ZW5jb2RlX3RhZyI6Inhwdl9wcm9ncmVzc2l2ZS5JTlNUQUdSQU0uQ0xJUFMuQzIuNzIwLmRhc2hfYmFzZWxpbmVfMV92MSIsInhwdl9hc3NldF9pZCI6MTc5NDIxMzc2NjIxMjg1MDgsImFzc2V0X2FnZV9kYXlzIjoxOCwidmlfdXNlY2FzZV9pZCI6MTAwOTksImR1cmF0aW9uX3MiOjQsInVybGdlbl9zb3VyY2UiOiJ3d3cifQ%3D%3D&ccb=17-1&_nc_gid=gpb1UCPwmmje1bMpDp_mCg&_nc_ss=8&_nc_zt=28&vs=9d8d770cd969ed7a&_nc_vs=HBkcFQIYOnBhc3N0aHJvdWdoX2V2ZXJzdG9yZS9HUGNNeUNVU0dfd3AyaHdEQU1vWWdybS1sM1UyYnNwVEFRQUYVAALIARIAKAAYABsCiAd1c2Vfb2lsATEScHJvZ3Jlc3NpdmVfcmVjaXBlATEVAAAm-IXm3e6R3z8VAigCQzIsF0AQAAAAAAAAGBJkYXNoX2Jhc2VsaW5lXzFfdjERAHX-B2XmnQEA&oh=00_Afv8fIv8bHj39URFr1XDiE65VkvuTPppEMMDJG_WiS6koA&oe=69AA5E7C,NA,3194347257,eliasmkjabbour,NA,NA,NA,NA,NA,NA,Autoridade,"Expressa ser detentora de habilidades, posicionando-se como melhor do que os eleitores em determinados domínios.",50,50,21.43,14.29,4.76,7.14,9.52,9.52,9.52,23.81
postagem_86,3829545726271988631,DUlR4xZjqOX,"Tue, 10 Feb 2026 15:31:15 GMT",2026-02-10T00:00:00Z,1770737475,A decadência moral do império e a histórica resposta da China ao caso Epstein.,NA,9400,331,https://www.instagram.com/p/DUlR4xZjqOX/,https://instagram.fsdu8-1.fna.fbcdn.net/v/t51.71878-15/627657348_2049171858959465_4777915033613151319_n.jpg?stp=dst-jpegr_e15_tt6&_nc_cat=106&ig_cache_key=MzgyOTU0NTcyNjI3MTk4ODYzMQ%3D%3D.3-ccb7-5&ccb=7-5&_nc_sid=58cdad&efg=eyJ2ZW5jb2RlX3RhZyI6InhwaWRzLjY0MHgxMTM2Lmhkci5DMiJ9&_nc_ohc=AT8Wdd5QRxMQ7kNvwHnLTmG&_nc_oc=AdngTpWFBWiJu4Q-Licaf3UoAhqi-rifq6A7GtgZz5_Srid5wcUyUVSqLWTO_GYEdCs42SyOFAqVliJILHhj7hGe&_nc_ad=z-m&_nc_cid=0&_nc_zt=23&se=-1&_nc_ht=instagram.fsdu8-1.fna&_nc_gid=gpb1UCPwmmje1bMpDp_mCg&_nc_ss=8&oh=00_AfvSQo6NVLmz1E_JELv4h4qE3B2cXqCuffuxY1vYKzPmvA&oe=69AA639B,https://instagram.fsdu8-1.fna.fbcdn.net/v/t51.71878-15/627657348_2049171858959465_4777915033613151319_n.jpg?stp=dst-jpegr_e15_tt6&_nc_cat=106&ig_cache_key=MzgyOTU0NTcyNjI3MTk4ODYzMQ%3D%3D.3-ccb7-5&ccb=7-5&_nc_sid=58cdad&efg=eyJ2ZW5jb2RlX3RhZyI6InhwaWRzLjY0MHgxMTM2Lmhkci5DMiJ9&_nc_ohc=AT8Wdd5QRxMQ7kNvwHnLTmG&_nc_oc=AdngTpWFBWiJu4Q-Licaf3UoAhqi-rifq6A7GtgZz5_Srid5wcUyUVSqLWTO_GYEdCs42SyOFAqVliJILHhj7hGe&_nc_ad=z-m&_nc_cid=0&_nc_zt=23&se=-1&_nc_ht=instagram.fsdu8-1.fna&_nc_gid=gpb1UCPwmmje1bMpDp_mCg&_nc_ss=8&oh=00_AfvSQo6NVLmz1E_JELv4h4qE3B2cXqCuffuxY1vYKzPmvA&oe=69AA639B,"https://instagram.fsdu8-1.fna.fbcdn.net/v/t51.71878-15/627657348_2049171858959465_4777915033613151319_n.jpg?stp=dst-jpegr_e15_tt6&_nc_cat=106&ig_cache_key=MzgyOTU0NTcyNjI3MTk4ODYzMQ%3D%3D.3-ccb7-5&ccb=7-5&_nc_sid=58cdad&efg=eyJ2ZW5jb2RlX3RhZyI6InhwaWRzLjY0MHgxMTM2Lmhkci5DMiJ9&_nc_ohc=AT8Wdd5QRxMQ7kNvwHnLTmG&_nc_oc=AdngTpWFBWiJu4Q-Licaf3UoAhqi-rifq6A7GtgZz5_Srid5wcUyUVSqLWTO_GYEdCs42SyOFAqVliJILHhj7hGe&_nc_ad=z-m&_nc_cid=0&_nc_zt=23&se=-1&_nc_ht=instagram.fsdu8-1.fna&_nc_gid=gpb1UCPwmmje1bMpDp_mCg&_nc_ss=8&oh=00_AfvSQo6NVLmz1E_JELv4h4qE3B2cXqCuffuxY1vYKzPmvA&oe=69AA639B
https://instagram.fsdu8-1.fna.fbcdn.net/v/t51.71878-15/627657348_2049171858959465_4777915033613151319_n.jpg?stp=dst-jpegr_e15_p480x480_tt6&_nc_cat=106&ig_cache_key=MzgyOTU0NTcyNjI3MTk4ODYzMQ%3D%3D.3-ccb7-5&ccb=7-5&_nc_sid=58cdad&efg=eyJ2ZW5jb2RlX3RhZyI6InhwaWRzLjY0MHgxMTM2Lmhkci5DMiJ9&_nc_ohc=AT8Wdd5QRxMQ7kNvwHnLTmG&_nc_oc=AdngTpWFBWiJu4Q-Licaf3UoAhqi-rifq6A7GtgZz5_Srid5wcUyUVSqLWTO_GYEdCs42SyOFAqVliJILHhj7hGe&_nc_ad=z-m&_nc_cid=0&_nc_zt=23&se=-1&_nc_ht=instagram.fsdu8-1.fna&_nc_gid=gpb1UCPwmmje1bMpDp_mCg&_nc_ss=8&oh=00_Aft1k55JCsFXnRJQAHpLdxg2Nirsd0Ezzds__H93ArFKNw&oe=69AA639B
https://instagram.fsdu8-1.fna.fbcdn.net/v/t51.71878-15/627657348_2049171858959465_4777915033613151319_n.jpg?stp=dst-jpegr_e15_p320x320_tt6&_nc_cat=106&ig_cache_key=MzgyOTU0NTcyNjI3MTk4ODYzMQ%3D%3D.3-ccb7-5&ccb=7-5&_nc_sid=58cdad&efg=eyJ2ZW5jb2RlX3RhZyI6InhwaWRzLjY0MHgxMTM2Lmhkci5DMiJ9&_nc_ohc=AT8Wdd5QRxMQ7kNvwHnLTmG&_nc_oc=AdngTpWFBWiJu4Q-Licaf3UoAhqi-rifq6A7GtgZz5_Srid5wcUyUVSqLWTO_GYEdCs42SyOFAqVliJILHhj7hGe&_nc_ad=z-m&_nc_cid=0&_nc_zt=23&se=-1&_nc_ht=instagram.fsdu8-1.fna&_nc_gid=gpb1UCPwmmje1bMpDp_mCg&_nc_ss=8&oh=00_AfsS4-5kUL-Sw37VuMOHLFCARzzUafKboDa2fzpyJp3qyQ&oe=69AA639B
https://instagram.fsdu8-1.fna.fbcdn.net/v/t51.71878-15/627657348_2049171858959465_4777915033613151319_n.jpg?stp=dst-jpegr_e15_p240x240_tt6&_nc_cat=106&ig_cache_key=MzgyOTU0NTcyNjI3MTk4ODYzMQ%3D%3D.3-ccb7-5&ccb=7-5&_nc_sid=58cdad&efg=eyJ2ZW5jb2RlX3RhZyI6InhwaWRzLjY0MHgxMTM2Lmhkci5DMiJ9&_nc_ohc=AT8Wdd5QRxMQ7kNvwHnLTmG&_nc_oc=AdngTpWFBWiJu4Q-Licaf3UoAhqi-rifq6A7GtgZz5_Srid5wcUyUVSqLWTO_GYEdCs42SyOFAqVliJILHhj7hGe&_nc_ad=z-m&_nc_cid=0&_nc_zt=23&se=-1&_nc_ht=instagram.fsdu8-1.fna&_nc_gid=gpb1UCPwmmje1bMpDp_mCg&_nc_ss=8&oh=00_AftPmRqo2fa_mnF-1Oe4IE4566juh69vRTBmZUVJFdYaYg&oe=69AA639B
https://instagram.fsdu8-1.fna.fbcdn.net/v/t51.71878-15/627657348_2049171858959465_4777915033613151319_n.jpg?stp=c0.248.640.640a_dst-jpegr_e15_s640x639_tt6&_nc_cat=106&ig_cache_key=MzgyOTU0NTcyNjI3MTk4ODYzMQ%3D%3D.3-ccb7-5&ccb=7-5&_nc_sid=58cdad&efg=eyJ2ZW5jb2RlX3RhZyI6InhwaWRzLjY0MHgxMTM2Lmhkci5DMiJ9&_nc_ohc=AT8Wdd5QRxMQ7kNvwHnLTmG&_nc_oc=AdngTpWFBWiJu4Q-Licaf3UoAhqi-rifq6A7GtgZz5_Srid5wcUyUVSqLWTO_GYEdCs42SyOFAqVliJILHhj7hGe&_nc_ad=z-m&_nc_cid=0&_nc_zt=23&se=-1&_nc_ht=instagram.fsdu8-1.fna&_nc_gid=gpb1UCPwmmje1bMpDp_mCg&_nc_ss=8&oh=00_Afue5WTlxvf6_8m1S8HhNhYisTcPgxSf0bjU_djnOlhq3w&oe=69AA639B
https://instagram.fsdu8-1.fna.fbcdn.net/v/t51.71878-15/627657348_2049171858959465_4777915033613151319_n.jpg?stp=c0.248.640.640a_dst-jpegr_e15_s640x639_tt6&_nc_cat=106&ig_cache_key=MzgyOTU0NTcyNjI3MTk4ODYzMQ%3D%3D.3-ccb7-5&ccb=7-5&_nc_sid=58cdad&efg=eyJ2ZW5jb2RlX3RhZyI6InhwaWRzLjY0MHgxMTM2Lmhkci5DMiJ9&_nc_ohc=AT8Wdd5QRxMQ7kNvwHnLTmG&_nc_oc=AdngTpWFBWiJu4Q-Licaf3UoAhqi-rifq6A7GtgZz5_Srid5wcUyUVSqLWTO_GYEdCs42SyOFAqVliJILHhj7hGe&_nc_ad=z-m&_nc_cid=0&_nc_zt=23&se=-1&_nc_ht=instagram.fsdu8-1.fna&_nc_gid=gpb1UCPwmmje1bMpDp_mCg&_nc_ss=8&oh=00_Afue5WTlxvf6_8m1S8HhNhYisTcPgxSf0bjU_djnOlhq3w&oe=69AA639B
https://instagram.fsdu8-1.fna.fbcdn.net/v/t51.71878-15/627657348_2049171858959465_4777915033613151319_n.jpg?stp=c0.248.640.640a_dst-jpegr_e15_s640x639_tt6&_nc_cat=106&ig_cache_key=MzgyOTU0NTcyNjI3MTk4ODYzMQ%3D%3D.3-ccb7-5&ccb=7-5&_nc_sid=58cdad&efg=eyJ2ZW5jb2RlX3RhZyI6InhwaWRzLjY0MHgxMTM2Lmhkci5DMiJ9&_nc_ohc=AT8Wdd5QRxMQ7kNvwHnLTmG&_nc_oc=AdngTpWFBWiJu4Q-Licaf3UoAhqi-rifq6A7GtgZz5_Srid5wcUyUVSqLWTO_GYEdCs42SyOFAqVliJILHhj7hGe&_nc_ad=z-m&_nc_cid=0&_nc_zt=23&se=-1&_nc_ht=instagram.fsdu8-1.fna&_nc_gid=gpb1UCPwmmje1bMpDp_mCg&_nc_ss=8&oh=00_Afue5WTlxvf6_8m1S8HhNhYisTcPgxSf0bjU_djnOlhq3w&oe=69AA639B
https://instagram.fsdu8-1.fna.fbcdn.net/v/t51.71878-15/627657348_2049171858959465_4777915033613151319_n.jpg?stp=c0.248.640.640a_dst-jpegr_e15_s480x480_tt6&_nc_cat=106&ig_cache_key=MzgyOTU0NTcyNjI3MTk4ODYzMQ%3D%3D.3-ccb7-5&ccb=7-5&_nc_sid=58cdad&efg=eyJ2ZW5jb2RlX3RhZyI6InhwaWRzLjY0MHgxMTM2Lmhkci5DMiJ9&_nc_ohc=AT8Wdd5QRxMQ7kNvwHnLTmG&_nc_oc=AdngTpWFBWiJu4Q-Licaf3UoAhqi-rifq6A7GtgZz5_Srid5wcUyUVSqLWTO_GYEdCs42SyOFAqVliJILHhj7hGe&_nc_ad=z-m&_nc_cid=0&_nc_zt=23&se=-1&_nc_ht=instagram.fsdu8-1.fna&_nc_gid=gpb1UCPwmmje1bMpDp_mCg&_nc_ss=8&oh=00_Afu77Ly80snjlg_YHop3EuxR4d0Uxq58P65A4XPQiy7y3g&oe=69AA639B
https://instagram.fsdu8-1.fna.fbcdn.net/v/t51.71878-15/627657348_2049171858959465_4777915033613151319_n.jpg?stp=c0.248.640.640a_dst-jpegr_e15_s320x320_tt6&_nc_cat=106&ig_cache_key=MzgyOTU0NTcyNjI3MTk4ODYzMQ%3D%3D.3-ccb7-5&ccb=7-5&_nc_sid=58cdad&efg=eyJ2ZW5jb2RlX3RhZyI6InhwaWRzLjY0MHgxMTM2Lmhkci5DMiJ9&_nc_ohc=AT8Wdd5QRxMQ7kNvwHnLTmG&_nc_oc=AdngTpWFBWiJu4Q-Licaf3UoAhqi-rifq6A7GtgZz5_Srid5wcUyUVSqLWTO_GYEdCs42SyOFAqVliJILHhj7hGe&_nc_ad=z-m&_nc_cid=0&_nc_zt=23&se=-1&_nc_ht=instagram.fsdu8-1.fna&_nc_gid=gpb1UCPwmmje1bMpDp_mCg&_nc_ss=8&oh=00_AfsPmF7MogNlVj0a9dfjYCpGGvn_3AuiGxOIsJk9epIsXw&oe=69AA639B
https://instagram.fsdu8-1.fna.fbcdn.net/v/t51.71878-15/627657348_2049171858959465_4777915033613151319_n.jpg?stp=c0.248.640.640a_dst-jpegr_e15_s240x240_tt6&_nc_cat=106&ig_cache_key=MzgyOTU0NTcyNjI3MTk4ODYzMQ%3D%3D.3-ccb7-5&ccb=7-5&_nc_sid=58cdad&efg=eyJ2ZW5jb2RlX3RhZyI6InhwaWRzLjY0MHgxMTM2Lmhkci5DMiJ9&_nc_ohc=AT8Wdd5QRxMQ7kNvwHnLTmG&_nc_oc=AdngTpWFBWiJu4Q-Licaf3UoAhqi-rifq6A7GtgZz5_Srid5wcUyUVSqLWTO_GYEdCs42SyOFAqVliJILHhj7hGe&_nc_ad=z-m&_nc_cid=0&_nc_zt=23&se=-1&_nc_ht=instagram.fsdu8-1.fna&_nc_gid=gpb1UCPwmmje1bMpDp_mCg&_nc_ss=8&oh=00_Afts1xahfmlfyaO5F3XiLdWXc84ljgtJHje3Qw1kkdhbyg&oe=69AA639B
https://instagram.fsdu8-1.fna.fbcdn.net/v/t51.71878-15/627657348_2049171858959465_4777915033613151319_n.jpg?stp=c0.248.640.640a_dst-jpegr_e15_s150x150_tt6&_nc_cat=106&ig_cache_key=MzgyOTU0NTcyNjI3MTk4ODYzMQ%3D%3D.3-ccb7-5&ccb=7-5&_nc_sid=58cdad&efg=eyJ2ZW5jb2RlX3RhZyI6InhwaWRzLjY0MHgxMTM2Lmhkci5DMiJ9&_nc_ohc=AT8Wdd5QRxMQ7kNvwHnLTmG&_nc_oc=AdngTpWFBWiJu4Q-Licaf3UoAhqi-rifq6A7GtgZz5_Srid5wcUyUVSqLWTO_GYEdCs42SyOFAqVliJILHhj7hGe&_nc_ad=z-m&_nc_cid=0&_nc_zt=23&se=-1&_nc_ht=instagram.fsdu8-1.fna&_nc_gid=gpb1UCPwmmje1bMpDp_mCg&_nc_ss=8&oh=00_Afs-daeaEojhAqctQsu9WvTjAhAmEucgBIVa4DcALBTSZg&oe=69AA639B",NA,NO,YES,https://instagram.fsdu8-2.fna.fbcdn.net/o1/v/t16/f2/m69/AQNtq31GZduKzUtBgB_TZVnO1Cl6xmrDDFC5IyJP0ysMTQ1JtgWjGA7J7V9TXo5VZC6PceA6Xlb7pYTxku3_loC2.mp4?strext=1&_nc_cat=109&_nc_oc=AdlURIKBP1aLDNGxTgl9OSTJiOEd9fiW2nsPCKLjdytHxbl7um_z8I53rECK-a9WxFcb3lSYdAVq2Q3AfcctUkmR&_nc_sid=5e9851&_nc_ht=instagram.fsdu8-2.fna.fbcdn.net&_nc_ohc=aoeHyxVbHz0Q7kNvwGHCCBr&efg=eyJ2ZW5jb2RlX3RhZyI6Inhwdl9wcm9ncmVzc2l2ZS5JTlNUQUdSQU0uQ0xJUFMuQzIuNzIwLmRhc2hfYmFzZWxpbmVfMV92MSIsInhwdl9hc3NldF9pZCI6MTc5NDIwOTg1NjAxMjg1MDgsImFzc2V0X2FnZV9kYXlzIjoxOSwidmlfdXNlY2FzZV9pZCI6MTAwOTksImR1cmF0aW9uX3MiOjExOCwidXJsZ2VuX3NvdXJjZSI6Ind3dyJ9&ccb=17-1&_nc_gid=gpb1UCPwmmje1bMpDp_mCg&_nc_ss=8&_nc_zt=28&vs=e59175aecdd8ce37&_nc_vs=HBksFQIYOnBhc3N0aHJvdWdoX2V2ZXJzdG9yZS9HRTR2aVNYdWN6XzhuR2haQUdFMUhwWXFaQjVHYnNwVEFRQUYVAALIARIAFQIYUWlnX3hwdl9wbGFjZW1lbnRfcGVybWFuZW50X3YyLzdCNDZBMjIzNDIzM0EyQzIzRENFQ0IxQ0FCMkNGOUFDX2F1ZGlvX2Rhc2hpbml0Lm1wNBUCAsgBEgAoABgAGwKIB3VzZV9vaWwBMRJwcm9ncmVzc2l2ZV9yZWNpcGUBMRUAACb415yzy4_fPxUCKAJDMiwXQF2GZmZmZmYYEmRhc2hfYmFzZWxpbmVfMV92MREAdf4HZeadAQA&oh=00_AfudpNvtY3xS471LkIkjt7p-sDSMqKCs1Vqsobt_htrazQ&oe=69AA462F,NA,3194347257,eliasmkjabbour,NA,Rio de Janeiro,NA,NA,-22908.0,-431975.0,Autoridade,"Expressa ser detentora de habilidades, posicionando-se como melhor do que os eleitores em determinados domínios.",61.11,38.89,25,3.12,9.38,12.5,3.12,12.5,9.38,25
postagem_85,3828621927561290633,DUh_1uzj-OJ,"Mon, 09 Feb 2026 08:55:00 GMT",2026-02-09T00:00:00Z,1770627300,A tesoura da criança chamada Eduardo Bolsonaro.,NA,3733,167,https://www.instagram.com/p/DUh_1uzj-OJ/,https://instagram.fsdu8-2.fna.fbcdn.net/v/t51.71878-15/629828931_2176569522748930_5606441365447725845_n.jpg?stp=dst-jpegr_e15_tt6&_nc_cat=100&ig_cache_key=MzgyODYyMTkyNzU2MTI5MDYzMw%3D%3D.3-ccb7-5&ccb=7-5&_nc_sid=58cdad&efg=eyJ2ZW5jb2RlX3RhZyI6InhwaWRzLjY0MHgxMTM2Lmhkci5DMiJ9&_nc_ohc=AuQZ-VcO0w8Q7kNvwFuIKbM&_nc_oc=AdmvOC3yt1NT57roR-rLB4-QIIveMC7I2G-qWrSGsTUZkAdvYHyCofOAikeQQlRFZcRIfDgdQMsJD43heRcmKlbs&_nc_ad=z-m&_nc_cid=0&_nc_zt=23&se=-1&_nc_ht=instagram.fsdu8-2.fna&_nc_gid=gpb1UCPwmmje1bMpDp_mCg&_nc_ss=8&oh=00_AfupCMS9-48-aWtjbpkynZlDiKZFRCnWH8oFN3T5K1X1mQ&oe=69AA70EB,https://instagram.fsdu8-2.fna.fbcdn.net/v/t51.71878-15/629828931_2176569522748930_5606441365447725845_n.jpg?stp=dst-jpegr_e15_tt6&_nc_cat=100&ig_cache_key=MzgyODYyMTkyNzU2MTI5MDYzMw%3D%3D.3-ccb7-5&ccb=7-5&_nc_sid=58cdad&efg=eyJ2ZW5jb2RlX3RhZyI6InhwaWRzLjY0MHgxMTM2Lmhkci5DMiJ9&_nc_ohc=AuQZ-VcO0w8Q7kNvwFuIKbM&_nc_oc=AdmvOC3yt1NT57roR-rLB4-QIIveMC7I2G-qWrSGsTUZkAdvYHyCofOAikeQQlRFZcRIfDgdQMsJD43heRcmKlbs&_nc_ad=z-m&_nc_cid=0&_nc_zt=23&se=-1&_nc_ht=instagram.fsdu8-2.fna&_nc_gid=gpb1UCPwmmje1bMpDp_mCg&_nc_ss=8&oh=00_AfupCMS9-48-aWtjbpkynZlDiKZFRCnWH8oFN3T5K1X1mQ&oe=69AA70EB,"https://instagram.fsdu8-2.fna.fbcdn.net/v/t51.71878-15/629828931_2176569522748930_5606441365447725845_n.jpg?stp=dst-jpegr_e15_tt6&_nc_cat=100&ig_cache_key=MzgyODYyMTkyNzU2MTI5MDYzMw%3D%3D.3-ccb7-5&ccb=7-5&_nc_sid=58cdad&efg=eyJ2ZW5jb2RlX3RhZyI6InhwaWRzLjY0MHgxMTM2Lmhkci5DMiJ9&_nc_ohc=AuQZ-VcO0w8Q7kNvwFuIKbM&_nc_oc=AdmvOC3yt1NT57roR-rLB4-QIIveMC7I2G-qWrSGsTUZkAdvYHyCofOAikeQQlRFZcRIfDgdQMsJD43heRcmKlbs&_nc_ad=z-m&_nc_cid=0&_nc_zt=23&se=-1&_nc_ht=instagram.fsdu8-2.fna&_nc_gid=gpb1UCPwmmje1bMpDp_mCg&_nc_ss=8&oh=00_AfupCMS9-48-aWtjbpkynZlDiKZFRCnWH8oFN3T5K1X1mQ&oe=69AA70EB
https://instagram.fsdu8-2.fna.fbcdn.net/v/t51.71878-15/629828931_2176569522748930_5606441365447725845_n.jpg?stp=dst-jpegr_e15_p480x480_tt6&_nc_cat=100&ig_cache_key=MzgyODYyMTkyNzU2MTI5MDYzMw%3D%3D.3-ccb7-5&ccb=7-5&_nc_sid=58cdad&efg=eyJ2ZW5jb2RlX3RhZyI6InhwaWRzLjY0MHgxMTM2Lmhkci5DMiJ9&_nc_ohc=AuQZ-VcO0w8Q7kNvwFuIKbM&_nc_oc=AdmvOC3yt1NT57roR-rLB4-QIIveMC7I2G-qWrSGsTUZkAdvYHyCofOAikeQQlRFZcRIfDgdQMsJD43heRcmKlbs&_nc_ad=z-m&_nc_cid=0&_nc_zt=23&se=-1&_nc_ht=instagram.fsdu8-2.fna&_nc_gid=gpb1UCPwmmje1bMpDp_mCg&_nc_ss=8&oh=00_AfsbuuNSqv3N8_NFOrstMEfBtcJH-nKf4D8WfBIWCYtsVA&oe=69AA70EB
https://instagram.fsdu8-2.fna.fbcdn.net/v/t51.71878-15/629828931_2176569522748930_5606441365447725845_n.jpg?stp=dst-jpegr_e15_p320x320_tt6&_nc_cat=100&ig_cache_key=MzgyODYyMTkyNzU2MTI5MDYzMw%3D%3D.3-ccb7-5&ccb=7-5&_nc_sid=58cdad&efg=eyJ2ZW5jb2RlX3RhZyI6InhwaWRzLjY0MHgxMTM2Lmhkci5DMiJ9&_nc_ohc=AuQZ-VcO0w8Q7kNvwFuIKbM&_nc_oc=AdmvOC3yt1NT57roR-rLB4-QIIveMC7I2G-qWrSGsTUZkAdvYHyCofOAikeQQlRFZcRIfDgdQMsJD43heRcmKlbs&_nc_ad=z-m&_nc_cid=0&_nc_zt=23&se=-1&_nc_ht=instagram.fsdu8-2.fna&_nc_gid=gpb1UCPwmmje1bMpDp_mCg&_nc_ss=8&oh=00_AfsfCmUm6vlK7TmCMSqfCYMNm59e3jW5JBvVxo50gOBpVg&oe=69AA70EB
https://instagram.fsdu8-2.fna.fbcdn.net/v/t51.71878-15/629828931_2176569522748930_5606441365447725845_n.jpg?stp=dst-jpegr_e15_p240x240_tt6&_nc_cat=100&ig_cache_key=MzgyODYyMTkyNzU2MTI5MDYzMw%3D%3D.3-ccb7-5&ccb=7-5&_nc_sid=58cdad&efg=eyJ2ZW5jb2RlX3RhZyI6InhwaWRzLjY0MHgxMTM2Lmhkci5DMiJ9&_nc_ohc=AuQZ-VcO0w8Q7kNvwFuIKbM&_nc_oc=AdmvOC3yt1NT57roR-rLB4-QIIveMC7I2G-qWrSGsTUZkAdvYHyCofOAikeQQlRFZcRIfDgdQMsJD43heRcmKlbs&_nc_ad=z-m&_nc_cid=0&_nc_zt=23&se=-1&_nc_ht=instagram.fsdu8-2.fna&_nc_gid=gpb1UCPwmmje1bMpDp_mCg&_nc_ss=8&oh=00_Afsj5aNwk8-eyqAm4tyvRGWYu4xZw5xW4LsA2FrrTFrxAA&oe=69AA70EB
https://instagram.fsdu8-2.fna.fbcdn.net/v/t51.71878-15/629828931_2176569522748930_5606441365447725845_n.jpg?stp=c0.248.640.640a_dst-jpegr_e15_s640x639_tt6&_nc_cat=100&ig_cache_key=MzgyODYyMTkyNzU2MTI5MDYzMw%3D%3D.3-ccb7-5&ccb=7-5&_nc_sid=58cdad&efg=eyJ2ZW5jb2RlX3RhZyI6InhwaWRzLjY0MHgxMTM2Lmhkci5DMiJ9&_nc_ohc=AuQZ-VcO0w8Q7kNvwFuIKbM&_nc_oc=AdmvOC3yt1NT57roR-rLB4-QIIveMC7I2G-qWrSGsTUZkAdvYHyCofOAikeQQlRFZcRIfDgdQMsJD43heRcmKlbs&_nc_ad=z-m&_nc_cid=0&_nc_zt=23&se=-1&_nc_ht=instagram.fsdu8-2.fna&_nc_gid=gpb1UCPwmmje1bMpDp_mCg&_nc_ss=8&oh=00_Afs6Vz7Vda53Ube09FGgZedi8ZEg_XZfYIH3LdxwVNEpaQ&oe=69AA70EB
https://instagram.fsdu8-2.fna.fbcdn.net/v/t51.71878-15/629828931_2176569522748930_5606441365447725845_n.jpg?stp=c0.248.640.640a_dst-jpegr_e15_s640x639_tt6&_nc_cat=100&ig_cache_key=MzgyODYyMTkyNzU2MTI5MDYzMw%3D%3D.3-ccb7-5&ccb=7-5&_nc_sid=58cdad&efg=eyJ2ZW5jb2RlX3RhZyI6InhwaWRzLjY0MHgxMTM2Lmhkci5DMiJ9&_nc_ohc=AuQZ-VcO0w8Q7kNvwFuIKbM&_nc_oc=AdmvOC3yt1NT57roR-rLB4-QIIveMC7I2G-qWrSGsTUZkAdvYHyCofOAikeQQlRFZcRIfDgdQMsJD43heRcmKlbs&_nc_ad=z-m&_nc_cid=0&_nc_zt=23&se=-1&_nc_ht=instagram.fsdu8-2.fna&_nc_gid=gpb1UCPwmmje1bMpDp_mCg&_nc_ss=8&oh=00_Afs6Vz7Vda53Ube09FGgZedi8ZEg_XZfYIH3LdxwVNEpaQ&oe=69AA70EB
https://instagram.fsdu8-2.fna.fbcdn.net/v/t51.71878-15/629828931_2176569522748930_5606441365447725845_n.jpg?stp=c0.248.640.640a_dst-jpegr_e15_s640x639_tt6&_nc_cat=100&ig_cache_key=MzgyODYyMTkyNzU2MTI5MDYzMw%3D%3D.3-ccb7-5&ccb=7-5&_nc_sid=58cdad&efg=eyJ2ZW5jb2RlX3RhZyI6InhwaWRzLjY0MHgxMTM2Lmhkci5DMiJ9&_nc_ohc=AuQZ-VcO0w8Q7kNvwFuIKbM&_nc_oc=AdmvOC3yt1NT57roR-rLB4-QIIveMC7I2G-qWrSGsTUZkAdvYHyCofOAikeQQlRFZcRIfDgdQMsJD43heRcmKlbs&_nc_ad=z-m&_nc_cid=0&_nc_zt=23&se=-1&_nc_ht=instagram.fsdu8-2.fna&_nc_gid=gpb1UCPwmmje1bMpDp_mCg&_nc_ss=8&oh=00_Afs6Vz7Vda53Ube09FGgZedi8ZEg_XZfYIH3LdxwVNEpaQ&oe=69AA70EB
https://instagram.fsdu8-2.fna.fbcdn.net/v/t51.71878-15/629828931_2176569522748930_5606441365447725845_n.jpg?stp=c0.248.640.640a_dst-jpegr_e15_s480x480_tt6&_nc_cat=100&ig_cache_key=MzgyODYyMTkyNzU2MTI5MDYzMw%3D%3D.3-ccb7-5&ccb=7-5&_nc_sid=58cdad&efg=eyJ2ZW5jb2RlX3RhZyI6InhwaWRzLjY0MHgxMTM2Lmhkci5DMiJ9&_nc_ohc=AuQZ-VcO0w8Q7kNvwFuIKbM&_nc_oc=AdmvOC3yt1NT57roR-rLB4-QIIveMC7I2G-qWrSGsTUZkAdvYHyCofOAikeQQlRFZcRIfDgdQMsJD43heRcmKlbs&_nc_ad=z-m&_nc_cid=0&_nc_zt=23&se=-1&_nc_ht=instagram.fsdu8-2.fna&_nc_gid=gpb1UCPwmmje1bMpDp_mCg&_nc_ss=8&oh=00_Afs66dAYXHs4XgT5EEDQQrghPIypVyhck0hYqt_eB8BlWg&oe=69AA70EB
https://instagram.fsdu8-2.fna.fbcdn.net/v/t51.71878-15/629828931_2176569522748930_5606441365447725845_n.jpg?stp=c0.248.640.640a_dst-jpegr_e15_s320x320_tt6&_nc_cat=100&ig_cache_key=MzgyODYyMTkyNzU2MTI5MDYzMw%3D%3D.3-ccb7-5&ccb=7-5&_nc_sid=58cdad&efg=eyJ2ZW5jb2RlX3RhZyI6InhwaWRzLjY0MHgxMTM2Lmhkci5DMiJ9&_nc_ohc=AuQZ-VcO0w8Q7kNvwFuIKbM&_nc_oc=AdmvOC3yt1NT57roR-rLB4-QIIveMC7I2G-qWrSGsTUZkAdvYHyCofOAikeQQlRFZcRIfDgdQMsJD43heRcmKlbs&_nc_ad=z-m&_nc_cid=0&_nc_zt=23&se=-1&_nc_ht=instagram.fsdu8-2.fna&_nc_gid=gpb1UCPwmmje1bMpDp_mCg&_nc_ss=8&oh=00_AfsAb76lg49oVwLInl5JOy7yAn-0qEHuKdKadiH7A9IpXA&oe=69AA70EB
https://instagram.fsdu8-2.fna.fbcdn.net/v/t51.71878-15/629828931_2176569522748930_5606441365447725845_n.jpg?stp=c0.248.640.640a_dst-jpegr_e15_s240x240_tt6&_nc_cat=100&ig_cache_key=MzgyODYyMTkyNzU2MTI5MDYzMw%3D%3D.3-ccb7-5&ccb=7-5&_nc_sid=58cdad&efg=eyJ2ZW5jb2RlX3RhZyI6InhwaWRzLjY0MHgxMTM2Lmhkci5DMiJ9&_nc_ohc=AuQZ-VcO0w8Q7kNvwFuIKbM&_nc_oc=AdmvOC3yt1NT57roR-rLB4-QIIveMC7I2G-qWrSGsTUZkAdvYHyCofOAikeQQlRFZcRIfDgdQMsJD43heRcmKlbs&_nc_ad=z-m&_nc_cid=0&_nc_zt=23&se=-1&_nc_ht=instagram.fsdu8-2.fna&_nc_gid=gpb1UCPwmmje1bMpDp_mCg&_nc_ss=8&oh=00_Afu8bdL8h1Eh0Sfw6cgqn9UIVUShpoKdKI85d2a4teAK7w&oe=69AA70EB
https://instagram.fsdu8-2.fna.fbcdn.net/v/t51.71878-15/629828931_2176569522748930_5606441365447725845_n.jpg?stp=c0.248.640.640a_dst-jpegr_e15_s150x150_tt6&_nc_cat=100&ig_cache_key=MzgyODYyMTkyNzU2MTI5MDYzMw%3D%3D.3-ccb7-5&ccb=7-5&_nc_sid=58cdad&efg=eyJ2ZW5jb2RlX3RhZyI6InhwaWRzLjY0MHgxMTM2Lmhkci5DMiJ9&_nc_ohc=AuQZ-VcO0w8Q7kNvwFuIKbM&_nc_oc=AdmvOC3yt1NT57roR-rLB4-QIIveMC7I2G-qWrSGsTUZkAdvYHyCofOAikeQQlRFZcRIfDgdQMsJD43heRcmKlbs&_nc_ad=z-m&_nc_cid=0&_nc_zt=23&se=-1&_nc_ht=instagram.fsdu8-2.fna&_nc_gid=gpb1UCPwmmje1bMpDp_mCg&_nc_ss=8&oh=00_Afv3uEZLGkaMk9kTRYo_ZmW_J6Ir0swyb8tGb4oCaraXiA&oe=69AA70EB",NA,NO,YES,https://instagram.fsdu8-1.fna.fbcdn.net/o1/v/t16/f2/m69/AQNlAoFa6Cu2kHwJnayB_ytnNZ4i588XvHrMjML79et-6Spe7WS_ObqfOS_ITxBc48XuvRatcVP4KguLwdsDFEvo.mp4?strext=1&_nc_cat=111&_nc_oc=AdkQQR0DXIUgB_kQ-opFM1wnyRQtDW6RPpiLbOv8ozJMESDkYFqyJstE93BRyrP9ccNqyL3G3UvCRZ8OoZlFgTUT&_nc_sid=5e9851&_nc_ht=instagram.fsdu8-1.fna.fbcdn.net&_nc_ohc=4BEVbwaW5tAQ7kNvwHHmcON&efg=eyJ2ZW5jb2RlX3RhZyI6Inhwdl9wcm9ncmVzc2l2ZS5JTlNUQUdSQU0uQ0xJUFMuQzIuNzIwLmRhc2hfYmFzZWxpbmVfMV92MSIsInhwdl9hc3NldF9pZCI6MTc5NDE4OTU1MjkxMjg1MDgsImFzc2V0X2FnZV9kYXlzIjoyMCwidmlfdXNlY2FzZV9pZCI6MTAwOTksImR1cmF0aW9uX3MiOjE3NiwidXJsZ2VuX3NvdXJjZSI6Ind3dyJ9&ccb=17-1&_nc_gid=gpb1UCPwmmje1bMpDp_mCg&_nc_ss=8&_nc_zt=28&vs=980c3983a8c09439&_nc_vs=HBksFQIYOnBhc3N0aHJvdWdoX2V2ZXJzdG9yZS9HSDN3V3lWTFU4S0cwU0lEQU9hVF92Yy0tZjltYnNwVEFRQUYVAALIARIAFQIYUWlnX3hwdl9wbGFjZW1lbnRfcGVybWFuZW50X3YyLzc5NDZCNEMzNTcwRDk2RUZCRjkxNzdBQkJDODE3M0FEX2F1ZGlvX2Rhc2hpbml0Lm1wNBUCAsgBEgAoABgAGwKIB3VzZV9vaWwBMRJwcm9ncmVzc2l2ZV9yZWNpcGUBMRUAACb4iOPZ4oPfPxUCKAJDMiwXQGYMzMzMzM0YEmRhc2hfYmFzZWxpbmVfMV92MREAdf4HZeadAQA&oh=00_AfsrgumYas-lkH67Y__TM6n_udlS_hldqO4CfR9dCpJtgA&oe=69AA3D3D,NA,3194347257,eliasmkjabbour,NA,Vila Isabel,NA,NA,-229156.0,-432486.0,Humanização,"Enfatiza a capacidade de ser percebida como próxima, acessível e semelhante aos eleitores, especialmente em termos de estilo de vida",65,35,15.38,15.38,7.69,7.69,7.69,7.69,0,38.46
postagem_83,3827602772011676935,DUeYHEPDnUH,"Sat, 07 Feb 2026 23:10:50 GMT",2026-02-07T00:00:00Z,1770505850,Vila!!!!!,NA,3873,71,https://www.instagram.com/p/DUeYHEPDnUH/,https://instagram.fsdu8-2.fna.fbcdn.net/v/t51.71878-15/629758705_1572540183980794_5483194932526866746_n.jpg?stp=dst-jpg_e15_tt6&_nc_cat=107&ig_cache_key=MzgyNzYwMjc3MjAxMTY3NjkzNQ%3D%3D.3-ccb7-5&ccb=7-5&_nc_sid=58cdad&efg=eyJ2ZW5jb2RlX3RhZyI6InhwaWRzLjY0MHgxMTM2LnNkci5DMiJ9&_nc_ohc=XE07S2u03TwQ7kNvwEGtCQd&_nc_oc=AdkufTuRLX7ei2EylVLOEQ1pcTs0bedoobZXhad5JUTos_-GCoHgirNhwEKcwLK0AmEh8y6QX2Z1WdkhlvFqVLwa&_nc_ad=z-m&_nc_cid=0&_nc_zt=23&_nc_ht=instagram.fsdu8-2.fna&_nc_gid=gpb1UCPwmmje1bMpDp_mCg&_nc_ss=8&oh=00_AftvSM6xDPFgbBzL8BbZwnTqewsu1s5BI3As2baYYOUY1w&oe=69AA6B30,https://instagram.fsdu8-2.fna.fbcdn.net/v/t51.71878-15/629758705_1572540183980794_5483194932526866746_n.jpg?stp=dst-jpg_e15_tt6&_nc_cat=107&ig_cache_key=MzgyNzYwMjc3MjAxMTY3NjkzNQ%3D%3D.3-ccb7-5&ccb=7-5&_nc_sid=58cdad&efg=eyJ2ZW5jb2RlX3RhZyI6InhwaWRzLjY0MHgxMTM2LnNkci5DMiJ9&_nc_ohc=XE07S2u03TwQ7kNvwEGtCQd&_nc_oc=AdkufTuRLX7ei2EylVLOEQ1pcTs0bedoobZXhad5JUTos_-GCoHgirNhwEKcwLK0AmEh8y6QX2Z1WdkhlvFqVLwa&_nc_ad=z-m&_nc_cid=0&_nc_zt=23&_nc_ht=instagram.fsdu8-2.fna&_nc_gid=gpb1UCPwmmje1bMpDp_mCg&_nc_ss=8&oh=00_AftvSM6xDPFgbBzL8BbZwnTqewsu1s5BI3As2baYYOUY1w&oe=69AA6B30,"https://instagram.fsdu8-2.fna.fbcdn.net/v/t51.71878-15/629758705_1572540183980794_5483194932526866746_n.jpg?stp=dst-jpg_e15_tt6&_nc_cat=107&ig_cache_key=MzgyNzYwMjc3MjAxMTY3NjkzNQ%3D%3D.3-ccb7-5&ccb=7-5&_nc_sid=58cdad&efg=eyJ2ZW5jb2RlX3RhZyI6InhwaWRzLjY0MHgxMTM2LnNkci5DMiJ9&_nc_ohc=XE07S2u03TwQ7kNvwEGtCQd&_nc_oc=AdkufTuRLX7ei2EylVLOEQ1pcTs0bedoobZXhad5JUTos_-GCoHgirNhwEKcwLK0AmEh8y6QX2Z1WdkhlvFqVLwa&_nc_ad=z-m&_nc_cid=0&_nc_zt=23&_nc_ht=instagram.fsdu8-2.fna&_nc_gid=gpb1UCPwmmje1bMpDp_mCg&_nc_ss=8&oh=00_AftvSM6xDPFgbBzL8BbZwnTqewsu1s5BI3As2baYYOUY1w&oe=69AA6B30
https://instagram.fsdu8-2.fna.fbcdn.net/v/t51.71878-15/629758705_1572540183980794_5483194932526866746_n.jpg?stp=dst-jpg_e15_p480x480_tt6&_nc_cat=107&ig_cache_key=MzgyNzYwMjc3MjAxMTY3NjkzNQ%3D%3D.3-ccb7-5&ccb=7-5&_nc_sid=58cdad&efg=eyJ2ZW5jb2RlX3RhZyI6InhwaWRzLjY0MHgxMTM2LnNkci5DMiJ9&_nc_ohc=XE07S2u03TwQ7kNvwEGtCQd&_nc_oc=AdkufTuRLX7ei2EylVLOEQ1pcTs0bedoobZXhad5JUTos_-GCoHgirNhwEKcwLK0AmEh8y6QX2Z1WdkhlvFqVLwa&_nc_ad=z-m&_nc_cid=0&_nc_zt=23&_nc_ht=instagram.fsdu8-2.fna&_nc_gid=gpb1UCPwmmje1bMpDp_mCg&_nc_ss=8&oh=00_AftIxzdF1zO6NDQVsvp_oF1u3HyKbHHv9yJNaeWqZHtPaA&oe=69AA6B30
https://instagram.fsdu8-2.fna.fbcdn.net/v/t51.71878-15/629758705_1572540183980794_5483194932526866746_n.jpg?stp=dst-jpg_e15_p320x320_tt6&_nc_cat=107&ig_cache_key=MzgyNzYwMjc3MjAxMTY3NjkzNQ%3D%3D.3-ccb7-5&ccb=7-5&_nc_sid=58cdad&efg=eyJ2ZW5jb2RlX3RhZyI6InhwaWRzLjY0MHgxMTM2LnNkci5DMiJ9&_nc_ohc=XE07S2u03TwQ7kNvwEGtCQd&_nc_oc=AdkufTuRLX7ei2EylVLOEQ1pcTs0bedoobZXhad5JUTos_-GCoHgirNhwEKcwLK0AmEh8y6QX2Z1WdkhlvFqVLwa&_nc_ad=z-m&_nc_cid=0&_nc_zt=23&_nc_ht=instagram.fsdu8-2.fna&_nc_gid=gpb1UCPwmmje1bMpDp_mCg&_nc_ss=8&oh=00_AfupfLVkaBHOTZlIwbksoNSU_cKCLDuR0jZRxLOlELacGg&oe=69AA6B30
https://instagram.fsdu8-2.fna.fbcdn.net/v/t51.71878-15/629758705_1572540183980794_5483194932526866746_n.jpg?stp=dst-jpg_e15_p240x240_tt6&_nc_cat=107&ig_cache_key=MzgyNzYwMjc3MjAxMTY3NjkzNQ%3D%3D.3-ccb7-5&ccb=7-5&_nc_sid=58cdad&efg=eyJ2ZW5jb2RlX3RhZyI6InhwaWRzLjY0MHgxMTM2LnNkci5DMiJ9&_nc_ohc=XE07S2u03TwQ7kNvwEGtCQd&_nc_oc=AdkufTuRLX7ei2EylVLOEQ1pcTs0bedoobZXhad5JUTos_-GCoHgirNhwEKcwLK0AmEh8y6QX2Z1WdkhlvFqVLwa&_nc_ad=z-m&_nc_cid=0&_nc_zt=23&_nc_ht=instagram.fsdu8-2.fna&_nc_gid=gpb1UCPwmmje1bMpDp_mCg&_nc_ss=8&oh=00_AfvCHFB4Zg_Cr7hZy1C8PZce75Fzr-JlgFnzAhO5LjSfYw&oe=69AA6B30
https://instagram.fsdu8-2.fna.fbcdn.net/v/t51.71878-15/629758705_1572540183980794_5483194932526866746_n.jpg?stp=c0.248.640.640a_dst-jpg_e15_s640x639_tt6&_nc_cat=107&ig_cache_key=MzgyNzYwMjc3MjAxMTY3NjkzNQ%3D%3D.3-ccb7-5&ccb=7-5&_nc_sid=58cdad&efg=eyJ2ZW5jb2RlX3RhZyI6InhwaWRzLjY0MHgxMTM2LnNkci5DMiJ9&_nc_ohc=XE07S2u03TwQ7kNvwEGtCQd&_nc_oc=AdkufTuRLX7ei2EylVLOEQ1pcTs0bedoobZXhad5JUTos_-GCoHgirNhwEKcwLK0AmEh8y6QX2Z1WdkhlvFqVLwa&_nc_ad=z-m&_nc_cid=0&_nc_zt=23&_nc_ht=instagram.fsdu8-2.fna&_nc_gid=gpb1UCPwmmje1bMpDp_mCg&_nc_ss=8&oh=00_AfuKZCcoDQrOhuHATb2glFbLYCwMuJ-z-0gvKp52_Xkn0w&oe=69AA6B30
https://instagram.fsdu8-2.fna.fbcdn.net/v/t51.71878-15/629758705_1572540183980794_5483194932526866746_n.jpg?stp=c0.248.640.640a_dst-jpg_e15_s640x639_tt6&_nc_cat=107&ig_cache_key=MzgyNzYwMjc3MjAxMTY3NjkzNQ%3D%3D.3-ccb7-5&ccb=7-5&_nc_sid=58cdad&efg=eyJ2ZW5jb2RlX3RhZyI6InhwaWRzLjY0MHgxMTM2LnNkci5DMiJ9&_nc_ohc=XE07S2u03TwQ7kNvwEGtCQd&_nc_oc=AdkufTuRLX7ei2EylVLOEQ1pcTs0bedoobZXhad5JUTos_-GCoHgirNhwEKcwLK0AmEh8y6QX2Z1WdkhlvFqVLwa&_nc_ad=z-m&_nc_cid=0&_nc_zt=23&_nc_ht=instagram.fsdu8-2.fna&_nc_gid=gpb1UCPwmmje1bMpDp_mCg&_nc_ss=8&oh=00_AfuKZCcoDQrOhuHATb2glFbLYCwMuJ-z-0gvKp52_Xkn0w&oe=69AA6B30
https://instagram.fsdu8-2.fna.fbcdn.net/v/t51.71878-15/629758705_1572540183980794_5483194932526866746_n.jpg?stp=c0.248.640.640a_dst-jpg_e15_s640x639_tt6&_nc_cat=107&ig_cache_key=MzgyNzYwMjc3MjAxMTY3NjkzNQ%3D%3D.3-ccb7-5&ccb=7-5&_nc_sid=58cdad&efg=eyJ2ZW5jb2RlX3RhZyI6InhwaWRzLjY0MHgxMTM2LnNkci5DMiJ9&_nc_ohc=XE07S2u03TwQ7kNvwEGtCQd&_nc_oc=AdkufTuRLX7ei2EylVLOEQ1pcTs0bedoobZXhad5JUTos_-GCoHgirNhwEKcwLK0AmEh8y6QX2Z1WdkhlvFqVLwa&_nc_ad=z-m&_nc_cid=0&_nc_zt=23&_nc_ht=instagram.fsdu8-2.fna&_nc_gid=gpb1UCPwmmje1bMpDp_mCg&_nc_ss=8&oh=00_AfuKZCcoDQrOhuHATb2glFbLYCwMuJ-z-0gvKp52_Xkn0w&oe=69AA6B30
https://instagram.fsdu8-2.fna.fbcdn.net/v/t51.71878-15/629758705_1572540183980794_5483194932526866746_n.jpg?stp=c0.248.640.640a_dst-jpg_e15_s480x480_tt6&_nc_cat=107&ig_cache_key=MzgyNzYwMjc3MjAxMTY3NjkzNQ%3D%3D.3-ccb7-5&ccb=7-5&_nc_sid=58cdad&efg=eyJ2ZW5jb2RlX3RhZyI6InhwaWRzLjY0MHgxMTM2LnNkci5DMiJ9&_nc_ohc=XE07S2u03TwQ7kNvwEGtCQd&_nc_oc=AdkufTuRLX7ei2EylVLOEQ1pcTs0bedoobZXhad5JUTos_-GCoHgirNhwEKcwLK0AmEh8y6QX2Z1WdkhlvFqVLwa&_nc_ad=z-m&_nc_cid=0&_nc_zt=23&_nc_ht=instagram.fsdu8-2.fna&_nc_gid=gpb1UCPwmmje1bMpDp_mCg&_nc_ss=8&oh=00_AfsGQHIiyqBlaGdLVwZlDIswhWext_LKbXh6-GMhlTy8Hg&oe=69AA6B30
https://instagram.fsdu8-2.fna.fbcdn.net/v/t51.71878-15/629758705_1572540183980794_5483194932526866746_n.jpg?stp=c0.248.640.640a_dst-jpg_e15_s320x320_tt6&_nc_cat=107&ig_cache_key=MzgyNzYwMjc3MjAxMTY3NjkzNQ%3D%3D.3-ccb7-5&ccb=7-5&_nc_sid=58cdad&efg=eyJ2ZW5jb2RlX3RhZyI6InhwaWRzLjY0MHgxMTM2LnNkci5DMiJ9&_nc_ohc=XE07S2u03TwQ7kNvwEGtCQd&_nc_oc=AdkufTuRLX7ei2EylVLOEQ1pcTs0bedoobZXhad5JUTos_-GCoHgirNhwEKcwLK0AmEh8y6QX2Z1WdkhlvFqVLwa&_nc_ad=z-m&_nc_cid=0&_nc_zt=23&_nc_ht=instagram.fsdu8-2.fna&_nc_gid=gpb1UCPwmmje1bMpDp_mCg&_nc_ss=8&oh=00_AftOlatfk_QHHIbdiqUoaGVbIDUnkvgrQORxo37S89nNeA&oe=69AA6B30
https://instagram.fsdu8-2.fna.fbcdn.net/v/t51.71878-15/629758705_1572540183980794_5483194932526866746_n.jpg?stp=c0.248.640.640a_dst-jpg_e15_s240x240_tt6&_nc_cat=107&ig_cache_key=MzgyNzYwMjc3MjAxMTY3NjkzNQ%3D%3D.3-ccb7-5&ccb=7-5&_nc_sid=58cdad&efg=eyJ2ZW5jb2RlX3RhZyI6InhwaWRzLjY0MHgxMTM2LnNkci5DMiJ9&_nc_ohc=XE07S2u03TwQ7kNvwEGtCQd&_nc_oc=AdkufTuRLX7ei2EylVLOEQ1pcTs0bedoobZXhad5JUTos_-GCoHgirNhwEKcwLK0AmEh8y6QX2Z1WdkhlvFqVLwa&_nc_ad=z-m&_nc_cid=0&_nc_zt=23&_nc_ht=instagram.fsdu8-2.fna&_nc_gid=gpb1UCPwmmje1bMpDp_mCg&_nc_ss=8&oh=00_AfvaURvjn_aZDM8sGNxPmTp64ueJvf6wkzxsStMMows3Zg&oe=69AA6B30
https://instagram.fsdu8-2.fna.fbcdn.net/v/t51.71878-15/629758705_1572540183980794_5483194932526866746_n.jpg?stp=c0.248.640.640a_dst-jpg_e15_s150x150_tt6&_nc_cat=107&ig_cache_key=MzgyNzYwMjc3MjAxMTY3NjkzNQ%3D%3D.3-ccb7-5&ccb=7-5&_nc_sid=58cdad&efg=eyJ2ZW5jb2RlX3RhZyI6InhwaWRzLjY0MHgxMTM2LnNkci5DMiJ9&_nc_ohc=XE07S2u03TwQ7kNvwEGtCQd&_nc_oc=AdkufTuRLX7ei2EylVLOEQ1pcTs0bedoobZXhad5JUTos_-GCoHgirNhwEKcwLK0AmEh8y6QX2Z1WdkhlvFqVLwa&_nc_ad=z-m&_nc_cid=0&_nc_zt=23&_nc_ht=instagram.fsdu8-2.fna&_nc_gid=gpb1UCPwmmje1bMpDp_mCg&_nc_ss=8&oh=00_AfuCkPy4YZS49YImU-456X4QPDP-cbe4Kz9ILq485-f4qA&oe=69AA6B30",NA,NO,YES,https://instagram.fsdu8-1.fna.fbcdn.net/o1/v/t16/f2/m69/AQO-F8fK1tNbndsi2XgQFo7Uy-oPXJG_IbkeMtxmkDD2-mOe1Oup9HVzX-r0P_aYhFX0f111kEd8hDfsAaQNDPKQ.mp4?strext=1&_nc_cat=101&_nc_oc=AdmyhBXY71-UWcF4Nbyal5VYd-qsNgP8teiJ8-I9xoPGskViPehWod_h3l-cljkV4s1-W1dQEOMIiN1EviHECxFC&_nc_sid=5e9851&_nc_ht=instagram.fsdu8-1.fna.fbcdn.net&_nc_ohc=BBVIT4a15z8Q7kNvwG45Uzq&efg=eyJ2ZW5jb2RlX3RhZyI6Inhwdl9wcm9ncmVzc2l2ZS5JTlNUQUdSQU0uQ0xJUFMuQzIuNzIwLmRhc2hfYmFzZWxpbmVfMV92MSIsInhwdl9hc3NldF9pZCI6MTc5NDE3ODgwMTIxMjg1MDgsImFzc2V0X2FnZV9kYXlzIjoyMSwidmlfdXNlY2FzZV9pZCI6MTAwOTksImR1cmF0aW9uX3MiOjIwLCJ1cmxnZW5fc291cmNlIjoid3d3In0%3D&ccb=17-1&_nc_gid=gpb1UCPwmmje1bMpDp_mCg&_nc_ss=8&_nc_zt=28&vs=c38100d0b2a12886&_nc_vs=HBksFQIYOnBhc3N0aHJvdWdoX2V2ZXJzdG9yZS9HSVl1anlWQlJOQWNYQ2tEQUJoR25oNGJrNDRWYnNwVEFRQUYVAALIARIAFQIYUWlnX3hwdl9wbGFjZW1lbnRfcGVybWFuZW50X3YyL0VCNDIwQUM5RkJFNTlGNENCQjg0RTE2ODI1QTAyRDlEX2F1ZGlvX2Rhc2hpbml0Lm1wNBUCAsgBEgAoABgAGwKIB3VzZV9vaWwBMRJwcm9ncmVzc2l2ZV9yZWNpcGUBMRUAACb4o8nRwf3ePxUCKAJDMiwXQDTVP3ztkWgYEmRhc2hfYmFzZWxpbmVfMV92MREAdf4HZeadAQA&oh=00_Afv9Ml0rkd_SZrRj1gPtqOUG4apYx0ZdxA8m_FhrhvQNFw&oe=69AA47D7,NA,3194347257,eliasmkjabbour,NA,NA,NA,NA,NA,NA,Humanização,"Enfatiza a capacidade de ser percebida como próxima, acessível e semelhante aos eleitores, especialmente em termos de estilo de vida",100,0,0,0,0,0,0,0,0,100
postagem_78,3827371309362688822,DUdje12FbM2,"Sat, 07 Feb 2026 15:30:36 GMT",2026-02-07T00:00:00Z,1770478236,Conheça quem serão os participantes do nosso webinar! E se inscreva para participar: comente neste post e receba o link 🇨🇳,NA,3,45,https://www.instagram.com/p/DUdje12FbM2/,https://instagram.fsdu8-1.fna.fbcdn.net/v/t51.82787-15/627987033_18344095216238567_3172702811704200017_n.jpg?stp=dst-jpg_e35_tt6&_nc_cat=104&ig_cache_key=MzgyNzM3MDI4MTg1MDQ3ODI0Ng%3D%3D.3-ccb7-5&ccb=7-5&_nc_sid=58cdad&efg=eyJ2ZW5jb2RlX3RhZyI6InhwaWRzLjEwODB4MTM1MC5zZHIuQzIifQ%3D%3D&_nc_ohc=Qw-qDMQfaUwQ7kNvwEaGMHN&_nc_oc=Adnn_xXHOnNVakEZQyG92tQAA_0gIsiC03Q5NCZj5ICTiOAjZOnTJCV2sShzPBPkkLCbedLOpBwsmAp4AeUriZky&_nc_ad=z-m&_nc_cid=0&_nc_zt=23&_nc_ht=instagram.fsdu8-1.fna&_nc_gid=gpb1UCPwmmje1bMpDp_mCg&_nc_ss=8&oh=00_Aftj0vULadU8EWYJKfYciE1RPZjn6pCYDtLVvTEt3MqIzQ&oe=69AA44C0,https://instagram.fsdu8-1.fna.fbcdn.net/v/t51.82787-15/627987033_18344095216238567_3172702811704200017_n.jpg?stp=dst-jpg_e35_tt6&_nc_cat=104&ig_cache_key=MzgyNzM3MDI4MTg1MDQ3ODI0Ng%3D%3D.3-ccb7-5&ccb=7-5&_nc_sid=58cdad&efg=eyJ2ZW5jb2RlX3RhZyI6InhwaWRzLjEwODB4MTM1MC5zZHIuQzIifQ%3D%3D&_nc_ohc=Qw-qDMQfaUwQ7kNvwEaGMHN&_nc_oc=Adnn_xXHOnNVakEZQyG92tQAA_0gIsiC03Q5NCZj5ICTiOAjZOnTJCV2sShzPBPkkLCbedLOpBwsmAp4AeUriZky&_nc_ad=z-m&_nc_cid=0&_nc_zt=23&_nc_ht=instagram.fsdu8-1.fna&_nc_gid=gpb1UCPwmmje1bMpDp_mCg&_nc_ss=8&oh=00_Aftj0vULadU8EWYJKfYciE1RPZjn6pCYDtLVvTEt3MqIzQ&oe=69AA44C0,"https://instagram.fsdu8-1.fna.fbcdn.net/v/t51.82787-15/627987033_18344095216238567_3172702811704200017_n.jpg?stp=dst-jpg_e35_tt6&_nc_cat=104&ig_cache_key=MzgyNzM3MDI4MTg1MDQ3ODI0Ng%3D%3D.3-ccb7-5&ccb=7-5&_nc_sid=58cdad&efg=eyJ2ZW5jb2RlX3RhZyI6InhwaWRzLjEwODB4MTM1MC5zZHIuQzIifQ%3D%3D&_nc_ohc=Qw-qDMQfaUwQ7kNvwEaGMHN&_nc_oc=Adnn_xXHOnNVakEZQyG92tQAA_0gIsiC03Q5NCZj5ICTiOAjZOnTJCV2sShzPBPkkLCbedLOpBwsmAp4AeUriZky&_nc_ad=z-m&_nc_cid=0&_nc_zt=23&_nc_ht=instagram.fsdu8-1.fna&_nc_gid=gpb1UCPwmmje1bMpDp_mCg&_nc_ss=8&oh=00_Aftj0vULadU8EWYJKfYciE1RPZjn6pCYDtLVvTEt3MqIzQ&oe=69AA44C0
https://instagram.fsdu8-2.fna.fbcdn.net/v/t51.82787-15/628089517_18344095234238567_7339496067108959459_n.jpg?stp=dst-jpg_e35_tt6&_nc_cat=107&ig_cache_key=MzgyNzM3MDI4NTIwNTU0Nzg1Mw%3D%3D.3-ccb7-5&ccb=7-5&_nc_sid=58cdad&efg=eyJ2ZW5jb2RlX3RhZyI6InhwaWRzLjEwODB4MTM1MC5zZHIuQzIifQ%3D%3D&_nc_ohc=-G4rlBzXrMcQ7kNvwGcK5OA&_nc_oc=Adnd5sU2bHJKBok-9z77yYW0qE698qAHlupqmboC1O1vyJuKdNtJivVrvtRlP0vEJGPjbWWciWtDLbnBD12y0QHq&_nc_ad=z-m&_nc_cid=0&_nc_zt=23&_nc_ht=instagram.fsdu8-2.fna&_nc_gid=gpb1UCPwmmje1bMpDp_mCg&_nc_ss=8&oh=00_AftmwvTAGJxZmWL8MuUlaU6kAdhmTm2zX0DNk23hUlgFjg&oe=69AA46F5
https://instagram.fsdu8-1.fna.fbcdn.net/v/t51.82787-15/631011970_18344095231238567_8307980855327703242_n.jpg?stp=dst-jpg_e35_tt6&_nc_cat=111&ig_cache_key=MzgyNzM3MDI4Nzc0NzA1OTgxMA%3D%3D.3-ccb7-5&ccb=7-5&_nc_sid=58cdad&efg=eyJ2ZW5jb2RlX3RhZyI6InhwaWRzLjEwODB4MTM1MC5zZHIuQzIifQ%3D%3D&_nc_ohc=_xCuB12o3csQ7kNvwEmUuY0&_nc_oc=AdlfSGJJ4sOtKdsu8Fg8FVEHpWPxsq2fGwz5r4iuomg0Nv2L7ipcZH1ZEqBjAebPH89ppf51EW5d_wik2YS-4tyw&_nc_ad=z-m&_nc_cid=0&_nc_zt=23&_nc_ht=instagram.fsdu8-1.fna&_nc_gid=gpb1UCPwmmje1bMpDp_mCg&_nc_ss=8&oh=00_Afuwg66cIGVG2z4JYQCuBoZBpkPcQ2FCYSQ3OK0MAzhx4A&oe=69AA42EC
https://instagram.fsdu8-2.fna.fbcdn.net/v/t51.82787-15/630766966_18344095252238567_7385385176892709118_n.jpg?stp=dst-jpg_e35_tt6&_nc_cat=105&ig_cache_key=MzgyNzM3MDI4OTkxMTgyNjQ0OA%3D%3D.3-ccb7-5&ccb=7-5&_nc_sid=58cdad&efg=eyJ2ZW5jb2RlX3RhZyI6InhwaWRzLjEwODB4MTM1MC5zZHIuQzIifQ%3D%3D&_nc_ohc=gcdzzZ07C_EQ7kNvwH0zpNw&_nc_oc=Adnv0T30cLH9eZJpaDxjoAxbrefi-SubzIWf3ZvrafAjNH0bG739FsTqtoTq7lJHaB-cl5gnvxjg5fwn82nELYlz&_nc_ad=z-m&_nc_cid=0&_nc_zt=23&_nc_ht=instagram.fsdu8-2.fna&_nc_gid=gpb1UCPwmmje1bMpDp_mCg&_nc_ss=8&oh=00_Afvb2eS704ixFNiQqSHj1R4glyKN9CX69v5CHZUFXiPlbQ&oe=69AA67ED
https://instagram.fsdu8-1.fna.fbcdn.net/v/t51.82787-15/630884083_18344095243238567_1039871835893709002_n.jpg?stp=dst-jpg_e35_tt6&_nc_cat=106&ig_cache_key=MzgyNzM3MDI5MDY1Nzg5NzgxNQ%3D%3D.3-ccb7-5&ccb=7-5&_nc_sid=58cdad&efg=eyJ2ZW5jb2RlX3RhZyI6InhwaWRzLjEwODB4MTM1MC5zZHIuQzIifQ%3D%3D&_nc_ohc=tYQaJIkUYbcQ7kNvwFU4fj6&_nc_oc=Adn0jjKI1dOjaVAECzXXGQYLg-A9DcxTBpgEyTFh7e7H-ghqRT1nXN1iGlcj0BQ3mWcxyFCvdX3ApqYHd6RLA7f4&_nc_ad=z-m&_nc_cid=0&_nc_zt=23&_nc_ht=instagram.fsdu8-1.fna&_nc_gid=gpb1UCPwmmje1bMpDp_mCg&_nc_ss=8&oh=00_AfuneUMfrw6JabdkYPR9WsmFtsg1fIMD_Rmz28bxlxQZOg&oe=69AA6BF9
https://instagram.fsdu8-2.fna.fbcdn.net/v/t51.82787-15/628787399_18344095261238567_4076877815235950601_n.jpg?stp=dst-jpg_e35_tt6&_nc_cat=107&ig_cache_key=MzgyNzM3MDI5Mjg1NTg5NzY4Nw%3D%3D.3-ccb7-5&ccb=7-5&_nc_sid=58cdad&efg=eyJ2ZW5jb2RlX3RhZyI6InhwaWRzLjEwODB4MTM1MC5zZHIuQzIifQ%3D%3D&_nc_ohc=zfyaSTA-ktUQ7kNvwEQlq9G&_nc_oc=AdlofE0sZ_VIeeW8r03gmsfh3MTWT5HEV-JjdK4-o2jxj3MN_L9LVfi1GWLO0bArK0emJKViCucM05DBJndzAskG&_nc_ad=z-m&_nc_cid=0&_nc_zt=23&_nc_ht=instagram.fsdu8-2.fna&_nc_gid=gpb1UCPwmmje1bMpDp_mCg&_nc_ss=8&oh=00_AfuSmEJsxFYBg6VOsPlzeZoHVj_VvYwTPBK9S0ci5hI3og&oe=69AA6A3D
https://instagram.fsdu8-1.fna.fbcdn.net/v/t51.82787-15/631041809_18344095270238567_7581592424276597151_n.jpg?stp=dst-jpg_e35_tt6&_nc_cat=102&ig_cache_key=MzgyNzM3MDI5NjUyOTc1ODU1Mg%3D%3D.3-ccb7-5&ccb=7-5&_nc_sid=58cdad&efg=eyJ2ZW5jb2RlX3RhZyI6InhwaWRzLjEwODB4MTM1MC5zZHIuQzIifQ%3D%3D&_nc_ohc=q0uIEnYJsGAQ7kNvwGwNNe6&_nc_oc=AdmFfrRg8KBJ4TuHA3HKxPp4ZYFeUOiFRkZL7HJH_w2ggQ19MHMMG_SURqD-0U--ZKnHDN5SMhcDEsc0Zz9uJne9&_nc_ad=z-m&_nc_cid=0&_nc_zt=23&_nc_ht=instagram.fsdu8-1.fna&_nc_gid=gpb1UCPwmmje1bMpDp_mCg&_nc_ss=8&oh=00_AfvckN7aPtlKtP6APNLEO1SoQn3lNxTBV-QCKUHsnHZ6Tw&oe=69AA6610","https://instagram.fsdu8-1.fna.fbcdn.net/v/t51.82787-15/627987033_18344095216238567_3172702811704200017_n.jpg?stp=dst-jpg_e35_tt6&_nc_cat=104&ig_cache_key=MzgyNzM3MDI4MTg1MDQ3ODI0Ng%3D%3D.3-ccb7-5&ccb=7-5&_nc_sid=58cdad&efg=eyJ2ZW5jb2RlX3RhZyI6InhwaWRzLjEwODB4MTM1MC5zZHIuQzIifQ%3D%3D&_nc_ohc=Qw-qDMQfaUwQ7kNvwEaGMHN&_nc_oc=Adnn_xXHOnNVakEZQyG92tQAA_0gIsiC03Q5NCZj5ICTiOAjZOnTJCV2sShzPBPkkLCbedLOpBwsmAp4AeUriZky&_nc_ad=z-m&_nc_cid=0&_nc_zt=23&_nc_ht=instagram.fsdu8-1.fna&_nc_gid=gpb1UCPwmmje1bMpDp_mCg&_nc_ss=8&oh=00_Aftj0vULadU8EWYJKfYciE1RPZjn6pCYDtLVvTEt3MqIzQ&oe=69AA44C0
https://instagram.fsdu8-2.fna.fbcdn.net/v/t51.82787-15/628089517_18344095234238567_7339496067108959459_n.jpg?stp=dst-jpg_e35_tt6&_nc_cat=107&ig_cache_key=MzgyNzM3MDI4NTIwNTU0Nzg1Mw%3D%3D.3-ccb7-5&ccb=7-5&_nc_sid=58cdad&efg=eyJ2ZW5jb2RlX3RhZyI6InhwaWRzLjEwODB4MTM1MC5zZHIuQzIifQ%3D%3D&_nc_ohc=-G4rlBzXrMcQ7kNvwGcK5OA&_nc_oc=Adnd5sU2bHJKBok-9z77yYW0qE698qAHlupqmboC1O1vyJuKdNtJivVrvtRlP0vEJGPjbWWciWtDLbnBD12y0QHq&_nc_ad=z-m&_nc_cid=0&_nc_zt=23&_nc_ht=instagram.fsdu8-2.fna&_nc_gid=gpb1UCPwmmje1bMpDp_mCg&_nc_ss=8&oh=00_AftmwvTAGJxZmWL8MuUlaU6kAdhmTm2zX0DNk23hUlgFjg&oe=69AA46F5
https://instagram.fsdu8-1.fna.fbcdn.net/v/t51.82787-15/631011970_18344095231238567_8307980855327703242_n.jpg?stp=dst-jpg_e35_tt6&_nc_cat=111&ig_cache_key=MzgyNzM3MDI4Nzc0NzA1OTgxMA%3D%3D.3-ccb7-5&ccb=7-5&_nc_sid=58cdad&efg=eyJ2ZW5jb2RlX3RhZyI6InhwaWRzLjEwODB4MTM1MC5zZHIuQzIifQ%3D%3D&_nc_ohc=_xCuB12o3csQ7kNvwEmUuY0&_nc_oc=AdlfSGJJ4sOtKdsu8Fg8FVEHpWPxsq2fGwz5r4iuomg0Nv2L7ipcZH1ZEqBjAebPH89ppf51EW5d_wik2YS-4tyw&_nc_ad=z-m&_nc_cid=0&_nc_zt=23&_nc_ht=instagram.fsdu8-1.fna&_nc_gid=gpb1UCPwmmje1bMpDp_mCg&_nc_ss=8&oh=00_Afuwg66cIGVG2z4JYQCuBoZBpkPcQ2FCYSQ3OK0MAzhx4A&oe=69AA42EC
https://instagram.fsdu8-2.fna.fbcdn.net/v/t51.82787-15/630766966_18344095252238567_7385385176892709118_n.jpg?stp=dst-jpg_e35_tt6&_nc_cat=105&ig_cache_key=MzgyNzM3MDI4OTkxMTgyNjQ0OA%3D%3D.3-ccb7-5&ccb=7-5&_nc_sid=58cdad&efg=eyJ2ZW5jb2RlX3RhZyI6InhwaWRzLjEwODB4MTM1MC5zZHIuQzIifQ%3D%3D&_nc_ohc=gcdzzZ07C_EQ7kNvwH0zpNw&_nc_oc=Adnv0T30cLH9eZJpaDxjoAxbrefi-SubzIWf3ZvrafAjNH0bG739FsTqtoTq7lJHaB-cl5gnvxjg5fwn82nELYlz&_nc_ad=z-m&_nc_cid=0&_nc_zt=23&_nc_ht=instagram.fsdu8-2.fna&_nc_gid=gpb1UCPwmmje1bMpDp_mCg&_nc_ss=8&oh=00_Afvb2eS704ixFNiQqSHj1R4glyKN9CX69v5CHZUFXiPlbQ&oe=69AA67ED
https://instagram.fsdu8-1.fna.fbcdn.net/v/t51.82787-15/630884083_18344095243238567_1039871835893709002_n.jpg?stp=dst-jpg_e35_tt6&_nc_cat=106&ig_cache_key=MzgyNzM3MDI5MDY1Nzg5NzgxNQ%3D%3D.3-ccb7-5&ccb=7-5&_nc_sid=58cdad&efg=eyJ2ZW5jb2RlX3RhZyI6InhwaWRzLjEwODB4MTM1MC5zZHIuQzIifQ%3D%3D&_nc_ohc=tYQaJIkUYbcQ7kNvwFU4fj6&_nc_oc=Adn0jjKI1dOjaVAECzXXGQYLg-A9DcxTBpgEyTFh7e7H-ghqRT1nXN1iGlcj0BQ3mWcxyFCvdX3ApqYHd6RLA7f4&_nc_ad=z-m&_nc_cid=0&_nc_zt=23&_nc_ht=instagram.fsdu8-1.fna&_nc_gid=gpb1UCPwmmje1bMpDp_mCg&_nc_ss=8&oh=00_AfuneUMfrw6JabdkYPR9WsmFtsg1fIMD_Rmz28bxlxQZOg&oe=69AA6BF9
https://instagram.fsdu8-2.fna.fbcdn.net/v/t51.82787-15/628787399_18344095261238567_4076877815235950601_n.jpg?stp=dst-jpg_e35_tt6&_nc_cat=107&ig_cache_key=MzgyNzM3MDI5Mjg1NTg5NzY4Nw%3D%3D.3-ccb7-5&ccb=7-5&_nc_sid=58cdad&efg=eyJ2ZW5jb2RlX3RhZyI6InhwaWRzLjEwODB4MTM1MC5zZHIuQzIifQ%3D%3D&_nc_ohc=zfyaSTA-ktUQ7kNvwEQlq9G&_nc_oc=AdlofE0sZ_VIeeW8r03gmsfh3MTWT5HEV-JjdK4-o2jxj3MN_L9LVfi1GWLO0bArK0emJKViCucM05DBJndzAskG&_nc_ad=z-m&_nc_cid=0&_nc_zt=23&_nc_ht=instagram.fsdu8-2.fna&_nc_gid=gpb1UCPwmmje1bMpDp_mCg&_nc_ss=8&oh=00_AfuSmEJsxFYBg6VOsPlzeZoHVj_VvYwTPBK9S0ci5hI3og&oe=69AA6A3D
https://instagram.fsdu8-1.fna.fbcdn.net/v/t51.82787-15/631041809_18344095270238567_7581592424276597151_n.jpg?stp=dst-jpg_e35_tt6&_nc_cat=102&ig_cache_key=MzgyNzM3MDI5NjUyOTc1ODU1Mg%3D%3D.3-ccb7-5&ccb=7-5&_nc_sid=58cdad&efg=eyJ2ZW5jb2RlX3RhZyI6InhwaWRzLjEwODB4MTM1MC5zZHIuQzIifQ%3D%3D&_nc_ohc=q0uIEnYJsGAQ7kNvwGwNNe6&_nc_oc=AdmFfrRg8KBJ4TuHA3HKxPp4ZYFeUOiFRkZL7HJH_w2ggQ19MHMMG_SURqD-0U--ZKnHDN5SMhcDEsc0Zz9uJne9&_nc_ad=z-m&_nc_cid=0&_nc_zt=23&_nc_ht=instagram.fsdu8-1.fna&_nc_gid=gpb1UCPwmmje1bMpDp_mCg&_nc_ss=8&oh=00_AfvckN7aPtlKtP6APNLEO1SoQn3lNxTBV-QCKUHsnHZ6Tw&oe=69AA6610",YES,NO,NA,NA,7130246566,fundacaograbois,NA,NA,NA,NA,NA,NA,Autoridade,"Expressa ser detentora de habilidades, posicionando-se como melhor do que os eleitores em determinados domínios.",0,100,100,0,0,0,0,0,0,0
postagem_76,3827239651887714219,DUdFi-RDo-r,"Sat, 07 Feb 2026 11:09:01 GMT",2026-02-07T00:00:00Z,1770462541,"Do algoritmo à urna: os likes vão virar votos no Elias Jabbour?

​Se você é progressista e tem internet, é praticamente impossível que não tenha sido impactado por algum corte ou debate do Professor Elias Jabbour. Ele conseguiu algo raro: furar a bolha da ""lacração"" com conteúdo denso sobre geopolítica e desenvolvimento nacional. Mas nos bastidores da política fluminense, a pergunta de um milhão de dólares é outra: será que essa mobilização digital tem tração suficiente para enfrentar a pesada máquina partidária e garantir um mandato em 2026?

​No texto de hoje, faço uma análise franca sobre os quatro grandes dilemas que essa candidatura enfrenta. Uso a metáfora do craque Alex em 2002, aquele com talento de sobra mas sem vaga numa seleção de gigantes, para ilustrar o desafio da nominata, e trago a teoria de Clay Shirky para explicar o embate entre a ""máquina"" tradicional e o que chamo de ""uma garrafinha e um sonho"", ou seja, o poder do engajamento orgânico contra as estruturas financeiras.

​Estamos diante de um teste de laboratório para a esquerda brasileira: a conversão de influência intelectual em capital eleitoral. Será que a ""organização sem organizações"" da internet vai superar o recall dos mandatos históricos?

A análise completa, com todos os detalhes de bastidor, você confere passando para o lado. E você, acha que o algoritmo vence a urna?",NA,3409,104,https://www.instagram.com/p/DUdFi-RDo-r/,https://instagram.fsdu8-2.fna.fbcdn.net/v/t51.82787-15/627877949_18548152741048312_9021122555402534115_n.heic?stp=dst-jpg_e35_tt6&_nc_cat=109&ig_cache_key=MzgyNzIzODM1ODUyMzc1ODcyNw%3D%3D.3-ccb7-5&ccb=7-5&_nc_sid=58cdad&efg=eyJ2ZW5jb2RlX3RhZyI6InhwaWRzLjE0NDB4MTgwMC5zZHIuQzIifQ%3D%3D&_nc_ohc=KRjBXxIQco4Q7kNvwFuLCdo&_nc_oc=AdnmR4n_SbKTg71-MNSE-FDpyKfoDzVt_ui-qQmyycQlZK2NZaQqTRF_q5tyvJm-3t-DB4Cb33Aafqxuqr8bWOgS&_nc_ad=z-m&_nc_cid=0&_nc_zt=23&_nc_ht=instagram.fsdu8-2.fna&_nc_gid=mZkhx-TeDuoEGO1DaSJtGg&_nc_ss=8&oh=00_AfsUH-fpo-RMCoJfHPWqJvPmEobTMHEr2DnhXzEUpireeA&oe=69AA468B,https://instagram.fsdu8-2.fna.fbcdn.net/v/t51.82787-15/627877949_18548152741048312_9021122555402534115_n.heic?stp=dst-jpg_e35_tt6&_nc_cat=109&ig_cache_key=MzgyNzIzODM1ODUyMzc1ODcyNw%3D%3D.3-ccb7-5&ccb=7-5&_nc_sid=58cdad&efg=eyJ2ZW5jb2RlX3RhZyI6InhwaWRzLjE0NDB4MTgwMC5zZHIuQzIifQ%3D%3D&_nc_ohc=KRjBXxIQco4Q7kNvwFuLCdo&_nc_oc=AdnmR4n_SbKTg71-MNSE-FDpyKfoDzVt_ui-qQmyycQlZK2NZaQqTRF_q5tyvJm-3t-DB4Cb33Aafqxuqr8bWOgS&_nc_ad=z-m&_nc_cid=0&_nc_zt=23&_nc_ht=instagram.fsdu8-2.fna&_nc_gid=mZkhx-TeDuoEGO1DaSJtGg&_nc_ss=8&oh=00_AfsUH-fpo-RMCoJfHPWqJvPmEobTMHEr2DnhXzEUpireeA&oe=69AA468B,"https://instagram.fsdu8-2.fna.fbcdn.net/v/t51.82787-15/627877949_18548152741048312_9021122555402534115_n.heic?stp=dst-jpg_e35_tt6&_nc_cat=109&ig_cache_key=MzgyNzIzODM1ODUyMzc1ODcyNw%3D%3D.3-ccb7-5&ccb=7-5&_nc_sid=58cdad&efg=eyJ2ZW5jb2RlX3RhZyI6InhwaWRzLjE0NDB4MTgwMC5zZHIuQzIifQ%3D%3D&_nc_ohc=KRjBXxIQco4Q7kNvwFuLCdo&_nc_oc=AdnmR4n_SbKTg71-MNSE-FDpyKfoDzVt_ui-qQmyycQlZK2NZaQqTRF_q5tyvJm-3t-DB4Cb33Aafqxuqr8bWOgS&_nc_ad=z-m&_nc_cid=0&_nc_zt=23&_nc_ht=instagram.fsdu8-2.fna&_nc_gid=mZkhx-TeDuoEGO1DaSJtGg&_nc_ss=8&oh=00_AfsUH-fpo-RMCoJfHPWqJvPmEobTMHEr2DnhXzEUpireeA&oe=69AA468B
https://instagram.fsdu8-2.fna.fbcdn.net/v/t51.82787-15/626454136_18548152759048312_3678908988929242799_n.heic?stp=dst-jpg_e35_tt6&_nc_cat=105&ig_cache_key=MzgyNzIzODM2NjcwMjY1MjA1Ng%3D%3D.3-ccb7-5&ccb=7-5&_nc_sid=58cdad&efg=eyJ2ZW5jb2RlX3RhZyI6InhwaWRzLjE0NDB4MTgwMC5zZHIuQzIifQ%3D%3D&_nc_ohc=HXLG1tvWh7cQ7kNvwH4OfXD&_nc_oc=AdkoEMj0guTxp6j8YaMskss73f5xR4WIsLP9TzaOaY3Y6BXpOiYxHhrYbTXAOu-l3DhI_Gh9rV36qj7enoJf_AHx&_nc_ad=z-m&_nc_cid=0&_nc_zt=23&_nc_ht=instagram.fsdu8-2.fna&_nc_gid=mZkhx-TeDuoEGO1DaSJtGg&_nc_ss=8&oh=00_Afvf7bMlGqYm5ETv__pTw2TVnG5ppnByhrjGMcFurW2pJQ&oe=69AA3DC1
https://instagram.fsdu8-1.fna.fbcdn.net/v/t51.82787-15/627118562_18548152768048312_7170970286737802578_n.heic?stp=dst-jpg_e35_tt6&_nc_cat=101&ig_cache_key=MzgyNzIzODM3NTA5MTI2MTYwOA%3D%3D.3-ccb7-5&ccb=7-5&_nc_sid=58cdad&efg=eyJ2ZW5jb2RlX3RhZyI6InhwaWRzLjE0NDB4MTgwMC5zZHIuQzIifQ%3D%3D&_nc_ohc=29xrNEoRKJkQ7kNvwFvsGaE&_nc_oc=Adl-qBnvn2JK1MQ_QydTQIS56IqaEsv6AWQ2Dnw0aHfdzZ_68jBCz3a1mpfVAM0THzXAwsSo6yamv_F9rGaIRL2V&_nc_ad=z-m&_nc_cid=0&_nc_zt=23&_nc_ht=instagram.fsdu8-1.fna&_nc_gid=mZkhx-TeDuoEGO1DaSJtGg&_nc_ss=8&oh=00_AfvQRkYQ0TAL96uXf2ZzyvfaxYCknSE0dx8nbokvNUhIoA&oe=69AA6D90
https://instagram.fsdu8-1.fna.fbcdn.net/v/t51.82787-15/627123053_18548152780048312_789229244822754769_n.heic?stp=dst-jpg_e35_tt6&_nc_cat=102&ig_cache_key=MzgyNzIzODM4NDA1MDI0MzM4OA%3D%3D.3-ccb7-5&ccb=7-5&_nc_sid=58cdad&efg=eyJ2ZW5jb2RlX3RhZyI6InhwaWRzLjE0NDB4MTgwMC5zZHIuQzIifQ%3D%3D&_nc_ohc=sJ2eOoIo2c8Q7kNvwHicJ9m&_nc_oc=Adn3yuBvmkPdHR3jv8KufsQ4jMrHhaWyi3hrRVMUpexBwf1S09eTi1s5McHShQOa9jnr9MCFLoWJY3hdUaweUKhu&_nc_ad=z-m&_nc_cid=0&_nc_zt=23&_nc_ht=instagram.fsdu8-1.fna&_nc_gid=mZkhx-TeDuoEGO1DaSJtGg&_nc_ss=8&oh=00_Afss2TuJNcdSDn8vS2hqdETTDXjxurmDgTBbVpWSFt_wmQ&oe=69AA4614
https://instagram.fsdu8-2.fna.fbcdn.net/v/t51.82787-15/627676375_18548152801048312_5333852902374801915_n.heic?stp=dst-jpg_e35_tt6&_nc_cat=107&ig_cache_key=MzgyNzIzODM5MjU4OTg1NjA3MQ%3D%3D.3-ccb7-5&ccb=7-5&_nc_sid=58cdad&efg=eyJ2ZW5jb2RlX3RhZyI6InhwaWRzLjE0NDB4MTgwMC5zZHIuQzIifQ%3D%3D&_nc_ohc=kYgHwaHB3doQ7kNvwHKR5UW&_nc_oc=Adm3zvW-DZ_xKOaFsAp-lJsmP2azKuDVbk94RISto2Djau1fEtpbpEEvgEbUS0uGOYgb1JkPPXgN5UpH9X9IPbTm&_nc_ad=z-m&_nc_cid=0&_nc_zt=23&_nc_ht=instagram.fsdu8-2.fna&_nc_gid=mZkhx-TeDuoEGO1DaSJtGg&_nc_ss=8&oh=00_AfvTEM8f8r7UV8b6d3XMTEUp34GL6b_BGe3Cc3s7n3LAaQ&oe=69AA51A5
https://instagram.fsdu8-2.fna.fbcdn.net/v/t51.82787-15/629076912_18548152810048312_3424306579716062388_n.heic?stp=dst-jpg_e35_tt6&_nc_cat=103&ig_cache_key=MzgyNzIzODM5OTI2NzE4NzYxOA%3D%3D.3-ccb7-5&ccb=7-5&_nc_sid=58cdad&efg=eyJ2ZW5jb2RlX3RhZyI6InhwaWRzLjE0NDB4MTgwMC5zZHIuQzIifQ%3D%3D&_nc_ohc=EAvv8gHYklwQ7kNvwEm997p&_nc_oc=AdlQDA6XCaEb_GKSUrafHNecMBo3EofAsWuezoi4CcDXIwUk6HD1LENC5mKulxQN4m0AIpUkWSxX41ozGxYVP2dR&_nc_ad=z-m&_nc_cid=0&_nc_zt=23&_nc_ht=instagram.fsdu8-2.fna&_nc_gid=mZkhx-TeDuoEGO1DaSJtGg&_nc_ss=8&oh=00_Afu_S6VJIGypAfYmagrvShn14lrYu8TlYwCfyYeeYv8OgQ&oe=69AA5B6B
https://instagram.fsdu8-1.fna.fbcdn.net/v/t51.82787-15/628573508_18548152825048312_7288620517225520359_n.heic?stp=dst-jpg_e35_tt6&_nc_cat=110&ig_cache_key=MzgyNzIzODQxMDI4OTgzMjkzMw%3D%3D.3-ccb7-5&ccb=7-5&_nc_sid=58cdad&efg=eyJ2ZW5jb2RlX3RhZyI6InhwaWRzLjE0NDB4MTgwMC5zZHIuQzIifQ%3D%3D&_nc_ohc=JjEFkaFg2psQ7kNvwFSlWcV&_nc_oc=Adn_31rNT4qnSoss-kATb8BqL2R-96Sw2MX2vF4oHrKUWTbaTzgzciv6BhcCZQvL37OYrsemAxC-0OUiY41_wdUK&_nc_ad=z-m&_nc_cid=0&_nc_zt=23&_nc_ht=instagram.fsdu8-1.fna&_nc_gid=mZkhx-TeDuoEGO1DaSJtGg&_nc_ss=8&oh=00_AfsfMYrtSFB8Km_9_GXkrVXAyvKUE-FSh1NOMb2k3nlaqA&oe=69AA4F8F
https://instagram.fsdu8-1.fna.fbcdn.net/v/t51.82787-15/629136188_18548152834048312_5646253884430095836_n.heic?stp=dst-jpg_e35_tt6&_nc_cat=102&ig_cache_key=MzgyNzIzODQxNzE2ODQ4NjAzMQ%3D%3D.3-ccb7-5&ccb=7-5&_nc_sid=58cdad&efg=eyJ2ZW5jb2RlX3RhZyI6InhwaWRzLjE0NDB4MTgwMC5zZHIuQzIifQ%3D%3D&_nc_ohc=WRUW1tjzSEcQ7kNvwGX5FqG&_nc_oc=AdnxScKvlGsA1utAOaXRuhAjGJ4IMBHR1J8vByLoK11-L70JqhQL0bxjtcoHp77YdBD56amVTdU0mbaE0_csiSSf&_nc_ad=z-m&_nc_cid=0&_nc_zt=23&_nc_ht=instagram.fsdu8-1.fna&_nc_gid=mZkhx-TeDuoEGO1DaSJtGg&_nc_ss=8&oh=00_AfsVK1ktkmPjW8REM0m24ynVESQtZ3obDZmEbfztjrHpRg&oe=69AA65F1
https://instagram.fsdu8-1.fna.fbcdn.net/v/t51.82787-15/626512984_18548152843048312_3171347811569620420_n.heic?stp=dst-jpg_e35_tt6&_nc_cat=104&ig_cache_key=MzgyNzIzODQyNzA5MjIwOTQ5NQ%3D%3D.3-ccb7-5&ccb=7-5&_nc_sid=58cdad&efg=eyJ2ZW5jb2RlX3RhZyI6InhwaWRzLjE0NDB4MTgwMC5zZHIuQzIifQ%3D%3D&_nc_ohc=zGfOLtSsFrsQ7kNvwGfA9z1&_nc_oc=Adk421Uoq5mP0cBdmFnw4-ddKYI7pG41wn9hVsIlz6A6oyVBvvLUB0nGD1ArtgJML-Pwfim0_uYmioaPi_C_KxD6&_nc_ad=z-m&_nc_cid=0&_nc_zt=23&_nc_ht=instagram.fsdu8-1.fna&_nc_gid=mZkhx-TeDuoEGO1DaSJtGg&_nc_ss=8&oh=00_Afs41DFof5IJ-gfP-gHqtaY6RDQidI8Rbluqfw_a3_2XMA&oe=69AA66EE
https://instagram.fsdu8-1.fna.fbcdn.net/v/t51.82787-15/627718064_18548152852048312_5241492628340872369_n.heic?stp=dst-jpg_e35_tt6&_nc_cat=104&ig_cache_key=MzgyNzIzODQzNDkxMDM3NTI1MA%3D%3D.3-ccb7-5&ccb=7-5&_nc_sid=58cdad&efg=eyJ2ZW5jb2RlX3RhZyI6InhwaWRzLjE0NDB4MTgwMC5zZHIuQzIifQ%3D%3D&_nc_ohc=y90S5KgOBMAQ7kNvwEkiaXi&_nc_oc=Adl6AFkzNIKqvvUOY3x1cRRYLAO_c8G8qs263dc-TP3UXHMvyMFrNMGV5szW6nJgrOjODxBxzJw9LXljo7SJYqud&_nc_ad=z-m&_nc_cid=0&_nc_zt=23&_nc_ht=instagram.fsdu8-1.fna&_nc_gid=mZkhx-TeDuoEGO1DaSJtGg&_nc_ss=8&oh=00_Aft3tZPutDBZq50CNka7yl4FnARFGInGkugb1zAIBi2ORA&oe=69AA5CEE
https://instagram.fsdu8-2.fna.fbcdn.net/v/t51.82787-15/626048785_18548152861048312_672640899497725638_n.heic?stp=dst-jpg_e35_tt6&_nc_cat=103&ig_cache_key=MzgyNzIzODQ0MzA2NDE1NzczOQ%3D%3D.3-ccb7-5&ccb=7-5&_nc_sid=58cdad&efg=eyJ2ZW5jb2RlX3RhZyI6InhwaWRzLjE0NDB4MTgwMC5zZHIuQzIifQ%3D%3D&_nc_ohc=htbBgz2_uOcQ7kNvwF-5a8x&_nc_oc=Adl8GhD0OjHM4KvwtW2XWODTLNlC9gCCWAW9mTRAdO60m1gB4epJNximODpdGeyE8Hr97i1LTyOrCe6c07z3up0a&_nc_ad=z-m&_nc_cid=0&_nc_zt=23&_nc_ht=instagram.fsdu8-2.fna&_nc_gid=mZkhx-TeDuoEGO1DaSJtGg&_nc_ss=8&oh=00_AfvYFivwNxHsSzYjax74uuIXJLSbOojI5GtHx18xAZQEJA&oe=69AA7019
https://instagram.fsdu8-1.fna.fbcdn.net/v/t51.82787-15/626423333_18548152870048312_821208209189210130_n.heic?stp=dst-jpg_e35_tt6&_nc_cat=110&ig_cache_key=MzgyNzIzODQ1MTY3MDg2MjMyOQ%3D%3D.3-ccb7-5&ccb=7-5&_nc_sid=58cdad&efg=eyJ2ZW5jb2RlX3RhZyI6InhwaWRzLjE0NDB4MTgwMC5zZHIuQzIifQ%3D%3D&_nc_ohc=p3GpJ8wjGYUQ7kNvwFf5CCn&_nc_oc=Adnphjf0t9kk0-N_B6MMMWm23OgYQF1budovuP58KNEEuJOv64o9sVJJoS9sp9yZHv6H6SdLQihiynFQQ6KwXkBt&_nc_ad=z-m&_nc_cid=0&_nc_zt=23&_nc_ht=instagram.fsdu8-1.fna&_nc_gid=mZkhx-TeDuoEGO1DaSJtGg&_nc_ss=8&oh=00_AfvxV75_9KDm69sX480AJPNFupwP8760OKrNyK_HXlwO3A&oe=69AA6B71
https://instagram.fsdu8-1.fna.fbcdn.net/v/t51.82787-15/627864187_18548152879048312_9144844920168174787_n.heic?stp=dst-jpg_e35_tt6&_nc_cat=106&ig_cache_key=MzgyNzIzODQ1OTE4NzA1NzUwOQ%3D%3D.3-ccb7-5&ccb=7-5&_nc_sid=58cdad&efg=eyJ2ZW5jb2RlX3RhZyI6InhwaWRzLjE0NDB4MTgwMC5zZHIuQzIifQ%3D%3D&_nc_ohc=XxtqAaUpcpQQ7kNvwGQ5Jxd&_nc_oc=AdmgvhSAKKQpfSWbGafHjRIrWgxbFxRZVbqt42_qh49VMGUDDSMpt5L09ln0CkzHE26uULSUSMKBU-7I7-tcieka&_nc_ad=z-m&_nc_cid=0&_nc_zt=23&_nc_ht=instagram.fsdu8-1.fna&_nc_gid=mZkhx-TeDuoEGO1DaSJtGg&_nc_ss=8&oh=00_AfuDD3vySt1r_axhroV9xrfmycunywyUa0DrZjhP4HNWHg&oe=69AA607E
https://instagram.fsdu8-1.fna.fbcdn.net/v/t51.82787-15/626626139_18548152888048312_4560591708143426821_n.heic?stp=dst-jpg_e35_tt6&_nc_cat=102&ig_cache_key=MzgyNzIzODQ2ODAxMTgzNTI5Nw%3D%3D.3-ccb7-5&ccb=7-5&_nc_sid=58cdad&efg=eyJ2ZW5jb2RlX3RhZyI6InhwaWRzLjE0NDB4MTgwMC5zZHIuQzIifQ%3D%3D&_nc_ohc=sRNMG6bPElIQ7kNvwEreQDP&_nc_oc=AdlOZH_G28pkF_8H8L-YWgGd5_lu8y-l8VeH-mvkawJis56GQnxRj6iwUbmKTnkr51RZoig1SUGdwqyzMgzsd8-O&_nc_ad=z-m&_nc_cid=0&_nc_zt=23&_nc_ht=instagram.fsdu8-1.fna&_nc_gid=mZkhx-TeDuoEGO1DaSJtGg&_nc_ss=8&oh=00_AfsuqVr_UpESQG2IHyY0GXVx917L7xFyjQ_pk0Po2RmHQg&oe=69AA4728","https://instagram.fsdu8-2.fna.fbcdn.net/v/t51.82787-15/627877949_18548152741048312_9021122555402534115_n.heic?stp=dst-jpg_e35_tt6&_nc_cat=109&ig_cache_key=MzgyNzIzODM1ODUyMzc1ODcyNw%3D%3D.3-ccb7-5&ccb=7-5&_nc_sid=58cdad&efg=eyJ2ZW5jb2RlX3RhZyI6InhwaWRzLjE0NDB4MTgwMC5zZHIuQzIifQ%3D%3D&_nc_ohc=KRjBXxIQco4Q7kNvwFuLCdo&_nc_oc=AdnmR4n_SbKTg71-MNSE-FDpyKfoDzVt_ui-qQmyycQlZK2NZaQqTRF_q5tyvJm-3t-DB4Cb33Aafqxuqr8bWOgS&_nc_ad=z-m&_nc_cid=0&_nc_zt=23&_nc_ht=instagram.fsdu8-2.fna&_nc_gid=mZkhx-TeDuoEGO1DaSJtGg&_nc_ss=8&oh=00_AfsUH-fpo-RMCoJfHPWqJvPmEobTMHEr2DnhXzEUpireeA&oe=69AA468B
https://instagram.fsdu8-2.fna.fbcdn.net/v/t51.82787-15/626454136_18548152759048312_3678908988929242799_n.heic?stp=dst-jpg_e35_tt6&_nc_cat=105&ig_cache_key=MzgyNzIzODM2NjcwMjY1MjA1Ng%3D%3D.3-ccb7-5&ccb=7-5&_nc_sid=58cdad&efg=eyJ2ZW5jb2RlX3RhZyI6InhwaWRzLjE0NDB4MTgwMC5zZHIuQzIifQ%3D%3D&_nc_ohc=HXLG1tvWh7cQ7kNvwH4OfXD&_nc_oc=AdkoEMj0guTxp6j8YaMskss73f5xR4WIsLP9TzaOaY3Y6BXpOiYxHhrYbTXAOu-l3DhI_Gh9rV36qj7enoJf_AHx&_nc_ad=z-m&_nc_cid=0&_nc_zt=23&_nc_ht=instagram.fsdu8-2.fna&_nc_gid=mZkhx-TeDuoEGO1DaSJtGg&_nc_ss=8&oh=00_Afvf7bMlGqYm5ETv__pTw2TVnG5ppnByhrjGMcFurW2pJQ&oe=69AA3DC1
https://instagram.fsdu8-1.fna.fbcdn.net/v/t51.82787-15/627118562_18548152768048312_7170970286737802578_n.heic?stp=dst-jpg_e35_tt6&_nc_cat=101&ig_cache_key=MzgyNzIzODM3NTA5MTI2MTYwOA%3D%3D.3-ccb7-5&ccb=7-5&_nc_sid=58cdad&efg=eyJ2ZW5jb2RlX3RhZyI6InhwaWRzLjE0NDB4MTgwMC5zZHIuQzIifQ%3D%3D&_nc_ohc=29xrNEoRKJkQ7kNvwFvsGaE&_nc_oc=Adl-qBnvn2JK1MQ_QydTQIS56IqaEsv6AWQ2Dnw0aHfdzZ_68jBCz3a1mpfVAM0THzXAwsSo6yamv_F9rGaIRL2V&_nc_ad=z-m&_nc_cid=0&_nc_zt=23&_nc_ht=instagram.fsdu8-1.fna&_nc_gid=mZkhx-TeDuoEGO1DaSJtGg&_nc_ss=8&oh=00_AfvQRkYQ0TAL96uXf2ZzyvfaxYCknSE0dx8nbokvNUhIoA&oe=69AA6D90
https://instagram.fsdu8-1.fna.fbcdn.net/v/t51.82787-15/627123053_18548152780048312_789229244822754769_n.heic?stp=dst-jpg_e35_tt6&_nc_cat=102&ig_cache_key=MzgyNzIzODM4NDA1MDI0MzM4OA%3D%3D.3-ccb7-5&ccb=7-5&_nc_sid=58cdad&efg=eyJ2ZW5jb2RlX3RhZyI6InhwaWRzLjE0NDB4MTgwMC5zZHIuQzIifQ%3D%3D&_nc_ohc=sJ2eOoIo2c8Q7kNvwHicJ9m&_nc_oc=Adn3yuBvmkPdHR3jv8KufsQ4jMrHhaWyi3hrRVMUpexBwf1S09eTi1s5McHShQOa9jnr9MCFLoWJY3hdUaweUKhu&_nc_ad=z-m&_nc_cid=0&_nc_zt=23&_nc_ht=instagram.fsdu8-1.fna&_nc_gid=mZkhx-TeDuoEGO1DaSJtGg&_nc_ss=8&oh=00_Afss2TuJNcdSDn8vS2hqdETTDXjxurmDgTBbVpWSFt_wmQ&oe=69AA4614
https://instagram.fsdu8-2.fna.fbcdn.net/v/t51.82787-15/627676375_18548152801048312_5333852902374801915_n.heic?stp=dst-jpg_e35_tt6&_nc_cat=107&ig_cache_key=MzgyNzIzODM5MjU4OTg1NjA3MQ%3D%3D.3-ccb7-5&ccb=7-5&_nc_sid=58cdad&efg=eyJ2ZW5jb2RlX3RhZyI6InhwaWRzLjE0NDB4MTgwMC5zZHIuQzIifQ%3D%3D&_nc_ohc=kYgHwaHB3doQ7kNvwHKR5UW&_nc_oc=Adm3zvW-DZ_xKOaFsAp-lJsmP2azKuDVbk94RISto2Djau1fEtpbpEEvgEbUS0uGOYgb1JkPPXgN5UpH9X9IPbTm&_nc_ad=z-m&_nc_cid=0&_nc_zt=23&_nc_ht=instagram.fsdu8-2.fna&_nc_gid=mZkhx-TeDuoEGO1DaSJtGg&_nc_ss=8&oh=00_AfvTEM8f8r7UV8b6d3XMTEUp34GL6b_BGe3Cc3s7n3LAaQ&oe=69AA51A5
https://instagram.fsdu8-2.fna.fbcdn.net/v/t51.82787-15/629076912_18548152810048312_3424306579716062388_n.heic?stp=dst-jpg_e35_tt6&_nc_cat=103&ig_cache_key=MzgyNzIzODM5OTI2NzE4NzYxOA%3D%3D.3-ccb7-5&ccb=7-5&_nc_sid=58cdad&efg=eyJ2ZW5jb2RlX3RhZyI6InhwaWRzLjE0NDB4MTgwMC5zZHIuQzIifQ%3D%3D&_nc_ohc=EAvv8gHYklwQ7kNvwEm997p&_nc_oc=AdlQDA6XCaEb_GKSUrafHNecMBo3EofAsWuezoi4CcDXIwUk6HD1LENC5mKulxQN4m0AIpUkWSxX41ozGxYVP2dR&_nc_ad=z-m&_nc_cid=0&_nc_zt=23&_nc_ht=instagram.fsdu8-2.fna&_nc_gid=mZkhx-TeDuoEGO1DaSJtGg&_nc_ss=8&oh=00_Afu_S6VJIGypAfYmagrvShn14lrYu8TlYwCfyYeeYv8OgQ&oe=69AA5B6B
https://instagram.fsdu8-1.fna.fbcdn.net/v/t51.82787-15/628573508_18548152825048312_7288620517225520359_n.heic?stp=dst-jpg_e35_tt6&_nc_cat=110&ig_cache_key=MzgyNzIzODQxMDI4OTgzMjkzMw%3D%3D.3-ccb7-5&ccb=7-5&_nc_sid=58cdad&efg=eyJ2ZW5jb2RlX3RhZyI6InhwaWRzLjE0NDB4MTgwMC5zZHIuQzIifQ%3D%3D&_nc_ohc=JjEFkaFg2psQ7kNvwFSlWcV&_nc_oc=Adn_31rNT4qnSoss-kATb8BqL2R-96Sw2MX2vF4oHrKUWTbaTzgzciv6BhcCZQvL37OYrsemAxC-0OUiY41_wdUK&_nc_ad=z-m&_nc_cid=0&_nc_zt=23&_nc_ht=instagram.fsdu8-1.fna&_nc_gid=mZkhx-TeDuoEGO1DaSJtGg&_nc_ss=8&oh=00_AfsfMYrtSFB8Km_9_GXkrVXAyvKUE-FSh1NOMb2k3nlaqA&oe=69AA4F8F
https://instagram.fsdu8-1.fna.fbcdn.net/v/t51.82787-15/629136188_18548152834048312_5646253884430095836_n.heic?stp=dst-jpg_e35_tt6&_nc_cat=102&ig_cache_key=MzgyNzIzODQxNzE2ODQ4NjAzMQ%3D%3D.3-ccb7-5&ccb=7-5&_nc_sid=58cdad&efg=eyJ2ZW5jb2RlX3RhZyI6InhwaWRzLjE0NDB4MTgwMC5zZHIuQzIifQ%3D%3D&_nc_ohc=WRUW1tjzSEcQ7kNvwGX5FqG&_nc_oc=AdnxScKvlGsA1utAOaXRuhAjGJ4IMBHR1J8vByLoK11-L70JqhQL0bxjtcoHp77YdBD56amVTdU0mbaE0_csiSSf&_nc_ad=z-m&_nc_cid=0&_nc_zt=23&_nc_ht=instagram.fsdu8-1.fna&_nc_gid=mZkhx-TeDuoEGO1DaSJtGg&_nc_ss=8&oh=00_AfsVK1ktkmPjW8REM0m24ynVESQtZ3obDZmEbfztjrHpRg&oe=69AA65F1
https://instagram.fsdu8-1.fna.fbcdn.net/v/t51.82787-15/626512984_18548152843048312_3171347811569620420_n.heic?stp=dst-jpg_e35_tt6&_nc_cat=104&ig_cache_key=MzgyNzIzODQyNzA5MjIwOTQ5NQ%3D%3D.3-ccb7-5&ccb=7-5&_nc_sid=58cdad&efg=eyJ2ZW5jb2RlX3RhZyI6InhwaWRzLjE0NDB4MTgwMC5zZHIuQzIifQ%3D%3D&_nc_ohc=zGfOLtSsFrsQ7kNvwGfA9z1&_nc_oc=Adk421Uoq5mP0cBdmFnw4-ddKYI7pG41wn9hVsIlz6A6oyVBvvLUB0nGD1ArtgJML-Pwfim0_uYmioaPi_C_KxD6&_nc_ad=z-m&_nc_cid=0&_nc_zt=23&_nc_ht=instagram.fsdu8-1.fna&_nc_gid=mZkhx-TeDuoEGO1DaSJtGg&_nc_ss=8&oh=00_Afs41DFof5IJ-gfP-gHqtaY6RDQidI8Rbluqfw_a3_2XMA&oe=69AA66EE
https://instagram.fsdu8-1.fna.fbcdn.net/v/t51.82787-15/627718064_18548152852048312_5241492628340872369_n.heic?stp=dst-jpg_e35_tt6&_nc_cat=104&ig_cache_key=MzgyNzIzODQzNDkxMDM3NTI1MA%3D%3D.3-ccb7-5&ccb=7-5&_nc_sid=58cdad&efg=eyJ2ZW5jb2RlX3RhZyI6InhwaWRzLjE0NDB4MTgwMC5zZHIuQzIifQ%3D%3D&_nc_ohc=y90S5KgOBMAQ7kNvwEkiaXi&_nc_oc=Adl6AFkzNIKqvvUOY3x1cRRYLAO_c8G8qs263dc-TP3UXHMvyMFrNMGV5szW6nJgrOjODxBxzJw9LXljo7SJYqud&_nc_ad=z-m&_nc_cid=0&_nc_zt=23&_nc_ht=instagram.fsdu8-1.fna&_nc_gid=mZkhx-TeDuoEGO1DaSJtGg&_nc_ss=8&oh=00_Aft3tZPutDBZq50CNka7yl4FnARFGInGkugb1zAIBi2ORA&oe=69AA5CEE
https://instagram.fsdu8-2.fna.fbcdn.net/v/t51.82787-15/626048785_18548152861048312_672640899497725638_n.heic?stp=dst-jpg_e35_tt6&_nc_cat=103&ig_cache_key=MzgyNzIzODQ0MzA2NDE1NzczOQ%3D%3D.3-ccb7-5&ccb=7-5&_nc_sid=58cdad&efg=eyJ2ZW5jb2RlX3RhZyI6InhwaWRzLjE0NDB4MTgwMC5zZHIuQzIifQ%3D%3D&_nc_ohc=htbBgz2_uOcQ7kNvwF-5a8x&_nc_oc=Adl8GhD0OjHM4KvwtW2XWODTLNlC9gCCWAW9mTRAdO60m1gB4epJNximODpdGeyE8Hr97i1LTyOrCe6c07z3up0a&_nc_ad=z-m&_nc_cid=0&_nc_zt=23&_nc_ht=instagram.fsdu8-2.fna&_nc_gid=mZkhx-TeDuoEGO1DaSJtGg&_nc_ss=8&oh=00_AfvYFivwNxHsSzYjax74uuIXJLSbOojI5GtHx18xAZQEJA&oe=69AA7019
https://instagram.fsdu8-1.fna.fbcdn.net/v/t51.82787-15/626423333_18548152870048312_821208209189210130_n.heic?stp=dst-jpg_e35_tt6&_nc_cat=110&ig_cache_key=MzgyNzIzODQ1MTY3MDg2MjMyOQ%3D%3D.3-ccb7-5&ccb=7-5&_nc_sid=58cdad&efg=eyJ2ZW5jb2RlX3RhZyI6InhwaWRzLjE0NDB4MTgwMC5zZHIuQzIifQ%3D%3D&_nc_ohc=p3GpJ8wjGYUQ7kNvwFf5CCn&_nc_oc=Adnphjf0t9kk0-N_B6MMMWm23OgYQF1budovuP58KNEEuJOv64o9sVJJoS9sp9yZHv6H6SdLQihiynFQQ6KwXkBt&_nc_ad=z-m&_nc_cid=0&_nc_zt=23&_nc_ht=instagram.fsdu8-1.fna&_nc_gid=mZkhx-TeDuoEGO1DaSJtGg&_nc_ss=8&oh=00_AfvxV75_9KDm69sX480AJPNFupwP8760OKrNyK_HXlwO3A&oe=69AA6B71
https://instagram.fsdu8-1.fna.fbcdn.net/v/t51.82787-15/627864187_18548152879048312_9144844920168174787_n.heic?stp=dst-jpg_e35_tt6&_nc_cat=106&ig_cache_key=MzgyNzIzODQ1OTE4NzA1NzUwOQ%3D%3D.3-ccb7-5&ccb=7-5&_nc_sid=58cdad&efg=eyJ2ZW5jb2RlX3RhZyI6InhwaWRzLjE0NDB4MTgwMC5zZHIuQzIifQ%3D%3D&_nc_ohc=XxtqAaUpcpQQ7kNvwGQ5Jxd&_nc_oc=AdmgvhSAKKQpfSWbGafHjRIrWgxbFxRZVbqt42_qh49VMGUDDSMpt5L09ln0CkzHE26uULSUSMKBU-7I7-tcieka&_nc_ad=z-m&_nc_cid=0&_nc_zt=23&_nc_ht=instagram.fsdu8-1.fna&_nc_gid=mZkhx-TeDuoEGO1DaSJtGg&_nc_ss=8&oh=00_AfuDD3vySt1r_axhroV9xrfmycunywyUa0DrZjhP4HNWHg&oe=69AA607E
https://instagram.fsdu8-1.fna.fbcdn.net/v/t51.82787-15/626626139_18548152888048312_4560591708143426821_n.heic?stp=dst-jpg_e35_tt6&_nc_cat=102&ig_cache_key=MzgyNzIzODQ2ODAxMTgzNTI5Nw%3D%3D.3-ccb7-5&ccb=7-5&_nc_sid=58cdad&efg=eyJ2ZW5jb2RlX3RhZyI6InhwaWRzLjE0NDB4MTgwMC5zZHIuQzIifQ%3D%3D&_nc_ohc=sRNMG6bPElIQ7kNvwEreQDP&_nc_oc=AdlOZH_G28pkF_8H8L-YWgGd5_lu8y-l8VeH-mvkawJis56GQnxRj6iwUbmKTnkr51RZoig1SUGdwqyzMgzsd8-O&_nc_ad=z-m&_nc_cid=0&_nc_zt=23&_nc_ht=instagram.fsdu8-1.fna&_nc_gid=mZkhx-TeDuoEGO1DaSJtGg&_nc_ss=8&oh=00_AfsuqVr_UpESQG2IHyY0GXVx917L7xFyjQ_pk0Po2RmHQg&oe=69AA4728",YES,NO,NA,NA,375152311,romarioregis,NA,NA,NA,NA,NA,NA,Autoridade,"Expressa ser detentora de habilidades, posicionando-se como melhor do que os eleitores em determinados domínios.",80,20,20,6.67,6.67,0,0,0,20,46.67
postagem_73,3826508269389501559,DUafP9PDlR3,"Fri, 06 Feb 2026 10:56:10 GMT",2026-02-06T00:00:00Z,1770375370,Evitar o genocídio do povo cubano: uma tarefa de nós todos.,NA,12225,1286,https://www.instagram.com/p/DUafP9PDlR3/,https://instagram.fsdu8-1.fna.fbcdn.net/v/t51.71878-15/628229959_2674936066213902_6521270346600831649_n.jpg?stp=dst-jpegr_e15_tt6&_nc_cat=102&ig_cache_key=MzgyNjUwODI2OTM4OTUwMTU1OQ%3D%3D.3-ccb7-5&ccb=7-5&_nc_sid=58cdad&efg=eyJ2ZW5jb2RlX3RhZyI6InhwaWRzLjY0MHgxMTM2Lmhkci5DMiJ9&_nc_ohc=BGOYHT3_v94Q7kNvwFqonRZ&_nc_oc=AdmUm-lfFlinLPOsnGIh9glE8f-Qwz930V5QFIPL9T2ysUbMENjul4aYbyoQegq0686Y3FY1kcjQxfthHJTABkeW&_nc_ad=z-m&_nc_cid=0&_nc_zt=23&se=-1&_nc_ht=instagram.fsdu8-1.fna&_nc_gid=mZkhx-TeDuoEGO1DaSJtGg&_nc_ss=8&oh=00_AftKdmH4sd8F9ELj6tDkumdegZOAOk05-3HmQLUHtko_7g&oe=69AA42EC,https://instagram.fsdu8-1.fna.fbcdn.net/v/t51.71878-15/628229959_2674936066213902_6521270346600831649_n.jpg?stp=dst-jpegr_e15_tt6&_nc_cat=102&ig_cache_key=MzgyNjUwODI2OTM4OTUwMTU1OQ%3D%3D.3-ccb7-5&ccb=7-5&_nc_sid=58cdad&efg=eyJ2ZW5jb2RlX3RhZyI6InhwaWRzLjY0MHgxMTM2Lmhkci5DMiJ9&_nc_ohc=BGOYHT3_v94Q7kNvwFqonRZ&_nc_oc=AdmUm-lfFlinLPOsnGIh9glE8f-Qwz930V5QFIPL9T2ysUbMENjul4aYbyoQegq0686Y3FY1kcjQxfthHJTABkeW&_nc_ad=z-m&_nc_cid=0&_nc_zt=23&se=-1&_nc_ht=instagram.fsdu8-1.fna&_nc_gid=mZkhx-TeDuoEGO1DaSJtGg&_nc_ss=8&oh=00_AftKdmH4sd8F9ELj6tDkumdegZOAOk05-3HmQLUHtko_7g&oe=69AA42EC,"https://instagram.fsdu8-1.fna.fbcdn.net/v/t51.71878-15/628229959_2674936066213902_6521270346600831649_n.jpg?stp=dst-jpegr_e15_tt6&_nc_cat=102&ig_cache_key=MzgyNjUwODI2OTM4OTUwMTU1OQ%3D%3D.3-ccb7-5&ccb=7-5&_nc_sid=58cdad&efg=eyJ2ZW5jb2RlX3RhZyI6InhwaWRzLjY0MHgxMTM2Lmhkci5DMiJ9&_nc_ohc=BGOYHT3_v94Q7kNvwFqonRZ&_nc_oc=AdmUm-lfFlinLPOsnGIh9glE8f-Qwz930V5QFIPL9T2ysUbMENjul4aYbyoQegq0686Y3FY1kcjQxfthHJTABkeW&_nc_ad=z-m&_nc_cid=0&_nc_zt=23&se=-1&_nc_ht=instagram.fsdu8-1.fna&_nc_gid=mZkhx-TeDuoEGO1DaSJtGg&_nc_ss=8&oh=00_AftKdmH4sd8F9ELj6tDkumdegZOAOk05-3HmQLUHtko_7g&oe=69AA42EC
https://instagram.fsdu8-1.fna.fbcdn.net/v/t51.71878-15/628229959_2674936066213902_6521270346600831649_n.jpg?stp=dst-jpegr_e15_p480x480_tt6&_nc_cat=102&ig_cache_key=MzgyNjUwODI2OTM4OTUwMTU1OQ%3D%3D.3-ccb7-5&ccb=7-5&_nc_sid=58cdad&efg=eyJ2ZW5jb2RlX3RhZyI6InhwaWRzLjY0MHgxMTM2Lmhkci5DMiJ9&_nc_ohc=BGOYHT3_v94Q7kNvwFqonRZ&_nc_oc=AdmUm-lfFlinLPOsnGIh9glE8f-Qwz930V5QFIPL9T2ysUbMENjul4aYbyoQegq0686Y3FY1kcjQxfthHJTABkeW&_nc_ad=z-m&_nc_cid=0&_nc_zt=23&se=-1&_nc_ht=instagram.fsdu8-1.fna&_nc_gid=mZkhx-TeDuoEGO1DaSJtGg&_nc_ss=8&oh=00_AfuzOiqRFrU42mVyDLnKkP3iyylQMvtVCvVY0skF2m9ZYg&oe=69AA42EC
https://instagram.fsdu8-1.fna.fbcdn.net/v/t51.71878-15/628229959_2674936066213902_6521270346600831649_n.jpg?stp=dst-jpegr_e15_p320x320_tt6&_nc_cat=102&ig_cache_key=MzgyNjUwODI2OTM4OTUwMTU1OQ%3D%3D.3-ccb7-5&ccb=7-5&_nc_sid=58cdad&efg=eyJ2ZW5jb2RlX3RhZyI6InhwaWRzLjY0MHgxMTM2Lmhkci5DMiJ9&_nc_ohc=BGOYHT3_v94Q7kNvwFqonRZ&_nc_oc=AdmUm-lfFlinLPOsnGIh9glE8f-Qwz930V5QFIPL9T2ysUbMENjul4aYbyoQegq0686Y3FY1kcjQxfthHJTABkeW&_nc_ad=z-m&_nc_cid=0&_nc_zt=23&se=-1&_nc_ht=instagram.fsdu8-1.fna&_nc_gid=mZkhx-TeDuoEGO1DaSJtGg&_nc_ss=8&oh=00_AftG6SpdXTiSoNUBVOPfNCM80sPIASfleg0i2QSlfLM5zA&oe=69AA42EC
https://instagram.fsdu8-1.fna.fbcdn.net/v/t51.71878-15/628229959_2674936066213902_6521270346600831649_n.jpg?stp=dst-jpegr_e15_p240x240_tt6&_nc_cat=102&ig_cache_key=MzgyNjUwODI2OTM4OTUwMTU1OQ%3D%3D.3-ccb7-5&ccb=7-5&_nc_sid=58cdad&efg=eyJ2ZW5jb2RlX3RhZyI6InhwaWRzLjY0MHgxMTM2Lmhkci5DMiJ9&_nc_ohc=BGOYHT3_v94Q7kNvwFqonRZ&_nc_oc=AdmUm-lfFlinLPOsnGIh9glE8f-Qwz930V5QFIPL9T2ysUbMENjul4aYbyoQegq0686Y3FY1kcjQxfthHJTABkeW&_nc_ad=z-m&_nc_cid=0&_nc_zt=23&se=-1&_nc_ht=instagram.fsdu8-1.fna&_nc_gid=mZkhx-TeDuoEGO1DaSJtGg&_nc_ss=8&oh=00_AftDguEEQWepcYvkU9K-AleRI_qCzvbuZ1hzKS4l52_hlg&oe=69AA42EC
https://instagram.fsdu8-1.fna.fbcdn.net/v/t51.71878-15/628229959_2674936066213902_6521270346600831649_n.jpg?stp=c0.248.640.640a_dst-jpegr_e15_s640x639_tt6&_nc_cat=102&ig_cache_key=MzgyNjUwODI2OTM4OTUwMTU1OQ%3D%3D.3-ccb7-5&ccb=7-5&_nc_sid=58cdad&efg=eyJ2ZW5jb2RlX3RhZyI6InhwaWRzLjY0MHgxMTM2Lmhkci5DMiJ9&_nc_ohc=BGOYHT3_v94Q7kNvwFqonRZ&_nc_oc=AdmUm-lfFlinLPOsnGIh9glE8f-Qwz930V5QFIPL9T2ysUbMENjul4aYbyoQegq0686Y3FY1kcjQxfthHJTABkeW&_nc_ad=z-m&_nc_cid=0&_nc_zt=23&se=-1&_nc_ht=instagram.fsdu8-1.fna&_nc_gid=mZkhx-TeDuoEGO1DaSJtGg&_nc_ss=8&oh=00_AfsOwAIHM_nHL_QtPkcAHAPlbZLqNlgBGB8KccNVfqrbcQ&oe=69AA42EC
https://instagram.fsdu8-1.fna.fbcdn.net/v/t51.71878-15/628229959_2674936066213902_6521270346600831649_n.jpg?stp=c0.248.640.640a_dst-jpegr_e15_s640x639_tt6&_nc_cat=102&ig_cache_key=MzgyNjUwODI2OTM4OTUwMTU1OQ%3D%3D.3-ccb7-5&ccb=7-5&_nc_sid=58cdad&efg=eyJ2ZW5jb2RlX3RhZyI6InhwaWRzLjY0MHgxMTM2Lmhkci5DMiJ9&_nc_ohc=BGOYHT3_v94Q7kNvwFqonRZ&_nc_oc=AdmUm-lfFlinLPOsnGIh9glE8f-Qwz930V5QFIPL9T2ysUbMENjul4aYbyoQegq0686Y3FY1kcjQxfthHJTABkeW&_nc_ad=z-m&_nc_cid=0&_nc_zt=23&se=-1&_nc_ht=instagram.fsdu8-1.fna&_nc_gid=mZkhx-TeDuoEGO1DaSJtGg&_nc_ss=8&oh=00_AfsOwAIHM_nHL_QtPkcAHAPlbZLqNlgBGB8KccNVfqrbcQ&oe=69AA42EC
https://instagram.fsdu8-1.fna.fbcdn.net/v/t51.71878-15/628229959_2674936066213902_6521270346600831649_n.jpg?stp=c0.248.640.640a_dst-jpegr_e15_s640x639_tt6&_nc_cat=102&ig_cache_key=MzgyNjUwODI2OTM4OTUwMTU1OQ%3D%3D.3-ccb7-5&ccb=7-5&_nc_sid=58cdad&efg=eyJ2ZW5jb2RlX3RhZyI6InhwaWRzLjY0MHgxMTM2Lmhkci5DMiJ9&_nc_ohc=BGOYHT3_v94Q7kNvwFqonRZ&_nc_oc=AdmUm-lfFlinLPOsnGIh9glE8f-Qwz930V5QFIPL9T2ysUbMENjul4aYbyoQegq0686Y3FY1kcjQxfthHJTABkeW&_nc_ad=z-m&_nc_cid=0&_nc_zt=23&se=-1&_nc_ht=instagram.fsdu8-1.fna&_nc_gid=mZkhx-TeDuoEGO1DaSJtGg&_nc_ss=8&oh=00_AfsOwAIHM_nHL_QtPkcAHAPlbZLqNlgBGB8KccNVfqrbcQ&oe=69AA42EC
https://instagram.fsdu8-1.fna.fbcdn.net/v/t51.71878-15/628229959_2674936066213902_6521270346600831649_n.jpg?stp=c0.248.640.640a_dst-jpegr_e15_s480x480_tt6&_nc_cat=102&ig_cache_key=MzgyNjUwODI2OTM4OTUwMTU1OQ%3D%3D.3-ccb7-5&ccb=7-5&_nc_sid=58cdad&efg=eyJ2ZW5jb2RlX3RhZyI6InhwaWRzLjY0MHgxMTM2Lmhkci5DMiJ9&_nc_ohc=BGOYHT3_v94Q7kNvwFqonRZ&_nc_oc=AdmUm-lfFlinLPOsnGIh9glE8f-Qwz930V5QFIPL9T2ysUbMENjul4aYbyoQegq0686Y3FY1kcjQxfthHJTABkeW&_nc_ad=z-m&_nc_cid=0&_nc_zt=23&se=-1&_nc_ht=instagram.fsdu8-1.fna&_nc_gid=mZkhx-TeDuoEGO1DaSJtGg&_nc_ss=8&oh=00_AfuS1v__ZLiSsBT7uTJ6cyrlT01l5vRgXX5KcgvRT6oKfw&oe=69AA42EC
https://instagram.fsdu8-1.fna.fbcdn.net/v/t51.71878-15/628229959_2674936066213902_6521270346600831649_n.jpg?stp=c0.248.640.640a_dst-jpegr_e15_s320x320_tt6&_nc_cat=102&ig_cache_key=MzgyNjUwODI2OTM4OTUwMTU1OQ%3D%3D.3-ccb7-5&ccb=7-5&_nc_sid=58cdad&efg=eyJ2ZW5jb2RlX3RhZyI6InhwaWRzLjY0MHgxMTM2Lmhkci5DMiJ9&_nc_ohc=BGOYHT3_v94Q7kNvwFqonRZ&_nc_oc=AdmUm-lfFlinLPOsnGIh9glE8f-Qwz930V5QFIPL9T2ysUbMENjul4aYbyoQegq0686Y3FY1kcjQxfthHJTABkeW&_nc_ad=z-m&_nc_cid=0&_nc_zt=23&se=-1&_nc_ht=instagram.fsdu8-1.fna&_nc_gid=mZkhx-TeDuoEGO1DaSJtGg&_nc_ss=8&oh=00_Afttn7ySk_jqguA90plqCDGUdManhFPiBDKAwaF2O9UPYQ&oe=69AA42EC
https://instagram.fsdu8-1.fna.fbcdn.net/v/t51.71878-15/628229959_2674936066213902_6521270346600831649_n.jpg?stp=c0.248.640.640a_dst-jpegr_e15_s240x240_tt6&_nc_cat=102&ig_cache_key=MzgyNjUwODI2OTM4OTUwMTU1OQ%3D%3D.3-ccb7-5&ccb=7-5&_nc_sid=58cdad&efg=eyJ2ZW5jb2RlX3RhZyI6InhwaWRzLjY0MHgxMTM2Lmhkci5DMiJ9&_nc_ohc=BGOYHT3_v94Q7kNvwFqonRZ&_nc_oc=AdmUm-lfFlinLPOsnGIh9glE8f-Qwz930V5QFIPL9T2ysUbMENjul4aYbyoQegq0686Y3FY1kcjQxfthHJTABkeW&_nc_ad=z-m&_nc_cid=0&_nc_zt=23&se=-1&_nc_ht=instagram.fsdu8-1.fna&_nc_gid=mZkhx-TeDuoEGO1DaSJtGg&_nc_ss=8&oh=00_AfuVh91s8X65fS6k_ax0l3D30jyAugOq5IUOSchHMl1O1A&oe=69AA42EC
https://instagram.fsdu8-1.fna.fbcdn.net/v/t51.71878-15/628229959_2674936066213902_6521270346600831649_n.jpg?stp=c0.248.640.640a_dst-jpegr_e15_s150x150_tt6&_nc_cat=102&ig_cache_key=MzgyNjUwODI2OTM4OTUwMTU1OQ%3D%3D.3-ccb7-5&ccb=7-5&_nc_sid=58cdad&efg=eyJ2ZW5jb2RlX3RhZyI6InhwaWRzLjY0MHgxMTM2Lmhkci5DMiJ9&_nc_ohc=BGOYHT3_v94Q7kNvwFqonRZ&_nc_oc=AdmUm-lfFlinLPOsnGIh9glE8f-Qwz930V5QFIPL9T2ysUbMENjul4aYbyoQegq0686Y3FY1kcjQxfthHJTABkeW&_nc_ad=z-m&_nc_cid=0&_nc_zt=23&se=-1&_nc_ht=instagram.fsdu8-1.fna&_nc_gid=mZkhx-TeDuoEGO1DaSJtGg&_nc_ss=8&oh=00_AfspUjvULG3T3q-EpPH0IoFUHEczTm8weBpYPAE-Prs31g&oe=69AA42EC",NA,NO,YES,https://instagram.fsdu8-2.fna.fbcdn.net/o1/v/t16/f2/m69/AQOMXil3eGYRxDSvcz2tpJ-a3JnNYRzWO4Rg3oSh4ktGaugQcZ0O1FAiypU8o2MAhIPJglqkSy_BU3mbifVKIyxL.mp4?strext=1&_nc_cat=103&_nc_oc=AdlL2_u3fq163d6T9pFlfRL_cdrvccJO6QA8qfyKTsmRF6HZu1yw7gqRPpUBkmilECjK2Bu7pizJ378ZRMrIF6Bk&_nc_sid=5e9851&_nc_ht=instagram.fsdu8-2.fna.fbcdn.net&_nc_ohc=EtXD_eI-m5UQ7kNvwGfsngf&efg=eyJ2ZW5jb2RlX3RhZyI6Inhwdl9wcm9ncmVzc2l2ZS5JTlNUQUdSQU0uQ0xJUFMuQzIuNzIwLmRhc2hfYmFzZWxpbmVfMV92MSIsInhwdl9hc3NldF9pZCI6MTc5NDE1OTAwMDMxMjg1MDgsImFzc2V0X2FnZV9kYXlzIjoyMywidmlfdXNlY2FzZV9pZCI6MTAwOTksImR1cmF0aW9uX3MiOjE1MiwidXJsZ2VuX3NvdXJjZSI6Ind3dyJ9&ccb=17-1&_nc_gid=mZkhx-TeDuoEGO1DaSJtGg&_nc_ss=8&_nc_zt=28&vs=c6ab3abf3f5c272c&_nc_vs=HBksFQIYOnBhc3N0aHJvdWdoX2V2ZXJzdG9yZS9HSUdXWENXbTNYY1RqUHdGQU5hdmQwS2ZfRTRMYnNwVEFRQUYVAALIARIAFQIYUWlnX3hwdl9wbGFjZW1lbnRfcGVybWFuZW50X3YyL0Y3NDBBOTBBMjk2N0M1RDhGOTFDMEE5OTAwNDkyREEyX2F1ZGlvX2Rhc2hpbml0Lm1wNBUCAsgBEgAoABgAGwKIB3VzZV9vaWwBMRJwcm9ncmVzc2l2ZV9yZWNpcGUBMRUAACb44ryt_vHePxUCKAJDMiwXQGMZmZmZmZoYEmRhc2hfYmFzZWxpbmVfMV92MREAdf4HZeadAQA&oh=00_AfuMPCJLZVMfJCbTH6hHQDwNpEtN_WNlpsoKUaiqy9uLCQ&oe=69AA6EA9,NA,3194347257,eliasmkjabbour,NA,Rio de Janeiro,NA,NA,-22908.0,-431975.0,Autenticidade,Reforça a capacidade de inspirar confiança e de ser percebida como alguém em quem se pode confiar.,90,10,6.67,6.67,0,6.67,6.67,0,40,33.33
postagem_72,3826229034758308274,DUZfwjuDgGy,"Fri, 06 Feb 2026 01:42:11 GMT",2026-02-06T00:00:00Z,1770342131,Feliz aniversário @eduardomoreirareal . Com a líder da bancada do @pcdob_oficial na Câmara @jandira_feghali,NA,11373,260,https://www.instagram.com/p/DUZfwjuDgGy/,https://instagram.fsdu8-2.fna.fbcdn.net/v/t51.71878-15/629591977_1900891013849725_131518602005199586_n.jpg?stp=dst-jpg_e15_tt6&_nc_cat=108&ig_cache_key=MzgyNjIyOTAzNDc1ODMwODI3NA%3D%3D.3-ccb7-5&ccb=7-5&_nc_sid=58cdad&efg=eyJ2ZW5jb2RlX3RhZyI6InhwaWRzLjY0MHgxMTM2LnNkci5DMiJ9&_nc_ohc=TVDp7U49tCUQ7kNvwHu3s4S&_nc_oc=AdlYiMbzI1KZJDf8A71JimaU2wXyjahtvRv5d2QEoTGMBGXPB3NuRzGTs_xMlHqen_B8tbL7mb4ldPl-cB2UjkMG&_nc_ad=z-m&_nc_cid=0&_nc_zt=23&_nc_ht=instagram.fsdu8-2.fna&_nc_gid=mZkhx-TeDuoEGO1DaSJtGg&_nc_ss=8&oh=00_AfuiibKi0B-80JoL7ms6Ahfmp4qNWOcFFt6f-sipMhp0Rg&oe=69AA72AE,https://instagram.fsdu8-2.fna.fbcdn.net/v/t51.71878-15/629591977_1900891013849725_131518602005199586_n.jpg?stp=dst-jpg_e15_tt6&_nc_cat=108&ig_cache_key=MzgyNjIyOTAzNDc1ODMwODI3NA%3D%3D.3-ccb7-5&ccb=7-5&_nc_sid=58cdad&efg=eyJ2ZW5jb2RlX3RhZyI6InhwaWRzLjY0MHgxMTM2LnNkci5DMiJ9&_nc_ohc=TVDp7U49tCUQ7kNvwHu3s4S&_nc_oc=AdlYiMbzI1KZJDf8A71JimaU2wXyjahtvRv5d2QEoTGMBGXPB3NuRzGTs_xMlHqen_B8tbL7mb4ldPl-cB2UjkMG&_nc_ad=z-m&_nc_cid=0&_nc_zt=23&_nc_ht=instagram.fsdu8-2.fna&_nc_gid=mZkhx-TeDuoEGO1DaSJtGg&_nc_ss=8&oh=00_AfuiibKi0B-80JoL7ms6Ahfmp4qNWOcFFt6f-sipMhp0Rg&oe=69AA72AE,"https://instagram.fsdu8-2.fna.fbcdn.net/v/t51.71878-15/629591977_1900891013849725_131518602005199586_n.jpg?stp=dst-jpg_e15_tt6&_nc_cat=108&ig_cache_key=MzgyNjIyOTAzNDc1ODMwODI3NA%3D%3D.3-ccb7-5&ccb=7-5&_nc_sid=58cdad&efg=eyJ2ZW5jb2RlX3RhZyI6InhwaWRzLjY0MHgxMTM2LnNkci5DMiJ9&_nc_ohc=TVDp7U49tCUQ7kNvwHu3s4S&_nc_oc=AdlYiMbzI1KZJDf8A71JimaU2wXyjahtvRv5d2QEoTGMBGXPB3NuRzGTs_xMlHqen_B8tbL7mb4ldPl-cB2UjkMG&_nc_ad=z-m&_nc_cid=0&_nc_zt=23&_nc_ht=instagram.fsdu8-2.fna&_nc_gid=mZkhx-TeDuoEGO1DaSJtGg&_nc_ss=8&oh=00_AfuiibKi0B-80JoL7ms6Ahfmp4qNWOcFFt6f-sipMhp0Rg&oe=69AA72AE
https://instagram.fsdu8-2.fna.fbcdn.net/v/t51.71878-15/629591977_1900891013849725_131518602005199586_n.jpg?stp=dst-jpg_e15_p480x480_tt6&_nc_cat=108&ig_cache_key=MzgyNjIyOTAzNDc1ODMwODI3NA%3D%3D.3-ccb7-5&ccb=7-5&_nc_sid=58cdad&efg=eyJ2ZW5jb2RlX3RhZyI6InhwaWRzLjY0MHgxMTM2LnNkci5DMiJ9&_nc_ohc=TVDp7U49tCUQ7kNvwHu3s4S&_nc_oc=AdlYiMbzI1KZJDf8A71JimaU2wXyjahtvRv5d2QEoTGMBGXPB3NuRzGTs_xMlHqen_B8tbL7mb4ldPl-cB2UjkMG&_nc_ad=z-m&_nc_cid=0&_nc_zt=23&_nc_ht=instagram.fsdu8-2.fna&_nc_gid=mZkhx-TeDuoEGO1DaSJtGg&_nc_ss=8&oh=00_Afvsm-AFgEWDSFAqqG-uPMLxy7L2veKF7yO0ux8r8J2ijg&oe=69AA72AE
https://instagram.fsdu8-2.fna.fbcdn.net/v/t51.71878-15/629591977_1900891013849725_131518602005199586_n.jpg?stp=dst-jpg_e15_p320x320_tt6&_nc_cat=108&ig_cache_key=MzgyNjIyOTAzNDc1ODMwODI3NA%3D%3D.3-ccb7-5&ccb=7-5&_nc_sid=58cdad&efg=eyJ2ZW5jb2RlX3RhZyI6InhwaWRzLjY0MHgxMTM2LnNkci5DMiJ9&_nc_ohc=TVDp7U49tCUQ7kNvwHu3s4S&_nc_oc=AdlYiMbzI1KZJDf8A71JimaU2wXyjahtvRv5d2QEoTGMBGXPB3NuRzGTs_xMlHqen_B8tbL7mb4ldPl-cB2UjkMG&_nc_ad=z-m&_nc_cid=0&_nc_zt=23&_nc_ht=instagram.fsdu8-2.fna&_nc_gid=mZkhx-TeDuoEGO1DaSJtGg&_nc_ss=8&oh=00_Afv1Q9HERSTReezuV6hqO23N95Pkx0xuQu_m6ye5kJFwow&oe=69AA72AE
https://instagram.fsdu8-2.fna.fbcdn.net/v/t51.71878-15/629591977_1900891013849725_131518602005199586_n.jpg?stp=dst-jpg_e15_p240x240_tt6&_nc_cat=108&ig_cache_key=MzgyNjIyOTAzNDc1ODMwODI3NA%3D%3D.3-ccb7-5&ccb=7-5&_nc_sid=58cdad&efg=eyJ2ZW5jb2RlX3RhZyI6InhwaWRzLjY0MHgxMTM2LnNkci5DMiJ9&_nc_ohc=TVDp7U49tCUQ7kNvwHu3s4S&_nc_oc=AdlYiMbzI1KZJDf8A71JimaU2wXyjahtvRv5d2QEoTGMBGXPB3NuRzGTs_xMlHqen_B8tbL7mb4ldPl-cB2UjkMG&_nc_ad=z-m&_nc_cid=0&_nc_zt=23&_nc_ht=instagram.fsdu8-2.fna&_nc_gid=mZkhx-TeDuoEGO1DaSJtGg&_nc_ss=8&oh=00_AfuU39FQHE-7zNvZdzLkBIhyrbSKfVUViicbF0e-KvM5ow&oe=69AA72AE
https://instagram.fsdu8-2.fna.fbcdn.net/v/t51.71878-15/629591977_1900891013849725_131518602005199586_n.jpg?stp=c0.248.640.640a_dst-jpg_e15_s640x639_tt6&_nc_cat=108&ig_cache_key=MzgyNjIyOTAzNDc1ODMwODI3NA%3D%3D.3-ccb7-5&ccb=7-5&_nc_sid=58cdad&efg=eyJ2ZW5jb2RlX3RhZyI6InhwaWRzLjY0MHgxMTM2LnNkci5DMiJ9&_nc_ohc=TVDp7U49tCUQ7kNvwHu3s4S&_nc_oc=AdlYiMbzI1KZJDf8A71JimaU2wXyjahtvRv5d2QEoTGMBGXPB3NuRzGTs_xMlHqen_B8tbL7mb4ldPl-cB2UjkMG&_nc_ad=z-m&_nc_cid=0&_nc_zt=23&_nc_ht=instagram.fsdu8-2.fna&_nc_gid=mZkhx-TeDuoEGO1DaSJtGg&_nc_ss=8&oh=00_AftWaWIWepjH6LcF3RY6a4J_6G0h52jAiTXC4Mo_lqnZAQ&oe=69AA72AE
https://instagram.fsdu8-2.fna.fbcdn.net/v/t51.71878-15/629591977_1900891013849725_131518602005199586_n.jpg?stp=c0.248.640.640a_dst-jpg_e15_s640x639_tt6&_nc_cat=108&ig_cache_key=MzgyNjIyOTAzNDc1ODMwODI3NA%3D%3D.3-ccb7-5&ccb=7-5&_nc_sid=58cdad&efg=eyJ2ZW5jb2RlX3RhZyI6InhwaWRzLjY0MHgxMTM2LnNkci5DMiJ9&_nc_ohc=TVDp7U49tCUQ7kNvwHu3s4S&_nc_oc=AdlYiMbzI1KZJDf8A71JimaU2wXyjahtvRv5d2QEoTGMBGXPB3NuRzGTs_xMlHqen_B8tbL7mb4ldPl-cB2UjkMG&_nc_ad=z-m&_nc_cid=0&_nc_zt=23&_nc_ht=instagram.fsdu8-2.fna&_nc_gid=mZkhx-TeDuoEGO1DaSJtGg&_nc_ss=8&oh=00_AftWaWIWepjH6LcF3RY6a4J_6G0h52jAiTXC4Mo_lqnZAQ&oe=69AA72AE
https://instagram.fsdu8-2.fna.fbcdn.net/v/t51.71878-15/629591977_1900891013849725_131518602005199586_n.jpg?stp=c0.248.640.640a_dst-jpg_e15_s640x639_tt6&_nc_cat=108&ig_cache_key=MzgyNjIyOTAzNDc1ODMwODI3NA%3D%3D.3-ccb7-5&ccb=7-5&_nc_sid=58cdad&efg=eyJ2ZW5jb2RlX3RhZyI6InhwaWRzLjY0MHgxMTM2LnNkci5DMiJ9&_nc_ohc=TVDp7U49tCUQ7kNvwHu3s4S&_nc_oc=AdlYiMbzI1KZJDf8A71JimaU2wXyjahtvRv5d2QEoTGMBGXPB3NuRzGTs_xMlHqen_B8tbL7mb4ldPl-cB2UjkMG&_nc_ad=z-m&_nc_cid=0&_nc_zt=23&_nc_ht=instagram.fsdu8-2.fna&_nc_gid=mZkhx-TeDuoEGO1DaSJtGg&_nc_ss=8&oh=00_AftWaWIWepjH6LcF3RY6a4J_6G0h52jAiTXC4Mo_lqnZAQ&oe=69AA72AE
https://instagram.fsdu8-2.fna.fbcdn.net/v/t51.71878-15/629591977_1900891013849725_131518602005199586_n.jpg?stp=c0.248.640.640a_dst-jpg_e15_s480x480_tt6&_nc_cat=108&ig_cache_key=MzgyNjIyOTAzNDc1ODMwODI3NA%3D%3D.3-ccb7-5&ccb=7-5&_nc_sid=58cdad&efg=eyJ2ZW5jb2RlX3RhZyI6InhwaWRzLjY0MHgxMTM2LnNkci5DMiJ9&_nc_ohc=TVDp7U49tCUQ7kNvwHu3s4S&_nc_oc=AdlYiMbzI1KZJDf8A71JimaU2wXyjahtvRv5d2QEoTGMBGXPB3NuRzGTs_xMlHqen_B8tbL7mb4ldPl-cB2UjkMG&_nc_ad=z-m&_nc_cid=0&_nc_zt=23&_nc_ht=instagram.fsdu8-2.fna&_nc_gid=mZkhx-TeDuoEGO1DaSJtGg&_nc_ss=8&oh=00_Aft4vvGO94gC_Dx1KjBICdq-zaGlyyMHPJpsEPutwdRC1w&oe=69AA72AE
https://instagram.fsdu8-2.fna.fbcdn.net/v/t51.71878-15/629591977_1900891013849725_131518602005199586_n.jpg?stp=c0.248.640.640a_dst-jpg_e15_s320x320_tt6&_nc_cat=108&ig_cache_key=MzgyNjIyOTAzNDc1ODMwODI3NA%3D%3D.3-ccb7-5&ccb=7-5&_nc_sid=58cdad&efg=eyJ2ZW5jb2RlX3RhZyI6InhwaWRzLjY0MHgxMTM2LnNkci5DMiJ9&_nc_ohc=TVDp7U49tCUQ7kNvwHu3s4S&_nc_oc=AdlYiMbzI1KZJDf8A71JimaU2wXyjahtvRv5d2QEoTGMBGXPB3NuRzGTs_xMlHqen_B8tbL7mb4ldPl-cB2UjkMG&_nc_ad=z-m&_nc_cid=0&_nc_zt=23&_nc_ht=instagram.fsdu8-2.fna&_nc_gid=mZkhx-TeDuoEGO1DaSJtGg&_nc_ss=8&oh=00_AfsYsPGtPzKYA5IIArxJVY4ytXHNQHsbfxkjnNQfBvdfkw&oe=69AA72AE
https://instagram.fsdu8-2.fna.fbcdn.net/v/t51.71878-15/629591977_1900891013849725_131518602005199586_n.jpg?stp=c0.248.640.640a_dst-jpg_e15_s240x240_tt6&_nc_cat=108&ig_cache_key=MzgyNjIyOTAzNDc1ODMwODI3NA%3D%3D.3-ccb7-5&ccb=7-5&_nc_sid=58cdad&efg=eyJ2ZW5jb2RlX3RhZyI6InhwaWRzLjY0MHgxMTM2LnNkci5DMiJ9&_nc_ohc=TVDp7U49tCUQ7kNvwHu3s4S&_nc_oc=AdlYiMbzI1KZJDf8A71JimaU2wXyjahtvRv5d2QEoTGMBGXPB3NuRzGTs_xMlHqen_B8tbL7mb4ldPl-cB2UjkMG&_nc_ad=z-m&_nc_cid=0&_nc_zt=23&_nc_ht=instagram.fsdu8-2.fna&_nc_gid=mZkhx-TeDuoEGO1DaSJtGg&_nc_ss=8&oh=00_Afu4A_Haky7j4LCKXBs2QbltS0-QxgnZri26rjmFl_fFAw&oe=69AA72AE
https://instagram.fsdu8-2.fna.fbcdn.net/v/t51.71878-15/629591977_1900891013849725_131518602005199586_n.jpg?stp=c0.248.640.640a_dst-jpg_e15_s150x150_tt6&_nc_cat=108&ig_cache_key=MzgyNjIyOTAzNDc1ODMwODI3NA%3D%3D.3-ccb7-5&ccb=7-5&_nc_sid=58cdad&efg=eyJ2ZW5jb2RlX3RhZyI6InhwaWRzLjY0MHgxMTM2LnNkci5DMiJ9&_nc_ohc=TVDp7U49tCUQ7kNvwHu3s4S&_nc_oc=AdlYiMbzI1KZJDf8A71JimaU2wXyjahtvRv5d2QEoTGMBGXPB3NuRzGTs_xMlHqen_B8tbL7mb4ldPl-cB2UjkMG&_nc_ad=z-m&_nc_cid=0&_nc_zt=23&_nc_ht=instagram.fsdu8-2.fna&_nc_gid=mZkhx-TeDuoEGO1DaSJtGg&_nc_ss=8&oh=00_AfsDynX35EV-VOdnNS_N0bkTtp_K3RDK6lKcB1lSFwL-Vw&oe=69AA72AE",NA,NO,YES,https://instagram.fsdu8-2.fna.fbcdn.net/o1/v/t16/f2/m69/AQNadX9RUItBdKhjtliecwHw9h_m6MHwkfOXq131zNPkQsZrYj8Oe1E5mlLc2OG38GoiGXI4Sf6xVyG-YkBw6Pnv.mp4?strext=1&_nc_cat=105&_nc_oc=Adn0yHhNDhwFMDekQHdNkyEP2MEjubOcWrLBU2naPdr7oXBA6nAsrd-4ApIu1mnDt__RQiHx-xbv-AKI5YThAvAU&_nc_sid=5e9851&_nc_ht=instagram.fsdu8-2.fna.fbcdn.net&_nc_ohc=Wu4sfflfoS8Q7kNvwHXSN0Z&efg=eyJ2ZW5jb2RlX3RhZyI6Inhwdl9wcm9ncmVzc2l2ZS5JTlNUQUdSQU0uQ0xJUFMuQzIuNzIwLmRhc2hfYmFzZWxpbmVfMV92MSIsInhwdl9hc3NldF9pZCI6MTc5NDE1NTAzNjQxMjg1MDgsImFzc2V0X2FnZV9kYXlzIjoyMywidmlfdXNlY2FzZV9pZCI6MTAwOTksImR1cmF0aW9uX3MiOjEwLCJ1cmxnZW5fc291cmNlIjoid3d3In0%3D&ccb=17-1&_nc_gid=mZkhx-TeDuoEGO1DaSJtGg&_nc_ss=8&_nc_zt=28&vs=2ee90acb056d99ea&_nc_vs=HBksFQIYOnBhc3N0aHJvdWdoX2V2ZXJzdG9yZS9HSnoyYmlXczlaVlJiXzhFQUd0STVKa05QOW9OYnNwVEFRQUYVAALIARIAFQIYUWlnX3hwdl9wbGFjZW1lbnRfcGVybWFuZW50X3YyLzc0NDI0NkU4QkY0NDFGNkI0MzYwMDY5QzU5QzEzMDkxX2F1ZGlvX2Rhc2hpbml0Lm1wNBUCAsgBEgAoABgAGwKIB3VzZV9vaWwBMRJwcm9ncmVzc2l2ZV9yZWNpcGUBMRUAACb40-OC1-_ePxUCKAJDMiwXQCQQ5WBBiTcYEmRhc2hfYmFzZWxpbmVfMV92MREAdf4HZeadAQA&oh=00_Afvz88XqVysN9tjolugK0P8AJ1SB08nIrhXfZzigrWmzew&oe=69AA3D47,NA,3194347257,eliasmkjabbour,NA,NA,NA,NA,NA,NA,Humanização,"Enfatiza a capacidade de ser percebida como próxima, acessível e semelhante aos eleitores, especialmente em termos de estilo de vida",50,50,7.69,30.77,7.69,15.38,15.38,7.69,0,15.38
postagem_70,3825799926563924352,DUX-MNkjumA,"Thu, 05 Feb 2026 11:29:55 GMT",2026-02-05T00:00:00Z,1770290995,"Epstein, Fidel Castro, Dalai Lama. Os e-mails que revelam o ódio ao socialismo e o quão depravado pode ser um império em decadência.",NA,14682,419,https://www.instagram.com/p/DUX-MNkjumA/,https://instagram.fsdu8-1.fna.fbcdn.net/v/t51.71878-15/629287787_4305624633013825_1356263371630402884_n.jpg?stp=dst-jpegr_e15_tt6&_nc_cat=104&ig_cache_key=MzgyNTc5OTkyNjU2MzkyNDM1Mg%3D%3D.3-ccb7-5&ccb=7-5&_nc_sid=58cdad&efg=eyJ2ZW5jb2RlX3RhZyI6InhwaWRzLjY0MHgxMTM2Lmhkci5DMiJ9&_nc_ohc=D9zR2HC1qN8Q7kNvwFqX1D_&_nc_oc=AdmIHNmoYPC-JMgGBrM3XWD8ISHZHjWFSTnTPPlqDII9PTLXYzwPOcdDNejSFdFBBOAO6SFLGQL6EYlNu-8Hd8HF&_nc_ad=z-m&_nc_cid=0&_nc_zt=23&se=-1&_nc_ht=instagram.fsdu8-1.fna&_nc_gid=mZkhx-TeDuoEGO1DaSJtGg&_nc_ss=8&oh=00_AfsoA9-dfYFk9zoZXgT2YsPzV3qyAyeZAZ-mSdMY1_gyEw&oe=69AA6712,https://instagram.fsdu8-1.fna.fbcdn.net/v/t51.71878-15/629287787_4305624633013825_1356263371630402884_n.jpg?stp=dst-jpegr_e15_tt6&_nc_cat=104&ig_cache_key=MzgyNTc5OTkyNjU2MzkyNDM1Mg%3D%3D.3-ccb7-5&ccb=7-5&_nc_sid=58cdad&efg=eyJ2ZW5jb2RlX3RhZyI6InhwaWRzLjY0MHgxMTM2Lmhkci5DMiJ9&_nc_ohc=D9zR2HC1qN8Q7kNvwFqX1D_&_nc_oc=AdmIHNmoYPC-JMgGBrM3XWD8ISHZHjWFSTnTPPlqDII9PTLXYzwPOcdDNejSFdFBBOAO6SFLGQL6EYlNu-8Hd8HF&_nc_ad=z-m&_nc_cid=0&_nc_zt=23&se=-1&_nc_ht=instagram.fsdu8-1.fna&_nc_gid=mZkhx-TeDuoEGO1DaSJtGg&_nc_ss=8&oh=00_AfsoA9-dfYFk9zoZXgT2YsPzV3qyAyeZAZ-mSdMY1_gyEw&oe=69AA6712,"https://instagram.fsdu8-1.fna.fbcdn.net/v/t51.71878-15/629287787_4305624633013825_1356263371630402884_n.jpg?stp=dst-jpegr_e15_tt6&_nc_cat=104&ig_cache_key=MzgyNTc5OTkyNjU2MzkyNDM1Mg%3D%3D.3-ccb7-5&ccb=7-5&_nc_sid=58cdad&efg=eyJ2ZW5jb2RlX3RhZyI6InhwaWRzLjY0MHgxMTM2Lmhkci5DMiJ9&_nc_ohc=D9zR2HC1qN8Q7kNvwFqX1D_&_nc_oc=AdmIHNmoYPC-JMgGBrM3XWD8ISHZHjWFSTnTPPlqDII9PTLXYzwPOcdDNejSFdFBBOAO6SFLGQL6EYlNu-8Hd8HF&_nc_ad=z-m&_nc_cid=0&_nc_zt=23&se=-1&_nc_ht=instagram.fsdu8-1.fna&_nc_gid=mZkhx-TeDuoEGO1DaSJtGg&_nc_ss=8&oh=00_AfsoA9-dfYFk9zoZXgT2YsPzV3qyAyeZAZ-mSdMY1_gyEw&oe=69AA6712
https://instagram.fsdu8-1.fna.fbcdn.net/v/t51.71878-15/629287787_4305624633013825_1356263371630402884_n.jpg?stp=dst-jpegr_e15_p480x480_tt6&_nc_cat=104&ig_cache_key=MzgyNTc5OTkyNjU2MzkyNDM1Mg%3D%3D.3-ccb7-5&ccb=7-5&_nc_sid=58cdad&efg=eyJ2ZW5jb2RlX3RhZyI6InhwaWRzLjY0MHgxMTM2Lmhkci5DMiJ9&_nc_ohc=D9zR2HC1qN8Q7kNvwFqX1D_&_nc_oc=AdmIHNmoYPC-JMgGBrM3XWD8ISHZHjWFSTnTPPlqDII9PTLXYzwPOcdDNejSFdFBBOAO6SFLGQL6EYlNu-8Hd8HF&_nc_ad=z-m&_nc_cid=0&_nc_zt=23&se=-1&_nc_ht=instagram.fsdu8-1.fna&_nc_gid=mZkhx-TeDuoEGO1DaSJtGg&_nc_ss=8&oh=00_AfvzrjZ2tdJkhW76IR4bDwE9QCNIpcAcal8R-ltwHzr_Iw&oe=69AA6712
https://instagram.fsdu8-1.fna.fbcdn.net/v/t51.71878-15/629287787_4305624633013825_1356263371630402884_n.jpg?stp=dst-jpegr_e15_p320x320_tt6&_nc_cat=104&ig_cache_key=MzgyNTc5OTkyNjU2MzkyNDM1Mg%3D%3D.3-ccb7-5&ccb=7-5&_nc_sid=58cdad&efg=eyJ2ZW5jb2RlX3RhZyI6InhwaWRzLjY0MHgxMTM2Lmhkci5DMiJ9&_nc_ohc=D9zR2HC1qN8Q7kNvwFqX1D_&_nc_oc=AdmIHNmoYPC-JMgGBrM3XWD8ISHZHjWFSTnTPPlqDII9PTLXYzwPOcdDNejSFdFBBOAO6SFLGQL6EYlNu-8Hd8HF&_nc_ad=z-m&_nc_cid=0&_nc_zt=23&se=-1&_nc_ht=instagram.fsdu8-1.fna&_nc_gid=mZkhx-TeDuoEGO1DaSJtGg&_nc_ss=8&oh=00_Afu4k1g5V7prnesKCeUUrsVXm1zzcqGj_c7NgbWilFYqOA&oe=69AA6712
https://instagram.fsdu8-1.fna.fbcdn.net/v/t51.71878-15/629287787_4305624633013825_1356263371630402884_n.jpg?stp=dst-jpegr_e15_p240x240_tt6&_nc_cat=104&ig_cache_key=MzgyNTc5OTkyNjU2MzkyNDM1Mg%3D%3D.3-ccb7-5&ccb=7-5&_nc_sid=58cdad&efg=eyJ2ZW5jb2RlX3RhZyI6InhwaWRzLjY0MHgxMTM2Lmhkci5DMiJ9&_nc_ohc=D9zR2HC1qN8Q7kNvwFqX1D_&_nc_oc=AdmIHNmoYPC-JMgGBrM3XWD8ISHZHjWFSTnTPPlqDII9PTLXYzwPOcdDNejSFdFBBOAO6SFLGQL6EYlNu-8Hd8HF&_nc_ad=z-m&_nc_cid=0&_nc_zt=23&se=-1&_nc_ht=instagram.fsdu8-1.fna&_nc_gid=mZkhx-TeDuoEGO1DaSJtGg&_nc_ss=8&oh=00_AfuGOgceVGINDt_qBfk2CMwFtHNApPplLyxMULiKfrhNYg&oe=69AA6712
https://instagram.fsdu8-1.fna.fbcdn.net/v/t51.71878-15/629287787_4305624633013825_1356263371630402884_n.jpg?stp=c0.248.640.640a_dst-jpegr_e15_s640x639_tt6&_nc_cat=104&ig_cache_key=MzgyNTc5OTkyNjU2MzkyNDM1Mg%3D%3D.3-ccb7-5&ccb=7-5&_nc_sid=58cdad&efg=eyJ2ZW5jb2RlX3RhZyI6InhwaWRzLjY0MHgxMTM2Lmhkci5DMiJ9&_nc_ohc=D9zR2HC1qN8Q7kNvwFqX1D_&_nc_oc=AdmIHNmoYPC-JMgGBrM3XWD8ISHZHjWFSTnTPPlqDII9PTLXYzwPOcdDNejSFdFBBOAO6SFLGQL6EYlNu-8Hd8HF&_nc_ad=z-m&_nc_cid=0&_nc_zt=23&se=-1&_nc_ht=instagram.fsdu8-1.fna&_nc_gid=mZkhx-TeDuoEGO1DaSJtGg&_nc_ss=8&oh=00_Afujy9VzEjaNPGc7Q_eKMaxeZwRf4v-dxkdgg9phig9Gvw&oe=69AA6712
https://instagram.fsdu8-1.fna.fbcdn.net/v/t51.71878-15/629287787_4305624633013825_1356263371630402884_n.jpg?stp=c0.248.640.640a_dst-jpegr_e15_s640x639_tt6&_nc_cat=104&ig_cache_key=MzgyNTc5OTkyNjU2MzkyNDM1Mg%3D%3D.3-ccb7-5&ccb=7-5&_nc_sid=58cdad&efg=eyJ2ZW5jb2RlX3RhZyI6InhwaWRzLjY0MHgxMTM2Lmhkci5DMiJ9&_nc_ohc=D9zR2HC1qN8Q7kNvwFqX1D_&_nc_oc=AdmIHNmoYPC-JMgGBrM3XWD8ISHZHjWFSTnTPPlqDII9PTLXYzwPOcdDNejSFdFBBOAO6SFLGQL6EYlNu-8Hd8HF&_nc_ad=z-m&_nc_cid=0&_nc_zt=23&se=-1&_nc_ht=instagram.fsdu8-1.fna&_nc_gid=mZkhx-TeDuoEGO1DaSJtGg&_nc_ss=8&oh=00_Afujy9VzEjaNPGc7Q_eKMaxeZwRf4v-dxkdgg9phig9Gvw&oe=69AA6712
https://instagram.fsdu8-1.fna.fbcdn.net/v/t51.71878-15/629287787_4305624633013825_1356263371630402884_n.jpg?stp=c0.248.640.640a_dst-jpegr_e15_s640x639_tt6&_nc_cat=104&ig_cache_key=MzgyNTc5OTkyNjU2MzkyNDM1Mg%3D%3D.3-ccb7-5&ccb=7-5&_nc_sid=58cdad&efg=eyJ2ZW5jb2RlX3RhZyI6InhwaWRzLjY0MHgxMTM2Lmhkci5DMiJ9&_nc_ohc=D9zR2HC1qN8Q7kNvwFqX1D_&_nc_oc=AdmIHNmoYPC-JMgGBrM3XWD8ISHZHjWFSTnTPPlqDII9PTLXYzwPOcdDNejSFdFBBOAO6SFLGQL6EYlNu-8Hd8HF&_nc_ad=z-m&_nc_cid=0&_nc_zt=23&se=-1&_nc_ht=instagram.fsdu8-1.fna&_nc_gid=mZkhx-TeDuoEGO1DaSJtGg&_nc_ss=8&oh=00_Afujy9VzEjaNPGc7Q_eKMaxeZwRf4v-dxkdgg9phig9Gvw&oe=69AA6712
https://instagram.fsdu8-1.fna.fbcdn.net/v/t51.71878-15/629287787_4305624633013825_1356263371630402884_n.jpg?stp=c0.248.640.640a_dst-jpegr_e15_s480x480_tt6&_nc_cat=104&ig_cache_key=MzgyNTc5OTkyNjU2MzkyNDM1Mg%3D%3D.3-ccb7-5&ccb=7-5&_nc_sid=58cdad&efg=eyJ2ZW5jb2RlX3RhZyI6InhwaWRzLjY0MHgxMTM2Lmhkci5DMiJ9&_nc_ohc=D9zR2HC1qN8Q7kNvwFqX1D_&_nc_oc=AdmIHNmoYPC-JMgGBrM3XWD8ISHZHjWFSTnTPPlqDII9PTLXYzwPOcdDNejSFdFBBOAO6SFLGQL6EYlNu-8Hd8HF&_nc_ad=z-m&_nc_cid=0&_nc_zt=23&se=-1&_nc_ht=instagram.fsdu8-1.fna&_nc_gid=mZkhx-TeDuoEGO1DaSJtGg&_nc_ss=8&oh=00_Afu7GKaEXCL8o_co3sEhmBnJ9wI9hA5Jn7r1SrPdyOxs_A&oe=69AA6712
https://instagram.fsdu8-1.fna.fbcdn.net/v/t51.71878-15/629287787_4305624633013825_1356263371630402884_n.jpg?stp=c0.248.640.640a_dst-jpegr_e15_s320x320_tt6&_nc_cat=104&ig_cache_key=MzgyNTc5OTkyNjU2MzkyNDM1Mg%3D%3D.3-ccb7-5&ccb=7-5&_nc_sid=58cdad&efg=eyJ2ZW5jb2RlX3RhZyI6InhwaWRzLjY0MHgxMTM2Lmhkci5DMiJ9&_nc_ohc=D9zR2HC1qN8Q7kNvwFqX1D_&_nc_oc=AdmIHNmoYPC-JMgGBrM3XWD8ISHZHjWFSTnTPPlqDII9PTLXYzwPOcdDNejSFdFBBOAO6SFLGQL6EYlNu-8Hd8HF&_nc_ad=z-m&_nc_cid=0&_nc_zt=23&se=-1&_nc_ht=instagram.fsdu8-1.fna&_nc_gid=mZkhx-TeDuoEGO1DaSJtGg&_nc_ss=8&oh=00_AfvvhivzkGIG2kzHLVcCuS3ixCgV2tbzFqiGSNGMPtln-Q&oe=69AA6712
https://instagram.fsdu8-1.fna.fbcdn.net/v/t51.71878-15/629287787_4305624633013825_1356263371630402884_n.jpg?stp=c0.248.640.640a_dst-jpegr_e15_s240x240_tt6&_nc_cat=104&ig_cache_key=MzgyNTc5OTkyNjU2MzkyNDM1Mg%3D%3D.3-ccb7-5&ccb=7-5&_nc_sid=58cdad&efg=eyJ2ZW5jb2RlX3RhZyI6InhwaWRzLjY0MHgxMTM2Lmhkci5DMiJ9&_nc_ohc=D9zR2HC1qN8Q7kNvwFqX1D_&_nc_oc=AdmIHNmoYPC-JMgGBrM3XWD8ISHZHjWFSTnTPPlqDII9PTLXYzwPOcdDNejSFdFBBOAO6SFLGQL6EYlNu-8Hd8HF&_nc_ad=z-m&_nc_cid=0&_nc_zt=23&se=-1&_nc_ht=instagram.fsdu8-1.fna&_nc_gid=mZkhx-TeDuoEGO1DaSJtGg&_nc_ss=8&oh=00_AfsaX-wtrJL4g6bcZNDzaj2jgiYjuzw07jFr7oFgU0ZW_A&oe=69AA6712
https://instagram.fsdu8-1.fna.fbcdn.net/v/t51.71878-15/629287787_4305624633013825_1356263371630402884_n.jpg?stp=c0.248.640.640a_dst-jpegr_e15_s150x150_tt6&_nc_cat=104&ig_cache_key=MzgyNTc5OTkyNjU2MzkyNDM1Mg%3D%3D.3-ccb7-5&ccb=7-5&_nc_sid=58cdad&efg=eyJ2ZW5jb2RlX3RhZyI6InhwaWRzLjY0MHgxMTM2Lmhkci5DMiJ9&_nc_ohc=D9zR2HC1qN8Q7kNvwFqX1D_&_nc_oc=AdmIHNmoYPC-JMgGBrM3XWD8ISHZHjWFSTnTPPlqDII9PTLXYzwPOcdDNejSFdFBBOAO6SFLGQL6EYlNu-8Hd8HF&_nc_ad=z-m&_nc_cid=0&_nc_zt=23&se=-1&_nc_ht=instagram.fsdu8-1.fna&_nc_gid=mZkhx-TeDuoEGO1DaSJtGg&_nc_ss=8&oh=00_AfvTQFqD1mfZ0f0WbDyUFZ33urT725rIrIpnEDpbb8ExRg&oe=69AA6712",NA,NO,YES,https://instagram.fsdu8-1.fna.fbcdn.net/o1/v/t16/f2/m69/AQMbfCeXt0ORJZGw7H9FIQsuCA48aGycyyYxklB-MDN4wRznjszs_-PwDaNvL3lQrAH5yqLuia0dUSGKBhNCm6dM.mp4?strext=1&_nc_cat=104&_nc_oc=AdlskQhhS0zTD7O0b9fpAp0yM5grLP7sNX2NDhyqDSvj-Nk9804MiW4CnFo-RRu7IdpZLwthIY9z0p5ZvsIQ7GUO&_nc_sid=5e9851&_nc_ht=instagram.fsdu8-1.fna.fbcdn.net&_nc_ohc=gtUmuAxpiR0Q7kNvwGk2Mf-&efg=eyJ2ZW5jb2RlX3RhZyI6Inhwdl9wcm9ncmVzc2l2ZS5JTlNUQUdSQU0uQ0xJUFMuQzIuNzIwLmRhc2hfYmFzZWxpbmVfMV92MSIsInhwdl9hc3NldF9pZCI6MTc5NDE0Nzg4MTQxMjg1MDgsImFzc2V0X2FnZV9kYXlzIjoyNCwidmlfdXNlY2FzZV9pZCI6MTAwOTksImR1cmF0aW9uX3MiOjE3NCwidXJsZ2VuX3NvdXJjZSI6Ind3dyJ9&ccb=17-1&_nc_gid=mZkhx-TeDuoEGO1DaSJtGg&_nc_ss=8&_nc_zt=28&vs=be25ba7037478696&_nc_vs=HBksFQIYOnBhc3N0aHJvdWdoX2V2ZXJzdG9yZS9HSVFWWFNXYUVfTlp2b2tKQU5xSUJEUDFtdmg0YnNwVEFRQUYVAALIARIAFQIYUWlnX3hwdl9wbGFjZW1lbnRfcGVybWFuZW50X3YyLzBCNDdCNkVCNkRERDk4RDA1NjVCRTUyNTJBODZBN0E2X2F1ZGlvX2Rhc2hpbml0Lm1wNBUCAsgBEgAoABgAGwKIB3VzZV9vaWwBMRJwcm9ncmVzc2l2ZV9yZWNpcGUBMRUAACb45bD3wevePxUCKAJDMiwXQGXJmZmZmZoYEmRhc2hfYmFzZWxpbmVfMV92MREAdf4HZeadAQA&oh=00_AfsWd3ruZijZSImBvO0mlu7qEVVSkL9u1QPP15yGLPSU9A&oe=69AA5E68,NA,3194347257,eliasmkjabbour,NA,Rio de Janeiro,NA,NA,-22908.0,-431975.0,Autoridade,"Expressa ser detentora de habilidades, posicionando-se como melhor do que os eleitores em determinados domínios.",44.44,55.56,13.51,13.51,13.51,18.92,8.11,10.81,8.11,13.51
postagem_68,3825318009356008978,DUWQnZMkb4S,"Wed, 04 Feb 2026 19:52:06 GMT",2026-02-04T00:00:00Z,1770234726,"Hoje teve entrada da iniciativa Territórios Sociais no Morro dos Macacos, em Vila Isabel! 🔎🐒

Presidente do IPP, Elias Jabbour participou da atividade e falou sobre a importância da expansão do programa, que conecta as políticas públicas da Prefeitura com a população das Comunidades. 💬🗣️

Para nós do IPP, cada nova etapa do TS é um novo compromisso que assumimos com resultados e com a população carioca! 

Vem coisa boa por ai, pessoal! E é desta forma que garantimos decisões justas e eficientes!🌆 

#territóriossociais, ninguém fica para trás!","#territóriossociais,",1924,47,https://www.instagram.com/p/DUWQnZMkb4S/,https://instagram.fsdu8-1.fna.fbcdn.net/v/t51.71878-15/626488114_1608320977262126_7180639462098388832_n.jpg?stp=dst-jpegr_e15_tt6&_nc_cat=111&ig_cache_key=MzgyNTMxODAwOTM1NjAwODk3OA%3D%3D.3-ccb7-5&ccb=7-5&_nc_sid=58cdad&efg=eyJ2ZW5jb2RlX3RhZyI6InhwaWRzLjY0MHgxMTM2Lmhkci5DMiJ9&_nc_ohc=xB7fTQMMf6MQ7kNvwHZIgBx&_nc_oc=Adl9kDOdIgx8H_FV1C4iD3f1sOmCt-0iINVQlFrjmp60QdlWHreQKLMY-9RartKfX5bbU0NkI3Q2kP5HrQUkMsx-&_nc_ad=z-m&_nc_cid=0&_nc_zt=23&se=-1&_nc_ht=instagram.fsdu8-1.fna&_nc_gid=mZkhx-TeDuoEGO1DaSJtGg&_nc_ss=8&oh=00_AftR1dheR032g9s4rYIJlzeBvqDW-V930_HwFEOrQOwx7w&oe=69AA46BD,https://instagram.fsdu8-1.fna.fbcdn.net/v/t51.71878-15/626488114_1608320977262126_7180639462098388832_n.jpg?stp=dst-jpegr_e15_tt6&_nc_cat=111&ig_cache_key=MzgyNTMxODAwOTM1NjAwODk3OA%3D%3D.3-ccb7-5&ccb=7-5&_nc_sid=58cdad&efg=eyJ2ZW5jb2RlX3RhZyI6InhwaWRzLjY0MHgxMTM2Lmhkci5DMiJ9&_nc_ohc=xB7fTQMMf6MQ7kNvwHZIgBx&_nc_oc=Adl9kDOdIgx8H_FV1C4iD3f1sOmCt-0iINVQlFrjmp60QdlWHreQKLMY-9RartKfX5bbU0NkI3Q2kP5HrQUkMsx-&_nc_ad=z-m&_nc_cid=0&_nc_zt=23&se=-1&_nc_ht=instagram.fsdu8-1.fna&_nc_gid=mZkhx-TeDuoEGO1DaSJtGg&_nc_ss=8&oh=00_AftR1dheR032g9s4rYIJlzeBvqDW-V930_HwFEOrQOwx7w&oe=69AA46BD,"https://instagram.fsdu8-1.fna.fbcdn.net/v/t51.71878-15/626488114_1608320977262126_7180639462098388832_n.jpg?stp=dst-jpegr_e15_tt6&_nc_cat=111&ig_cache_key=MzgyNTMxODAwOTM1NjAwODk3OA%3D%3D.3-ccb7-5&ccb=7-5&_nc_sid=58cdad&efg=eyJ2ZW5jb2RlX3RhZyI6InhwaWRzLjY0MHgxMTM2Lmhkci5DMiJ9&_nc_ohc=xB7fTQMMf6MQ7kNvwHZIgBx&_nc_oc=Adl9kDOdIgx8H_FV1C4iD3f1sOmCt-0iINVQlFrjmp60QdlWHreQKLMY-9RartKfX5bbU0NkI3Q2kP5HrQUkMsx-&_nc_ad=z-m&_nc_cid=0&_nc_zt=23&se=-1&_nc_ht=instagram.fsdu8-1.fna&_nc_gid=mZkhx-TeDuoEGO1DaSJtGg&_nc_ss=8&oh=00_AftR1dheR032g9s4rYIJlzeBvqDW-V930_HwFEOrQOwx7w&oe=69AA46BD
https://instagram.fsdu8-1.fna.fbcdn.net/v/t51.71878-15/626488114_1608320977262126_7180639462098388832_n.jpg?stp=dst-jpegr_e15_p480x480_tt6&_nc_cat=111&ig_cache_key=MzgyNTMxODAwOTM1NjAwODk3OA%3D%3D.3-ccb7-5&ccb=7-5&_nc_sid=58cdad&efg=eyJ2ZW5jb2RlX3RhZyI6InhwaWRzLjY0MHgxMTM2Lmhkci5DMiJ9&_nc_ohc=xB7fTQMMf6MQ7kNvwHZIgBx&_nc_oc=Adl9kDOdIgx8H_FV1C4iD3f1sOmCt-0iINVQlFrjmp60QdlWHreQKLMY-9RartKfX5bbU0NkI3Q2kP5HrQUkMsx-&_nc_ad=z-m&_nc_cid=0&_nc_zt=23&se=-1&_nc_ht=instagram.fsdu8-1.fna&_nc_gid=mZkhx-TeDuoEGO1DaSJtGg&_nc_ss=8&oh=00_AfsLjBitTvcHvUiL32TZAfN-B-Ffp_QfmfRmd469uEAQoQ&oe=69AA46BD
https://instagram.fsdu8-1.fna.fbcdn.net/v/t51.71878-15/626488114_1608320977262126_7180639462098388832_n.jpg?stp=dst-jpegr_e15_p320x320_tt6&_nc_cat=111&ig_cache_key=MzgyNTMxODAwOTM1NjAwODk3OA%3D%3D.3-ccb7-5&ccb=7-5&_nc_sid=58cdad&efg=eyJ2ZW5jb2RlX3RhZyI6InhwaWRzLjY0MHgxMTM2Lmhkci5DMiJ9&_nc_ohc=xB7fTQMMf6MQ7kNvwHZIgBx&_nc_oc=Adl9kDOdIgx8H_FV1C4iD3f1sOmCt-0iINVQlFrjmp60QdlWHreQKLMY-9RartKfX5bbU0NkI3Q2kP5HrQUkMsx-&_nc_ad=z-m&_nc_cid=0&_nc_zt=23&se=-1&_nc_ht=instagram.fsdu8-1.fna&_nc_gid=mZkhx-TeDuoEGO1DaSJtGg&_nc_ss=8&oh=00_Aft4XYZKI2d-i-VPkQq8IWvkjQk03MNDsmIsMqbQKwFq9w&oe=69AA46BD
https://instagram.fsdu8-1.fna.fbcdn.net/v/t51.71878-15/626488114_1608320977262126_7180639462098388832_n.jpg?stp=dst-jpegr_e15_p240x240_tt6&_nc_cat=111&ig_cache_key=MzgyNTMxODAwOTM1NjAwODk3OA%3D%3D.3-ccb7-5&ccb=7-5&_nc_sid=58cdad&efg=eyJ2ZW5jb2RlX3RhZyI6InhwaWRzLjY0MHgxMTM2Lmhkci5DMiJ9&_nc_ohc=xB7fTQMMf6MQ7kNvwHZIgBx&_nc_oc=Adl9kDOdIgx8H_FV1C4iD3f1sOmCt-0iINVQlFrjmp60QdlWHreQKLMY-9RartKfX5bbU0NkI3Q2kP5HrQUkMsx-&_nc_ad=z-m&_nc_cid=0&_nc_zt=23&se=-1&_nc_ht=instagram.fsdu8-1.fna&_nc_gid=mZkhx-TeDuoEGO1DaSJtGg&_nc_ss=8&oh=00_AfsaGCW4KTu_7jCbAhPX-VjK9-UOXGNkPzR9o1nyRHgJlQ&oe=69AA46BD
https://instagram.fsdu8-1.fna.fbcdn.net/v/t51.71878-15/626488114_1608320977262126_7180639462098388832_n.jpg?stp=c0.248.640.640a_dst-jpegr_e15_s640x639_tt6&_nc_cat=111&ig_cache_key=MzgyNTMxODAwOTM1NjAwODk3OA%3D%3D.3-ccb7-5&ccb=7-5&_nc_sid=58cdad&efg=eyJ2ZW5jb2RlX3RhZyI6InhwaWRzLjY0MHgxMTM2Lmhkci5DMiJ9&_nc_ohc=xB7fTQMMf6MQ7kNvwHZIgBx&_nc_oc=Adl9kDOdIgx8H_FV1C4iD3f1sOmCt-0iINVQlFrjmp60QdlWHreQKLMY-9RartKfX5bbU0NkI3Q2kP5HrQUkMsx-&_nc_ad=z-m&_nc_cid=0&_nc_zt=23&se=-1&_nc_ht=instagram.fsdu8-1.fna&_nc_gid=mZkhx-TeDuoEGO1DaSJtGg&_nc_ss=8&oh=00_AfvZbjgAJCjTSy1Wr6-3paUU5ug7x4COGYtdIHKNuEAOfQ&oe=69AA46BD
https://instagram.fsdu8-1.fna.fbcdn.net/v/t51.71878-15/626488114_1608320977262126_7180639462098388832_n.jpg?stp=c0.248.640.640a_dst-jpegr_e15_s640x639_tt6&_nc_cat=111&ig_cache_key=MzgyNTMxODAwOTM1NjAwODk3OA%3D%3D.3-ccb7-5&ccb=7-5&_nc_sid=58cdad&efg=eyJ2ZW5jb2RlX3RhZyI6InhwaWRzLjY0MHgxMTM2Lmhkci5DMiJ9&_nc_ohc=xB7fTQMMf6MQ7kNvwHZIgBx&_nc_oc=Adl9kDOdIgx8H_FV1C4iD3f1sOmCt-0iINVQlFrjmp60QdlWHreQKLMY-9RartKfX5bbU0NkI3Q2kP5HrQUkMsx-&_nc_ad=z-m&_nc_cid=0&_nc_zt=23&se=-1&_nc_ht=instagram.fsdu8-1.fna&_nc_gid=mZkhx-TeDuoEGO1DaSJtGg&_nc_ss=8&oh=00_AfvZbjgAJCjTSy1Wr6-3paUU5ug7x4COGYtdIHKNuEAOfQ&oe=69AA46BD
https://instagram.fsdu8-1.fna.fbcdn.net/v/t51.71878-15/626488114_1608320977262126_7180639462098388832_n.jpg?stp=c0.248.640.640a_dst-jpegr_e15_s640x639_tt6&_nc_cat=111&ig_cache_key=MzgyNTMxODAwOTM1NjAwODk3OA%3D%3D.3-ccb7-5&ccb=7-5&_nc_sid=58cdad&efg=eyJ2ZW5jb2RlX3RhZyI6InhwaWRzLjY0MHgxMTM2Lmhkci5DMiJ9&_nc_ohc=xB7fTQMMf6MQ7kNvwHZIgBx&_nc_oc=Adl9kDOdIgx8H_FV1C4iD3f1sOmCt-0iINVQlFrjmp60QdlWHreQKLMY-9RartKfX5bbU0NkI3Q2kP5HrQUkMsx-&_nc_ad=z-m&_nc_cid=0&_nc_zt=23&se=-1&_nc_ht=instagram.fsdu8-1.fna&_nc_gid=mZkhx-TeDuoEGO1DaSJtGg&_nc_ss=8&oh=00_AfvZbjgAJCjTSy1Wr6-3paUU5ug7x4COGYtdIHKNuEAOfQ&oe=69AA46BD
https://instagram.fsdu8-1.fna.fbcdn.net/v/t51.71878-15/626488114_1608320977262126_7180639462098388832_n.jpg?stp=c0.248.640.640a_dst-jpegr_e15_s480x480_tt6&_nc_cat=111&ig_cache_key=MzgyNTMxODAwOTM1NjAwODk3OA%3D%3D.3-ccb7-5&ccb=7-5&_nc_sid=58cdad&efg=eyJ2ZW5jb2RlX3RhZyI6InhwaWRzLjY0MHgxMTM2Lmhkci5DMiJ9&_nc_ohc=xB7fTQMMf6MQ7kNvwHZIgBx&_nc_oc=Adl9kDOdIgx8H_FV1C4iD3f1sOmCt-0iINVQlFrjmp60QdlWHreQKLMY-9RartKfX5bbU0NkI3Q2kP5HrQUkMsx-&_nc_ad=z-m&_nc_cid=0&_nc_zt=23&se=-1&_nc_ht=instagram.fsdu8-1.fna&_nc_gid=mZkhx-TeDuoEGO1DaSJtGg&_nc_ss=8&oh=00_AfthK-Cg099CKu1o_iqOFYHuJji1TriczWXRdvn7MtmmpQ&oe=69AA46BD
https://instagram.fsdu8-1.fna.fbcdn.net/v/t51.71878-15/626488114_1608320977262126_7180639462098388832_n.jpg?stp=c0.248.640.640a_dst-jpegr_e15_s320x320_tt6&_nc_cat=111&ig_cache_key=MzgyNTMxODAwOTM1NjAwODk3OA%3D%3D.3-ccb7-5&ccb=7-5&_nc_sid=58cdad&efg=eyJ2ZW5jb2RlX3RhZyI6InhwaWRzLjY0MHgxMTM2Lmhkci5DMiJ9&_nc_ohc=xB7fTQMMf6MQ7kNvwHZIgBx&_nc_oc=Adl9kDOdIgx8H_FV1C4iD3f1sOmCt-0iINVQlFrjmp60QdlWHreQKLMY-9RartKfX5bbU0NkI3Q2kP5HrQUkMsx-&_nc_ad=z-m&_nc_cid=0&_nc_zt=23&se=-1&_nc_ht=instagram.fsdu8-1.fna&_nc_gid=mZkhx-TeDuoEGO1DaSJtGg&_nc_ss=8&oh=00_AftCVg9r8e7P-01SgmSuUYOLIJOQOyvVLQCmZq62SVOi0w&oe=69AA46BD
https://instagram.fsdu8-1.fna.fbcdn.net/v/t51.71878-15/626488114_1608320977262126_7180639462098388832_n.jpg?stp=c0.248.640.640a_dst-jpegr_e15_s240x240_tt6&_nc_cat=111&ig_cache_key=MzgyNTMxODAwOTM1NjAwODk3OA%3D%3D.3-ccb7-5&ccb=7-5&_nc_sid=58cdad&efg=eyJ2ZW5jb2RlX3RhZyI6InhwaWRzLjY0MHgxMTM2Lmhkci5DMiJ9&_nc_ohc=xB7fTQMMf6MQ7kNvwHZIgBx&_nc_oc=Adl9kDOdIgx8H_FV1C4iD3f1sOmCt-0iINVQlFrjmp60QdlWHreQKLMY-9RartKfX5bbU0NkI3Q2kP5HrQUkMsx-&_nc_ad=z-m&_nc_cid=0&_nc_zt=23&se=-1&_nc_ht=instagram.fsdu8-1.fna&_nc_gid=mZkhx-TeDuoEGO1DaSJtGg&_nc_ss=8&oh=00_AfvTQl23gfX_lH5bOJ35FzNK6IlOSOn2nVlUVNJnqTQL2Q&oe=69AA46BD
https://instagram.fsdu8-1.fna.fbcdn.net/v/t51.71878-15/626488114_1608320977262126_7180639462098388832_n.jpg?stp=c0.248.640.640a_dst-jpegr_e15_s150x150_tt6&_nc_cat=111&ig_cache_key=MzgyNTMxODAwOTM1NjAwODk3OA%3D%3D.3-ccb7-5&ccb=7-5&_nc_sid=58cdad&efg=eyJ2ZW5jb2RlX3RhZyI6InhwaWRzLjY0MHgxMTM2Lmhkci5DMiJ9&_nc_ohc=xB7fTQMMf6MQ7kNvwHZIgBx&_nc_oc=Adl9kDOdIgx8H_FV1C4iD3f1sOmCt-0iINVQlFrjmp60QdlWHreQKLMY-9RartKfX5bbU0NkI3Q2kP5HrQUkMsx-&_nc_ad=z-m&_nc_cid=0&_nc_zt=23&se=-1&_nc_ht=instagram.fsdu8-1.fna&_nc_gid=mZkhx-TeDuoEGO1DaSJtGg&_nc_ss=8&oh=00_AfvyM7mDefLmJ_YYbMfPdMUuDnF8PB_OHmc7BShoRjtWOg&oe=69AA46BD",NA,NO,YES,https://instagram.fsdu8-1.fna.fbcdn.net/o1/v/t2/f2/m86/AQOIbXLLcw5ogZEV6uBnp7a15ofWNDMVs2OJOGY_cplhUsAcbOjN5wEotU6LzRwsKTfODQfNEL03OI6Sq2Qh-pT_HFn9Ya7tnnuPU6Y.mp4?_nc_cat=110&_nc_oc=Adnd6HgV8FADYT3SWd2_E1qS-sjglw5dMoSoPlE7XN4OB2Nm2BeA97SplL8PNcebV7wpNnTWgGUqwT4ehV_7b-sp&_nc_sid=5e9851&_nc_ht=instagram.fsdu8-1.fna.fbcdn.net&_nc_ohc=SkFCL4IS8owQ7kNvwFk9ASw&efg=eyJ2ZW5jb2RlX3RhZyI6Inhwdl9wcm9ncmVzc2l2ZS5JTlNUQUdSQU0uQ0xJUFMuQzIuNzIwLmRhc2hfYmFzZWxpbmVfMV92MSIsInhwdl9hc3NldF9pZCI6MTc4OTE4NDI2MDI0MTA1MDEsImFzc2V0X2FnZV9kYXlzIjoyNCwidmlfdXNlY2FzZV9pZCI6MTAwOTksImR1cmF0aW9uX3MiOjQxLCJ1cmxnZW5fc291cmNlIjoid3d3In0%3D&ccb=17-1&_nc_gid=mZkhx-TeDuoEGO1DaSJtGg&_nc_ss=8&_nc_zt=28&vs=b9292e174da55e90&_nc_vs=HBksFQIYUmlnX3hwdl9yZWVsc19wZXJtYW5lbnRfc3JfcHJvZC8wRjQ1OTUwRjk3NDVEQUUyQzcwNUU3RjIwN0ZCMEFBN192aWRlb19kYXNoaW5pdC5tcDQVAALIARIAFQIYUWlnX3hwdl9wbGFjZW1lbnRfcGVybWFuZW50X3YyLzNGNEFEQTBGRjUyODlFNDhGNDNCNjFFMEUxNDdDOTlCX2F1ZGlvX2Rhc2hpbml0Lm1wNBUCAsgBEgAoABgAGwKIB3VzZV9vaWwBMRJwcm9ncmVzc2l2ZV9yZWNpcGUBMRUAACaKiI2rp6LIPxUCKAJDMiwXQETmZmZmZmYYEmRhc2hfYmFzZWxpbmVfMV92MREAdf4HZeadAQA&oh=00_AfvzdodTCXCDegB5-Gyt5KznFHtrRPHnr52QaAGFgnB-Rg&oe=69A65DCF,NA,72357602500,ipp.riodejaneiro,NA,"Morro Dos Macacos, Vila Isabel, Rio De Janeiro, Brasil.",NA,NA,-2.291313723773E12,-4.3259021584244E13,Autoridade,"Expressa ser detentora de habilidades, posicionando-se como melhor do que os eleitores em determinados domínios.",66.67,33.33,0,0,0,0,0,0,0,100
postagem_67,3825214556545708396,DUV5F9Qj3Fs,"Wed, 04 Feb 2026 16:06:42 GMT",2026-02-04T00:00:00Z,1770221202,"Já está no ar o Meia-Noite em Pequim desta semana!

Elias Jabbour analisa o Brasil no cenário internacional e debate a importância da dissuasão e da proteção estratégica em um mundo cada vez mais militarizado. 

Uma parceria da TV Grabois com o ICL Notícias. Assista agora no YouTube.",NA,3,36,https://www.instagram.com/p/DUV5F9Qj3Fs/,https://instagram.fsdu8-2.fna.fbcdn.net/v/t51.71878-15/625879194_795052396933948_513583422930503018_n.jpg?stp=dst-jpg_e15_tt6&_nc_cat=108&ig_cache_key=MzgyNTIxNDU1NjU0NTcwODM5Ng%3D%3D.3-ccb7-5&ccb=7-5&_nc_sid=58cdad&efg=eyJ2ZW5jb2RlX3RhZyI6InhwaWRzLjY0MHgxMTM2LnNkci5DMiJ9&_nc_ohc=G4E2-QKNTS4Q7kNvwGjjwUs&_nc_oc=AdmNg5HSmelVhGB_CUe8cFORX1NGID9FLtveXl6OvuOkd0jLYuvDGItbxBrFfG8t-IMaWM1A8WWflhlE3T9rB0j_&_nc_ad=z-m&_nc_cid=0&_nc_zt=23&_nc_ht=instagram.fsdu8-2.fna&_nc_gid=mZkhx-TeDuoEGO1DaSJtGg&_nc_ss=8&oh=00_Afu5w1F6dVN8IdQwLIO4fpYa2AutZFyBhnuwYJJTlefApw&oe=69AA512D,https://instagram.fsdu8-2.fna.fbcdn.net/v/t51.71878-15/625879194_795052396933948_513583422930503018_n.jpg?stp=dst-jpg_e15_tt6&_nc_cat=108&ig_cache_key=MzgyNTIxNDU1NjU0NTcwODM5Ng%3D%3D.3-ccb7-5&ccb=7-5&_nc_sid=58cdad&efg=eyJ2ZW5jb2RlX3RhZyI6InhwaWRzLjY0MHgxMTM2LnNkci5DMiJ9&_nc_ohc=G4E2-QKNTS4Q7kNvwGjjwUs&_nc_oc=AdmNg5HSmelVhGB_CUe8cFORX1NGID9FLtveXl6OvuOkd0jLYuvDGItbxBrFfG8t-IMaWM1A8WWflhlE3T9rB0j_&_nc_ad=z-m&_nc_cid=0&_nc_zt=23&_nc_ht=instagram.fsdu8-2.fna&_nc_gid=mZkhx-TeDuoEGO1DaSJtGg&_nc_ss=8&oh=00_Afu5w1F6dVN8IdQwLIO4fpYa2AutZFyBhnuwYJJTlefApw&oe=69AA512D,"https://instagram.fsdu8-2.fna.fbcdn.net/v/t51.71878-15/625879194_795052396933948_513583422930503018_n.jpg?stp=dst-jpg_e15_tt6&_nc_cat=108&ig_cache_key=MzgyNTIxNDU1NjU0NTcwODM5Ng%3D%3D.3-ccb7-5&ccb=7-5&_nc_sid=58cdad&efg=eyJ2ZW5jb2RlX3RhZyI6InhwaWRzLjY0MHgxMTM2LnNkci5DMiJ9&_nc_ohc=G4E2-QKNTS4Q7kNvwGjjwUs&_nc_oc=AdmNg5HSmelVhGB_CUe8cFORX1NGID9FLtveXl6OvuOkd0jLYuvDGItbxBrFfG8t-IMaWM1A8WWflhlE3T9rB0j_&_nc_ad=z-m&_nc_cid=0&_nc_zt=23&_nc_ht=instagram.fsdu8-2.fna&_nc_gid=mZkhx-TeDuoEGO1DaSJtGg&_nc_ss=8&oh=00_Afu5w1F6dVN8IdQwLIO4fpYa2AutZFyBhnuwYJJTlefApw&oe=69AA512D
https://instagram.fsdu8-2.fna.fbcdn.net/v/t51.71878-15/625879194_795052396933948_513583422930503018_n.jpg?stp=dst-jpg_e15_p480x480_tt6&_nc_cat=108&ig_cache_key=MzgyNTIxNDU1NjU0NTcwODM5Ng%3D%3D.3-ccb7-5&ccb=7-5&_nc_sid=58cdad&efg=eyJ2ZW5jb2RlX3RhZyI6InhwaWRzLjY0MHgxMTM2LnNkci5DMiJ9&_nc_ohc=G4E2-QKNTS4Q7kNvwGjjwUs&_nc_oc=AdmNg5HSmelVhGB_CUe8cFORX1NGID9FLtveXl6OvuOkd0jLYuvDGItbxBrFfG8t-IMaWM1A8WWflhlE3T9rB0j_&_nc_ad=z-m&_nc_cid=0&_nc_zt=23&_nc_ht=instagram.fsdu8-2.fna&_nc_gid=mZkhx-TeDuoEGO1DaSJtGg&_nc_ss=8&oh=00_Afv2OdZf_1zAQtYwaWRdu-ohuEm6II2oNRC538TGsANEEw&oe=69AA512D
https://instagram.fsdu8-2.fna.fbcdn.net/v/t51.71878-15/625879194_795052396933948_513583422930503018_n.jpg?stp=dst-jpg_e15_p320x320_tt6&_nc_cat=108&ig_cache_key=MzgyNTIxNDU1NjU0NTcwODM5Ng%3D%3D.3-ccb7-5&ccb=7-5&_nc_sid=58cdad&efg=eyJ2ZW5jb2RlX3RhZyI6InhwaWRzLjY0MHgxMTM2LnNkci5DMiJ9&_nc_ohc=G4E2-QKNTS4Q7kNvwGjjwUs&_nc_oc=AdmNg5HSmelVhGB_CUe8cFORX1NGID9FLtveXl6OvuOkd0jLYuvDGItbxBrFfG8t-IMaWM1A8WWflhlE3T9rB0j_&_nc_ad=z-m&_nc_cid=0&_nc_zt=23&_nc_ht=instagram.fsdu8-2.fna&_nc_gid=mZkhx-TeDuoEGO1DaSJtGg&_nc_ss=8&oh=00_Aft2uTMRTdyjymZyhunJVykzDvy4Se9Of-KQrHSVg3wA1w&oe=69AA512D
https://instagram.fsdu8-2.fna.fbcdn.net/v/t51.71878-15/625879194_795052396933948_513583422930503018_n.jpg?stp=dst-jpg_e15_p240x240_tt6&_nc_cat=108&ig_cache_key=MzgyNTIxNDU1NjU0NTcwODM5Ng%3D%3D.3-ccb7-5&ccb=7-5&_nc_sid=58cdad&efg=eyJ2ZW5jb2RlX3RhZyI6InhwaWRzLjY0MHgxMTM2LnNkci5DMiJ9&_nc_ohc=G4E2-QKNTS4Q7kNvwGjjwUs&_nc_oc=AdmNg5HSmelVhGB_CUe8cFORX1NGID9FLtveXl6OvuOkd0jLYuvDGItbxBrFfG8t-IMaWM1A8WWflhlE3T9rB0j_&_nc_ad=z-m&_nc_cid=0&_nc_zt=23&_nc_ht=instagram.fsdu8-2.fna&_nc_gid=mZkhx-TeDuoEGO1DaSJtGg&_nc_ss=8&oh=00_AfueSjvLoNIfOC-UdytBxZnpzhlFrI4_8IfhD5T8865r0w&oe=69AA512D
https://instagram.fsdu8-2.fna.fbcdn.net/v/t51.71878-15/625879194_795052396933948_513583422930503018_n.jpg?stp=c0.248.640.640a_dst-jpg_e15_s640x639_tt6&_nc_cat=108&ig_cache_key=MzgyNTIxNDU1NjU0NTcwODM5Ng%3D%3D.3-ccb7-5&ccb=7-5&_nc_sid=58cdad&efg=eyJ2ZW5jb2RlX3RhZyI6InhwaWRzLjY0MHgxMTM2LnNkci5DMiJ9&_nc_ohc=G4E2-QKNTS4Q7kNvwGjjwUs&_nc_oc=AdmNg5HSmelVhGB_CUe8cFORX1NGID9FLtveXl6OvuOkd0jLYuvDGItbxBrFfG8t-IMaWM1A8WWflhlE3T9rB0j_&_nc_ad=z-m&_nc_cid=0&_nc_zt=23&_nc_ht=instagram.fsdu8-2.fna&_nc_gid=mZkhx-TeDuoEGO1DaSJtGg&_nc_ss=8&oh=00_Afvuh7M7ohsOQhbAlF4RDryZuJeap8d_ZoAFtk5TKHNtfA&oe=69AA512D
https://instagram.fsdu8-2.fna.fbcdn.net/v/t51.71878-15/625879194_795052396933948_513583422930503018_n.jpg?stp=c0.248.640.640a_dst-jpg_e15_s640x639_tt6&_nc_cat=108&ig_cache_key=MzgyNTIxNDU1NjU0NTcwODM5Ng%3D%3D.3-ccb7-5&ccb=7-5&_nc_sid=58cdad&efg=eyJ2ZW5jb2RlX3RhZyI6InhwaWRzLjY0MHgxMTM2LnNkci5DMiJ9&_nc_ohc=G4E2-QKNTS4Q7kNvwGjjwUs&_nc_oc=AdmNg5HSmelVhGB_CUe8cFORX1NGID9FLtveXl6OvuOkd0jLYuvDGItbxBrFfG8t-IMaWM1A8WWflhlE3T9rB0j_&_nc_ad=z-m&_nc_cid=0&_nc_zt=23&_nc_ht=instagram.fsdu8-2.fna&_nc_gid=mZkhx-TeDuoEGO1DaSJtGg&_nc_ss=8&oh=00_Afvuh7M7ohsOQhbAlF4RDryZuJeap8d_ZoAFtk5TKHNtfA&oe=69AA512D
https://instagram.fsdu8-2.fna.fbcdn.net/v/t51.71878-15/625879194_795052396933948_513583422930503018_n.jpg?stp=c0.248.640.640a_dst-jpg_e15_s640x639_tt6&_nc_cat=108&ig_cache_key=MzgyNTIxNDU1NjU0NTcwODM5Ng%3D%3D.3-ccb7-5&ccb=7-5&_nc_sid=58cdad&efg=eyJ2ZW5jb2RlX3RhZyI6InhwaWRzLjY0MHgxMTM2LnNkci5DMiJ9&_nc_ohc=G4E2-QKNTS4Q7kNvwGjjwUs&_nc_oc=AdmNg5HSmelVhGB_CUe8cFORX1NGID9FLtveXl6OvuOkd0jLYuvDGItbxBrFfG8t-IMaWM1A8WWflhlE3T9rB0j_&_nc_ad=z-m&_nc_cid=0&_nc_zt=23&_nc_ht=instagram.fsdu8-2.fna&_nc_gid=mZkhx-TeDuoEGO1DaSJtGg&_nc_ss=8&oh=00_Afvuh7M7ohsOQhbAlF4RDryZuJeap8d_ZoAFtk5TKHNtfA&oe=69AA512D
https://instagram.fsdu8-2.fna.fbcdn.net/v/t51.71878-15/625879194_795052396933948_513583422930503018_n.jpg?stp=c0.248.640.640a_dst-jpg_e15_s480x480_tt6&_nc_cat=108&ig_cache_key=MzgyNTIxNDU1NjU0NTcwODM5Ng%3D%3D.3-ccb7-5&ccb=7-5&_nc_sid=58cdad&efg=eyJ2ZW5jb2RlX3RhZyI6InhwaWRzLjY0MHgxMTM2LnNkci5DMiJ9&_nc_ohc=G4E2-QKNTS4Q7kNvwGjjwUs&_nc_oc=AdmNg5HSmelVhGB_CUe8cFORX1NGID9FLtveXl6OvuOkd0jLYuvDGItbxBrFfG8t-IMaWM1A8WWflhlE3T9rB0j_&_nc_ad=z-m&_nc_cid=0&_nc_zt=23&_nc_ht=instagram.fsdu8-2.fna&_nc_gid=mZkhx-TeDuoEGO1DaSJtGg&_nc_ss=8&oh=00_Aftt_qkK9PuDZYpGW-mIe-XEB4pRqi1nggjmWge0hD7ogw&oe=69AA512D
https://instagram.fsdu8-2.fna.fbcdn.net/v/t51.71878-15/625879194_795052396933948_513583422930503018_n.jpg?stp=c0.248.640.640a_dst-jpg_e15_s320x320_tt6&_nc_cat=108&ig_cache_key=MzgyNTIxNDU1NjU0NTcwODM5Ng%3D%3D.3-ccb7-5&ccb=7-5&_nc_sid=58cdad&efg=eyJ2ZW5jb2RlX3RhZyI6InhwaWRzLjY0MHgxMTM2LnNkci5DMiJ9&_nc_ohc=G4E2-QKNTS4Q7kNvwGjjwUs&_nc_oc=AdmNg5HSmelVhGB_CUe8cFORX1NGID9FLtveXl6OvuOkd0jLYuvDGItbxBrFfG8t-IMaWM1A8WWflhlE3T9rB0j_&_nc_ad=z-m&_nc_cid=0&_nc_zt=23&_nc_ht=instagram.fsdu8-2.fna&_nc_gid=mZkhx-TeDuoEGO1DaSJtGg&_nc_ss=8&oh=00_AftCvvKhL7WmFYyYEiOZzlNuSw62QWLsHtgVZEMd2OLSZw&oe=69AA512D
https://instagram.fsdu8-2.fna.fbcdn.net/v/t51.71878-15/625879194_795052396933948_513583422930503018_n.jpg?stp=c0.248.640.640a_dst-jpg_e15_s240x240_tt6&_nc_cat=108&ig_cache_key=MzgyNTIxNDU1NjU0NTcwODM5Ng%3D%3D.3-ccb7-5&ccb=7-5&_nc_sid=58cdad&efg=eyJ2ZW5jb2RlX3RhZyI6InhwaWRzLjY0MHgxMTM2LnNkci5DMiJ9&_nc_ohc=G4E2-QKNTS4Q7kNvwGjjwUs&_nc_oc=AdmNg5HSmelVhGB_CUe8cFORX1NGID9FLtveXl6OvuOkd0jLYuvDGItbxBrFfG8t-IMaWM1A8WWflhlE3T9rB0j_&_nc_ad=z-m&_nc_cid=0&_nc_zt=23&_nc_ht=instagram.fsdu8-2.fna&_nc_gid=mZkhx-TeDuoEGO1DaSJtGg&_nc_ss=8&oh=00_AfuOc4wWauZ3b5qA5SbQ8rbmkjf8R3G-lKfRMmZraZ4XTQ&oe=69AA512D
https://instagram.fsdu8-2.fna.fbcdn.net/v/t51.71878-15/625879194_795052396933948_513583422930503018_n.jpg?stp=c0.248.640.640a_dst-jpg_e15_s150x150_tt6&_nc_cat=108&ig_cache_key=MzgyNTIxNDU1NjU0NTcwODM5Ng%3D%3D.3-ccb7-5&ccb=7-5&_nc_sid=58cdad&efg=eyJ2ZW5jb2RlX3RhZyI6InhwaWRzLjY0MHgxMTM2LnNkci5DMiJ9&_nc_ohc=G4E2-QKNTS4Q7kNvwGjjwUs&_nc_oc=AdmNg5HSmelVhGB_CUe8cFORX1NGID9FLtveXl6OvuOkd0jLYuvDGItbxBrFfG8t-IMaWM1A8WWflhlE3T9rB0j_&_nc_ad=z-m&_nc_cid=0&_nc_zt=23&_nc_ht=instagram.fsdu8-2.fna&_nc_gid=mZkhx-TeDuoEGO1DaSJtGg&_nc_ss=8&oh=00_AfuP8wCFZn_VCVHHVnZlYK-rbICkyy2XW_5HTNHjG6QtAw&oe=69AA512D",NA,NO,YES,https://instagram.fsdu8-1.fna.fbcdn.net/o1/v/t2/f2/m86/AQNOpZYPFiFH0y3OlMyTn30LmMDW5tvCtw_ZhCKxeFONcp5a72wdDM6H_SIQHnCTylolAlqr3iWQpbb6RL5vc_CmqTYUGOVoG_5ICRo.mp4?_nc_cat=102&_nc_oc=Adnvw5hZquUjdiLw6HotlQsVj3LfkscLOgKkC92VOQsteMDWdN22XRYGNJIfrV8as-CNxJ2aGThtjnWp23CL9F9O&_nc_sid=5e9851&_nc_ht=instagram.fsdu8-1.fna.fbcdn.net&_nc_ohc=zvULTPCt0ksQ7kNvwH2h0sL&efg=eyJ2ZW5jb2RlX3RhZyI6Inhwdl9wcm9ncmVzc2l2ZS5JTlNUQUdSQU0uQ0xJUFMuQzIuNzIwLmRhc2hfYmFzZWxpbmVfMV92MSIsInhwdl9hc3NldF9pZCI6MTc5NDM4ODU2MDMxMDcxMTIsImFzc2V0X2FnZV9kYXlzIjoyNSwidmlfdXNlY2FzZV9pZCI6MTAwOTksImR1cmF0aW9uX3MiOjg4LCJ1cmxnZW5fc291cmNlIjoid3d3In0%3D&ccb=17-1&_nc_gid=mZkhx-TeDuoEGO1DaSJtGg&_nc_ss=8&_nc_zt=28&vs=a7b074485fee301a&_nc_vs=HBksFQIYUmlnX3hwdl9yZWVsc19wZXJtYW5lbnRfc3JfcHJvZC8yRTRGNzMxRkIyOEVEMjFBMUU5RjRGRTM2NUJBRUVBN192aWRlb19kYXNoaW5pdC5tcDQVAALIARIAFQIYUWlnX3hwdl9wbGFjZW1lbnRfcGVybWFuZW50X3YyLzg3NDg0QjZEQTlBMkIwNkZCQzM5NzkyNzM3NEI1QUJGX2F1ZGlvX2Rhc2hpbml0Lm1wNBUCAsgBEgAoABgAGwKIB3VzZV9vaWwBMRJwcm9ncmVzc2l2ZV9yZWNpcGUBMRUAACbQxJv0zfffPxUCKAJDMiwXQFYMzMzMzM0YEmRhc2hfYmFzZWxpbmVfMV92MREAdf4HZeadAQA&oh=00_AfuQOIouu_V4tTihYoWQgEweVarAM-8NncKljn_EFsbSbA&oe=69A646A3,NA,7130246566,fundacaograbois,NA,NA,NA,NA,NA,NA,Autoridade,"Expressa ser detentora de habilidades, posicionando-se como melhor do que os eleitores em determinados domínios.",71.43,28.57,12.5,25,0,12.5,12.5,12.5,0,25
postagem_66,3825162683524509023,DUVtTGvju1f,"Wed, 04 Feb 2026 14:24:01 GMT",2026-02-04T00:00:00Z,1770215041,"Poder e Socialismo, já disponível para pré-venda no site da Amazon e em todas as livrarias do Brasil.",NA,1617,33,https://www.instagram.com/p/DUVtTGvju1f/,https://instagram.fsdu8-2.fna.fbcdn.net/v/t51.71878-15/628017954_927039123087615_3836871038918953084_n.jpg?stp=dst-jpegr_e15_tt6&_nc_cat=108&ig_cache_key=MzgyNTE2MjY4MzUyNDUwOTAyMw%3D%3D.3-ccb7-5&ccb=7-5&_nc_sid=58cdad&efg=eyJ2ZW5jb2RlX3RhZyI6InhwaWRzLjY0MHgxMTM2Lmhkci5DMiJ9&_nc_ohc=h3fod780uIwQ7kNvwFwjonZ&_nc_oc=AdlfB4SNN_bkbQYpqAivJyMk0ChX5stBQDwAReRCXHLkgxGIQLgKgvAB9yBp9HrRLv0rH-MNEruHSiMVuNPdWPt6&_nc_ad=z-m&_nc_cid=0&_nc_zt=23&se=-1&_nc_ht=instagram.fsdu8-2.fna&_nc_gid=mZkhx-TeDuoEGO1DaSJtGg&_nc_ss=8&oh=00_Aftq78jD7lvh0FT1EGGPPRp4o0wShGIUxtpjjg7i-Ek9fA&oe=69AA5C6E,https://instagram.fsdu8-2.fna.fbcdn.net/v/t51.71878-15/628017954_927039123087615_3836871038918953084_n.jpg?stp=dst-jpegr_e15_tt6&_nc_cat=108&ig_cache_key=MzgyNTE2MjY4MzUyNDUwOTAyMw%3D%3D.3-ccb7-5&ccb=7-5&_nc_sid=58cdad&efg=eyJ2ZW5jb2RlX3RhZyI6InhwaWRzLjY0MHgxMTM2Lmhkci5DMiJ9&_nc_ohc=h3fod780uIwQ7kNvwFwjonZ&_nc_oc=AdlfB4SNN_bkbQYpqAivJyMk0ChX5stBQDwAReRCXHLkgxGIQLgKgvAB9yBp9HrRLv0rH-MNEruHSiMVuNPdWPt6&_nc_ad=z-m&_nc_cid=0&_nc_zt=23&se=-1&_nc_ht=instagram.fsdu8-2.fna&_nc_gid=mZkhx-TeDuoEGO1DaSJtGg&_nc_ss=8&oh=00_Aftq78jD7lvh0FT1EGGPPRp4o0wShGIUxtpjjg7i-Ek9fA&oe=69AA5C6E,"https://instagram.fsdu8-2.fna.fbcdn.net/v/t51.71878-15/628017954_927039123087615_3836871038918953084_n.jpg?stp=dst-jpegr_e15_tt6&_nc_cat=108&ig_cache_key=MzgyNTE2MjY4MzUyNDUwOTAyMw%3D%3D.3-ccb7-5&ccb=7-5&_nc_sid=58cdad&efg=eyJ2ZW5jb2RlX3RhZyI6InhwaWRzLjY0MHgxMTM2Lmhkci5DMiJ9&_nc_ohc=h3fod780uIwQ7kNvwFwjonZ&_nc_oc=AdlfB4SNN_bkbQYpqAivJyMk0ChX5stBQDwAReRCXHLkgxGIQLgKgvAB9yBp9HrRLv0rH-MNEruHSiMVuNPdWPt6&_nc_ad=z-m&_nc_cid=0&_nc_zt=23&se=-1&_nc_ht=instagram.fsdu8-2.fna&_nc_gid=mZkhx-TeDuoEGO1DaSJtGg&_nc_ss=8&oh=00_Aftq78jD7lvh0FT1EGGPPRp4o0wShGIUxtpjjg7i-Ek9fA&oe=69AA5C6E
https://instagram.fsdu8-2.fna.fbcdn.net/v/t51.71878-15/628017954_927039123087615_3836871038918953084_n.jpg?stp=dst-jpegr_e15_p480x480_tt6&_nc_cat=108&ig_cache_key=MzgyNTE2MjY4MzUyNDUwOTAyMw%3D%3D.3-ccb7-5&ccb=7-5&_nc_sid=58cdad&efg=eyJ2ZW5jb2RlX3RhZyI6InhwaWRzLjY0MHgxMTM2Lmhkci5DMiJ9&_nc_ohc=h3fod780uIwQ7kNvwFwjonZ&_nc_oc=AdlfB4SNN_bkbQYpqAivJyMk0ChX5stBQDwAReRCXHLkgxGIQLgKgvAB9yBp9HrRLv0rH-MNEruHSiMVuNPdWPt6&_nc_ad=z-m&_nc_cid=0&_nc_zt=23&se=-1&_nc_ht=instagram.fsdu8-2.fna&_nc_gid=mZkhx-TeDuoEGO1DaSJtGg&_nc_ss=8&oh=00_AfvV9ObBUHuPvXIh8oQZ-dHijM_UHFOI6fCEYmBRRGsHeQ&oe=69AA5C6E
https://instagram.fsdu8-2.fna.fbcdn.net/v/t51.71878-15/628017954_927039123087615_3836871038918953084_n.jpg?stp=dst-jpegr_e15_p320x320_tt6&_nc_cat=108&ig_cache_key=MzgyNTE2MjY4MzUyNDUwOTAyMw%3D%3D.3-ccb7-5&ccb=7-5&_nc_sid=58cdad&efg=eyJ2ZW5jb2RlX3RhZyI6InhwaWRzLjY0MHgxMTM2Lmhkci5DMiJ9&_nc_ohc=h3fod780uIwQ7kNvwFwjonZ&_nc_oc=AdlfB4SNN_bkbQYpqAivJyMk0ChX5stBQDwAReRCXHLkgxGIQLgKgvAB9yBp9HrRLv0rH-MNEruHSiMVuNPdWPt6&_nc_ad=z-m&_nc_cid=0&_nc_zt=23&se=-1&_nc_ht=instagram.fsdu8-2.fna&_nc_gid=mZkhx-TeDuoEGO1DaSJtGg&_nc_ss=8&oh=00_Afukd_58PLUrKNJTh40OM92O5YnTl77HoukRBTkHDHVlZQ&oe=69AA5C6E
https://instagram.fsdu8-2.fna.fbcdn.net/v/t51.71878-15/628017954_927039123087615_3836871038918953084_n.jpg?stp=dst-jpegr_e15_p240x240_tt6&_nc_cat=108&ig_cache_key=MzgyNTE2MjY4MzUyNDUwOTAyMw%3D%3D.3-ccb7-5&ccb=7-5&_nc_sid=58cdad&efg=eyJ2ZW5jb2RlX3RhZyI6InhwaWRzLjY0MHgxMTM2Lmhkci5DMiJ9&_nc_ohc=h3fod780uIwQ7kNvwFwjonZ&_nc_oc=AdlfB4SNN_bkbQYpqAivJyMk0ChX5stBQDwAReRCXHLkgxGIQLgKgvAB9yBp9HrRLv0rH-MNEruHSiMVuNPdWPt6&_nc_ad=z-m&_nc_cid=0&_nc_zt=23&se=-1&_nc_ht=instagram.fsdu8-2.fna&_nc_gid=mZkhx-TeDuoEGO1DaSJtGg&_nc_ss=8&oh=00_AftTL9veJIz2OL56APB66WQQ_Hmpa2vWqy_X1zW6bv1vWg&oe=69AA5C6E
https://instagram.fsdu8-2.fna.fbcdn.net/v/t51.71878-15/628017954_927039123087615_3836871038918953084_n.jpg?stp=c0.248.640.640a_dst-jpegr_e15_s640x639_tt6&_nc_cat=108&ig_cache_key=MzgyNTE2MjY4MzUyNDUwOTAyMw%3D%3D.3-ccb7-5&ccb=7-5&_nc_sid=58cdad&efg=eyJ2ZW5jb2RlX3RhZyI6InhwaWRzLjY0MHgxMTM2Lmhkci5DMiJ9&_nc_ohc=h3fod780uIwQ7kNvwFwjonZ&_nc_oc=AdlfB4SNN_bkbQYpqAivJyMk0ChX5stBQDwAReRCXHLkgxGIQLgKgvAB9yBp9HrRLv0rH-MNEruHSiMVuNPdWPt6&_nc_ad=z-m&_nc_cid=0&_nc_zt=23&se=-1&_nc_ht=instagram.fsdu8-2.fna&_nc_gid=mZkhx-TeDuoEGO1DaSJtGg&_nc_ss=8&oh=00_Afu6QtZPm-GVFtrQ0vk_QEwXcwntUz9sx17nNTLJ_bH9lg&oe=69AA5C6E
https://instagram.fsdu8-2.fna.fbcdn.net/v/t51.71878-15/628017954_927039123087615_3836871038918953084_n.jpg?stp=c0.248.640.640a_dst-jpegr_e15_s640x639_tt6&_nc_cat=108&ig_cache_key=MzgyNTE2MjY4MzUyNDUwOTAyMw%3D%3D.3-ccb7-5&ccb=7-5&_nc_sid=58cdad&efg=eyJ2ZW5jb2RlX3RhZyI6InhwaWRzLjY0MHgxMTM2Lmhkci5DMiJ9&_nc_ohc=h3fod780uIwQ7kNvwFwjonZ&_nc_oc=AdlfB4SNN_bkbQYpqAivJyMk0ChX5stBQDwAReRCXHLkgxGIQLgKgvAB9yBp9HrRLv0rH-MNEruHSiMVuNPdWPt6&_nc_ad=z-m&_nc_cid=0&_nc_zt=23&se=-1&_nc_ht=instagram.fsdu8-2.fna&_nc_gid=mZkhx-TeDuoEGO1DaSJtGg&_nc_ss=8&oh=00_Afu6QtZPm-GVFtrQ0vk_QEwXcwntUz9sx17nNTLJ_bH9lg&oe=69AA5C6E
https://instagram.fsdu8-2.fna.fbcdn.net/v/t51.71878-15/628017954_927039123087615_3836871038918953084_n.jpg?stp=c0.248.640.640a_dst-jpegr_e15_s640x639_tt6&_nc_cat=108&ig_cache_key=MzgyNTE2MjY4MzUyNDUwOTAyMw%3D%3D.3-ccb7-5&ccb=7-5&_nc_sid=58cdad&efg=eyJ2ZW5jb2RlX3RhZyI6InhwaWRzLjY0MHgxMTM2Lmhkci5DMiJ9&_nc_ohc=h3fod780uIwQ7kNvwFwjonZ&_nc_oc=AdlfB4SNN_bkbQYpqAivJyMk0ChX5stBQDwAReRCXHLkgxGIQLgKgvAB9yBp9HrRLv0rH-MNEruHSiMVuNPdWPt6&_nc_ad=z-m&_nc_cid=0&_nc_zt=23&se=-1&_nc_ht=instagram.fsdu8-2.fna&_nc_gid=mZkhx-TeDuoEGO1DaSJtGg&_nc_ss=8&oh=00_Afu6QtZPm-GVFtrQ0vk_QEwXcwntUz9sx17nNTLJ_bH9lg&oe=69AA5C6E
https://instagram.fsdu8-2.fna.fbcdn.net/v/t51.71878-15/628017954_927039123087615_3836871038918953084_n.jpg?stp=c0.248.640.640a_dst-jpegr_e15_s480x480_tt6&_nc_cat=108&ig_cache_key=MzgyNTE2MjY4MzUyNDUwOTAyMw%3D%3D.3-ccb7-5&ccb=7-5&_nc_sid=58cdad&efg=eyJ2ZW5jb2RlX3RhZyI6InhwaWRzLjY0MHgxMTM2Lmhkci5DMiJ9&_nc_ohc=h3fod780uIwQ7kNvwFwjonZ&_nc_oc=AdlfB4SNN_bkbQYpqAivJyMk0ChX5stBQDwAReRCXHLkgxGIQLgKgvAB9yBp9HrRLv0rH-MNEruHSiMVuNPdWPt6&_nc_ad=z-m&_nc_cid=0&_nc_zt=23&se=-1&_nc_ht=instagram.fsdu8-2.fna&_nc_gid=mZkhx-TeDuoEGO1DaSJtGg&_nc_ss=8&oh=00_AfuyHSayAgHyh8TZ0tsPajP_DHbS2svjFyslgbZXquuIvA&oe=69AA5C6E
https://instagram.fsdu8-2.fna.fbcdn.net/v/t51.71878-15/628017954_927039123087615_3836871038918953084_n.jpg?stp=c0.248.640.640a_dst-jpegr_e15_s320x320_tt6&_nc_cat=108&ig_cache_key=MzgyNTE2MjY4MzUyNDUwOTAyMw%3D%3D.3-ccb7-5&ccb=7-5&_nc_sid=58cdad&efg=eyJ2ZW5jb2RlX3RhZyI6InhwaWRzLjY0MHgxMTM2Lmhkci5DMiJ9&_nc_ohc=h3fod780uIwQ7kNvwFwjonZ&_nc_oc=AdlfB4SNN_bkbQYpqAivJyMk0ChX5stBQDwAReRCXHLkgxGIQLgKgvAB9yBp9HrRLv0rH-MNEruHSiMVuNPdWPt6&_nc_ad=z-m&_nc_cid=0&_nc_zt=23&se=-1&_nc_ht=instagram.fsdu8-2.fna&_nc_gid=mZkhx-TeDuoEGO1DaSJtGg&_nc_ss=8&oh=00_AfvGsB50JJ6_In3pp451iaqbCtS27PVFCg_RtCvVz2YbxA&oe=69AA5C6E
https://instagram.fsdu8-2.fna.fbcdn.net/v/t51.71878-15/628017954_927039123087615_3836871038918953084_n.jpg?stp=c0.248.640.640a_dst-jpegr_e15_s240x240_tt6&_nc_cat=108&ig_cache_key=MzgyNTE2MjY4MzUyNDUwOTAyMw%3D%3D.3-ccb7-5&ccb=7-5&_nc_sid=58cdad&efg=eyJ2ZW5jb2RlX3RhZyI6InhwaWRzLjY0MHgxMTM2Lmhkci5DMiJ9&_nc_ohc=h3fod780uIwQ7kNvwFwjonZ&_nc_oc=AdlfB4SNN_bkbQYpqAivJyMk0ChX5stBQDwAReRCXHLkgxGIQLgKgvAB9yBp9HrRLv0rH-MNEruHSiMVuNPdWPt6&_nc_ad=z-m&_nc_cid=0&_nc_zt=23&se=-1&_nc_ht=instagram.fsdu8-2.fna&_nc_gid=mZkhx-TeDuoEGO1DaSJtGg&_nc_ss=8&oh=00_AfsneW09nvJLi1n9QzamuQ6q1FYU6CZWfSMBTo4-soValQ&oe=69AA5C6E
https://instagram.fsdu8-2.fna.fbcdn.net/v/t51.71878-15/628017954_927039123087615_3836871038918953084_n.jpg?stp=c0.248.640.640a_dst-jpegr_e15_s150x150_tt6&_nc_cat=108&ig_cache_key=MzgyNTE2MjY4MzUyNDUwOTAyMw%3D%3D.3-ccb7-5&ccb=7-5&_nc_sid=58cdad&efg=eyJ2ZW5jb2RlX3RhZyI6InhwaWRzLjY0MHgxMTM2Lmhkci5DMiJ9&_nc_ohc=h3fod780uIwQ7kNvwFwjonZ&_nc_oc=AdlfB4SNN_bkbQYpqAivJyMk0ChX5stBQDwAReRCXHLkgxGIQLgKgvAB9yBp9HrRLv0rH-MNEruHSiMVuNPdWPt6&_nc_ad=z-m&_nc_cid=0&_nc_zt=23&se=-1&_nc_ht=instagram.fsdu8-2.fna&_nc_gid=mZkhx-TeDuoEGO1DaSJtGg&_nc_ss=8&oh=00_AfscJa7SREKy_1TE2JKKUQPbpuE9vRVzyBQTgHI2RuWcCw&oe=69AA5C6E",NA,NO,YES,https://instagram.fsdu8-2.fna.fbcdn.net/o1/v/t2/f2/m86/AQOVUmI3P8uA4o6xnVyuGCqhuBlFBM0cbduYIbIazgga8da3AU7BKFTPtaKjxx2ds2H0_xSEZhmjJfBthHhFRWw68884-V2cuyVZOIc.mp4?_nc_cat=109&_nc_oc=Admbh319fkn3Kf3faa-CyifvkGCZDKChB-lHPHx0FIRBF1mk44LxYZx_TMKBPSx0lOrZqo6DGMdkPuaDBy1MSxZe&_nc_sid=5e9851&_nc_ht=instagram.fsdu8-2.fna.fbcdn.net&_nc_ohc=Iwhkngz61U4Q7kNvwEQGM5A&efg=eyJ2ZW5jb2RlX3RhZyI6Inhwdl9wcm9ncmVzc2l2ZS5JTlNUQUdSQU0uQ0xJUFMuQzIuNzIwLmRhc2hfYmFzZWxpbmVfMV92MSIsInhwdl9hc3NldF9pZCI6MTc5NDEzODAyNzkxMjg1MDgsImFzc2V0X2FnZV9kYXlzIjoyNSwidmlfdXNlY2FzZV9pZCI6MTAwOTksImR1cmF0aW9uX3MiOjE2OSwidXJsZ2VuX3NvdXJjZSI6Ind3dyJ9&ccb=17-1&_nc_gid=mZkhx-TeDuoEGO1DaSJtGg&_nc_ss=8&_nc_zt=28&vs=88d2bffcc8dbbb91&_nc_vs=HBksFQIYUmlnX3hwdl9yZWVsc19wZXJtYW5lbnRfc3JfcHJvZC85RDQyQzNERDZENzdENDQzRjZDMkRBMzBDOTE5MjhCNV92aWRlb19kYXNoaW5pdC5tcDQVAALIARIAFQIYUWlnX3hwdl9wbGFjZW1lbnRfcGVybWFuZW50X3YyL0QzNDI4QTE1QkY1MDJGNkY5QUZEMjE4ODBCRkU0QTkxX2F1ZGlvX2Rhc2hpbml0Lm1wNBUCAsgBEgAoABgAGwKIB3VzZV9vaWwBMRJwcm9ncmVzc2l2ZV9yZWNpcGUBMRUAACb4xorl4-XePxUCKAJDMiwXQGUndLxqfvoYEmRhc2hfYmFzZWxpbmVfMV92MREAdf4HZeadAQA&oh=00_AfvRzcGRe6yUnC3bZ-1BkjVKXvM9STCUtMmTCo8Tf580Zw&oe=69A64902,NA,3194347257,eliasmkjabbour,NA,Rio de Janeiro,NA,NA,-22908.0,-431975.0,Autoridade,"Expressa ser detentora de habilidades, posicionando-se como melhor do que os eleitores em determinados domínios.",80,20,0,0,0,0,0,0,0,100
postagem_65,3823928891698719675,DURUxEkDiu7,"Mon, 02 Feb 2026 21:31:08 GMT",2026-02-02T00:00:00Z,1770067868,Só um desses vai acontecer. Qual vocês acham que é?,NA,8303,241,https://www.instagram.com/p/DURUxEkDiu7/,https://instagram.fsdu8-2.fna.fbcdn.net/v/t51.82787-15/625320929_18440866987107258_2025965908996516678_n.jpg?stp=dst-jpg_e35_tt6&_nc_cat=100&ig_cache_key=MzgyMzkxMDY5NTczNDUzNjU4MA%3D%3D.3-ccb7-5&ccb=7-5&_nc_sid=58cdad&efg=eyJ2ZW5jb2RlX3RhZyI6InhwaWRzLjEwMjR4MTM2NS5zZHIuQzIifQ%3D%3D&_nc_ohc=gwm5PqrM790Q7kNvwFOuWeE&_nc_oc=Adl7Urt5YsgVYrauyDi7PoPo4JtwL6_iXlQ0OlrdMw390ixBNYhitnh9PpAMN2uGpPFPNFZJxBupiD1PxkGpRwHn&_nc_ad=z-m&_nc_cid=0&_nc_zt=23&_nc_ht=instagram.fsdu8-2.fna&_nc_gid=HKsHEkyKHu78PbqECuSEHA&_nc_ss=8&oh=00_Aftn8iYUxuu4CLN7J7jWo_teteoIR9Kjk49TxFIGxCjNMQ&oe=69AA5D58,https://instagram.fsdu8-2.fna.fbcdn.net/v/t51.82787-15/625320929_18440866987107258_2025965908996516678_n.jpg?stp=dst-jpg_e35_tt6&_nc_cat=100&ig_cache_key=MzgyMzkxMDY5NTczNDUzNjU4MA%3D%3D.3-ccb7-5&ccb=7-5&_nc_sid=58cdad&efg=eyJ2ZW5jb2RlX3RhZyI6InhwaWRzLjEwMjR4MTM2NS5zZHIuQzIifQ%3D%3D&_nc_ohc=gwm5PqrM790Q7kNvwFOuWeE&_nc_oc=Adl7Urt5YsgVYrauyDi7PoPo4JtwL6_iXlQ0OlrdMw390ixBNYhitnh9PpAMN2uGpPFPNFZJxBupiD1PxkGpRwHn&_nc_ad=z-m&_nc_cid=0&_nc_zt=23&_nc_ht=instagram.fsdu8-2.fna&_nc_gid=HKsHEkyKHu78PbqECuSEHA&_nc_ss=8&oh=00_Aftn8iYUxuu4CLN7J7jWo_teteoIR9Kjk49TxFIGxCjNMQ&oe=69AA5D58,"https://instagram.fsdu8-2.fna.fbcdn.net/v/t51.82787-15/625320929_18440866987107258_2025965908996516678_n.jpg?stp=dst-jpg_e35_tt6&_nc_cat=100&ig_cache_key=MzgyMzkxMDY5NTczNDUzNjU4MA%3D%3D.3-ccb7-5&ccb=7-5&_nc_sid=58cdad&efg=eyJ2ZW5jb2RlX3RhZyI6InhwaWRzLjEwMjR4MTM2NS5zZHIuQzIifQ%3D%3D&_nc_ohc=gwm5PqrM790Q7kNvwFOuWeE&_nc_oc=Adl7Urt5YsgVYrauyDi7PoPo4JtwL6_iXlQ0OlrdMw390ixBNYhitnh9PpAMN2uGpPFPNFZJxBupiD1PxkGpRwHn&_nc_ad=z-m&_nc_cid=0&_nc_zt=23&_nc_ht=instagram.fsdu8-2.fna&_nc_gid=HKsHEkyKHu78PbqECuSEHA&_nc_ss=8&oh=00_Aftn8iYUxuu4CLN7J7jWo_teteoIR9Kjk49TxFIGxCjNMQ&oe=69AA5D58
https://instagram.fsdu8-1.fna.fbcdn.net/v/t51.82787-15/625288619_18440866996107258_8676338716805917608_n.jpg?stp=dst-jpg_e35_tt6&_nc_cat=101&ig_cache_key=MzgyMzkxMDY5ODQyNzI3OTU1NA%3D%3D.3-ccb7-5&ccb=7-5&_nc_sid=58cdad&efg=eyJ2ZW5jb2RlX3RhZyI6InhwaWRzLjEwMjR4MTM2NS5zZHIuQzIifQ%3D%3D&_nc_ohc=bBVFpNHCDnEQ7kNvwH26F79&_nc_oc=Adm6nCXcteqCaY-ZlDK0v91ZD1yO-Hg3QlPjLNiQbLZCP5bX6HvFno4ExAjBfZ31vw9uq3iSQYVlSIV7omi7eRGu&_nc_ad=z-m&_nc_cid=0&_nc_zt=23&_nc_ht=instagram.fsdu8-1.fna&_nc_gid=HKsHEkyKHu78PbqECuSEHA&_nc_ss=8&oh=00_AfsRdKaZbDafR4jZEYREA7Ve9SPWq8AolDfNzHSGMs7KMA&oe=69AA686A
https://instagram.fsdu8-2.fna.fbcdn.net/v/t51.82787-15/625122669_18440867005107258_5461551003941774402_n.jpg?stp=dst-jpg_e35_tt6&_nc_cat=105&ig_cache_key=MzgyMzkxMDcwMDIyMjQwNjQ2MA%3D%3D.3-ccb7-5&ccb=7-5&_nc_sid=58cdad&efg=eyJ2ZW5jb2RlX3RhZyI6InhwaWRzLjEwMjR4MTM2NS5zZHIuQzIifQ%3D%3D&_nc_ohc=1VDmkSh9z5wQ7kNvwFlzmRR&_nc_oc=AdkNs65Hd1oMVhXu9vBKNaLRse4_iiHboPuTTv0GrRtUMUcc2SSPGhnyg9174aSV5GUAp-BpSzxflG9D3ttTOCWZ&_nc_ad=z-m&_nc_cid=0&_nc_zt=23&_nc_ht=instagram.fsdu8-2.fna&_nc_gid=HKsHEkyKHu78PbqECuSEHA&_nc_ss=8&oh=00_AfsHQTlT7DQxZgX9HifKjv91z3VWKjfnZ9AtVflsDq-iyw&oe=69AA42BD
https://instagram.fsdu8-1.fna.fbcdn.net/v/t51.82787-15/625250799_18440867014107258_1178855378270917409_n.jpg?stp=dst-jpg_e35_tt6&_nc_cat=106&ig_cache_key=MzgyMzkxMDcwNTQzMTcxMzMzNQ%3D%3D.3-ccb7-5&ccb=7-5&_nc_sid=58cdad&efg=eyJ2ZW5jb2RlX3RhZyI6InhwaWRzLjEwMjR4MTM2NS5zZHIuQzIifQ%3D%3D&_nc_ohc=DbzWEEsGJM0Q7kNvwHvyxRx&_nc_oc=Adku2CQyegGqMyMfjdtUAQ9LR8Kxc2bBIucoJQuHL7Fm76yqQCbX1wnJI3BdDnrqXTS_Sz6N7Bj-yX2f_KMtw8NT&_nc_ad=z-m&_nc_cid=0&_nc_zt=23&_nc_ht=instagram.fsdu8-1.fna&_nc_gid=HKsHEkyKHu78PbqECuSEHA&_nc_ss=8&oh=00_Aft9KPahXfjX1QAc932Z4YP3UqOh3J9elbE65lAScI4ghw&oe=69AA48DA
https://instagram.fsdu8-1.fna.fbcdn.net/v/t51.82787-15/625034995_18440867023107258_3463019281276445412_n.jpg?stp=dst-jpg_e35_tt6&_nc_cat=104&ig_cache_key=MzgyMzkxMDcwNzk0ODMxMTU3OA%3D%3D.3-ccb7-5&ccb=7-5&_nc_sid=58cdad&efg=eyJ2ZW5jb2RlX3RhZyI6InhwaWRzLjEwMjR4MTM2NS5zZHIuQzIifQ%3D%3D&_nc_ohc=BTRnjgOM_usQ7kNvwG5TOfG&_nc_oc=AdnIKAqaOBzyeQW_YWzMU7aUgBasUunw9CfhQpjruX0qMBkC6me3telDCvpXxA1VgY7CLXu8Ew9t4ePNKH7hujqx&_nc_ad=z-m&_nc_cid=0&_nc_zt=23&_nc_ht=instagram.fsdu8-1.fna&_nc_gid=HKsHEkyKHu78PbqECuSEHA&_nc_ss=8&oh=00_AfuqpV1VteMtg6Zt4kfgDaM9Eukt5dyk3dWqUkDujHJg3w&oe=69AA66FC
https://instagram.fsdu8-1.fna.fbcdn.net/v/t51.82787-15/625050642_18440867032107258_91852731344997600_n.jpg?stp=dst-jpg_e35_tt6&_nc_cat=101&ig_cache_key=MzgyMzkxMDcxMzA0MDIzMjQwOQ%3D%3D.3-ccb7-5&ccb=7-5&_nc_sid=58cdad&efg=eyJ2ZW5jb2RlX3RhZyI6InhwaWRzLjEwMjR4MTM2NS5zZHIuQzIifQ%3D%3D&_nc_ohc=AvQnyS9PQcYQ7kNvwHVvsUZ&_nc_oc=AdmE7wBIRR6lcVBCSh5iNYAIwJolr9i8jQe5vg_WeNNRL11k6rFC2jeqmsz0_ChuJh-YSjdYcXUQDCEO_c_JiyAA&_nc_ad=z-m&_nc_cid=0&_nc_zt=23&_nc_ht=instagram.fsdu8-1.fna&_nc_gid=HKsHEkyKHu78PbqECuSEHA&_nc_ss=8&oh=00_Afs_KWNlAdAm1zBVG36MOQQaVaUKnxSiXxyN39DvpZ91BQ&oe=69AA400A","https://instagram.fsdu8-2.fna.fbcdn.net/v/t51.82787-15/625320929_18440866987107258_2025965908996516678_n.jpg?stp=dst-jpg_e35_tt6&_nc_cat=100&ig_cache_key=MzgyMzkxMDY5NTczNDUzNjU4MA%3D%3D.3-ccb7-5&ccb=7-5&_nc_sid=58cdad&efg=eyJ2ZW5jb2RlX3RhZyI6InhwaWRzLjEwMjR4MTM2NS5zZHIuQzIifQ%3D%3D&_nc_ohc=gwm5PqrM790Q7kNvwFOuWeE&_nc_oc=Adl7Urt5YsgVYrauyDi7PoPo4JtwL6_iXlQ0OlrdMw390ixBNYhitnh9PpAMN2uGpPFPNFZJxBupiD1PxkGpRwHn&_nc_ad=z-m&_nc_cid=0&_nc_zt=23&_nc_ht=instagram.fsdu8-2.fna&_nc_gid=HKsHEkyKHu78PbqECuSEHA&_nc_ss=8&oh=00_Aftn8iYUxuu4CLN7J7jWo_teteoIR9Kjk49TxFIGxCjNMQ&oe=69AA5D58
https://instagram.fsdu8-1.fna.fbcdn.net/v/t51.82787-15/625288619_18440866996107258_8676338716805917608_n.jpg?stp=dst-jpg_e35_tt6&_nc_cat=101&ig_cache_key=MzgyMzkxMDY5ODQyNzI3OTU1NA%3D%3D.3-ccb7-5&ccb=7-5&_nc_sid=58cdad&efg=eyJ2ZW5jb2RlX3RhZyI6InhwaWRzLjEwMjR4MTM2NS5zZHIuQzIifQ%3D%3D&_nc_ohc=bBVFpNHCDnEQ7kNvwH26F79&_nc_oc=Adm6nCXcteqCaY-ZlDK0v91ZD1yO-Hg3QlPjLNiQbLZCP5bX6HvFno4ExAjBfZ31vw9uq3iSQYVlSIV7omi7eRGu&_nc_ad=z-m&_nc_cid=0&_nc_zt=23&_nc_ht=instagram.fsdu8-1.fna&_nc_gid=HKsHEkyKHu78PbqECuSEHA&_nc_ss=8&oh=00_AfsRdKaZbDafR4jZEYREA7Ve9SPWq8AolDfNzHSGMs7KMA&oe=69AA686A
https://instagram.fsdu8-2.fna.fbcdn.net/v/t51.82787-15/625122669_18440867005107258_5461551003941774402_n.jpg?stp=dst-jpg_e35_tt6&_nc_cat=105&ig_cache_key=MzgyMzkxMDcwMDIyMjQwNjQ2MA%3D%3D.3-ccb7-5&ccb=7-5&_nc_sid=58cdad&efg=eyJ2ZW5jb2RlX3RhZyI6InhwaWRzLjEwMjR4MTM2NS5zZHIuQzIifQ%3D%3D&_nc_ohc=1VDmkSh9z5wQ7kNvwFlzmRR&_nc_oc=AdkNs65Hd1oMVhXu9vBKNaLRse4_iiHboPuTTv0GrRtUMUcc2SSPGhnyg9174aSV5GUAp-BpSzxflG9D3ttTOCWZ&_nc_ad=z-m&_nc_cid=0&_nc_zt=23&_nc_ht=instagram.fsdu8-2.fna&_nc_gid=HKsHEkyKHu78PbqECuSEHA&_nc_ss=8&oh=00_AfsHQTlT7DQxZgX9HifKjv91z3VWKjfnZ9AtVflsDq-iyw&oe=69AA42BD
https://instagram.fsdu8-1.fna.fbcdn.net/v/t51.82787-15/625250799_18440867014107258_1178855378270917409_n.jpg?stp=dst-jpg_e35_tt6&_nc_cat=106&ig_cache_key=MzgyMzkxMDcwNTQzMTcxMzMzNQ%3D%3D.3-ccb7-5&ccb=7-5&_nc_sid=58cdad&efg=eyJ2ZW5jb2RlX3RhZyI6InhwaWRzLjEwMjR4MTM2NS5zZHIuQzIifQ%3D%3D&_nc_ohc=DbzWEEsGJM0Q7kNvwHvyxRx&_nc_oc=Adku2CQyegGqMyMfjdtUAQ9LR8Kxc2bBIucoJQuHL7Fm76yqQCbX1wnJI3BdDnrqXTS_Sz6N7Bj-yX2f_KMtw8NT&_nc_ad=z-m&_nc_cid=0&_nc_zt=23&_nc_ht=instagram.fsdu8-1.fna&_nc_gid=HKsHEkyKHu78PbqECuSEHA&_nc_ss=8&oh=00_Aft9KPahXfjX1QAc932Z4YP3UqOh3J9elbE65lAScI4ghw&oe=69AA48DA
https://instagram.fsdu8-1.fna.fbcdn.net/v/t51.82787-15/625034995_18440867023107258_3463019281276445412_n.jpg?stp=dst-jpg_e35_tt6&_nc_cat=104&ig_cache_key=MzgyMzkxMDcwNzk0ODMxMTU3OA%3D%3D.3-ccb7-5&ccb=7-5&_nc_sid=58cdad&efg=eyJ2ZW5jb2RlX3RhZyI6InhwaWRzLjEwMjR4MTM2NS5zZHIuQzIifQ%3D%3D&_nc_ohc=BTRnjgOM_usQ7kNvwG5TOfG&_nc_oc=AdnIKAqaOBzyeQW_YWzMU7aUgBasUunw9CfhQpjruX0qMBkC6me3telDCvpXxA1VgY7CLXu8Ew9t4ePNKH7hujqx&_nc_ad=z-m&_nc_cid=0&_nc_zt=23&_nc_ht=instagram.fsdu8-1.fna&_nc_gid=HKsHEkyKHu78PbqECuSEHA&_nc_ss=8&oh=00_AfuqpV1VteMtg6Zt4kfgDaM9Eukt5dyk3dWqUkDujHJg3w&oe=69AA66FC
https://instagram.fsdu8-1.fna.fbcdn.net/v/t51.82787-15/625050642_18440867032107258_91852731344997600_n.jpg?stp=dst-jpg_e35_tt6&_nc_cat=101&ig_cache_key=MzgyMzkxMDcxMzA0MDIzMjQwOQ%3D%3D.3-ccb7-5&ccb=7-5&_nc_sid=58cdad&efg=eyJ2ZW5jb2RlX3RhZyI6InhwaWRzLjEwMjR4MTM2NS5zZHIuQzIifQ%3D%3D&_nc_ohc=AvQnyS9PQcYQ7kNvwHVvsUZ&_nc_oc=AdmE7wBIRR6lcVBCSh5iNYAIwJolr9i8jQe5vg_WeNNRL11k6rFC2jeqmsz0_ChuJh-YSjdYcXUQDCEO_c_JiyAA&_nc_ad=z-m&_nc_cid=0&_nc_zt=23&_nc_ht=instagram.fsdu8-1.fna&_nc_gid=HKsHEkyKHu78PbqECuSEHA&_nc_ss=8&oh=00_Afs_KWNlAdAm1zBVG36MOQQaVaUKnxSiXxyN39DvpZ91BQ&oe=69AA400A",YES,NO,NA,NA,3194347257,eliasmkjabbour,NA,Rio de Janeiro,NA,NA,-22908.0,-431975.0,Autenticidade,Reforça a capacidade de inspirar confiança e de ser percebida como alguém em quem se pode confiar.,76.47,23.53,13.85,13.85,1.54,3.08,13.85,15.38,15.38,23.08
postagem_63,3823646086020382895,DUQUdtQDsCv,"Mon, 02 Feb 2026 12:09:37 GMT",2026-02-02T00:00:00Z,1770034177,Eu pergunto a vocês: na lista de Epstein aparece algum comunista?,NA,29319,721,https://www.instagram.com/p/DUQUdtQDsCv/,https://instagram.fsdu8-2.fna.fbcdn.net/v/t51.71878-15/627358036_838206875921403_3580047784419263778_n.jpg?stp=dst-jpegr_e15_tt6&_nc_cat=103&ig_cache_key=MzgyMzY0NjA4NjAyMDM4Mjg5NQ%3D%3D.3-ccb7-5&ccb=7-5&_nc_sid=58cdad&efg=eyJ2ZW5jb2RlX3RhZyI6InhwaWRzLjY0MHgxMTM2Lmhkci5DMiJ9&_nc_ohc=o-oyoll6cUoQ7kNvwHISZDi&_nc_oc=AdmmD8iAXsHEPTUy4Q0gfPrR9AA973Jl6QaqoNlZB7-_6uvKJFMlXn-DW9YIQBLvl_uw1Nc0NortbsNFy0dR7b5K&_nc_ad=z-m&_nc_cid=0&_nc_zt=23&se=-1&_nc_ht=instagram.fsdu8-2.fna&_nc_gid=HKsHEkyKHu78PbqECuSEHA&_nc_ss=8&oh=00_Afv961S1b-v9yXiPwYB8adYJ7W7YcjjKyAyy0wvseqd1vw&oe=69AA5938,https://instagram.fsdu8-2.fna.fbcdn.net/v/t51.71878-15/627358036_838206875921403_3580047784419263778_n.jpg?stp=dst-jpegr_e15_tt6&_nc_cat=103&ig_cache_key=MzgyMzY0NjA4NjAyMDM4Mjg5NQ%3D%3D.3-ccb7-5&ccb=7-5&_nc_sid=58cdad&efg=eyJ2ZW5jb2RlX3RhZyI6InhwaWRzLjY0MHgxMTM2Lmhkci5DMiJ9&_nc_ohc=o-oyoll6cUoQ7kNvwHISZDi&_nc_oc=AdmmD8iAXsHEPTUy4Q0gfPrR9AA973Jl6QaqoNlZB7-_6uvKJFMlXn-DW9YIQBLvl_uw1Nc0NortbsNFy0dR7b5K&_nc_ad=z-m&_nc_cid=0&_nc_zt=23&se=-1&_nc_ht=instagram.fsdu8-2.fna&_nc_gid=HKsHEkyKHu78PbqECuSEHA&_nc_ss=8&oh=00_Afv961S1b-v9yXiPwYB8adYJ7W7YcjjKyAyy0wvseqd1vw&oe=69AA5938,"https://instagram.fsdu8-2.fna.fbcdn.net/v/t51.71878-15/627358036_838206875921403_3580047784419263778_n.jpg?stp=dst-jpegr_e15_tt6&_nc_cat=103&ig_cache_key=MzgyMzY0NjA4NjAyMDM4Mjg5NQ%3D%3D.3-ccb7-5&ccb=7-5&_nc_sid=58cdad&efg=eyJ2ZW5jb2RlX3RhZyI6InhwaWRzLjY0MHgxMTM2Lmhkci5DMiJ9&_nc_ohc=o-oyoll6cUoQ7kNvwHISZDi&_nc_oc=AdmmD8iAXsHEPTUy4Q0gfPrR9AA973Jl6QaqoNlZB7-_6uvKJFMlXn-DW9YIQBLvl_uw1Nc0NortbsNFy0dR7b5K&_nc_ad=z-m&_nc_cid=0&_nc_zt=23&se=-1&_nc_ht=instagram.fsdu8-2.fna&_nc_gid=HKsHEkyKHu78PbqECuSEHA&_nc_ss=8&oh=00_Afv961S1b-v9yXiPwYB8adYJ7W7YcjjKyAyy0wvseqd1vw&oe=69AA5938
https://instagram.fsdu8-2.fna.fbcdn.net/v/t51.71878-15/627358036_838206875921403_3580047784419263778_n.jpg?stp=dst-jpegr_e15_p480x480_tt6&_nc_cat=103&ig_cache_key=MzgyMzY0NjA4NjAyMDM4Mjg5NQ%3D%3D.3-ccb7-5&ccb=7-5&_nc_sid=58cdad&efg=eyJ2ZW5jb2RlX3RhZyI6InhwaWRzLjY0MHgxMTM2Lmhkci5DMiJ9&_nc_ohc=o-oyoll6cUoQ7kNvwHISZDi&_nc_oc=AdmmD8iAXsHEPTUy4Q0gfPrR9AA973Jl6QaqoNlZB7-_6uvKJFMlXn-DW9YIQBLvl_uw1Nc0NortbsNFy0dR7b5K&_nc_ad=z-m&_nc_cid=0&_nc_zt=23&se=-1&_nc_ht=instagram.fsdu8-2.fna&_nc_gid=HKsHEkyKHu78PbqECuSEHA&_nc_ss=8&oh=00_AfsOJFwzzqxcmRTP2G1mpLKdZO3yOgfH2HcmxtUPOTyatw&oe=69AA5938
https://instagram.fsdu8-2.fna.fbcdn.net/v/t51.71878-15/627358036_838206875921403_3580047784419263778_n.jpg?stp=dst-jpegr_e15_p320x320_tt6&_nc_cat=103&ig_cache_key=MzgyMzY0NjA4NjAyMDM4Mjg5NQ%3D%3D.3-ccb7-5&ccb=7-5&_nc_sid=58cdad&efg=eyJ2ZW5jb2RlX3RhZyI6InhwaWRzLjY0MHgxMTM2Lmhkci5DMiJ9&_nc_ohc=o-oyoll6cUoQ7kNvwHISZDi&_nc_oc=AdmmD8iAXsHEPTUy4Q0gfPrR9AA973Jl6QaqoNlZB7-_6uvKJFMlXn-DW9YIQBLvl_uw1Nc0NortbsNFy0dR7b5K&_nc_ad=z-m&_nc_cid=0&_nc_zt=23&se=-1&_nc_ht=instagram.fsdu8-2.fna&_nc_gid=HKsHEkyKHu78PbqECuSEHA&_nc_ss=8&oh=00_Afub3KegJIK6NEFYaYme-UuLehC5VlKdJKU-wF5wgFda1Q&oe=69AA5938
https://instagram.fsdu8-2.fna.fbcdn.net/v/t51.71878-15/627358036_838206875921403_3580047784419263778_n.jpg?stp=dst-jpegr_e15_p240x240_tt6&_nc_cat=103&ig_cache_key=MzgyMzY0NjA4NjAyMDM4Mjg5NQ%3D%3D.3-ccb7-5&ccb=7-5&_nc_sid=58cdad&efg=eyJ2ZW5jb2RlX3RhZyI6InhwaWRzLjY0MHgxMTM2Lmhkci5DMiJ9&_nc_ohc=o-oyoll6cUoQ7kNvwHISZDi&_nc_oc=AdmmD8iAXsHEPTUy4Q0gfPrR9AA973Jl6QaqoNlZB7-_6uvKJFMlXn-DW9YIQBLvl_uw1Nc0NortbsNFy0dR7b5K&_nc_ad=z-m&_nc_cid=0&_nc_zt=23&se=-1&_nc_ht=instagram.fsdu8-2.fna&_nc_gid=HKsHEkyKHu78PbqECuSEHA&_nc_ss=8&oh=00_AftqOar0zK67VwPEhdfiCvNsN1iJvuNp_3pNMyHahvUt6g&oe=69AA5938
https://instagram.fsdu8-2.fna.fbcdn.net/v/t51.71878-15/627358036_838206875921403_3580047784419263778_n.jpg?stp=c0.248.640.640a_dst-jpegr_e15_s640x639_tt6&_nc_cat=103&ig_cache_key=MzgyMzY0NjA4NjAyMDM4Mjg5NQ%3D%3D.3-ccb7-5&ccb=7-5&_nc_sid=58cdad&efg=eyJ2ZW5jb2RlX3RhZyI6InhwaWRzLjY0MHgxMTM2Lmhkci5DMiJ9&_nc_ohc=o-oyoll6cUoQ7kNvwHISZDi&_nc_oc=AdmmD8iAXsHEPTUy4Q0gfPrR9AA973Jl6QaqoNlZB7-_6uvKJFMlXn-DW9YIQBLvl_uw1Nc0NortbsNFy0dR7b5K&_nc_ad=z-m&_nc_cid=0&_nc_zt=23&se=-1&_nc_ht=instagram.fsdu8-2.fna&_nc_gid=HKsHEkyKHu78PbqECuSEHA&_nc_ss=8&oh=00_AfuZoFIa0m4DZBJVjprMDT5dP_p9-dKIhYZHY9SILIYLpA&oe=69AA5938
https://instagram.fsdu8-2.fna.fbcdn.net/v/t51.71878-15/627358036_838206875921403_3580047784419263778_n.jpg?stp=c0.248.640.640a_dst-jpegr_e15_s640x639_tt6&_nc_cat=103&ig_cache_key=MzgyMzY0NjA4NjAyMDM4Mjg5NQ%3D%3D.3-ccb7-5&ccb=7-5&_nc_sid=58cdad&efg=eyJ2ZW5jb2RlX3RhZyI6InhwaWRzLjY0MHgxMTM2Lmhkci5DMiJ9&_nc_ohc=o-oyoll6cUoQ7kNvwHISZDi&_nc_oc=AdmmD8iAXsHEPTUy4Q0gfPrR9AA973Jl6QaqoNlZB7-_6uvKJFMlXn-DW9YIQBLvl_uw1Nc0NortbsNFy0dR7b5K&_nc_ad=z-m&_nc_cid=0&_nc_zt=23&se=-1&_nc_ht=instagram.fsdu8-2.fna&_nc_gid=HKsHEkyKHu78PbqECuSEHA&_nc_ss=8&oh=00_AfuZoFIa0m4DZBJVjprMDT5dP_p9-dKIhYZHY9SILIYLpA&oe=69AA5938
https://instagram.fsdu8-2.fna.fbcdn.net/v/t51.71878-15/627358036_838206875921403_3580047784419263778_n.jpg?stp=c0.248.640.640a_dst-jpegr_e15_s640x639_tt6&_nc_cat=103&ig_cache_key=MzgyMzY0NjA4NjAyMDM4Mjg5NQ%3D%3D.3-ccb7-5&ccb=7-5&_nc_sid=58cdad&efg=eyJ2ZW5jb2RlX3RhZyI6InhwaWRzLjY0MHgxMTM2Lmhkci5DMiJ9&_nc_ohc=o-oyoll6cUoQ7kNvwHISZDi&_nc_oc=AdmmD8iAXsHEPTUy4Q0gfPrR9AA973Jl6QaqoNlZB7-_6uvKJFMlXn-DW9YIQBLvl_uw1Nc0NortbsNFy0dR7b5K&_nc_ad=z-m&_nc_cid=0&_nc_zt=23&se=-1&_nc_ht=instagram.fsdu8-2.fna&_nc_gid=HKsHEkyKHu78PbqECuSEHA&_nc_ss=8&oh=00_AfuZoFIa0m4DZBJVjprMDT5dP_p9-dKIhYZHY9SILIYLpA&oe=69AA5938
https://instagram.fsdu8-2.fna.fbcdn.net/v/t51.71878-15/627358036_838206875921403_3580047784419263778_n.jpg?stp=c0.248.640.640a_dst-jpegr_e15_s480x480_tt6&_nc_cat=103&ig_cache_key=MzgyMzY0NjA4NjAyMDM4Mjg5NQ%3D%3D.3-ccb7-5&ccb=7-5&_nc_sid=58cdad&efg=eyJ2ZW5jb2RlX3RhZyI6InhwaWRzLjY0MHgxMTM2Lmhkci5DMiJ9&_nc_ohc=o-oyoll6cUoQ7kNvwHISZDi&_nc_oc=AdmmD8iAXsHEPTUy4Q0gfPrR9AA973Jl6QaqoNlZB7-_6uvKJFMlXn-DW9YIQBLvl_uw1Nc0NortbsNFy0dR7b5K&_nc_ad=z-m&_nc_cid=0&_nc_zt=23&se=-1&_nc_ht=instagram.fsdu8-2.fna&_nc_gid=HKsHEkyKHu78PbqECuSEHA&_nc_ss=8&oh=00_AftadV7rjna-rcBKzTqiuwRbY1VPo_CgG6whlSaIrtKAYA&oe=69AA5938
https://instagram.fsdu8-2.fna.fbcdn.net/v/t51.71878-15/627358036_838206875921403_3580047784419263778_n.jpg?stp=c0.248.640.640a_dst-jpegr_e15_s320x320_tt6&_nc_cat=103&ig_cache_key=MzgyMzY0NjA4NjAyMDM4Mjg5NQ%3D%3D.3-ccb7-5&ccb=7-5&_nc_sid=58cdad&efg=eyJ2ZW5jb2RlX3RhZyI6InhwaWRzLjY0MHgxMTM2Lmhkci5DMiJ9&_nc_ohc=o-oyoll6cUoQ7kNvwHISZDi&_nc_oc=AdmmD8iAXsHEPTUy4Q0gfPrR9AA973Jl6QaqoNlZB7-_6uvKJFMlXn-DW9YIQBLvl_uw1Nc0NortbsNFy0dR7b5K&_nc_ad=z-m&_nc_cid=0&_nc_zt=23&se=-1&_nc_ht=instagram.fsdu8-2.fna&_nc_gid=HKsHEkyKHu78PbqECuSEHA&_nc_ss=8&oh=00_Afvdoyme3NE2n5XuEUM4HwaAGTIOXQpKu6jhOS4A-FsJGw&oe=69AA5938
https://instagram.fsdu8-2.fna.fbcdn.net/v/t51.71878-15/627358036_838206875921403_3580047784419263778_n.jpg?stp=c0.248.640.640a_dst-jpegr_e15_s240x240_tt6&_nc_cat=103&ig_cache_key=MzgyMzY0NjA4NjAyMDM4Mjg5NQ%3D%3D.3-ccb7-5&ccb=7-5&_nc_sid=58cdad&efg=eyJ2ZW5jb2RlX3RhZyI6InhwaWRzLjY0MHgxMTM2Lmhkci5DMiJ9&_nc_ohc=o-oyoll6cUoQ7kNvwHISZDi&_nc_oc=AdmmD8iAXsHEPTUy4Q0gfPrR9AA973Jl6QaqoNlZB7-_6uvKJFMlXn-DW9YIQBLvl_uw1Nc0NortbsNFy0dR7b5K&_nc_ad=z-m&_nc_cid=0&_nc_zt=23&se=-1&_nc_ht=instagram.fsdu8-2.fna&_nc_gid=HKsHEkyKHu78PbqECuSEHA&_nc_ss=8&oh=00_Afv_lZUPL5g4-HPnmbQHtoFlg0Qb0FahWBrzs8TeNCCPyg&oe=69AA5938
https://instagram.fsdu8-2.fna.fbcdn.net/v/t51.71878-15/627358036_838206875921403_3580047784419263778_n.jpg?stp=c0.248.640.640a_dst-jpegr_e15_s150x150_tt6&_nc_cat=103&ig_cache_key=MzgyMzY0NjA4NjAyMDM4Mjg5NQ%3D%3D.3-ccb7-5&ccb=7-5&_nc_sid=58cdad&efg=eyJ2ZW5jb2RlX3RhZyI6InhwaWRzLjY0MHgxMTM2Lmhkci5DMiJ9&_nc_ohc=o-oyoll6cUoQ7kNvwHISZDi&_nc_oc=AdmmD8iAXsHEPTUy4Q0gfPrR9AA973Jl6QaqoNlZB7-_6uvKJFMlXn-DW9YIQBLvl_uw1Nc0NortbsNFy0dR7b5K&_nc_ad=z-m&_nc_cid=0&_nc_zt=23&se=-1&_nc_ht=instagram.fsdu8-2.fna&_nc_gid=HKsHEkyKHu78PbqECuSEHA&_nc_ss=8&oh=00_AfvPI3qFP7rZJZZXpvF0op3fAoDSfk7n0Jy0yance_upPg&oe=69AA5938",NA,NO,YES,https://instagram.fsdu8-1.fna.fbcdn.net/o1/v/t2/f2/m86/AQPDbBxOd2pXOx7eLdHiojuIJXcpWnL9ZGD4k3EzENkhqhaAvrhZZGMp0y0hGZtYIV3AUuZJNJ57x5BQuk-fAg_tO5i5iQpp3YkQoSM.mp4?_nc_cat=106&_nc_oc=Adkl_m-ulzR7-jfU3aAwhYOyRUkRo-ifrcs1mHatW9keJAQKKiCk1isyRL10cdyVHfsiuOs6q1r-bxEmFKun_HhI&_nc_sid=5e9851&_nc_ht=instagram.fsdu8-1.fna.fbcdn.net&_nc_ohc=Fl_ardV3vHsQ7kNvwGoiygl&efg=eyJ2ZW5jb2RlX3RhZyI6Inhwdl9wcm9ncmVzc2l2ZS5JTlNUQUdSQU0uQ0xJUFMuQzIuNzIwLmRhc2hfYmFzZWxpbmVfMV92MSIsInhwdl9hc3NldF9pZCI6MTc5NDExMzEwNDgxMjg1MDgsImFzc2V0X2FnZV9kYXlzIjoyNywidmlfdXNlY2FzZV9pZCI6MTAwOTksImR1cmF0aW9uX3MiOjE0NiwidXJsZ2VuX3NvdXJjZSI6Ind3dyJ9&ccb=17-1&_nc_gid=HKsHEkyKHu78PbqECuSEHA&_nc_ss=8&_nc_zt=28&vs=caf3a6b8632909b1&_nc_vs=HBksFQIYUmlnX3hwdl9yZWVsc19wZXJtYW5lbnRfc3JfcHJvZC9GNjQ0NDE2MDM0OERGMDY1ODE3MEZEMEFGMDlDQzhCM192aWRlb19kYXNoaW5pdC5tcDQVAALIARIAFQIYUWlnX3hwdl9wbGFjZW1lbnRfcGVybWFuZW50X3YyLzJGNDYxREZGOUEyNzI0MTdCODI1RTFDMUIwMUQ4RkJBX2F1ZGlvX2Rhc2hpbml0Lm1wNBUCAsgBEgAoABgAGwKIB3VzZV9vaWwBMRJwcm9ncmVzc2l2ZV9yZWNpcGUBMRUAACb4v_DvotfePxUCKAJDMiwXQGJMzMzMzM0YEmRhc2hfYmFzZWxpbmVfMV92MREAdf4HZeadAQA&oh=00_AftXNLhuxDhHwqPDTuMWotKQbIjC8SCSKqQ-6Fzxcs7lbQ&oe=69A666C3,NA,3194347257,eliasmkjabbour,NA,Rio de Janeiro,NA,NA,-22908.0,-431975.0,Autenticidade,Reforça a capacidade de inspirar confiança e de ser percebida como alguém em quem se pode confiar.,50,50,16.67,8.33,12.5,12.5,4.17,16.67,8.33,20.83
postagem_62,3823283135245632251,DUPB8FADsL7,"Mon, 02 Feb 2026 00:08:23 GMT",2026-02-02T00:00:00Z,1769990903,O título foi o que menos importou..,NA,9000,348,https://www.instagram.com/p/DUPB8FADsL7/,https://instagram.fsdu8-1.fna.fbcdn.net/v/t51.71878-15/625279002_1722376575402754_2570419237897523816_n.jpg?stp=dst-jpg_e15_tt6&_nc_cat=101&ig_cache_key=MzgyMzI4MzEzNTI0NTYzMjI1MQ%3D%3D.3-ccb7-5&ccb=7-5&_nc_sid=58cdad&efg=eyJ2ZW5jb2RlX3RhZyI6InhwaWRzLjY0MHgxMTM2LnNkci5DMiJ9&_nc_ohc=a29Y0zvfqloQ7kNvwHlky9e&_nc_oc=AdlBCb28PAWTwHXbetWHOonN4D2gxs3pXW5KIrVEB6_thturO17v9uHH0iQNwXoSEykqKzt3hr07mfRicZm5TINx&_nc_ad=z-m&_nc_cid=0&_nc_zt=23&_nc_ht=instagram.fsdu8-1.fna&_nc_gid=HKsHEkyKHu78PbqECuSEHA&_nc_ss=8&oh=00_Afu5JJ9dtIdqFovys4QGphalBEa7MRcIDx9ahuFx7HX0LA&oe=69AA5EFE,https://instagram.fsdu8-1.fna.fbcdn.net/v/t51.71878-15/625279002_1722376575402754_2570419237897523816_n.jpg?stp=dst-jpg_e15_tt6&_nc_cat=101&ig_cache_key=MzgyMzI4MzEzNTI0NTYzMjI1MQ%3D%3D.3-ccb7-5&ccb=7-5&_nc_sid=58cdad&efg=eyJ2ZW5jb2RlX3RhZyI6InhwaWRzLjY0MHgxMTM2LnNkci5DMiJ9&_nc_ohc=a29Y0zvfqloQ7kNvwHlky9e&_nc_oc=AdlBCb28PAWTwHXbetWHOonN4D2gxs3pXW5KIrVEB6_thturO17v9uHH0iQNwXoSEykqKzt3hr07mfRicZm5TINx&_nc_ad=z-m&_nc_cid=0&_nc_zt=23&_nc_ht=instagram.fsdu8-1.fna&_nc_gid=HKsHEkyKHu78PbqECuSEHA&_nc_ss=8&oh=00_Afu5JJ9dtIdqFovys4QGphalBEa7MRcIDx9ahuFx7HX0LA&oe=69AA5EFE,"https://instagram.fsdu8-1.fna.fbcdn.net/v/t51.71878-15/625279002_1722376575402754_2570419237897523816_n.jpg?stp=dst-jpg_e15_tt6&_nc_cat=101&ig_cache_key=MzgyMzI4MzEzNTI0NTYzMjI1MQ%3D%3D.3-ccb7-5&ccb=7-5&_nc_sid=58cdad&efg=eyJ2ZW5jb2RlX3RhZyI6InhwaWRzLjY0MHgxMTM2LnNkci5DMiJ9&_nc_ohc=a29Y0zvfqloQ7kNvwHlky9e&_nc_oc=AdlBCb28PAWTwHXbetWHOonN4D2gxs3pXW5KIrVEB6_thturO17v9uHH0iQNwXoSEykqKzt3hr07mfRicZm5TINx&_nc_ad=z-m&_nc_cid=0&_nc_zt=23&_nc_ht=instagram.fsdu8-1.fna&_nc_gid=HKsHEkyKHu78PbqECuSEHA&_nc_ss=8&oh=00_Afu5JJ9dtIdqFovys4QGphalBEa7MRcIDx9ahuFx7HX0LA&oe=69AA5EFE
https://instagram.fsdu8-1.fna.fbcdn.net/v/t51.71878-15/625279002_1722376575402754_2570419237897523816_n.jpg?stp=dst-jpg_e15_p480x480_tt6&_nc_cat=101&ig_cache_key=MzgyMzI4MzEzNTI0NTYzMjI1MQ%3D%3D.3-ccb7-5&ccb=7-5&_nc_sid=58cdad&efg=eyJ2ZW5jb2RlX3RhZyI6InhwaWRzLjY0MHgxMTM2LnNkci5DMiJ9&_nc_ohc=a29Y0zvfqloQ7kNvwHlky9e&_nc_oc=AdlBCb28PAWTwHXbetWHOonN4D2gxs3pXW5KIrVEB6_thturO17v9uHH0iQNwXoSEykqKzt3hr07mfRicZm5TINx&_nc_ad=z-m&_nc_cid=0&_nc_zt=23&_nc_ht=instagram.fsdu8-1.fna&_nc_gid=HKsHEkyKHu78PbqECuSEHA&_nc_ss=8&oh=00_Afudywuj_28i6vxq-uv6JoPUGsEnHaj2ohizag8w9gyITQ&oe=69AA5EFE
https://instagram.fsdu8-1.fna.fbcdn.net/v/t51.71878-15/625279002_1722376575402754_2570419237897523816_n.jpg?stp=dst-jpg_e15_p320x320_tt6&_nc_cat=101&ig_cache_key=MzgyMzI4MzEzNTI0NTYzMjI1MQ%3D%3D.3-ccb7-5&ccb=7-5&_nc_sid=58cdad&efg=eyJ2ZW5jb2RlX3RhZyI6InhwaWRzLjY0MHgxMTM2LnNkci5DMiJ9&_nc_ohc=a29Y0zvfqloQ7kNvwHlky9e&_nc_oc=AdlBCb28PAWTwHXbetWHOonN4D2gxs3pXW5KIrVEB6_thturO17v9uHH0iQNwXoSEykqKzt3hr07mfRicZm5TINx&_nc_ad=z-m&_nc_cid=0&_nc_zt=23&_nc_ht=instagram.fsdu8-1.fna&_nc_gid=HKsHEkyKHu78PbqECuSEHA&_nc_ss=8&oh=00_Afv8l39QDyC6bHcR18EMBWyR_B3XOsO00OE4KV_Ic0VAlg&oe=69AA5EFE
https://instagram.fsdu8-1.fna.fbcdn.net/v/t51.71878-15/625279002_1722376575402754_2570419237897523816_n.jpg?stp=dst-jpg_e15_p240x240_tt6&_nc_cat=101&ig_cache_key=MzgyMzI4MzEzNTI0NTYzMjI1MQ%3D%3D.3-ccb7-5&ccb=7-5&_nc_sid=58cdad&efg=eyJ2ZW5jb2RlX3RhZyI6InhwaWRzLjY0MHgxMTM2LnNkci5DMiJ9&_nc_ohc=a29Y0zvfqloQ7kNvwHlky9e&_nc_oc=AdlBCb28PAWTwHXbetWHOonN4D2gxs3pXW5KIrVEB6_thturO17v9uHH0iQNwXoSEykqKzt3hr07mfRicZm5TINx&_nc_ad=z-m&_nc_cid=0&_nc_zt=23&_nc_ht=instagram.fsdu8-1.fna&_nc_gid=HKsHEkyKHu78PbqECuSEHA&_nc_ss=8&oh=00_AfsDV7unG_Nt3CYYbY2y7FhkTTcDlgQxEg7ZsiVikrRJAg&oe=69AA5EFE
https://instagram.fsdu8-1.fna.fbcdn.net/v/t51.71878-15/625279002_1722376575402754_2570419237897523816_n.jpg?stp=c0.248.640.640a_dst-jpg_e15_s640x639_tt6&_nc_cat=101&ig_cache_key=MzgyMzI4MzEzNTI0NTYzMjI1MQ%3D%3D.3-ccb7-5&ccb=7-5&_nc_sid=58cdad&efg=eyJ2ZW5jb2RlX3RhZyI6InhwaWRzLjY0MHgxMTM2LnNkci5DMiJ9&_nc_ohc=a29Y0zvfqloQ7kNvwHlky9e&_nc_oc=AdlBCb28PAWTwHXbetWHOonN4D2gxs3pXW5KIrVEB6_thturO17v9uHH0iQNwXoSEykqKzt3hr07mfRicZm5TINx&_nc_ad=z-m&_nc_cid=0&_nc_zt=23&_nc_ht=instagram.fsdu8-1.fna&_nc_gid=HKsHEkyKHu78PbqECuSEHA&_nc_ss=8&oh=00_AfsrfcicNjweUcd06E4-tlyZi9zgn_hiMP76wTvgZhEDVw&oe=69AA5EFE
https://instagram.fsdu8-1.fna.fbcdn.net/v/t51.71878-15/625279002_1722376575402754_2570419237897523816_n.jpg?stp=c0.248.640.640a_dst-jpg_e15_s640x639_tt6&_nc_cat=101&ig_cache_key=MzgyMzI4MzEzNTI0NTYzMjI1MQ%3D%3D.3-ccb7-5&ccb=7-5&_nc_sid=58cdad&efg=eyJ2ZW5jb2RlX3RhZyI6InhwaWRzLjY0MHgxMTM2LnNkci5DMiJ9&_nc_ohc=a29Y0zvfqloQ7kNvwHlky9e&_nc_oc=AdlBCb28PAWTwHXbetWHOonN4D2gxs3pXW5KIrVEB6_thturO17v9uHH0iQNwXoSEykqKzt3hr07mfRicZm5TINx&_nc_ad=z-m&_nc_cid=0&_nc_zt=23&_nc_ht=instagram.fsdu8-1.fna&_nc_gid=HKsHEkyKHu78PbqECuSEHA&_nc_ss=8&oh=00_AfsrfcicNjweUcd06E4-tlyZi9zgn_hiMP76wTvgZhEDVw&oe=69AA5EFE
https://instagram.fsdu8-1.fna.fbcdn.net/v/t51.71878-15/625279002_1722376575402754_2570419237897523816_n.jpg?stp=c0.248.640.640a_dst-jpg_e15_s640x639_tt6&_nc_cat=101&ig_cache_key=MzgyMzI4MzEzNTI0NTYzMjI1MQ%3D%3D.3-ccb7-5&ccb=7-5&_nc_sid=58cdad&efg=eyJ2ZW5jb2RlX3RhZyI6InhwaWRzLjY0MHgxMTM2LnNkci5DMiJ9&_nc_ohc=a29Y0zvfqloQ7kNvwHlky9e&_nc_oc=AdlBCb28PAWTwHXbetWHOonN4D2gxs3pXW5KIrVEB6_thturO17v9uHH0iQNwXoSEykqKzt3hr07mfRicZm5TINx&_nc_ad=z-m&_nc_cid=0&_nc_zt=23&_nc_ht=instagram.fsdu8-1.fna&_nc_gid=HKsHEkyKHu78PbqECuSEHA&_nc_ss=8&oh=00_AfsrfcicNjweUcd06E4-tlyZi9zgn_hiMP76wTvgZhEDVw&oe=69AA5EFE
https://instagram.fsdu8-1.fna.fbcdn.net/v/t51.71878-15/625279002_1722376575402754_2570419237897523816_n.jpg?stp=c0.248.640.640a_dst-jpg_e15_s480x480_tt6&_nc_cat=101&ig_cache_key=MzgyMzI4MzEzNTI0NTYzMjI1MQ%3D%3D.3-ccb7-5&ccb=7-5&_nc_sid=58cdad&efg=eyJ2ZW5jb2RlX3RhZyI6InhwaWRzLjY0MHgxMTM2LnNkci5DMiJ9&_nc_ohc=a29Y0zvfqloQ7kNvwHlky9e&_nc_oc=AdlBCb28PAWTwHXbetWHOonN4D2gxs3pXW5KIrVEB6_thturO17v9uHH0iQNwXoSEykqKzt3hr07mfRicZm5TINx&_nc_ad=z-m&_nc_cid=0&_nc_zt=23&_nc_ht=instagram.fsdu8-1.fna&_nc_gid=HKsHEkyKHu78PbqECuSEHA&_nc_ss=8&oh=00_AfuA2oeWMc1JdChd8i4o4tbAHzhmwN7kLnbfe3tYUEMHKQ&oe=69AA5EFE
https://instagram.fsdu8-1.fna.fbcdn.net/v/t51.71878-15/625279002_1722376575402754_2570419237897523816_n.jpg?stp=c0.248.640.640a_dst-jpg_e15_s320x320_tt6&_nc_cat=101&ig_cache_key=MzgyMzI4MzEzNTI0NTYzMjI1MQ%3D%3D.3-ccb7-5&ccb=7-5&_nc_sid=58cdad&efg=eyJ2ZW5jb2RlX3RhZyI6InhwaWRzLjY0MHgxMTM2LnNkci5DMiJ9&_nc_ohc=a29Y0zvfqloQ7kNvwHlky9e&_nc_oc=AdlBCb28PAWTwHXbetWHOonN4D2gxs3pXW5KIrVEB6_thturO17v9uHH0iQNwXoSEykqKzt3hr07mfRicZm5TINx&_nc_ad=z-m&_nc_cid=0&_nc_zt=23&_nc_ht=instagram.fsdu8-1.fna&_nc_gid=HKsHEkyKHu78PbqECuSEHA&_nc_ss=8&oh=00_Afs1v-vmFfhbPzfUTRxZESrJjBWeFZkQZdv3dMYCZ4VPzA&oe=69AA5EFE
https://instagram.fsdu8-1.fna.fbcdn.net/v/t51.71878-15/625279002_1722376575402754_2570419237897523816_n.jpg?stp=c0.248.640.640a_dst-jpg_e15_s240x240_tt6&_nc_cat=101&ig_cache_key=MzgyMzI4MzEzNTI0NTYzMjI1MQ%3D%3D.3-ccb7-5&ccb=7-5&_nc_sid=58cdad&efg=eyJ2ZW5jb2RlX3RhZyI6InhwaWRzLjY0MHgxMTM2LnNkci5DMiJ9&_nc_ohc=a29Y0zvfqloQ7kNvwHlky9e&_nc_oc=AdlBCb28PAWTwHXbetWHOonN4D2gxs3pXW5KIrVEB6_thturO17v9uHH0iQNwXoSEykqKzt3hr07mfRicZm5TINx&_nc_ad=z-m&_nc_cid=0&_nc_zt=23&_nc_ht=instagram.fsdu8-1.fna&_nc_gid=HKsHEkyKHu78PbqECuSEHA&_nc_ss=8&oh=00_Aft8HdwEKOcV9XxbdnHZS3wr5jXla2U3Y1fqZuRgVMvtlw&oe=69AA5EFE
https://instagram.fsdu8-1.fna.fbcdn.net/v/t51.71878-15/625279002_1722376575402754_2570419237897523816_n.jpg?stp=c0.248.640.640a_dst-jpg_e15_s150x150_tt6&_nc_cat=101&ig_cache_key=MzgyMzI4MzEzNTI0NTYzMjI1MQ%3D%3D.3-ccb7-5&ccb=7-5&_nc_sid=58cdad&efg=eyJ2ZW5jb2RlX3RhZyI6InhwaWRzLjY0MHgxMTM2LnNkci5DMiJ9&_nc_ohc=a29Y0zvfqloQ7kNvwHlky9e&_nc_oc=AdlBCb28PAWTwHXbetWHOonN4D2gxs3pXW5KIrVEB6_thturO17v9uHH0iQNwXoSEykqKzt3hr07mfRicZm5TINx&_nc_ad=z-m&_nc_cid=0&_nc_zt=23&_nc_ht=instagram.fsdu8-1.fna&_nc_gid=HKsHEkyKHu78PbqECuSEHA&_nc_ss=8&oh=00_Aftja-MCyYlWtaYN27CgqqXaTfCfVmkSz3PZjEZ3BOA6rw&oe=69AA5EFE",NA,NO,YES,https://instagram.fsdu8-1.fna.fbcdn.net/o1/v/t2/f2/m86/AQP_DxdxFPzxkgM0wcECcnLgSYKHkONtUAbV4evAXr-y8luonxi3VnwF9d_dlbZ-mSyAaIH2_33LS6IbWnewcAsAPF3R_ZBO0SCebY4.mp4?_nc_cat=106&_nc_oc=Adm907WuONGoFv99NQ1-EAZEw6tftoEkD_GJ9mksD_K1I6eYElLUsiOxvSX6LIDXZ8Amj3Ih-o4lR_lx4qOrTDVR&_nc_sid=5e9851&_nc_ht=instagram.fsdu8-1.fna.fbcdn.net&_nc_ohc=cuEwVy2OCrQQ7kNvwErnMUj&efg=eyJ2ZW5jb2RlX3RhZyI6Inhwdl9wcm9ncmVzc2l2ZS5JTlNUQUdSQU0uQ0xJUFMuQzIuNzIwLmRhc2hfYmFzZWxpbmVfMV92MSIsInhwdl9hc3NldF9pZCI6MTc5NDEwNzQ3OTIxMjg1MDgsImFzc2V0X2FnZV9kYXlzIjoyNywidmlfdXNlY2FzZV9pZCI6MTAwOTksImR1cmF0aW9uX3MiOjE2OSwidXJsZ2VuX3NvdXJjZSI6Ind3dyJ9&ccb=17-1&_nc_gid=HKsHEkyKHu78PbqECuSEHA&_nc_ss=8&_nc_zt=28&vs=659bd9cda3cb664&_nc_vs=HBksFQIYUmlnX3hwdl9yZWVsc19wZXJtYW5lbnRfc3JfcHJvZC9FMDQ1RDI3ODRCRDY2OUE3ODgzNDEwMDQ1MjlGQTQ4Nl92aWRlb19kYXNoaW5pdC5tcDQVAALIARIAFQIYUWlnX3hwdl9wbGFjZW1lbnRfcGVybWFuZW50X3YyLzQzNDI1MTdENzM3NDIzNjg0OEYwOTQ5MUE0Q0ZEMjkwX2F1ZGlvX2Rhc2hpbml0Lm1wNBUCAsgBEgAoABgAGwKIB3VzZV9vaWwBMRJwcm9ncmVzc2l2ZV9yZWNpcGUBMRUAACb4__zd_9PePxUCKAJDMiwXQGUrtkWhysEYEmRhc2hfYmFzZWxpbmVfMV92MREAdf4HZeadAQA&oh=00_Afuk1rrRk82bEJDM9ajMA4-zlfjSsSkqYly-TshHH9OONQ&oe=69A65A0B,NA,3194347257,eliasmkjabbour,NA,NA,NA,NA,NA,NA,Autenticidade,Reforça a capacidade de inspirar confiança e de ser percebida como alguém em quem se pode confiar.,100,0,0,56.25,0,0,12.5,0,0,31.25
postagem_61,3823249465713693913,DUO6SHzkRTZ,"Sun, 01 Feb 2026 23:01:57 GMT",2026-02-01T00:00:00Z,1769986917,"Ontem aconteceu mais uma edição do Filosofia de Boteco, projeto construído pelo coletivo Resistência Cultural, no bar Reginaldo's, em Olaria. Um espaço suburbano de bar, encontro e troca, onde filosofia, política e cultura popular se constroem a partir do território e da escuta coletiva.

O debate atravessou questões que ainda exigem muita luta no estado do Rio de Janeiro: o imperialismo e suas expressões concretas, as sanhas imperialistas e armamentistas de Israel e dos Estados Unidos, e como essas dinâmicas globais atravessam, tensionam e impactam diretamente a realidade fluminense.

Foi uma conversa muito rica, ao lado dos camaradas Elias Jabour, Luis Fernandes e do professor Bruno, reafirmando o valor dos espaços populares como lugares legítimos de pensamento crítico, organização política e construção coletiva.",NA,2731,65,https://www.instagram.com/p/DUO6SHzkRTZ/,https://instagram.fsdu8-2.fna.fbcdn.net/v/t51.82787-15/625219045_18502545529072413_1243311479061438411_n.jpg?stp=dst-jpg_e15_tt6&_nc_cat=103&ig_cache_key=MzgyMzI0OTQ2NTcxMzY5MzkxMzE4NTAyNTQ1NTI2MDcyNDEz.3-ccb7-5&ccb=7-5&_nc_sid=58cdad&efg=eyJ2ZW5jb2RlX3RhZyI6InhwaWRzLjU0MHg5NjAuc2RyLkMyIn0%3D&_nc_ohc=csXP9ZekOj4Q7kNvwFAXzLE&_nc_oc=Adljzi4Chv0pWLW3V-HigXv-OZX863i0rh-y0t5VFE3sNUhQ68HVqe3JvSkQour34D905hPopaAzCrIdCS5bzftQ&_nc_ad=z-m&_nc_cid=0&_nc_zt=23&_nc_ht=instagram.fsdu8-2.fna&_nc_gid=HKsHEkyKHu78PbqECuSEHA&_nc_ss=8&oh=00_Afsja_5hr6XSH_B6NurwFWpF7ynt0I-LP8xMPT8dTO0IqA&oe=69AA7037,https://instagram.fsdu8-2.fna.fbcdn.net/v/t51.82787-15/625219045_18502545529072413_1243311479061438411_n.jpg?stp=dst-jpg_e15_tt6&_nc_cat=103&ig_cache_key=MzgyMzI0OTQ2NTcxMzY5MzkxMzE4NTAyNTQ1NTI2MDcyNDEz.3-ccb7-5&ccb=7-5&_nc_sid=58cdad&efg=eyJ2ZW5jb2RlX3RhZyI6InhwaWRzLjU0MHg5NjAuc2RyLkMyIn0%3D&_nc_ohc=csXP9ZekOj4Q7kNvwFAXzLE&_nc_oc=Adljzi4Chv0pWLW3V-HigXv-OZX863i0rh-y0t5VFE3sNUhQ68HVqe3JvSkQour34D905hPopaAzCrIdCS5bzftQ&_nc_ad=z-m&_nc_cid=0&_nc_zt=23&_nc_ht=instagram.fsdu8-2.fna&_nc_gid=HKsHEkyKHu78PbqECuSEHA&_nc_ss=8&oh=00_Afsja_5hr6XSH_B6NurwFWpF7ynt0I-LP8xMPT8dTO0IqA&oe=69AA7037,"https://instagram.fsdu8-2.fna.fbcdn.net/v/t51.82787-15/625219045_18502545529072413_1243311479061438411_n.jpg?stp=dst-jpg_e15_tt6&_nc_cat=103&ig_cache_key=MzgyMzI0OTQ2NTcxMzY5MzkxMzE4NTAyNTQ1NTI2MDcyNDEz.3-ccb7-5&ccb=7-5&_nc_sid=58cdad&efg=eyJ2ZW5jb2RlX3RhZyI6InhwaWRzLjU0MHg5NjAuc2RyLkMyIn0%3D&_nc_ohc=csXP9ZekOj4Q7kNvwFAXzLE&_nc_oc=Adljzi4Chv0pWLW3V-HigXv-OZX863i0rh-y0t5VFE3sNUhQ68HVqe3JvSkQour34D905hPopaAzCrIdCS5bzftQ&_nc_ad=z-m&_nc_cid=0&_nc_zt=23&_nc_ht=instagram.fsdu8-2.fna&_nc_gid=HKsHEkyKHu78PbqECuSEHA&_nc_ss=8&oh=00_Afsja_5hr6XSH_B6NurwFWpF7ynt0I-LP8xMPT8dTO0IqA&oe=69AA7037
https://instagram.fsdu8-2.fna.fbcdn.net/v/t51.82787-15/625219045_18502545529072413_1243311479061438411_n.jpg?stp=dst-jpg_e15_p480x480_tt6&_nc_cat=103&ig_cache_key=MzgyMzI0OTQ2NTcxMzY5MzkxMzE4NTAyNTQ1NTI2MDcyNDEz.3-ccb7-5&ccb=7-5&_nc_sid=58cdad&efg=eyJ2ZW5jb2RlX3RhZyI6InhwaWRzLjU0MHg5NjAuc2RyLkMyIn0%3D&_nc_ohc=csXP9ZekOj4Q7kNvwFAXzLE&_nc_oc=Adljzi4Chv0pWLW3V-HigXv-OZX863i0rh-y0t5VFE3sNUhQ68HVqe3JvSkQour34D905hPopaAzCrIdCS5bzftQ&_nc_ad=z-m&_nc_cid=0&_nc_zt=23&_nc_ht=instagram.fsdu8-2.fna&_nc_gid=HKsHEkyKHu78PbqECuSEHA&_nc_ss=8&oh=00_Afvc1mnFpDSm4ljJXHwa7_L3NYK2WZ5BphxY1wr1_vS92g&oe=69AA7037
https://instagram.fsdu8-2.fna.fbcdn.net/v/t51.82787-15/625219045_18502545529072413_1243311479061438411_n.jpg?stp=dst-jpg_e15_p320x320_tt6&_nc_cat=103&ig_cache_key=MzgyMzI0OTQ2NTcxMzY5MzkxMzE4NTAyNTQ1NTI2MDcyNDEz.3-ccb7-5&ccb=7-5&_nc_sid=58cdad&efg=eyJ2ZW5jb2RlX3RhZyI6InhwaWRzLjU0MHg5NjAuc2RyLkMyIn0%3D&_nc_ohc=csXP9ZekOj4Q7kNvwFAXzLE&_nc_oc=Adljzi4Chv0pWLW3V-HigXv-OZX863i0rh-y0t5VFE3sNUhQ68HVqe3JvSkQour34D905hPopaAzCrIdCS5bzftQ&_nc_ad=z-m&_nc_cid=0&_nc_zt=23&_nc_ht=instagram.fsdu8-2.fna&_nc_gid=HKsHEkyKHu78PbqECuSEHA&_nc_ss=8&oh=00_AftD32CpgIuk6mZPLllXLNuNsSg38-WOziF8mHQMtzllaQ&oe=69AA7037
https://instagram.fsdu8-2.fna.fbcdn.net/v/t51.82787-15/625219045_18502545529072413_1243311479061438411_n.jpg?stp=dst-jpg_e15_p240x240_tt6&_nc_cat=103&ig_cache_key=MzgyMzI0OTQ2NTcxMzY5MzkxMzE4NTAyNTQ1NTI2MDcyNDEz.3-ccb7-5&ccb=7-5&_nc_sid=58cdad&efg=eyJ2ZW5jb2RlX3RhZyI6InhwaWRzLjU0MHg5NjAuc2RyLkMyIn0%3D&_nc_ohc=csXP9ZekOj4Q7kNvwFAXzLE&_nc_oc=Adljzi4Chv0pWLW3V-HigXv-OZX863i0rh-y0t5VFE3sNUhQ68HVqe3JvSkQour34D905hPopaAzCrIdCS5bzftQ&_nc_ad=z-m&_nc_cid=0&_nc_zt=23&_nc_ht=instagram.fsdu8-2.fna&_nc_gid=HKsHEkyKHu78PbqECuSEHA&_nc_ss=8&oh=00_Afuoh__VySGMNWP6dEe2NPq-KWbUhvyIXIh11cLJK9nFHA&oe=69AA7037
https://instagram.fsdu8-2.fna.fbcdn.net/v/t51.82787-15/625219045_18502545529072413_1243311479061438411_n.jpg?stp=c0.210.540.540a_dst-jpg_e15_s540x540_tt6&_nc_cat=103&ig_cache_key=MzgyMzI0OTQ2NTcxMzY5MzkxMzE4NTAyNTQ1NTI2MDcyNDEz.3-ccb7-5&ccb=7-5&_nc_sid=58cdad&efg=eyJ2ZW5jb2RlX3RhZyI6InhwaWRzLjU0MHg5NjAuc2RyLkMyIn0%3D&_nc_ohc=csXP9ZekOj4Q7kNvwFAXzLE&_nc_oc=Adljzi4Chv0pWLW3V-HigXv-OZX863i0rh-y0t5VFE3sNUhQ68HVqe3JvSkQour34D905hPopaAzCrIdCS5bzftQ&_nc_ad=z-m&_nc_cid=0&_nc_zt=23&_nc_ht=instagram.fsdu8-2.fna&_nc_gid=HKsHEkyKHu78PbqECuSEHA&_nc_ss=8&oh=00_Aftw7MNh5WK7jDPr_h50weEdPATizmxRXI0Z6v2vvELScg&oe=69AA7037
https://instagram.fsdu8-2.fna.fbcdn.net/v/t51.82787-15/625219045_18502545529072413_1243311479061438411_n.jpg?stp=c0.210.540.540a_dst-jpg_e15_s540x540_tt6&_nc_cat=103&ig_cache_key=MzgyMzI0OTQ2NTcxMzY5MzkxMzE4NTAyNTQ1NTI2MDcyNDEz.3-ccb7-5&ccb=7-5&_nc_sid=58cdad&efg=eyJ2ZW5jb2RlX3RhZyI6InhwaWRzLjU0MHg5NjAuc2RyLkMyIn0%3D&_nc_ohc=csXP9ZekOj4Q7kNvwFAXzLE&_nc_oc=Adljzi4Chv0pWLW3V-HigXv-OZX863i0rh-y0t5VFE3sNUhQ68HVqe3JvSkQour34D905hPopaAzCrIdCS5bzftQ&_nc_ad=z-m&_nc_cid=0&_nc_zt=23&_nc_ht=instagram.fsdu8-2.fna&_nc_gid=HKsHEkyKHu78PbqECuSEHA&_nc_ss=8&oh=00_Aftw7MNh5WK7jDPr_h50weEdPATizmxRXI0Z6v2vvELScg&oe=69AA7037
https://instagram.fsdu8-2.fna.fbcdn.net/v/t51.82787-15/625219045_18502545529072413_1243311479061438411_n.jpg?stp=c0.210.540.540a_dst-jpg_e15_s540x540_tt6&_nc_cat=103&ig_cache_key=MzgyMzI0OTQ2NTcxMzY5MzkxMzE4NTAyNTQ1NTI2MDcyNDEz.3-ccb7-5&ccb=7-5&_nc_sid=58cdad&efg=eyJ2ZW5jb2RlX3RhZyI6InhwaWRzLjU0MHg5NjAuc2RyLkMyIn0%3D&_nc_ohc=csXP9ZekOj4Q7kNvwFAXzLE&_nc_oc=Adljzi4Chv0pWLW3V-HigXv-OZX863i0rh-y0t5VFE3sNUhQ68HVqe3JvSkQour34D905hPopaAzCrIdCS5bzftQ&_nc_ad=z-m&_nc_cid=0&_nc_zt=23&_nc_ht=instagram.fsdu8-2.fna&_nc_gid=HKsHEkyKHu78PbqECuSEHA&_nc_ss=8&oh=00_Aftw7MNh5WK7jDPr_h50weEdPATizmxRXI0Z6v2vvELScg&oe=69AA7037
https://instagram.fsdu8-2.fna.fbcdn.net/v/t51.82787-15/625219045_18502545529072413_1243311479061438411_n.jpg?stp=c0.210.540.540a_dst-jpg_e15_s480x480_tt6&_nc_cat=103&ig_cache_key=MzgyMzI0OTQ2NTcxMzY5MzkxMzE4NTAyNTQ1NTI2MDcyNDEz.3-ccb7-5&ccb=7-5&_nc_sid=58cdad&efg=eyJ2ZW5jb2RlX3RhZyI6InhwaWRzLjU0MHg5NjAuc2RyLkMyIn0%3D&_nc_ohc=csXP9ZekOj4Q7kNvwFAXzLE&_nc_oc=Adljzi4Chv0pWLW3V-HigXv-OZX863i0rh-y0t5VFE3sNUhQ68HVqe3JvSkQour34D905hPopaAzCrIdCS5bzftQ&_nc_ad=z-m&_nc_cid=0&_nc_zt=23&_nc_ht=instagram.fsdu8-2.fna&_nc_gid=HKsHEkyKHu78PbqECuSEHA&_nc_ss=8&oh=00_Afu0BLxI7Kp4PR3QSXsl-brUMiCr_KJY-H6HV0ba8ifEmQ&oe=69AA7037
https://instagram.fsdu8-2.fna.fbcdn.net/v/t51.82787-15/625219045_18502545529072413_1243311479061438411_n.jpg?stp=c0.210.540.540a_dst-jpg_e15_s320x320_tt6&_nc_cat=103&ig_cache_key=MzgyMzI0OTQ2NTcxMzY5MzkxMzE4NTAyNTQ1NTI2MDcyNDEz.3-ccb7-5&ccb=7-5&_nc_sid=58cdad&efg=eyJ2ZW5jb2RlX3RhZyI6InhwaWRzLjU0MHg5NjAuc2RyLkMyIn0%3D&_nc_ohc=csXP9ZekOj4Q7kNvwFAXzLE&_nc_oc=Adljzi4Chv0pWLW3V-HigXv-OZX863i0rh-y0t5VFE3sNUhQ68HVqe3JvSkQour34D905hPopaAzCrIdCS5bzftQ&_nc_ad=z-m&_nc_cid=0&_nc_zt=23&_nc_ht=instagram.fsdu8-2.fna&_nc_gid=HKsHEkyKHu78PbqECuSEHA&_nc_ss=8&oh=00_AfvMbbz5kr5fqE0XpCjbaL5Hhc9msFeWlw_oB1FvifMbfw&oe=69AA7037
https://instagram.fsdu8-2.fna.fbcdn.net/v/t51.82787-15/625219045_18502545529072413_1243311479061438411_n.jpg?stp=c0.210.540.540a_dst-jpg_e15_s240x240_tt6&_nc_cat=103&ig_cache_key=MzgyMzI0OTQ2NTcxMzY5MzkxMzE4NTAyNTQ1NTI2MDcyNDEz.3-ccb7-5&ccb=7-5&_nc_sid=58cdad&efg=eyJ2ZW5jb2RlX3RhZyI6InhwaWRzLjU0MHg5NjAuc2RyLkMyIn0%3D&_nc_ohc=csXP9ZekOj4Q7kNvwFAXzLE&_nc_oc=Adljzi4Chv0pWLW3V-HigXv-OZX863i0rh-y0t5VFE3sNUhQ68HVqe3JvSkQour34D905hPopaAzCrIdCS5bzftQ&_nc_ad=z-m&_nc_cid=0&_nc_zt=23&_nc_ht=instagram.fsdu8-2.fna&_nc_gid=HKsHEkyKHu78PbqECuSEHA&_nc_ss=8&oh=00_AfuQIBoY5GgMOb_kAduLkrMlBsOKZFn4hR1jAPqeB14_Zg&oe=69AA7037
https://instagram.fsdu8-2.fna.fbcdn.net/v/t51.82787-15/625219045_18502545529072413_1243311479061438411_n.jpg?stp=c0.210.540.540a_dst-jpg_e15_s150x150_tt6&_nc_cat=103&ig_cache_key=MzgyMzI0OTQ2NTcxMzY5MzkxMzE4NTAyNTQ1NTI2MDcyNDEz.3-ccb7-5&ccb=7-5&_nc_sid=58cdad&efg=eyJ2ZW5jb2RlX3RhZyI6InhwaWRzLjU0MHg5NjAuc2RyLkMyIn0%3D&_nc_ohc=csXP9ZekOj4Q7kNvwFAXzLE&_nc_oc=Adljzi4Chv0pWLW3V-HigXv-OZX863i0rh-y0t5VFE3sNUhQ68HVqe3JvSkQour34D905hPopaAzCrIdCS5bzftQ&_nc_ad=z-m&_nc_cid=0&_nc_zt=23&_nc_ht=instagram.fsdu8-2.fna&_nc_gid=HKsHEkyKHu78PbqECuSEHA&_nc_ss=8&oh=00_AfuPsUE7-Ypy6tAl4WKR3QaPqLAGhSYiNica1NmhpzUkng&oe=69AA7037",NA,NO,YES,https://instagram.fsdu8-2.fna.fbcdn.net/o1/v/t2/f2/m86/AQNfo-L8MVWPhVVoOHQ3OLjgDnfIdpHI4aNifFD-nO-hfYPucFUlR2dSzDI6vrPMpO_t7tHNFkAk5PWSqyZ_MQ7akyUeI28CaZIu5N0.mp4?_nc_cat=103&_nc_oc=Adk_MWfjODl6t6SqAXXwrkOD5OLJj-Bz1hVq9kGXX00BmYCqhZGwJ_LwnxF40CXMVYwQ36QSWt9BoNFMNjrfZXxp&_nc_sid=5e9851&_nc_ht=instagram.fsdu8-2.fna.fbcdn.net&_nc_ohc=pqKqPH0ufC4Q7kNvwFCJxsq&efg=eyJ2ZW5jb2RlX3RhZyI6Inhwdl9wcm9ncmVzc2l2ZS5JTlNUQUdSQU0uQ0xJUFMuQzIuNzIwLmRhc2hfYmFzZWxpbmVfMV92MSIsInhwdl9hc3NldF9pZCI6MTc5Mzg4NjA3NDExMTc2MDEsImFzc2V0X2FnZV9kYXlzIjoyNywidmlfdXNlY2FzZV9pZCI6MTAwOTksImR1cmF0aW9uX3MiOjE1MywidXJsZ2VuX3NvdXJjZSI6Ind3dyJ9&ccb=17-1&_nc_gid=HKsHEkyKHu78PbqECuSEHA&_nc_ss=8&_nc_zt=28&vs=27f00b127eb8518a&_nc_vs=HBksFQIYUmlnX3hwdl9yZWVsc19wZXJtYW5lbnRfc3JfcHJvZC9BOTQ1QzFBRENFQ0Q5MDg4RDI4QTJEMzAzMkU0N0I4Q192aWRlb19kYXNoaW5pdC5tcDQVAALIARIAFQIYUWlnX3hwdl9wbGFjZW1lbnRfcGVybWFuZW50X3YyL0I0NDE0RjlGNkQ1MUVBN0M1NEFBRkFBMzM3NzZFRUJCX2F1ZGlvX2Rhc2hpbml0Lm1wNBUCAsgBEgAoABgAGwKIB3VzZV9vaWwBMRJwcm9ncmVzc2l2ZV9yZWNpcGUBMRUAACbCmrLij9PdPxUCKAJDMiwXQGMij1wo9cMYEmRhc2hfYmFzZWxpbmVfMV92MREAdf4HZeadAQA&oh=00_Afsbt6YhrbbRAyi1k--9vyy0QWFSE1glm4AF76R59NHwCw&oe=69A6731C,NA,2205472412,danieli.balbi,NA,NA,NA,NA,NA,NA,Humanização,"Enfatiza a capacidade de ser percebida como próxima, acessível e semelhante aos eleitores, especialmente em termos de estilo de vida",80,20,14.29,0,28.57,0,0,0,0,57.14
postagem_59,3822947177317391439,DUN1jPzFdxP,"Sun, 01 Feb 2026 13:00:00 GMT",2026-02-01T00:00:00Z,1769950800,"No Meia Noite em Pequim, Elias Jabbor aponta que a política externa dos EUA sob Trump revela uma escalada inédita do militarismo global, com aumento histórico dos gastos em defesa, disputa por recursos naturais estratégicos e pressão sobre países do Sul Global para bloquear projetos nacionais autônomos, como o do Brasil.

🎥 Assista ao vídeo completo no nosso canal do YouTube, a TV Grabois.
Parceria 🤝 @icl.noticias",NA,3,42,https://www.instagram.com/p/DUN1jPzFdxP/,https://instagram.fsdu8-2.fna.fbcdn.net/v/t51.71878-15/624535927_4198315103714207_2081602072425061542_n.jpg?stp=dst-jpg_e15_tt6&_nc_cat=100&ig_cache_key=MzgyMjk0NzE3NzMxNzM5MTQzOQ%3D%3D.3-ccb7-5&ccb=7-5&_nc_sid=58cdad&efg=eyJ2ZW5jb2RlX3RhZyI6InhwaWRzLjY0MHgxMTM2LnNkci5DMiJ9&_nc_ohc=u6s_mjw5PlkQ7kNvwHKTPQm&_nc_oc=AdknZSWG-ZJ0_FddL7Gk2Exj2q742afYcKouCdMX0VIFExrUe0m6neMgAUtf_0etrQ-c7khm1kuXGMXqUhBGkUY6&_nc_ad=z-m&_nc_cid=0&_nc_zt=23&_nc_ht=instagram.fsdu8-2.fna&_nc_gid=HKsHEkyKHu78PbqECuSEHA&_nc_ss=8&oh=00_Aft4GIN2xpyomN0oQ93pdGsn2o4UzTItcs1I7WtdJGPHIg&oe=69AA713A,https://instagram.fsdu8-2.fna.fbcdn.net/v/t51.71878-15/624535927_4198315103714207_2081602072425061542_n.jpg?stp=dst-jpg_e15_tt6&_nc_cat=100&ig_cache_key=MzgyMjk0NzE3NzMxNzM5MTQzOQ%3D%3D.3-ccb7-5&ccb=7-5&_nc_sid=58cdad&efg=eyJ2ZW5jb2RlX3RhZyI6InhwaWRzLjY0MHgxMTM2LnNkci5DMiJ9&_nc_ohc=u6s_mjw5PlkQ7kNvwHKTPQm&_nc_oc=AdknZSWG-ZJ0_FddL7Gk2Exj2q742afYcKouCdMX0VIFExrUe0m6neMgAUtf_0etrQ-c7khm1kuXGMXqUhBGkUY6&_nc_ad=z-m&_nc_cid=0&_nc_zt=23&_nc_ht=instagram.fsdu8-2.fna&_nc_gid=HKsHEkyKHu78PbqECuSEHA&_nc_ss=8&oh=00_Aft4GIN2xpyomN0oQ93pdGsn2o4UzTItcs1I7WtdJGPHIg&oe=69AA713A,"https://instagram.fsdu8-2.fna.fbcdn.net/v/t51.71878-15/624535927_4198315103714207_2081602072425061542_n.jpg?stp=dst-jpg_e15_tt6&_nc_cat=100&ig_cache_key=MzgyMjk0NzE3NzMxNzM5MTQzOQ%3D%3D.3-ccb7-5&ccb=7-5&_nc_sid=58cdad&efg=eyJ2ZW5jb2RlX3RhZyI6InhwaWRzLjY0MHgxMTM2LnNkci5DMiJ9&_nc_ohc=u6s_mjw5PlkQ7kNvwHKTPQm&_nc_oc=AdknZSWG-ZJ0_FddL7Gk2Exj2q742afYcKouCdMX0VIFExrUe0m6neMgAUtf_0etrQ-c7khm1kuXGMXqUhBGkUY6&_nc_ad=z-m&_nc_cid=0&_nc_zt=23&_nc_ht=instagram.fsdu8-2.fna&_nc_gid=HKsHEkyKHu78PbqECuSEHA&_nc_ss=8&oh=00_Aft4GIN2xpyomN0oQ93pdGsn2o4UzTItcs1I7WtdJGPHIg&oe=69AA713A
https://instagram.fsdu8-2.fna.fbcdn.net/v/t51.71878-15/624535927_4198315103714207_2081602072425061542_n.jpg?stp=dst-jpg_e15_p480x480_tt6&_nc_cat=100&ig_cache_key=MzgyMjk0NzE3NzMxNzM5MTQzOQ%3D%3D.3-ccb7-5&ccb=7-5&_nc_sid=58cdad&efg=eyJ2ZW5jb2RlX3RhZyI6InhwaWRzLjY0MHgxMTM2LnNkci5DMiJ9&_nc_ohc=u6s_mjw5PlkQ7kNvwHKTPQm&_nc_oc=AdknZSWG-ZJ0_FddL7Gk2Exj2q742afYcKouCdMX0VIFExrUe0m6neMgAUtf_0etrQ-c7khm1kuXGMXqUhBGkUY6&_nc_ad=z-m&_nc_cid=0&_nc_zt=23&_nc_ht=instagram.fsdu8-2.fna&_nc_gid=HKsHEkyKHu78PbqECuSEHA&_nc_ss=8&oh=00_Aft31HneZ9cJYTaKmUlqsWbx7DcdJht4KER7N2xzOZGErQ&oe=69AA713A
https://instagram.fsdu8-2.fna.fbcdn.net/v/t51.71878-15/624535927_4198315103714207_2081602072425061542_n.jpg?stp=dst-jpg_e15_p320x320_tt6&_nc_cat=100&ig_cache_key=MzgyMjk0NzE3NzMxNzM5MTQzOQ%3D%3D.3-ccb7-5&ccb=7-5&_nc_sid=58cdad&efg=eyJ2ZW5jb2RlX3RhZyI6InhwaWRzLjY0MHgxMTM2LnNkci5DMiJ9&_nc_ohc=u6s_mjw5PlkQ7kNvwHKTPQm&_nc_oc=AdknZSWG-ZJ0_FddL7Gk2Exj2q742afYcKouCdMX0VIFExrUe0m6neMgAUtf_0etrQ-c7khm1kuXGMXqUhBGkUY6&_nc_ad=z-m&_nc_cid=0&_nc_zt=23&_nc_ht=instagram.fsdu8-2.fna&_nc_gid=HKsHEkyKHu78PbqECuSEHA&_nc_ss=8&oh=00_Afs-kbko5gTo6_GueDYQYDw0I4sVm0Vh3xy6FVhh3pVeCA&oe=69AA713A
https://instagram.fsdu8-2.fna.fbcdn.net/v/t51.71878-15/624535927_4198315103714207_2081602072425061542_n.jpg?stp=dst-jpg_e15_p240x240_tt6&_nc_cat=100&ig_cache_key=MzgyMjk0NzE3NzMxNzM5MTQzOQ%3D%3D.3-ccb7-5&ccb=7-5&_nc_sid=58cdad&efg=eyJ2ZW5jb2RlX3RhZyI6InhwaWRzLjY0MHgxMTM2LnNkci5DMiJ9&_nc_ohc=u6s_mjw5PlkQ7kNvwHKTPQm&_nc_oc=AdknZSWG-ZJ0_FddL7Gk2Exj2q742afYcKouCdMX0VIFExrUe0m6neMgAUtf_0etrQ-c7khm1kuXGMXqUhBGkUY6&_nc_ad=z-m&_nc_cid=0&_nc_zt=23&_nc_ht=instagram.fsdu8-2.fna&_nc_gid=HKsHEkyKHu78PbqECuSEHA&_nc_ss=8&oh=00_AfvWffx8Lc6hKm5UydlU6YwYtC8BX5E3rhrBMoX2jrTmTQ&oe=69AA713A
https://instagram.fsdu8-2.fna.fbcdn.net/v/t51.71878-15/624535927_4198315103714207_2081602072425061542_n.jpg?stp=c0.248.640.640a_dst-jpg_e15_s640x639_tt6&_nc_cat=100&ig_cache_key=MzgyMjk0NzE3NzMxNzM5MTQzOQ%3D%3D.3-ccb7-5&ccb=7-5&_nc_sid=58cdad&efg=eyJ2ZW5jb2RlX3RhZyI6InhwaWRzLjY0MHgxMTM2LnNkci5DMiJ9&_nc_ohc=u6s_mjw5PlkQ7kNvwHKTPQm&_nc_oc=AdknZSWG-ZJ0_FddL7Gk2Exj2q742afYcKouCdMX0VIFExrUe0m6neMgAUtf_0etrQ-c7khm1kuXGMXqUhBGkUY6&_nc_ad=z-m&_nc_cid=0&_nc_zt=23&_nc_ht=instagram.fsdu8-2.fna&_nc_gid=HKsHEkyKHu78PbqECuSEHA&_nc_ss=8&oh=00_AfuOihMzkN7gCIf9c0gItCvsEUvlONPdWD0lV1O-S8hrrA&oe=69AA713A
https://instagram.fsdu8-2.fna.fbcdn.net/v/t51.71878-15/624535927_4198315103714207_2081602072425061542_n.jpg?stp=c0.248.640.640a_dst-jpg_e15_s640x639_tt6&_nc_cat=100&ig_cache_key=MzgyMjk0NzE3NzMxNzM5MTQzOQ%3D%3D.3-ccb7-5&ccb=7-5&_nc_sid=58cdad&efg=eyJ2ZW5jb2RlX3RhZyI6InhwaWRzLjY0MHgxMTM2LnNkci5DMiJ9&_nc_ohc=u6s_mjw5PlkQ7kNvwHKTPQm&_nc_oc=AdknZSWG-ZJ0_FddL7Gk2Exj2q742afYcKouCdMX0VIFExrUe0m6neMgAUtf_0etrQ-c7khm1kuXGMXqUhBGkUY6&_nc_ad=z-m&_nc_cid=0&_nc_zt=23&_nc_ht=instagram.fsdu8-2.fna&_nc_gid=HKsHEkyKHu78PbqECuSEHA&_nc_ss=8&oh=00_AfuOihMzkN7gCIf9c0gItCvsEUvlONPdWD0lV1O-S8hrrA&oe=69AA713A
https://instagram.fsdu8-2.fna.fbcdn.net/v/t51.71878-15/624535927_4198315103714207_2081602072425061542_n.jpg?stp=c0.248.640.640a_dst-jpg_e15_s640x639_tt6&_nc_cat=100&ig_cache_key=MzgyMjk0NzE3NzMxNzM5MTQzOQ%3D%3D.3-ccb7-5&ccb=7-5&_nc_sid=58cdad&efg=eyJ2ZW5jb2RlX3RhZyI6InhwaWRzLjY0MHgxMTM2LnNkci5DMiJ9&_nc_ohc=u6s_mjw5PlkQ7kNvwHKTPQm&_nc_oc=AdknZSWG-ZJ0_FddL7Gk2Exj2q742afYcKouCdMX0VIFExrUe0m6neMgAUtf_0etrQ-c7khm1kuXGMXqUhBGkUY6&_nc_ad=z-m&_nc_cid=0&_nc_zt=23&_nc_ht=instagram.fsdu8-2.fna&_nc_gid=HKsHEkyKHu78PbqECuSEHA&_nc_ss=8&oh=00_AfuOihMzkN7gCIf9c0gItCvsEUvlONPdWD0lV1O-S8hrrA&oe=69AA713A
https://instagram.fsdu8-2.fna.fbcdn.net/v/t51.71878-15/624535927_4198315103714207_2081602072425061542_n.jpg?stp=c0.248.640.640a_dst-jpg_e15_s480x480_tt6&_nc_cat=100&ig_cache_key=MzgyMjk0NzE3NzMxNzM5MTQzOQ%3D%3D.3-ccb7-5&ccb=7-5&_nc_sid=58cdad&efg=eyJ2ZW5jb2RlX3RhZyI6InhwaWRzLjY0MHgxMTM2LnNkci5DMiJ9&_nc_ohc=u6s_mjw5PlkQ7kNvwHKTPQm&_nc_oc=AdknZSWG-ZJ0_FddL7Gk2Exj2q742afYcKouCdMX0VIFExrUe0m6neMgAUtf_0etrQ-c7khm1kuXGMXqUhBGkUY6&_nc_ad=z-m&_nc_cid=0&_nc_zt=23&_nc_ht=instagram.fsdu8-2.fna&_nc_gid=HKsHEkyKHu78PbqECuSEHA&_nc_ss=8&oh=00_Afu_YYEfLAPWH-eMls-3q9cDlwRdydp026zBihZXX4cX0A&oe=69AA713A
https://instagram.fsdu8-2.fna.fbcdn.net/v/t51.71878-15/624535927_4198315103714207_2081602072425061542_n.jpg?stp=c0.248.640.640a_dst-jpg_e15_s320x320_tt6&_nc_cat=100&ig_cache_key=MzgyMjk0NzE3NzMxNzM5MTQzOQ%3D%3D.3-ccb7-5&ccb=7-5&_nc_sid=58cdad&efg=eyJ2ZW5jb2RlX3RhZyI6InhwaWRzLjY0MHgxMTM2LnNkci5DMiJ9&_nc_ohc=u6s_mjw5PlkQ7kNvwHKTPQm&_nc_oc=AdknZSWG-ZJ0_FddL7Gk2Exj2q742afYcKouCdMX0VIFExrUe0m6neMgAUtf_0etrQ-c7khm1kuXGMXqUhBGkUY6&_nc_ad=z-m&_nc_cid=0&_nc_zt=23&_nc_ht=instagram.fsdu8-2.fna&_nc_gid=HKsHEkyKHu78PbqECuSEHA&_nc_ss=8&oh=00_Afu7bbXc0-fUshN0UJYmXGZEjTrtLMaeczNKulkFQ6FsfA&oe=69AA713A
https://instagram.fsdu8-2.fna.fbcdn.net/v/t51.71878-15/624535927_4198315103714207_2081602072425061542_n.jpg?stp=c0.248.640.640a_dst-jpg_e15_s240x240_tt6&_nc_cat=100&ig_cache_key=MzgyMjk0NzE3NzMxNzM5MTQzOQ%3D%3D.3-ccb7-5&ccb=7-5&_nc_sid=58cdad&efg=eyJ2ZW5jb2RlX3RhZyI6InhwaWRzLjY0MHgxMTM2LnNkci5DMiJ9&_nc_ohc=u6s_mjw5PlkQ7kNvwHKTPQm&_nc_oc=AdknZSWG-ZJ0_FddL7Gk2Exj2q742afYcKouCdMX0VIFExrUe0m6neMgAUtf_0etrQ-c7khm1kuXGMXqUhBGkUY6&_nc_ad=z-m&_nc_cid=0&_nc_zt=23&_nc_ht=instagram.fsdu8-2.fna&_nc_gid=HKsHEkyKHu78PbqECuSEHA&_nc_ss=8&oh=00_AfsrNhAJMvd4hMWnQIPWDf6yew_oK2xQGW36VYchtNBPAA&oe=69AA713A
https://instagram.fsdu8-2.fna.fbcdn.net/v/t51.71878-15/624535927_4198315103714207_2081602072425061542_n.jpg?stp=c0.248.640.640a_dst-jpg_e15_s150x150_tt6&_nc_cat=100&ig_cache_key=MzgyMjk0NzE3NzMxNzM5MTQzOQ%3D%3D.3-ccb7-5&ccb=7-5&_nc_sid=58cdad&efg=eyJ2ZW5jb2RlX3RhZyI6InhwaWRzLjY0MHgxMTM2LnNkci5DMiJ9&_nc_ohc=u6s_mjw5PlkQ7kNvwHKTPQm&_nc_oc=AdknZSWG-ZJ0_FddL7Gk2Exj2q742afYcKouCdMX0VIFExrUe0m6neMgAUtf_0etrQ-c7khm1kuXGMXqUhBGkUY6&_nc_ad=z-m&_nc_cid=0&_nc_zt=23&_nc_ht=instagram.fsdu8-2.fna&_nc_gid=HKsHEkyKHu78PbqECuSEHA&_nc_ss=8&oh=00_AfuNtbGb7bOcqxXrdCNxuYErhPbZBCzwSSDBJH4h8oOvQQ&oe=69AA713A",NA,NO,YES,https://instagram.fsdu8-2.fna.fbcdn.net/o1/v/t2/f2/m86/AQP6jzoYVTnxD_N2Fhr8dJrqjEpMRRLwgBxMSDIRGXfLl1jULu226Gb8KgL9dH_clU5RQLtJ9FbiyvmIcx6XmpEpuWuldCtOWtvpXNE.mp4?_nc_cat=100&_nc_oc=AdmuHYIEpx8dPc1Bw4UVV27TGeQBOUXPrfSRCz1vrH6qsJp5GbVxJP2GXAp1S_zbaMHPDmObxkneAJJc3-CS8HZk&_nc_sid=5e9851&_nc_ht=instagram.fsdu8-2.fna.fbcdn.net&_nc_ohc=ihiNChI7psUQ7kNvwH7CW5f&efg=eyJ2ZW5jb2RlX3RhZyI6Inhwdl9wcm9ncmVzc2l2ZS5JTlNUQUdSQU0uQ0xJUFMuQzIuNzIwLmRhc2hfYmFzZWxpbmVfMV92MSIsInhwdl9hc3NldF9pZCI6MTc5NDMwMTU2MzkxMDcxMTIsImFzc2V0X2FnZV9kYXlzIjoyOSwidmlfdXNlY2FzZV9pZCI6MTAwOTksImR1cmF0aW9uX3MiOjExMCwidXJsZ2VuX3NvdXJjZSI6Ind3dyJ9&ccb=17-1&_nc_gid=HKsHEkyKHu78PbqECuSEHA&_nc_ss=8&_nc_zt=28&vs=ea70624ae93b000&_nc_vs=HBksFQIYUmlnX3hwdl9yZWVsc19wZXJtYW5lbnRfc3JfcHJvZC8xNTRCRDk2QUE4NTM5Q0MyRjVGMzFFRkE0MTNBOTQ5QV92aWRlb19kYXNoaW5pdC5tcDQVAALIARIAFQIYUWlnX3hwdl9wbGFjZW1lbnRfcGVybWFuZW50X3YyL0NDNEJCOEJERUVFQjA4NUM0MkJEMzZFNUU1QTNBNzlGX2F1ZGlvX2Rhc2hpbml0Lm1wNBUCAsgBEgAoABgAGwKIB3VzZV9vaWwBMRJwcm9ncmVzc2l2ZV9yZWNpcGUBMRUAACbQmPKV_MTfPxUCKAJDMiwXQFuszMzMzM0YEmRhc2hfYmFzZWxpbmVfMV92MREAdf4HZeadAQA&oh=00_Aft0B6WYqHVNXhRf7eDnYY_975AG1IubQve7yoU9LLsctg&oe=69A67195,NA,7130246566,fundacaograbois,NA,NA,NA,NA,NA,NA,Autoridade,"Expressa ser detentora de habilidades, posicionando-se como melhor do que os eleitores em determinados domínios.",100,0,0,0,0,0,0,0,75,25
postagem_58,3822945070216000439,DUN1ElaDjO3,"Sun, 01 Feb 2026 12:56:27 GMT",2026-02-01T00:00:00Z,1769950587,Esse ano completo 10 anos na bateria da @unidosdevilaisabel e 35 anos como componente de bateria de escola de samba. Bora para mais uma!🥁💙,NA,6606,73,https://www.instagram.com/p/DUN1ElaDjO3/,https://instagram.fsdu8-2.fna.fbcdn.net/v/t51.82787-15/624983338_18440488396107258_8863775350732177603_n.jpg?stp=dst-jpg_e35_tt6&_nc_cat=109&ig_cache_key=MzgyMjk0MzY3Mjc5OTc2NjM3Ng%3D%3D.3-ccb7-5&ccb=7-5&_nc_sid=58cdad&efg=eyJ2ZW5jb2RlX3RhZyI6InhwaWRzLjkwMHgxMjAwLnNkci5DMiJ9&_nc_ohc=_uDns7I1AXgQ7kNvwHQ0ahf&_nc_oc=AdnvvjLGet9LZYGjBWiVBxJqkfyuHs1gUgFLo3wXTgZSi7flJx0woIDy4o9tRFjs1ssbwGK67vxsKmQuEWuM5pUP&_nc_ad=z-m&_nc_cid=0&_nc_zt=23&_nc_ht=instagram.fsdu8-2.fna&_nc_gid=HKsHEkyKHu78PbqECuSEHA&_nc_ss=8&oh=00_AftaE2GRyAO854Y4qfKTrF4eg4ulmRBylaSm_tGWAk7iBA&oe=69AA6190,https://instagram.fsdu8-2.fna.fbcdn.net/v/t51.82787-15/624983338_18440488396107258_8863775350732177603_n.jpg?stp=dst-jpg_e35_tt6&_nc_cat=109&ig_cache_key=MzgyMjk0MzY3Mjc5OTc2NjM3Ng%3D%3D.3-ccb7-5&ccb=7-5&_nc_sid=58cdad&efg=eyJ2ZW5jb2RlX3RhZyI6InhwaWRzLjkwMHgxMjAwLnNkci5DMiJ9&_nc_ohc=_uDns7I1AXgQ7kNvwHQ0ahf&_nc_oc=AdnvvjLGet9LZYGjBWiVBxJqkfyuHs1gUgFLo3wXTgZSi7flJx0woIDy4o9tRFjs1ssbwGK67vxsKmQuEWuM5pUP&_nc_ad=z-m&_nc_cid=0&_nc_zt=23&_nc_ht=instagram.fsdu8-2.fna&_nc_gid=HKsHEkyKHu78PbqECuSEHA&_nc_ss=8&oh=00_AftaE2GRyAO854Y4qfKTrF4eg4ulmRBylaSm_tGWAk7iBA&oe=69AA6190,"https://instagram.fsdu8-2.fna.fbcdn.net/v/t51.82787-15/624983338_18440488396107258_8863775350732177603_n.jpg?stp=dst-jpg_e35_tt6&_nc_cat=109&ig_cache_key=MzgyMjk0MzY3Mjc5OTc2NjM3Ng%3D%3D.3-ccb7-5&ccb=7-5&_nc_sid=58cdad&efg=eyJ2ZW5jb2RlX3RhZyI6InhwaWRzLjkwMHgxMjAwLnNkci5DMiJ9&_nc_ohc=_uDns7I1AXgQ7kNvwHQ0ahf&_nc_oc=AdnvvjLGet9LZYGjBWiVBxJqkfyuHs1gUgFLo3wXTgZSi7flJx0woIDy4o9tRFjs1ssbwGK67vxsKmQuEWuM5pUP&_nc_ad=z-m&_nc_cid=0&_nc_zt=23&_nc_ht=instagram.fsdu8-2.fna&_nc_gid=HKsHEkyKHu78PbqECuSEHA&_nc_ss=8&oh=00_AftaE2GRyAO854Y4qfKTrF4eg4ulmRBylaSm_tGWAk7iBA&oe=69AA6190
https://instagram.fsdu8-1.fna.fbcdn.net/v/t51.82787-15/625365717_18440488417107258_1439290772134905182_n.jpg?stp=dst-jpg_e15_tt6&_nc_cat=106&ig_cache_key=MzgyMjk0MzY5Nzk1NzE5NjY5Nw%3D%3D.3-ccb7-5&ccb=7-5&_nc_sid=58cdad&efg=eyJ2ZW5jb2RlX3RhZyI6InhwaWRzLjQ4MHg2NDAuc2RyLkMyIn0%3D&_nc_ohc=MlZF-xbgW1gQ7kNvwGg0aHT&_nc_oc=AdlTfXUgxYKdPcldcoVV5dJaI9CQtwC_EUPJGLZ2UIWKSaPKNYLBK8Q2zzV_ZOlsSDuj01Q_1sC_ikvj1oQ46Q68&_nc_ad=z-m&_nc_cid=0&_nc_zt=23&_nc_ht=instagram.fsdu8-1.fna&_nc_gid=HKsHEkyKHu78PbqECuSEHA&_nc_ss=8&oh=00_Afv9k0eYs6cZIh58rQZcUfkKrPBt6WNjl_cukwo23DA5Og&oe=69AA5FE7","https://instagram.fsdu8-2.fna.fbcdn.net/v/t51.82787-15/624983338_18440488396107258_8863775350732177603_n.jpg?stp=dst-jpg_e35_tt6&_nc_cat=109&ig_cache_key=MzgyMjk0MzY3Mjc5OTc2NjM3Ng%3D%3D.3-ccb7-5&ccb=7-5&_nc_sid=58cdad&efg=eyJ2ZW5jb2RlX3RhZyI6InhwaWRzLjkwMHgxMjAwLnNkci5DMiJ9&_nc_ohc=_uDns7I1AXgQ7kNvwHQ0ahf&_nc_oc=AdnvvjLGet9LZYGjBWiVBxJqkfyuHs1gUgFLo3wXTgZSi7flJx0woIDy4o9tRFjs1ssbwGK67vxsKmQuEWuM5pUP&_nc_ad=z-m&_nc_cid=0&_nc_zt=23&_nc_ht=instagram.fsdu8-2.fna&_nc_gid=HKsHEkyKHu78PbqECuSEHA&_nc_ss=8&oh=00_AftaE2GRyAO854Y4qfKTrF4eg4ulmRBylaSm_tGWAk7iBA&oe=69AA6190
https://instagram.fsdu8-1.fna.fbcdn.net/v/t51.82787-15/625365717_18440488417107258_1439290772134905182_n.jpg?stp=dst-jpg_e15_tt6&_nc_cat=106&ig_cache_key=MzgyMjk0MzY5Nzk1NzE5NjY5Nw%3D%3D.3-ccb7-5&ccb=7-5&_nc_sid=58cdad&efg=eyJ2ZW5jb2RlX3RhZyI6InhwaWRzLjQ4MHg2NDAuc2RyLkMyIn0%3D&_nc_ohc=MlZF-xbgW1gQ7kNvwGg0aHT&_nc_oc=AdlTfXUgxYKdPcldcoVV5dJaI9CQtwC_EUPJGLZ2UIWKSaPKNYLBK8Q2zzV_ZOlsSDuj01Q_1sC_ikvj1oQ46Q68&_nc_ad=z-m&_nc_cid=0&_nc_zt=23&_nc_ht=instagram.fsdu8-1.fna&_nc_gid=HKsHEkyKHu78PbqECuSEHA&_nc_ss=8&oh=00_Afv9k0eYs6cZIh58rQZcUfkKrPBt6WNjl_cukwo23DA5Og&oe=69AA5FE7",YES,NO,NA,NA,3194347257,eliasmkjabbour,NA,"Marquês de Sapucaí, Rio de Janeiro - RJ, Brasil.",NA,NA,-2.29119444444E11,-4.31963888889E11,Humanização,"Enfatiza a capacidade de ser percebida como próxima, acessível e semelhante aos eleitores, especialmente em termos de estilo de vida",83.33,16.67,0,0,12.5,12.5,0,12.5,12.5,50
postagem_57,3822536454761773568,DUMYKcnDnqR,"Sat, 31 Jan 2026 23:25:21 GMT",2026-01-31T03:00:00Z,1769901921,VILA!!!!!!,NA,10314,191,https://www.instagram.com/p/DUMYKcnDnqR/,https://instagram.fsdu8-1.fna.fbcdn.net/v/t51.71878-15/626527830_4314347408800160_3500086980543856026_n.jpg?stp=dst-jpg_e15_tt6&_nc_cat=110&ig_cache_key=MzgyMjUzNjQ1NDc2MTc3MzcxMw%3D%3D.3-ccb7-5&ccb=7-5&_nc_sid=58cdad&efg=eyJ2ZW5jb2RlX3RhZyI6InhwaWRzLjY0MHgxMTM2LnNkci5DMyJ9&_nc_ohc=2kkKf_4E3coQ7kNvwFSq4DG&_nc_oc=Adlg4_isUHVN53knLRTGMYdnU4SQd0DM9wMYml5PLb5l-u0xc_Jhq_tbAunG_Py0zPyS3I3nlNKtcm9WGIdr1kan&_nc_ad=z-m&_nc_cid=0&_nc_zt=23&_nc_ht=instagram.fsdu8-1.fna&_nc_gid=IY4TPEILrCJOD6IyFcdB3w&oh=00_Afv3Af5d3SAN9-CGthuviJdzC6xkzmKYPHKw6m5583SXIg&oe=6986EB96,https://instagram.fsdu8-1.fna.fbcdn.net/v/t51.71878-15/626527830_4314347408800160_3500086980543856026_n.jpg?stp=dst-jpg_e15_tt6&_nc_cat=110&ig_cache_key=MzgyMjUzNjQ1NDc2MTc3MzcxMw%3D%3D.3-ccb7-5&ccb=7-5&_nc_sid=58cdad&efg=eyJ2ZW5jb2RlX3RhZyI6InhwaWRzLjY0MHgxMTM2LnNkci5DMyJ9&_nc_ohc=2kkKf_4E3coQ7kNvwFSq4DG&_nc_oc=Adlg4_isUHVN53knLRTGMYdnU4SQd0DM9wMYml5PLb5l-u0xc_Jhq_tbAunG_Py0zPyS3I3nlNKtcm9WGIdr1kan&_nc_ad=z-m&_nc_cid=0&_nc_zt=23&_nc_ht=instagram.fsdu8-1.fna&_nc_gid=IY4TPEILrCJOD6IyFcdB3w&oh=00_Afv3Af5d3SAN9-CGthuviJdzC6xkzmKYPHKw6m5583SXIg&oe=6986EB96,"https://instagram.fsdu8-1.fna.fbcdn.net/v/t51.71878-15/626527830_4314347408800160_3500086980543856026_n.jpg?stp=dst-jpg_e15_tt6&_nc_cat=110&ig_cache_key=MzgyMjUzNjQ1NDc2MTc3MzcxMw%3D%3D.3-ccb7-5&ccb=7-5&_nc_sid=58cdad&efg=eyJ2ZW5jb2RlX3RhZyI6InhwaWRzLjY0MHgxMTM2LnNkci5DMyJ9&_nc_ohc=2kkKf_4E3coQ7kNvwFSq4DG&_nc_oc=Adlg4_isUHVN53knLRTGMYdnU4SQd0DM9wMYml5PLb5l-u0xc_Jhq_tbAunG_Py0zPyS3I3nlNKtcm9WGIdr1kan&_nc_ad=z-m&_nc_cid=0&_nc_zt=23&_nc_ht=instagram.fsdu8-1.fna&_nc_gid=IY4TPEILrCJOD6IyFcdB3w&oh=00_Afv3Af5d3SAN9-CGthuviJdzC6xkzmKYPHKw6m5583SXIg&oe=6986EB96
https://instagram.fsdu8-1.fna.fbcdn.net/v/t51.71878-15/626527830_4314347408800160_3500086980543856026_n.jpg?stp=dst-jpg_e15_p480x480_tt6&_nc_cat=110&ig_cache_key=MzgyMjUzNjQ1NDc2MTc3MzcxMw%3D%3D.3-ccb7-5&ccb=7-5&_nc_sid=58cdad&efg=eyJ2ZW5jb2RlX3RhZyI6InhwaWRzLjY0MHgxMTM2LnNkci5DMyJ9&_nc_ohc=2kkKf_4E3coQ7kNvwFSq4DG&_nc_oc=Adlg4_isUHVN53knLRTGMYdnU4SQd0DM9wMYml5PLb5l-u0xc_Jhq_tbAunG_Py0zPyS3I3nlNKtcm9WGIdr1kan&_nc_ad=z-m&_nc_cid=0&_nc_zt=23&_nc_ht=instagram.fsdu8-1.fna&_nc_gid=IY4TPEILrCJOD6IyFcdB3w&oh=00_AfsCan0D3y7QPbgR4hV1WrtYPLLE2316dIHEmfxoRA1ujQ&oe=6986EB96
https://instagram.fsdu8-1.fna.fbcdn.net/v/t51.71878-15/626527830_4314347408800160_3500086980543856026_n.jpg?stp=dst-jpg_e15_p320x320_tt6&_nc_cat=110&ig_cache_key=MzgyMjUzNjQ1NDc2MTc3MzcxMw%3D%3D.3-ccb7-5&ccb=7-5&_nc_sid=58cdad&efg=eyJ2ZW5jb2RlX3RhZyI6InhwaWRzLjY0MHgxMTM2LnNkci5DMyJ9&_nc_ohc=2kkKf_4E3coQ7kNvwFSq4DG&_nc_oc=Adlg4_isUHVN53knLRTGMYdnU4SQd0DM9wMYml5PLb5l-u0xc_Jhq_tbAunG_Py0zPyS3I3nlNKtcm9WGIdr1kan&_nc_ad=z-m&_nc_cid=0&_nc_zt=23&_nc_ht=instagram.fsdu8-1.fna&_nc_gid=IY4TPEILrCJOD6IyFcdB3w&oh=00_Afut62M_qLb1fJT_v_mh-1iHIyiQ38HD-7qNHBkO2QLPzg&oe=6986EB96
https://instagram.fsdu8-1.fna.fbcdn.net/v/t51.71878-15/626527830_4314347408800160_3500086980543856026_n.jpg?stp=dst-jpg_e15_p240x240_tt6&_nc_cat=110&ig_cache_key=MzgyMjUzNjQ1NDc2MTc3MzcxMw%3D%3D.3-ccb7-5&ccb=7-5&_nc_sid=58cdad&efg=eyJ2ZW5jb2RlX3RhZyI6InhwaWRzLjY0MHgxMTM2LnNkci5DMyJ9&_nc_ohc=2kkKf_4E3coQ7kNvwFSq4DG&_nc_oc=Adlg4_isUHVN53knLRTGMYdnU4SQd0DM9wMYml5PLb5l-u0xc_Jhq_tbAunG_Py0zPyS3I3nlNKtcm9WGIdr1kan&_nc_ad=z-m&_nc_cid=0&_nc_zt=23&_nc_ht=instagram.fsdu8-1.fna&_nc_gid=IY4TPEILrCJOD6IyFcdB3w&oh=00_AftnVIJFc1CjuVl_fc2q4Uexy8PpWisU3NttxaCdsa9PRg&oe=6986EB96
https://instagram.fsdu8-1.fna.fbcdn.net/v/t51.71878-15/626527830_4314347408800160_3500086980543856026_n.jpg?stp=c0.248.640.640a_dst-jpg_e15_s640x639_tt6&_nc_cat=110&ig_cache_key=MzgyMjUzNjQ1NDc2MTc3MzcxMw%3D%3D.3-ccb7-5&ccb=7-5&_nc_sid=58cdad&efg=eyJ2ZW5jb2RlX3RhZyI6InhwaWRzLjY0MHgxMTM2LnNkci5DMyJ9&_nc_ohc=2kkKf_4E3coQ7kNvwFSq4DG&_nc_oc=Adlg4_isUHVN53knLRTGMYdnU4SQd0DM9wMYml5PLb5l-u0xc_Jhq_tbAunG_Py0zPyS3I3nlNKtcm9WGIdr1kan&_nc_ad=z-m&_nc_cid=0&_nc_zt=23&_nc_ht=instagram.fsdu8-1.fna&_nc_gid=IY4TPEILrCJOD6IyFcdB3w&oh=00_Afthpt9s3TjJX9V2MVCM5xYRwwVG8giK9EhXEzgaXEux5g&oe=6986EB96
https://instagram.fsdu8-1.fna.fbcdn.net/v/t51.71878-15/626527830_4314347408800160_3500086980543856026_n.jpg?stp=c0.248.640.640a_dst-jpg_e15_s640x639_tt6&_nc_cat=110&ig_cache_key=MzgyMjUzNjQ1NDc2MTc3MzcxMw%3D%3D.3-ccb7-5&ccb=7-5&_nc_sid=58cdad&efg=eyJ2ZW5jb2RlX3RhZyI6InhwaWRzLjY0MHgxMTM2LnNkci5DMyJ9&_nc_ohc=2kkKf_4E3coQ7kNvwFSq4DG&_nc_oc=Adlg4_isUHVN53knLRTGMYdnU4SQd0DM9wMYml5PLb5l-u0xc_Jhq_tbAunG_Py0zPyS3I3nlNKtcm9WGIdr1kan&_nc_ad=z-m&_nc_cid=0&_nc_zt=23&_nc_ht=instagram.fsdu8-1.fna&_nc_gid=IY4TPEILrCJOD6IyFcdB3w&oh=00_Afthpt9s3TjJX9V2MVCM5xYRwwVG8giK9EhXEzgaXEux5g&oe=6986EB96
https://instagram.fsdu8-1.fna.fbcdn.net/v/t51.71878-15/626527830_4314347408800160_3500086980543856026_n.jpg?stp=c0.248.640.640a_dst-jpg_e15_s640x639_tt6&_nc_cat=110&ig_cache_key=MzgyMjUzNjQ1NDc2MTc3MzcxMw%3D%3D.3-ccb7-5&ccb=7-5&_nc_sid=58cdad&efg=eyJ2ZW5jb2RlX3RhZyI6InhwaWRzLjY0MHgxMTM2LnNkci5DMyJ9&_nc_ohc=2kkKf_4E3coQ7kNvwFSq4DG&_nc_oc=Adlg4_isUHVN53knLRTGMYdnU4SQd0DM9wMYml5PLb5l-u0xc_Jhq_tbAunG_Py0zPyS3I3nlNKtcm9WGIdr1kan&_nc_ad=z-m&_nc_cid=0&_nc_zt=23&_nc_ht=instagram.fsdu8-1.fna&_nc_gid=IY4TPEILrCJOD6IyFcdB3w&oh=00_Afthpt9s3TjJX9V2MVCM5xYRwwVG8giK9EhXEzgaXEux5g&oe=6986EB96
https://instagram.fsdu8-1.fna.fbcdn.net/v/t51.71878-15/626527830_4314347408800160_3500086980543856026_n.jpg?stp=c0.248.640.640a_dst-jpg_e15_s480x480_tt6&_nc_cat=110&ig_cache_key=MzgyMjUzNjQ1NDc2MTc3MzcxMw%3D%3D.3-ccb7-5&ccb=7-5&_nc_sid=58cdad&efg=eyJ2ZW5jb2RlX3RhZyI6InhwaWRzLjY0MHgxMTM2LnNkci5DMyJ9&_nc_ohc=2kkKf_4E3coQ7kNvwFSq4DG&_nc_oc=Adlg4_isUHVN53knLRTGMYdnU4SQd0DM9wMYml5PLb5l-u0xc_Jhq_tbAunG_Py0zPyS3I3nlNKtcm9WGIdr1kan&_nc_ad=z-m&_nc_cid=0&_nc_zt=23&_nc_ht=instagram.fsdu8-1.fna&_nc_gid=IY4TPEILrCJOD6IyFcdB3w&oh=00_AfsedylwYFdBBVv5CaBKtPgs83DjNmXnXNJ6HQZ3PDSV2Q&oe=6986EB96
https://instagram.fsdu8-1.fna.fbcdn.net/v/t51.71878-15/626527830_4314347408800160_3500086980543856026_n.jpg?stp=c0.248.640.640a_dst-jpg_e15_s320x320_tt6&_nc_cat=110&ig_cache_key=MzgyMjUzNjQ1NDc2MTc3MzcxMw%3D%3D.3-ccb7-5&ccb=7-5&_nc_sid=58cdad&efg=eyJ2ZW5jb2RlX3RhZyI6InhwaWRzLjY0MHgxMTM2LnNkci5DMyJ9&_nc_ohc=2kkKf_4E3coQ7kNvwFSq4DG&_nc_oc=Adlg4_isUHVN53knLRTGMYdnU4SQd0DM9wMYml5PLb5l-u0xc_Jhq_tbAunG_Py0zPyS3I3nlNKtcm9WGIdr1kan&_nc_ad=z-m&_nc_cid=0&_nc_zt=23&_nc_ht=instagram.fsdu8-1.fna&_nc_gid=IY4TPEILrCJOD6IyFcdB3w&oh=00_Afv0HLzJjaqQ_HLsF7LzO8xhTZBhUQZCMi6emRvJ0FPJSQ&oe=6986EB96
https://instagram.fsdu8-1.fna.fbcdn.net/v/t51.71878-15/626527830_4314347408800160_3500086980543856026_n.jpg?stp=c0.248.640.640a_dst-jpg_e15_s240x240_tt6&_nc_cat=110&ig_cache_key=MzgyMjUzNjQ1NDc2MTc3MzcxMw%3D%3D.3-ccb7-5&ccb=7-5&_nc_sid=58cdad&efg=eyJ2ZW5jb2RlX3RhZyI6InhwaWRzLjY0MHgxMTM2LnNkci5DMyJ9&_nc_ohc=2kkKf_4E3coQ7kNvwFSq4DG&_nc_oc=Adlg4_isUHVN53knLRTGMYdnU4SQd0DM9wMYml5PLb5l-u0xc_Jhq_tbAunG_Py0zPyS3I3nlNKtcm9WGIdr1kan&_nc_ad=z-m&_nc_cid=0&_nc_zt=23&_nc_ht=instagram.fsdu8-1.fna&_nc_gid=IY4TPEILrCJOD6IyFcdB3w&oh=00_Afv6D2iFRv2xffJY15lsq0kEN-4gFMEZz3_-Naqeeg8Vmw&oe=6986EB96
https://instagram.fsdu8-1.fna.fbcdn.net/v/t51.71878-15/626527830_4314347408800160_3500086980543856026_n.jpg?stp=c0.248.640.640a_dst-jpg_e15_s150x150_tt6&_nc_cat=110&ig_cache_key=MzgyMjUzNjQ1NDc2MTc3MzcxMw%3D%3D.3-ccb7-5&ccb=7-5&_nc_sid=58cdad&efg=eyJ2ZW5jb2RlX3RhZyI6InhwaWRzLjY0MHgxMTM2LnNkci5DMyJ9&_nc_ohc=2kkKf_4E3coQ7kNvwFSq4DG&_nc_oc=Adlg4_isUHVN53knLRTGMYdnU4SQd0DM9wMYml5PLb5l-u0xc_Jhq_tbAunG_Py0zPyS3I3nlNKtcm9WGIdr1kan&_nc_ad=z-m&_nc_cid=0&_nc_zt=23&_nc_ht=instagram.fsdu8-1.fna&_nc_gid=IY4TPEILrCJOD6IyFcdB3w&oh=00_Afs4wf34Z-ECmG4brcp1rSYXQ7pik-xiWtghy29qRPvS0A&oe=6986EB96",NA,NO,YES,https://instagram.fsdu8-1.fna.fbcdn.net/o1/v/t2/f2/m86/AQPXaZnifa30E55_P4IPMLDJDap5BKmZ3P6zVr8y7xMmYWZeh-ZXaYYLfxZ5P8NIMJhyNtrGdmhh35iPhbGEYb9zIuPgHmVuM-kua-A.mp4?_nc_cat=104&_nc_oc=AdkpsUn_b5tml-m6y9XRfIRgjIhO8-TtV9qkaDsIhV9Dh6u9_Ls1PuoAGwxNF0fvqFcnD5lHd3H7Wh0BpE_V2qfv&_nc_sid=5e9851&_nc_ht=instagram.fsdu8-1.fna.fbcdn.net&_nc_ohc=_1HanoYRAv0Q7kNvwHAOhYf&efg=eyJ2ZW5jb2RlX3RhZyI6Inhwdl9wcm9ncmVzc2l2ZS5JTlNUQUdSQU0uQ0xJUFMuQzMuNzIwLmRhc2hfYmFzZWxpbmVfMV92MSIsInhwdl9hc3NldF9pZCI6MTc5NDA5NDM0MTAxMjg1MDgsImFzc2V0X2FnZV9kYXlzIjoxLCJ2aV91c2VjYXNlX2lkIjoxMDA5OSwiZHVyYXRpb25fcyI6MjQsInVybGdlbl9zb3VyY2UiOiJ3d3cifQ%3D%3D&ccb=17-1&_nc_gid=IY4TPEILrCJOD6IyFcdB3w&_nc_zt=28&vs=1d3191727affed59&_nc_vs=HBksFQIYUmlnX3hwdl9yZWVsc19wZXJtYW5lbnRfc3JfcHJvZC9ERTQ5QUE5MTFEREFFOUYyNUYxMTlFOTUxNUY3RDlCQl92aWRlb19kYXNoaW5pdC5tcDQVAALIARIAFQIYUWlnX3hwdl9wbGFjZW1lbnRfcGVybWFuZW50X3YyLzAyNEIzMEJCRUQ1NjE4QjQyRkM4M0MzRjczMzdBNzkzX2F1ZGlvX2Rhc2hpbml0Lm1wNBUCAsgBEgAoABgAGwKIB3VzZV9vaWwBMRJwcm9ncmVzc2l2ZV9yZWNpcGUBMRUAACb4mavurMzePxUCKAJDMywXQDhMzMzMzM0YEmRhc2hfYmFzZWxpbmVfMV92MREAdf4HZeadAQA&oh=00_Afuw7quKbfwOFTHvyPK7AdhGX3FvOaqsuCK-gn-PAr5zQw&oe=6982E9E9,NA,3194347257,eliasmkjabbour,NA,NA,NA,NA,NA,NA,Humanização,Participação em ensaio de escola de samba.,67.0454545454545,32.9545454545455,10.2272727272727,12.5,6.81818181818182,9.09090909090909,15.9090909090909,6.81818181818182,6.81818181818182,31.8181818181818
postagem_55,3822416749300441088,DUL88gNjmB2,"Sat, 31 Jan 2026 19:28:12 GMT",2026-01-31T03:00:00Z,1769887692,A grande @jandira_feghali dando a letra sobre o imperialismo norte americano e o bloqueio total a Cuba.,NA,664,33,https://www.instagram.com/p/DUL88gNjmB2/,https://instagram.fsdu8-1.fna.fbcdn.net/v/t51.71878-15/625426289_872457525763012_4354359860920802632_n.jpg?stp=dst-jpg_e15_tt6&_nc_cat=111&ig_cache_key=MzgyMjQxNjc0OTMwMDQ0MTIwNg%3D%3D.3-ccb7-5&ccb=7-5&_nc_sid=58cdad&efg=eyJ2ZW5jb2RlX3RhZyI6InhwaWRzLjY0MHgxMTM2LnNkci5DMyJ9&_nc_ohc=aX0idFjE-H4Q7kNvwGTMDe9&_nc_oc=Adno38I1wAl7dz5Mu2njPdhfIN65z5upiEcbhkbKZfzRXAUiboDnGVx4g7DEjRjvXr-KFn6YrJmuYJM1T4g0Y5DK&_nc_ad=z-m&_nc_cid=0&_nc_zt=23&_nc_ht=instagram.fsdu8-1.fna&_nc_gid=o1omgD9rtt3YsasZ4RdIiA&oh=00_AfsM9lW-st5dEuhEETwhZNZmWL_Adlkg9XGAvoS9xqe74A&oe=6986EA94,https://instagram.fsdu8-1.fna.fbcdn.net/v/t51.71878-15/625426289_872457525763012_4354359860920802632_n.jpg?stp=dst-jpg_e15_tt6&_nc_cat=111&ig_cache_key=MzgyMjQxNjc0OTMwMDQ0MTIwNg%3D%3D.3-ccb7-5&ccb=7-5&_nc_sid=58cdad&efg=eyJ2ZW5jb2RlX3RhZyI6InhwaWRzLjY0MHgxMTM2LnNkci5DMyJ9&_nc_ohc=aX0idFjE-H4Q7kNvwGTMDe9&_nc_oc=Adno38I1wAl7dz5Mu2njPdhfIN65z5upiEcbhkbKZfzRXAUiboDnGVx4g7DEjRjvXr-KFn6YrJmuYJM1T4g0Y5DK&_nc_ad=z-m&_nc_cid=0&_nc_zt=23&_nc_ht=instagram.fsdu8-1.fna&_nc_gid=o1omgD9rtt3YsasZ4RdIiA&oh=00_AfsM9lW-st5dEuhEETwhZNZmWL_Adlkg9XGAvoS9xqe74A&oe=6986EA94,"https://instagram.fsdu8-1.fna.fbcdn.net/v/t51.71878-15/625426289_872457525763012_4354359860920802632_n.jpg?stp=dst-jpg_e15_tt6&_nc_cat=111&ig_cache_key=MzgyMjQxNjc0OTMwMDQ0MTIwNg%3D%3D.3-ccb7-5&ccb=7-5&_nc_sid=58cdad&efg=eyJ2ZW5jb2RlX3RhZyI6InhwaWRzLjY0MHgxMTM2LnNkci5DMyJ9&_nc_ohc=aX0idFjE-H4Q7kNvwGTMDe9&_nc_oc=Adno38I1wAl7dz5Mu2njPdhfIN65z5upiEcbhkbKZfzRXAUiboDnGVx4g7DEjRjvXr-KFn6YrJmuYJM1T4g0Y5DK&_nc_ad=z-m&_nc_cid=0&_nc_zt=23&_nc_ht=instagram.fsdu8-1.fna&_nc_gid=o1omgD9rtt3YsasZ4RdIiA&oh=00_AfsM9lW-st5dEuhEETwhZNZmWL_Adlkg9XGAvoS9xqe74A&oe=6986EA94
https://instagram.fsdu8-1.fna.fbcdn.net/v/t51.71878-15/625426289_872457525763012_4354359860920802632_n.jpg?stp=dst-jpg_e15_p480x480_tt6&_nc_cat=111&ig_cache_key=MzgyMjQxNjc0OTMwMDQ0MTIwNg%3D%3D.3-ccb7-5&ccb=7-5&_nc_sid=58cdad&efg=eyJ2ZW5jb2RlX3RhZyI6InhwaWRzLjY0MHgxMTM2LnNkci5DMyJ9&_nc_ohc=aX0idFjE-H4Q7kNvwGTMDe9&_nc_oc=Adno38I1wAl7dz5Mu2njPdhfIN65z5upiEcbhkbKZfzRXAUiboDnGVx4g7DEjRjvXr-KFn6YrJmuYJM1T4g0Y5DK&_nc_ad=z-m&_nc_cid=0&_nc_zt=23&_nc_ht=instagram.fsdu8-1.fna&_nc_gid=o1omgD9rtt3YsasZ4RdIiA&oh=00_AfszTdU5hySgyY1bOm5tVno0X3Ol_adKT1q1SdBKid9rwg&oe=6986EA94
https://instagram.fsdu8-1.fna.fbcdn.net/v/t51.71878-15/625426289_872457525763012_4354359860920802632_n.jpg?stp=dst-jpg_e15_p320x320_tt6&_nc_cat=111&ig_cache_key=MzgyMjQxNjc0OTMwMDQ0MTIwNg%3D%3D.3-ccb7-5&ccb=7-5&_nc_sid=58cdad&efg=eyJ2ZW5jb2RlX3RhZyI6InhwaWRzLjY0MHgxMTM2LnNkci5DMyJ9&_nc_ohc=aX0idFjE-H4Q7kNvwGTMDe9&_nc_oc=Adno38I1wAl7dz5Mu2njPdhfIN65z5upiEcbhkbKZfzRXAUiboDnGVx4g7DEjRjvXr-KFn6YrJmuYJM1T4g0Y5DK&_nc_ad=z-m&_nc_cid=0&_nc_zt=23&_nc_ht=instagram.fsdu8-1.fna&_nc_gid=o1omgD9rtt3YsasZ4RdIiA&oh=00_AfsBAXbONKZZFvtm52mUCP2HViP7hxg8EUlCJdMjIFqDag&oe=6986EA94
https://instagram.fsdu8-1.fna.fbcdn.net/v/t51.71878-15/625426289_872457525763012_4354359860920802632_n.jpg?stp=dst-jpg_e15_p240x240_tt6&_nc_cat=111&ig_cache_key=MzgyMjQxNjc0OTMwMDQ0MTIwNg%3D%3D.3-ccb7-5&ccb=7-5&_nc_sid=58cdad&efg=eyJ2ZW5jb2RlX3RhZyI6InhwaWRzLjY0MHgxMTM2LnNkci5DMyJ9&_nc_ohc=aX0idFjE-H4Q7kNvwGTMDe9&_nc_oc=Adno38I1wAl7dz5Mu2njPdhfIN65z5upiEcbhkbKZfzRXAUiboDnGVx4g7DEjRjvXr-KFn6YrJmuYJM1T4g0Y5DK&_nc_ad=z-m&_nc_cid=0&_nc_zt=23&_nc_ht=instagram.fsdu8-1.fna&_nc_gid=o1omgD9rtt3YsasZ4RdIiA&oh=00_AfsdZ64EC6Z6hycCW0Wm3fjJi44Qqlb5lDLMnrciq5lRWQ&oe=6986EA94
https://instagram.fsdu8-1.fna.fbcdn.net/v/t51.71878-15/625426289_872457525763012_4354359860920802632_n.jpg?stp=c0.248.640.640a_dst-jpg_e15_s640x639_tt6&_nc_cat=111&ig_cache_key=MzgyMjQxNjc0OTMwMDQ0MTIwNg%3D%3D.3-ccb7-5&ccb=7-5&_nc_sid=58cdad&efg=eyJ2ZW5jb2RlX3RhZyI6InhwaWRzLjY0MHgxMTM2LnNkci5DMyJ9&_nc_ohc=aX0idFjE-H4Q7kNvwGTMDe9&_nc_oc=Adno38I1wAl7dz5Mu2njPdhfIN65z5upiEcbhkbKZfzRXAUiboDnGVx4g7DEjRjvXr-KFn6YrJmuYJM1T4g0Y5DK&_nc_ad=z-m&_nc_cid=0&_nc_zt=23&_nc_ht=instagram.fsdu8-1.fna&_nc_gid=o1omgD9rtt3YsasZ4RdIiA&oh=00_AftoYIObJ9U6OlLTmuO8CfL16tG_33BgJpzIuH5slWE8Fw&oe=6986EA94
https://instagram.fsdu8-1.fna.fbcdn.net/v/t51.71878-15/625426289_872457525763012_4354359860920802632_n.jpg?stp=c0.248.640.640a_dst-jpg_e15_s640x639_tt6&_nc_cat=111&ig_cache_key=MzgyMjQxNjc0OTMwMDQ0MTIwNg%3D%3D.3-ccb7-5&ccb=7-5&_nc_sid=58cdad&efg=eyJ2ZW5jb2RlX3RhZyI6InhwaWRzLjY0MHgxMTM2LnNkci5DMyJ9&_nc_ohc=aX0idFjE-H4Q7kNvwGTMDe9&_nc_oc=Adno38I1wAl7dz5Mu2njPdhfIN65z5upiEcbhkbKZfzRXAUiboDnGVx4g7DEjRjvXr-KFn6YrJmuYJM1T4g0Y5DK&_nc_ad=z-m&_nc_cid=0&_nc_zt=23&_nc_ht=instagram.fsdu8-1.fna&_nc_gid=o1omgD9rtt3YsasZ4RdIiA&oh=00_AftoYIObJ9U6OlLTmuO8CfL16tG_33BgJpzIuH5slWE8Fw&oe=6986EA94
https://instagram.fsdu8-1.fna.fbcdn.net/v/t51.71878-15/625426289_872457525763012_4354359860920802632_n.jpg?stp=c0.248.640.640a_dst-jpg_e15_s640x639_tt6&_nc_cat=111&ig_cache_key=MzgyMjQxNjc0OTMwMDQ0MTIwNg%3D%3D.3-ccb7-5&ccb=7-5&_nc_sid=58cdad&efg=eyJ2ZW5jb2RlX3RhZyI6InhwaWRzLjY0MHgxMTM2LnNkci5DMyJ9&_nc_ohc=aX0idFjE-H4Q7kNvwGTMDe9&_nc_oc=Adno38I1wAl7dz5Mu2njPdhfIN65z5upiEcbhkbKZfzRXAUiboDnGVx4g7DEjRjvXr-KFn6YrJmuYJM1T4g0Y5DK&_nc_ad=z-m&_nc_cid=0&_nc_zt=23&_nc_ht=instagram.fsdu8-1.fna&_nc_gid=o1omgD9rtt3YsasZ4RdIiA&oh=00_AftoYIObJ9U6OlLTmuO8CfL16tG_33BgJpzIuH5slWE8Fw&oe=6986EA94
https://instagram.fsdu8-1.fna.fbcdn.net/v/t51.71878-15/625426289_872457525763012_4354359860920802632_n.jpg?stp=c0.248.640.640a_dst-jpg_e15_s480x480_tt6&_nc_cat=111&ig_cache_key=MzgyMjQxNjc0OTMwMDQ0MTIwNg%3D%3D.3-ccb7-5&ccb=7-5&_nc_sid=58cdad&efg=eyJ2ZW5jb2RlX3RhZyI6InhwaWRzLjY0MHgxMTM2LnNkci5DMyJ9&_nc_ohc=aX0idFjE-H4Q7kNvwGTMDe9&_nc_oc=Adno38I1wAl7dz5Mu2njPdhfIN65z5upiEcbhkbKZfzRXAUiboDnGVx4g7DEjRjvXr-KFn6YrJmuYJM1T4g0Y5DK&_nc_ad=z-m&_nc_cid=0&_nc_zt=23&_nc_ht=instagram.fsdu8-1.fna&_nc_gid=o1omgD9rtt3YsasZ4RdIiA&oh=00_AfuXUoB6fQhIcf9m4UzPKOs8_KRSrv3ApXwBvc6X4OY8rQ&oe=6986EA94
https://instagram.fsdu8-1.fna.fbcdn.net/v/t51.71878-15/625426289_872457525763012_4354359860920802632_n.jpg?stp=c0.248.640.640a_dst-jpg_e15_s320x320_tt6&_nc_cat=111&ig_cache_key=MzgyMjQxNjc0OTMwMDQ0MTIwNg%3D%3D.3-ccb7-5&ccb=7-5&_nc_sid=58cdad&efg=eyJ2ZW5jb2RlX3RhZyI6InhwaWRzLjY0MHgxMTM2LnNkci5DMyJ9&_nc_ohc=aX0idFjE-H4Q7kNvwGTMDe9&_nc_oc=Adno38I1wAl7dz5Mu2njPdhfIN65z5upiEcbhkbKZfzRXAUiboDnGVx4g7DEjRjvXr-KFn6YrJmuYJM1T4g0Y5DK&_nc_ad=z-m&_nc_cid=0&_nc_zt=23&_nc_ht=instagram.fsdu8-1.fna&_nc_gid=o1omgD9rtt3YsasZ4RdIiA&oh=00_AfsI9bA8b6nH4w9aGm7eE97tG25uMdYc7uZhzig1gFl2oQ&oe=6986EA94
https://instagram.fsdu8-1.fna.fbcdn.net/v/t51.71878-15/625426289_872457525763012_4354359860920802632_n.jpg?stp=c0.248.640.640a_dst-jpg_e15_s240x240_tt6&_nc_cat=111&ig_cache_key=MzgyMjQxNjc0OTMwMDQ0MTIwNg%3D%3D.3-ccb7-5&ccb=7-5&_nc_sid=58cdad&efg=eyJ2ZW5jb2RlX3RhZyI6InhwaWRzLjY0MHgxMTM2LnNkci5DMyJ9&_nc_ohc=aX0idFjE-H4Q7kNvwGTMDe9&_nc_oc=Adno38I1wAl7dz5Mu2njPdhfIN65z5upiEcbhkbKZfzRXAUiboDnGVx4g7DEjRjvXr-KFn6YrJmuYJM1T4g0Y5DK&_nc_ad=z-m&_nc_cid=0&_nc_zt=23&_nc_ht=instagram.fsdu8-1.fna&_nc_gid=o1omgD9rtt3YsasZ4RdIiA&oh=00_AfsgyOI3OxxTo9qZohiJnsI2L4Z2hW_D2iKR6f3zlGpZnw&oe=6986EA94
https://instagram.fsdu8-1.fna.fbcdn.net/v/t51.71878-15/625426289_872457525763012_4354359860920802632_n.jpg?stp=c0.248.640.640a_dst-jpg_e15_s150x150_tt6&_nc_cat=111&ig_cache_key=MzgyMjQxNjc0OTMwMDQ0MTIwNg%3D%3D.3-ccb7-5&ccb=7-5&_nc_sid=58cdad&efg=eyJ2ZW5jb2RlX3RhZyI6InhwaWRzLjY0MHgxMTM2LnNkci5DMyJ9&_nc_ohc=aX0idFjE-H4Q7kNvwGTMDe9&_nc_oc=Adno38I1wAl7dz5Mu2njPdhfIN65z5upiEcbhkbKZfzRXAUiboDnGVx4g7DEjRjvXr-KFn6YrJmuYJM1T4g0Y5DK&_nc_ad=z-m&_nc_cid=0&_nc_zt=23&_nc_ht=instagram.fsdu8-1.fna&_nc_gid=o1omgD9rtt3YsasZ4RdIiA&oh=00_Afuw7lmWYEtgK9PjTQy4L_eHZPey5g2e6svr7WhQ3rv4PA&oe=6986EA94",NA,NO,YES,https://instagram.fsdu8-2.fna.fbcdn.net/o1/v/t2/f2/m86/AQPHkMSkCFu6XkboS0KwPppX4eYHRksVRsipp74qhgWjJHjH-93geuqyF97od1JMiPlMbcanDZ-KOQ1aYE9ipGLtXxd-iHw9xJwRXBg.mp4?_nc_cat=105&_nc_oc=AdkoZUVLmhK8QBckv5FYUcAUlwDPAgSJ88mhAV4WHd5luNhG2b5rx2fy14azf0uMhga-xI1skCjhmT3l0-edOY0t&_nc_sid=5e9851&_nc_ht=instagram.fsdu8-2.fna.fbcdn.net&_nc_ohc=ubmWwN-zflMQ7kNvwFJWXaq&efg=eyJ2ZW5jb2RlX3RhZyI6Inhwdl9wcm9ncmVzc2l2ZS5JTlNUQUdSQU0uQ0xJUFMuQzMuNzIwLmRhc2hfYmFzZWxpbmVfMV92MSIsInhwdl9hc3NldF9pZCI6MTc5NDA5MjYyMjYxMjg1MDgsImFzc2V0X2FnZV9kYXlzIjoyLCJ2aV91c2VjYXNlX2lkIjoxMDA5OSwiZHVyYXRpb25fcyI6OTMsInVybGdlbl9zb3VyY2UiOiJ3d3cifQ%3D%3D&ccb=17-1&_nc_gid=o1omgD9rtt3YsasZ4RdIiA&_nc_zt=28&vs=3803299d6d0172ee&_nc_vs=HBksFQIYUmlnX3hwdl9yZWVsc19wZXJtYW5lbnRfc3JfcHJvZC9FRjRCODIwMkEwODM4REQ0RjFCMzM5QjIyRUM1ODhBM192aWRlb19kYXNoaW5pdC5tcDQVAALIARIAFQIYUWlnX3hwdl9wbGFjZW1lbnRfcGVybWFuZW50X3YyLzdBNEJCNEVFNkY3NTE1NURGNjU3NkQ0MjY2NjIyRjg5X2F1ZGlvX2Rhc2hpbml0Lm1wNBUCAsgBEgAoABgAGwKIB3VzZV9vaWwBMRJwcm9ncmVzc2l2ZV9yZWNpcGUBMRUAACb4-bLqrMvePxUCKAJDMywXQFdzMzMzMzMYEmRhc2hfYmFzZWxpbmVfMV92MREAdf4HZeadAQA&oh=00_AftZ2XEq3C5ZP3CYHfhDDyDiFe13GWi2pzSfOt24LVMRDQ&oe=6982F906,NA,3194347257,eliasmkjabbour,NA,Rio de Janeiro,NA,NA,-22.908,-43.1975,Autenticidade,"Jandira apoio ideologico sobre bloqueio a cuba, figura política, que pode despertar confiança na audiência.",66.6666666666667,33.3333333333333,7.69230769230769,14.1025641025641,5.12820512820513,6.41025641025641,19.2307692307692,14.1025641025641,5.12820512820513,28.2051282051282
postagem_54,3822231250157855232,DULSxIrDmHZ,"Sat, 31 Jan 2026 13:20:01 GMT",2026-01-31T03:00:00Z,1769865601,"Eu, o autismo e a liberação do plantio da cannabis.",NA,9110,253,https://www.instagram.com/p/DULSxIrDmHZ/,https://instagram.fsdu8-2.fna.fbcdn.net/v/t51.71878-15/624905647_1225137853131757_7450759646559940356_n.jpg?stp=dst-jpegr_e15_tt6&_nc_cat=109&ig_cache_key=MzgyMjIzMTI1MDE1Nzg1NTE5Mw%3D%3D.3-ccb7-5&ccb=7-5&_nc_sid=58cdad&efg=eyJ2ZW5jb2RlX3RhZyI6InhwaWRzLjY0MHgxMTM2Lmhkci5DMyJ9&_nc_ohc=C1jZZCbwmIEQ7kNvwHg2030&_nc_oc=AdmDAg89xRwpibajQwIN4UmuUXhblMpQpjewAy2A5x_0zGV9shkspR9V6eISlCBPcnD-mHF5hJU-CbI_MOel3BFp&_nc_ad=z-m&_nc_cid=0&_nc_zt=23&se=-1&_nc_ht=instagram.fsdu8-2.fna&_nc_gid=o1omgD9rtt3YsasZ4RdIiA&oh=00_AftZzE8lclXE96zJngV7pR_McyffNsJN1IDokrQXxB8nBg&oe=6986CB03,https://instagram.fsdu8-2.fna.fbcdn.net/v/t51.71878-15/624905647_1225137853131757_7450759646559940356_n.jpg?stp=dst-jpegr_e15_tt6&_nc_cat=109&ig_cache_key=MzgyMjIzMTI1MDE1Nzg1NTE5Mw%3D%3D.3-ccb7-5&ccb=7-5&_nc_sid=58cdad&efg=eyJ2ZW5jb2RlX3RhZyI6InhwaWRzLjY0MHgxMTM2Lmhkci5DMyJ9&_nc_ohc=C1jZZCbwmIEQ7kNvwHg2030&_nc_oc=AdmDAg89xRwpibajQwIN4UmuUXhblMpQpjewAy2A5x_0zGV9shkspR9V6eISlCBPcnD-mHF5hJU-CbI_MOel3BFp&_nc_ad=z-m&_nc_cid=0&_nc_zt=23&se=-1&_nc_ht=instagram.fsdu8-2.fna&_nc_gid=o1omgD9rtt3YsasZ4RdIiA&oh=00_AftZzE8lclXE96zJngV7pR_McyffNsJN1IDokrQXxB8nBg&oe=6986CB03,"https://instagram.fsdu8-2.fna.fbcdn.net/v/t51.71878-15/624905647_1225137853131757_7450759646559940356_n.jpg?stp=dst-jpegr_e15_tt6&_nc_cat=109&ig_cache_key=MzgyMjIzMTI1MDE1Nzg1NTE5Mw%3D%3D.3-ccb7-5&ccb=7-5&_nc_sid=58cdad&efg=eyJ2ZW5jb2RlX3RhZyI6InhwaWRzLjY0MHgxMTM2Lmhkci5DMyJ9&_nc_ohc=C1jZZCbwmIEQ7kNvwHg2030&_nc_oc=AdmDAg89xRwpibajQwIN4UmuUXhblMpQpjewAy2A5x_0zGV9shkspR9V6eISlCBPcnD-mHF5hJU-CbI_MOel3BFp&_nc_ad=z-m&_nc_cid=0&_nc_zt=23&se=-1&_nc_ht=instagram.fsdu8-2.fna&_nc_gid=o1omgD9rtt3YsasZ4RdIiA&oh=00_AftZzE8lclXE96zJngV7pR_McyffNsJN1IDokrQXxB8nBg&oe=6986CB03
https://instagram.fsdu8-2.fna.fbcdn.net/v/t51.71878-15/624905647_1225137853131757_7450759646559940356_n.jpg?stp=dst-jpegr_e15_p480x480_tt6&_nc_cat=109&ig_cache_key=MzgyMjIzMTI1MDE1Nzg1NTE5Mw%3D%3D.3-ccb7-5&ccb=7-5&_nc_sid=58cdad&efg=eyJ2ZW5jb2RlX3RhZyI6InhwaWRzLjY0MHgxMTM2Lmhkci5DMyJ9&_nc_ohc=C1jZZCbwmIEQ7kNvwHg2030&_nc_oc=AdmDAg89xRwpibajQwIN4UmuUXhblMpQpjewAy2A5x_0zGV9shkspR9V6eISlCBPcnD-mHF5hJU-CbI_MOel3BFp&_nc_ad=z-m&_nc_cid=0&_nc_zt=23&se=-1&_nc_ht=instagram.fsdu8-2.fna&_nc_gid=o1omgD9rtt3YsasZ4RdIiA&oh=00_AftbGbQNPhTRbeuoKLQQ4kFzpYuyRkJCg0DSKbHsUYoHbA&oe=6986CB03
https://instagram.fsdu8-2.fna.fbcdn.net/v/t51.71878-15/624905647_1225137853131757_7450759646559940356_n.jpg?stp=dst-jpegr_e15_p320x320_tt6&_nc_cat=109&ig_cache_key=MzgyMjIzMTI1MDE1Nzg1NTE5Mw%3D%3D.3-ccb7-5&ccb=7-5&_nc_sid=58cdad&efg=eyJ2ZW5jb2RlX3RhZyI6InhwaWRzLjY0MHgxMTM2Lmhkci5DMyJ9&_nc_ohc=C1jZZCbwmIEQ7kNvwHg2030&_nc_oc=AdmDAg89xRwpibajQwIN4UmuUXhblMpQpjewAy2A5x_0zGV9shkspR9V6eISlCBPcnD-mHF5hJU-CbI_MOel3BFp&_nc_ad=z-m&_nc_cid=0&_nc_zt=23&se=-1&_nc_ht=instagram.fsdu8-2.fna&_nc_gid=o1omgD9rtt3YsasZ4RdIiA&oh=00_AfuAomIxCpKvETaX9QvbARkqzC86ljADv4Ajdm6MXh6l5A&oe=6986CB03
https://instagram.fsdu8-2.fna.fbcdn.net/v/t51.71878-15/624905647_1225137853131757_7450759646559940356_n.jpg?stp=dst-jpegr_e15_p240x240_tt6&_nc_cat=109&ig_cache_key=MzgyMjIzMTI1MDE1Nzg1NTE5Mw%3D%3D.3-ccb7-5&ccb=7-5&_nc_sid=58cdad&efg=eyJ2ZW5jb2RlX3RhZyI6InhwaWRzLjY0MHgxMTM2Lmhkci5DMyJ9&_nc_ohc=C1jZZCbwmIEQ7kNvwHg2030&_nc_oc=AdmDAg89xRwpibajQwIN4UmuUXhblMpQpjewAy2A5x_0zGV9shkspR9V6eISlCBPcnD-mHF5hJU-CbI_MOel3BFp&_nc_ad=z-m&_nc_cid=0&_nc_zt=23&se=-1&_nc_ht=instagram.fsdu8-2.fna&_nc_gid=o1omgD9rtt3YsasZ4RdIiA&oh=00_AftECNaGsNUBhMGdVgNkqCrcDnJHaspOTFi_KTPWoDxJTw&oe=6986CB03
https://instagram.fsdu8-2.fna.fbcdn.net/v/t51.71878-15/624905647_1225137853131757_7450759646559940356_n.jpg?stp=c0.248.640.640a_dst-jpegr_e15_s640x639_tt6&_nc_cat=109&ig_cache_key=MzgyMjIzMTI1MDE1Nzg1NTE5Mw%3D%3D.3-ccb7-5&ccb=7-5&_nc_sid=58cdad&efg=eyJ2ZW5jb2RlX3RhZyI6InhwaWRzLjY0MHgxMTM2Lmhkci5DMyJ9&_nc_ohc=C1jZZCbwmIEQ7kNvwHg2030&_nc_oc=AdmDAg89xRwpibajQwIN4UmuUXhblMpQpjewAy2A5x_0zGV9shkspR9V6eISlCBPcnD-mHF5hJU-CbI_MOel3BFp&_nc_ad=z-m&_nc_cid=0&_nc_zt=23&se=-1&_nc_ht=instagram.fsdu8-2.fna&_nc_gid=o1omgD9rtt3YsasZ4RdIiA&oh=00_AfszX5PBULaD2HxPW2D5rzBUrD_p7Mif2wGVtV_cC32Iew&oe=6986CB03
https://instagram.fsdu8-2.fna.fbcdn.net/v/t51.71878-15/624905647_1225137853131757_7450759646559940356_n.jpg?stp=c0.248.640.640a_dst-jpegr_e15_s640x639_tt6&_nc_cat=109&ig_cache_key=MzgyMjIzMTI1MDE1Nzg1NTE5Mw%3D%3D.3-ccb7-5&ccb=7-5&_nc_sid=58cdad&efg=eyJ2ZW5jb2RlX3RhZyI6InhwaWRzLjY0MHgxMTM2Lmhkci5DMyJ9&_nc_ohc=C1jZZCbwmIEQ7kNvwHg2030&_nc_oc=AdmDAg89xRwpibajQwIN4UmuUXhblMpQpjewAy2A5x_0zGV9shkspR9V6eISlCBPcnD-mHF5hJU-CbI_MOel3BFp&_nc_ad=z-m&_nc_cid=0&_nc_zt=23&se=-1&_nc_ht=instagram.fsdu8-2.fna&_nc_gid=o1omgD9rtt3YsasZ4RdIiA&oh=00_AfszX5PBULaD2HxPW2D5rzBUrD_p7Mif2wGVtV_cC32Iew&oe=6986CB03
https://instagram.fsdu8-2.fna.fbcdn.net/v/t51.71878-15/624905647_1225137853131757_7450759646559940356_n.jpg?stp=c0.248.640.640a_dst-jpegr_e15_s640x639_tt6&_nc_cat=109&ig_cache_key=MzgyMjIzMTI1MDE1Nzg1NTE5Mw%3D%3D.3-ccb7-5&ccb=7-5&_nc_sid=58cdad&efg=eyJ2ZW5jb2RlX3RhZyI6InhwaWRzLjY0MHgxMTM2Lmhkci5DMyJ9&_nc_ohc=C1jZZCbwmIEQ7kNvwHg2030&_nc_oc=AdmDAg89xRwpibajQwIN4UmuUXhblMpQpjewAy2A5x_0zGV9shkspR9V6eISlCBPcnD-mHF5hJU-CbI_MOel3BFp&_nc_ad=z-m&_nc_cid=0&_nc_zt=23&se=-1&_nc_ht=instagram.fsdu8-2.fna&_nc_gid=o1omgD9rtt3YsasZ4RdIiA&oh=00_AfszX5PBULaD2HxPW2D5rzBUrD_p7Mif2wGVtV_cC32Iew&oe=6986CB03
https://instagram.fsdu8-2.fna.fbcdn.net/v/t51.71878-15/624905647_1225137853131757_7450759646559940356_n.jpg?stp=c0.248.640.640a_dst-jpegr_e15_s480x480_tt6&_nc_cat=109&ig_cache_key=MzgyMjIzMTI1MDE1Nzg1NTE5Mw%3D%3D.3-ccb7-5&ccb=7-5&_nc_sid=58cdad&efg=eyJ2ZW5jb2RlX3RhZyI6InhwaWRzLjY0MHgxMTM2Lmhkci5DMyJ9&_nc_ohc=C1jZZCbwmIEQ7kNvwHg2030&_nc_oc=AdmDAg89xRwpibajQwIN4UmuUXhblMpQpjewAy2A5x_0zGV9shkspR9V6eISlCBPcnD-mHF5hJU-CbI_MOel3BFp&_nc_ad=z-m&_nc_cid=0&_nc_zt=23&se=-1&_nc_ht=instagram.fsdu8-2.fna&_nc_gid=o1omgD9rtt3YsasZ4RdIiA&oh=00_Afs1vRYrnwdwzeXEpP2IPe7JEZu9GkfA2HQBBQ6U3Q_I0w&oe=6986CB03
https://instagram.fsdu8-2.fna.fbcdn.net/v/t51.71878-15/624905647_1225137853131757_7450759646559940356_n.jpg?stp=c0.248.640.640a_dst-jpegr_e15_s320x320_tt6&_nc_cat=109&ig_cache_key=MzgyMjIzMTI1MDE1Nzg1NTE5Mw%3D%3D.3-ccb7-5&ccb=7-5&_nc_sid=58cdad&efg=eyJ2ZW5jb2RlX3RhZyI6InhwaWRzLjY0MHgxMTM2Lmhkci5DMyJ9&_nc_ohc=C1jZZCbwmIEQ7kNvwHg2030&_nc_oc=AdmDAg89xRwpibajQwIN4UmuUXhblMpQpjewAy2A5x_0zGV9shkspR9V6eISlCBPcnD-mHF5hJU-CbI_MOel3BFp&_nc_ad=z-m&_nc_cid=0&_nc_zt=23&se=-1&_nc_ht=instagram.fsdu8-2.fna&_nc_gid=o1omgD9rtt3YsasZ4RdIiA&oh=00_Aftq3NmJFTR9OTAQRzCXH9Sf0NQgnxNoVgie_r6oqXxcMg&oe=6986CB03
https://instagram.fsdu8-2.fna.fbcdn.net/v/t51.71878-15/624905647_1225137853131757_7450759646559940356_n.jpg?stp=c0.248.640.640a_dst-jpegr_e15_s240x240_tt6&_nc_cat=109&ig_cache_key=MzgyMjIzMTI1MDE1Nzg1NTE5Mw%3D%3D.3-ccb7-5&ccb=7-5&_nc_sid=58cdad&efg=eyJ2ZW5jb2RlX3RhZyI6InhwaWRzLjY0MHgxMTM2Lmhkci5DMyJ9&_nc_ohc=C1jZZCbwmIEQ7kNvwHg2030&_nc_oc=AdmDAg89xRwpibajQwIN4UmuUXhblMpQpjewAy2A5x_0zGV9shkspR9V6eISlCBPcnD-mHF5hJU-CbI_MOel3BFp&_nc_ad=z-m&_nc_cid=0&_nc_zt=23&se=-1&_nc_ht=instagram.fsdu8-2.fna&_nc_gid=o1omgD9rtt3YsasZ4RdIiA&oh=00_AfvIFzjYP7ZG4Gj6ebn1r3g7qxuaK7RLYjdMzG-U9EYKwg&oe=6986CB03
https://instagram.fsdu8-2.fna.fbcdn.net/v/t51.71878-15/624905647_1225137853131757_7450759646559940356_n.jpg?stp=c0.248.640.640a_dst-jpegr_e15_s150x150_tt6&_nc_cat=109&ig_cache_key=MzgyMjIzMTI1MDE1Nzg1NTE5Mw%3D%3D.3-ccb7-5&ccb=7-5&_nc_sid=58cdad&efg=eyJ2ZW5jb2RlX3RhZyI6InhwaWRzLjY0MHgxMTM2Lmhkci5DMyJ9&_nc_ohc=C1jZZCbwmIEQ7kNvwHg2030&_nc_oc=AdmDAg89xRwpibajQwIN4UmuUXhblMpQpjewAy2A5x_0zGV9shkspR9V6eISlCBPcnD-mHF5hJU-CbI_MOel3BFp&_nc_ad=z-m&_nc_cid=0&_nc_zt=23&se=-1&_nc_ht=instagram.fsdu8-2.fna&_nc_gid=o1omgD9rtt3YsasZ4RdIiA&oh=00_AfsOeCMjOzAe0gstcyNqCzf0bHAQzgUptnA1yC-HCP8Sug&oe=6986CB03",NA,NO,YES,https://instagram.fsdu8-1.fna.fbcdn.net/o1/v/t2/f2/m86/AQOdXy4D8WX7Oy0TO4gEHlFe-T-ySzGwYHl6c08PcSmCb94bFW8vk7DFRAnbrTNKCH05OqSiNWWZN9tRC6T52t6tqIAH2QN0dDyjS3o.mp4?_nc_cat=110&_nc_oc=AdlqSq9OuWMLXjkr6tvjvXdGLIeXG396xTJFYI0DoTE7RF3UNh2wCFYT3gVz2ihurGq_Wa_6WrWFUngyGKfs6sc0&_nc_sid=5e9851&_nc_ht=instagram.fsdu8-1.fna.fbcdn.net&_nc_ohc=giLYWMgEKHYQ7kNvwHrLVkv&efg=eyJ2ZW5jb2RlX3RhZyI6Inhwdl9wcm9ncmVzc2l2ZS5JTlNUQUdSQU0uQ0xJUFMuQzMuNzIwLmRhc2hfYmFzZWxpbmVfMV92MSIsInhwdl9hc3NldF9pZCI6MTc5NDA4ODQyNDcxMjg1MDgsImFzc2V0X2FnZV9kYXlzIjoyLCJ2aV91c2VjYXNlX2lkIjoxMDA5OSwiZHVyYXRpb25fcyI6MTc1LCJ1cmxnZW5fc291cmNlIjoid3d3In0%3D&ccb=17-1&vs=18f6599113e90cec&_nc_vs=HBksFQIYUmlnX3hwdl9yZWVsc19wZXJtYW5lbnRfc3JfcHJvZC8xQjQyOUZGMTQ1MDUwQTZDQUVBMUZFQzE4QzY4MTBBMl92aWRlb19kYXNoaW5pdC5tcDQVAALIARIAFQIYUWlnX3hwdl9wbGFjZW1lbnRfcGVybWFuZW50X3YyL0QxNDAzNEJCQzVGMDc2M0JFMUU5QkQ3RjhGNjI5Nzk3X2F1ZGlvX2Rhc2hpbml0Lm1wNBUCAsgBEgAoABgAGwKIB3VzZV9vaWwBMRJwcm9ncmVzc2l2ZV9yZWNpcGUBMRUAACb4po2I9MjePxUCKAJDMywXQGX6p--dsi0YEmRhc2hfYmFzZWxpbmVfMV92MREAdf4HZeadAQA&_nc_gid=o1omgD9rtt3YsasZ4RdIiA&_nc_zt=28&oh=00_AftwRGoPDdXAFPa5pG2tA0tfAWHFeOVNzMkgunpNb5Me-Q&oe=6982E8C7,NA,3194347257,eliasmkjabbour,NA,Rio de Janeiro,NA,NA,-22.908,-43.1975,Humanização,"Ainda que o eixo principal seja a humanização, a postagem também possui elementos de autoridade.",50,50,15.3409090909091,12.5,7.95454545454545,12.5,13.0681818181818,14.2045454545455,4.54545454545455,19.8863636363636
postagem_53,3821824710396671488,DUJ2VNBAPZr,"Sat, 31 Jan 2026 00:00:11 GMT",2026-01-31T03:00:00Z,1769817611,"Precisamos falar sobre o nosso modelo de Estado. 
O partido comunista chinês tem dado uma aula de como um Estado Soberano é infinitamente superior a um Estado laico.",NA,26679,1278,https://www.instagram.com/p/DUJ2VNBAPZr/,https://instagram.fsdu8-1.fna.fbcdn.net/v/t51.82787-15/624473825_18060854243657943_7177841523594713374_n.jpg?stp=dst-jpg_e15_tt6&_nc_cat=110&ig_cache_key=MzgyMTgyNDcxMDM5NjY3MTU5NTE4MDYwODU0MjM3NjU3OTQz.3-ccb7-5&ccb=7-5&_nc_sid=58cdad&efg=eyJ2ZW5jb2RlX3RhZyI6InhwaWRzLjU0MHg5NjAuc2RyLkMzIn0%3D&_nc_ohc=Ku7GDnB96G0Q7kNvwF7UW7D&_nc_oc=Adm0QT2B_UUMNVaWVYeArTr5iiDl7B-dcRbuOhDZOKeO65ebqEKVIxB19WrCpGzrLp-fZQICh-2vmwGsr953iTWy&_nc_ad=z-m&_nc_cid=0&_nc_zt=23&_nc_ht=instagram.fsdu8-1.fna&_nc_gid=o1omgD9rtt3YsasZ4RdIiA&oh=00_AftvCnqwRGpO4idxZZ15G2vVkUQzJ4RTAmDTuj85k14xFA&oe=6986BE64,https://instagram.fsdu8-1.fna.fbcdn.net/v/t51.82787-15/624473825_18060854243657943_7177841523594713374_n.jpg?stp=dst-jpg_e15_tt6&_nc_cat=110&ig_cache_key=MzgyMTgyNDcxMDM5NjY3MTU5NTE4MDYwODU0MjM3NjU3OTQz.3-ccb7-5&ccb=7-5&_nc_sid=58cdad&efg=eyJ2ZW5jb2RlX3RhZyI6InhwaWRzLjU0MHg5NjAuc2RyLkMzIn0%3D&_nc_ohc=Ku7GDnB96G0Q7kNvwF7UW7D&_nc_oc=Adm0QT2B_UUMNVaWVYeArTr5iiDl7B-dcRbuOhDZOKeO65ebqEKVIxB19WrCpGzrLp-fZQICh-2vmwGsr953iTWy&_nc_ad=z-m&_nc_cid=0&_nc_zt=23&_nc_ht=instagram.fsdu8-1.fna&_nc_gid=o1omgD9rtt3YsasZ4RdIiA&oh=00_AftvCnqwRGpO4idxZZ15G2vVkUQzJ4RTAmDTuj85k14xFA&oe=6986BE64,"https://instagram.fsdu8-1.fna.fbcdn.net/v/t51.82787-15/624473825_18060854243657943_7177841523594713374_n.jpg?stp=dst-jpg_e15_tt6&_nc_cat=110&ig_cache_key=MzgyMTgyNDcxMDM5NjY3MTU5NTE4MDYwODU0MjM3NjU3OTQz.3-ccb7-5&ccb=7-5&_nc_sid=58cdad&efg=eyJ2ZW5jb2RlX3RhZyI6InhwaWRzLjU0MHg5NjAuc2RyLkMzIn0%3D&_nc_ohc=Ku7GDnB96G0Q7kNvwF7UW7D&_nc_oc=Adm0QT2B_UUMNVaWVYeArTr5iiDl7B-dcRbuOhDZOKeO65ebqEKVIxB19WrCpGzrLp-fZQICh-2vmwGsr953iTWy&_nc_ad=z-m&_nc_cid=0&_nc_zt=23&_nc_ht=instagram.fsdu8-1.fna&_nc_gid=o1omgD9rtt3YsasZ4RdIiA&oh=00_AftvCnqwRGpO4idxZZ15G2vVkUQzJ4RTAmDTuj85k14xFA&oe=6986BE64
https://instagram.fsdu8-1.fna.fbcdn.net/v/t51.82787-15/624473825_18060854243657943_7177841523594713374_n.jpg?stp=dst-jpg_e15_p480x480_tt6&_nc_cat=110&ig_cache_key=MzgyMTgyNDcxMDM5NjY3MTU5NTE4MDYwODU0MjM3NjU3OTQz.3-ccb7-5&ccb=7-5&_nc_sid=58cdad&efg=eyJ2ZW5jb2RlX3RhZyI6InhwaWRzLjU0MHg5NjAuc2RyLkMzIn0%3D&_nc_ohc=Ku7GDnB96G0Q7kNvwF7UW7D&_nc_oc=Adm0QT2B_UUMNVaWVYeArTr5iiDl7B-dcRbuOhDZOKeO65ebqEKVIxB19WrCpGzrLp-fZQICh-2vmwGsr953iTWy&_nc_ad=z-m&_nc_cid=0&_nc_zt=23&_nc_ht=instagram.fsdu8-1.fna&_nc_gid=o1omgD9rtt3YsasZ4RdIiA&oh=00_AfsKCGctaK8cRcIq-vquTQeuoEraEJRuT4TD9e0KjatwUQ&oe=6986BE64
https://instagram.fsdu8-1.fna.fbcdn.net/v/t51.82787-15/624473825_18060854243657943_7177841523594713374_n.jpg?stp=dst-jpg_e15_p320x320_tt6&_nc_cat=110&ig_cache_key=MzgyMTgyNDcxMDM5NjY3MTU5NTE4MDYwODU0MjM3NjU3OTQz.3-ccb7-5&ccb=7-5&_nc_sid=58cdad&efg=eyJ2ZW5jb2RlX3RhZyI6InhwaWRzLjU0MHg5NjAuc2RyLkMzIn0%3D&_nc_ohc=Ku7GDnB96G0Q7kNvwF7UW7D&_nc_oc=Adm0QT2B_UUMNVaWVYeArTr5iiDl7B-dcRbuOhDZOKeO65ebqEKVIxB19WrCpGzrLp-fZQICh-2vmwGsr953iTWy&_nc_ad=z-m&_nc_cid=0&_nc_zt=23&_nc_ht=instagram.fsdu8-1.fna&_nc_gid=o1omgD9rtt3YsasZ4RdIiA&oh=00_AftubBv84RAF4F49OnUKcXKquvNwop_Vp3wWol-QeTiQbw&oe=6986BE64
https://instagram.fsdu8-1.fna.fbcdn.net/v/t51.82787-15/624473825_18060854243657943_7177841523594713374_n.jpg?stp=dst-jpg_e15_p240x240_tt6&_nc_cat=110&ig_cache_key=MzgyMTgyNDcxMDM5NjY3MTU5NTE4MDYwODU0MjM3NjU3OTQz.3-ccb7-5&ccb=7-5&_nc_sid=58cdad&efg=eyJ2ZW5jb2RlX3RhZyI6InhwaWRzLjU0MHg5NjAuc2RyLkMzIn0%3D&_nc_ohc=Ku7GDnB96G0Q7kNvwF7UW7D&_nc_oc=Adm0QT2B_UUMNVaWVYeArTr5iiDl7B-dcRbuOhDZOKeO65ebqEKVIxB19WrCpGzrLp-fZQICh-2vmwGsr953iTWy&_nc_ad=z-m&_nc_cid=0&_nc_zt=23&_nc_ht=instagram.fsdu8-1.fna&_nc_gid=o1omgD9rtt3YsasZ4RdIiA&oh=00_AftcLUcshI1gChxmZl5YKw5uLR8ieQ7VI0Y-cUqr7DkBzA&oe=6986BE64
https://instagram.fsdu8-1.fna.fbcdn.net/v/t51.82787-15/624473825_18060854243657943_7177841523594713374_n.jpg?stp=c0.210.540.540a_dst-jpg_e15_s540x540_tt6&_nc_cat=110&ig_cache_key=MzgyMTgyNDcxMDM5NjY3MTU5NTE4MDYwODU0MjM3NjU3OTQz.3-ccb7-5&ccb=7-5&_nc_sid=58cdad&efg=eyJ2ZW5jb2RlX3RhZyI6InhwaWRzLjU0MHg5NjAuc2RyLkMzIn0%3D&_nc_ohc=Ku7GDnB96G0Q7kNvwF7UW7D&_nc_oc=Adm0QT2B_UUMNVaWVYeArTr5iiDl7B-dcRbuOhDZOKeO65ebqEKVIxB19WrCpGzrLp-fZQICh-2vmwGsr953iTWy&_nc_ad=z-m&_nc_cid=0&_nc_zt=23&_nc_ht=instagram.fsdu8-1.fna&_nc_gid=o1omgD9rtt3YsasZ4RdIiA&oh=00_AfvS_54oTP7nD-34zhPasx67s73DWYAznb5ehMSi2FHV5g&oe=6986BE64
https://instagram.fsdu8-1.fna.fbcdn.net/v/t51.82787-15/624473825_18060854243657943_7177841523594713374_n.jpg?stp=c0.210.540.540a_dst-jpg_e15_s540x540_tt6&_nc_cat=110&ig_cache_key=MzgyMTgyNDcxMDM5NjY3MTU5NTE4MDYwODU0MjM3NjU3OTQz.3-ccb7-5&ccb=7-5&_nc_sid=58cdad&efg=eyJ2ZW5jb2RlX3RhZyI6InhwaWRzLjU0MHg5NjAuc2RyLkMzIn0%3D&_nc_ohc=Ku7GDnB96G0Q7kNvwF7UW7D&_nc_oc=Adm0QT2B_UUMNVaWVYeArTr5iiDl7B-dcRbuOhDZOKeO65ebqEKVIxB19WrCpGzrLp-fZQICh-2vmwGsr953iTWy&_nc_ad=z-m&_nc_cid=0&_nc_zt=23&_nc_ht=instagram.fsdu8-1.fna&_nc_gid=o1omgD9rtt3YsasZ4RdIiA&oh=00_AfvS_54oTP7nD-34zhPasx67s73DWYAznb5ehMSi2FHV5g&oe=6986BE64
https://instagram.fsdu8-1.fna.fbcdn.net/v/t51.82787-15/624473825_18060854243657943_7177841523594713374_n.jpg?stp=c0.210.540.540a_dst-jpg_e15_s540x540_tt6&_nc_cat=110&ig_cache_key=MzgyMTgyNDcxMDM5NjY3MTU5NTE4MDYwODU0MjM3NjU3OTQz.3-ccb7-5&ccb=7-5&_nc_sid=58cdad&efg=eyJ2ZW5jb2RlX3RhZyI6InhwaWRzLjU0MHg5NjAuc2RyLkMzIn0%3D&_nc_ohc=Ku7GDnB96G0Q7kNvwF7UW7D&_nc_oc=Adm0QT2B_UUMNVaWVYeArTr5iiDl7B-dcRbuOhDZOKeO65ebqEKVIxB19WrCpGzrLp-fZQICh-2vmwGsr953iTWy&_nc_ad=z-m&_nc_cid=0&_nc_zt=23&_nc_ht=instagram.fsdu8-1.fna&_nc_gid=o1omgD9rtt3YsasZ4RdIiA&oh=00_AfvS_54oTP7nD-34zhPasx67s73DWYAznb5ehMSi2FHV5g&oe=6986BE64
https://instagram.fsdu8-1.fna.fbcdn.net/v/t51.82787-15/624473825_18060854243657943_7177841523594713374_n.jpg?stp=c0.210.540.540a_dst-jpg_e15_s480x480_tt6&_nc_cat=110&ig_cache_key=MzgyMTgyNDcxMDM5NjY3MTU5NTE4MDYwODU0MjM3NjU3OTQz.3-ccb7-5&ccb=7-5&_nc_sid=58cdad&efg=eyJ2ZW5jb2RlX3RhZyI6InhwaWRzLjU0MHg5NjAuc2RyLkMzIn0%3D&_nc_ohc=Ku7GDnB96G0Q7kNvwF7UW7D&_nc_oc=Adm0QT2B_UUMNVaWVYeArTr5iiDl7B-dcRbuOhDZOKeO65ebqEKVIxB19WrCpGzrLp-fZQICh-2vmwGsr953iTWy&_nc_ad=z-m&_nc_cid=0&_nc_zt=23&_nc_ht=instagram.fsdu8-1.fna&_nc_gid=o1omgD9rtt3YsasZ4RdIiA&oh=00_AfuoYi1_c1jOcVAthuwEPdN0cQXC3lYkuUQIftpoVUjzDA&oe=6986BE64
https://instagram.fsdu8-1.fna.fbcdn.net/v/t51.82787-15/624473825_18060854243657943_7177841523594713374_n.jpg?stp=c0.210.540.540a_dst-jpg_e15_s320x320_tt6&_nc_cat=110&ig_cache_key=MzgyMTgyNDcxMDM5NjY3MTU5NTE4MDYwODU0MjM3NjU3OTQz.3-ccb7-5&ccb=7-5&_nc_sid=58cdad&efg=eyJ2ZW5jb2RlX3RhZyI6InhwaWRzLjU0MHg5NjAuc2RyLkMzIn0%3D&_nc_ohc=Ku7GDnB96G0Q7kNvwF7UW7D&_nc_oc=Adm0QT2B_UUMNVaWVYeArTr5iiDl7B-dcRbuOhDZOKeO65ebqEKVIxB19WrCpGzrLp-fZQICh-2vmwGsr953iTWy&_nc_ad=z-m&_nc_cid=0&_nc_zt=23&_nc_ht=instagram.fsdu8-1.fna&_nc_gid=o1omgD9rtt3YsasZ4RdIiA&oh=00_Afvv40Elygg2YtiMRp-XnfMxOwM-hpaEt4W6SMCfbFJHjA&oe=6986BE64
https://instagram.fsdu8-1.fna.fbcdn.net/v/t51.82787-15/624473825_18060854243657943_7177841523594713374_n.jpg?stp=c0.210.540.540a_dst-jpg_e15_s240x240_tt6&_nc_cat=110&ig_cache_key=MzgyMTgyNDcxMDM5NjY3MTU5NTE4MDYwODU0MjM3NjU3OTQz.3-ccb7-5&ccb=7-5&_nc_sid=58cdad&efg=eyJ2ZW5jb2RlX3RhZyI6InhwaWRzLjU0MHg5NjAuc2RyLkMzIn0%3D&_nc_ohc=Ku7GDnB96G0Q7kNvwF7UW7D&_nc_oc=Adm0QT2B_UUMNVaWVYeArTr5iiDl7B-dcRbuOhDZOKeO65ebqEKVIxB19WrCpGzrLp-fZQICh-2vmwGsr953iTWy&_nc_ad=z-m&_nc_cid=0&_nc_zt=23&_nc_ht=instagram.fsdu8-1.fna&_nc_gid=o1omgD9rtt3YsasZ4RdIiA&oh=00_AftdKFt04GKqy11FqKPn7DeNnagdnA6-VKn46GOWKh8GWA&oe=6986BE64
https://instagram.fsdu8-1.fna.fbcdn.net/v/t51.82787-15/624473825_18060854243657943_7177841523594713374_n.jpg?stp=c0.210.540.540a_dst-jpg_e15_s150x150_tt6&_nc_cat=110&ig_cache_key=MzgyMTgyNDcxMDM5NjY3MTU5NTE4MDYwODU0MjM3NjU3OTQz.3-ccb7-5&ccb=7-5&_nc_sid=58cdad&efg=eyJ2ZW5jb2RlX3RhZyI6InhwaWRzLjU0MHg5NjAuc2RyLkMzIn0%3D&_nc_ohc=Ku7GDnB96G0Q7kNvwF7UW7D&_nc_oc=Adm0QT2B_UUMNVaWVYeArTr5iiDl7B-dcRbuOhDZOKeO65ebqEKVIxB19WrCpGzrLp-fZQICh-2vmwGsr953iTWy&_nc_ad=z-m&_nc_cid=0&_nc_zt=23&_nc_ht=instagram.fsdu8-1.fna&_nc_gid=o1omgD9rtt3YsasZ4RdIiA&oh=00_AfvHKFf1MP4wIwKMGO7IfAhbJBXexPwC83hlIetlF4U8xQ&oe=6986BE64",NA,NO,YES,https://instagram.fsdu8-1.fna.fbcdn.net/o1/v/t2/f2/m86/AQNJ4tVciog4afrntMJd5R53fjdu8yEwg_1OC_MDL6a_iYbiG8VeVhrq3-1hBfeRMyB_Fui7DpfKhE-_ICQVl-NQLuYRiiIEbjP8vHY.mp4?_nc_cat=110&_nc_oc=Admum8erL3zxX5WrNyIIlXHr-sBB7FXdi8g4JurJ5AdF0_rcejbvaC7uYOY1l7XAcvdvtHLbrkImKdbbMdUApXv7&_nc_sid=5e9851&_nc_ht=instagram.fsdu8-1.fna.fbcdn.net&_nc_ohc=DubyLdaEabMQ7kNvwHH5imU&efg=eyJ2ZW5jb2RlX3RhZyI6Inhwdl9wcm9ncmVzc2l2ZS5JTlNUQUdSQU0uQ0xJUFMuQzMuNzIwLmRhc2hfYmFzZWxpbmVfMV92MSIsInhwdl9hc3NldF9pZCI6MTc5Mzg1MTgzMjcxMjA0MDEsImFzc2V0X2FnZV9kYXlzIjoyLCJ2aV91c2VjYXNlX2lkIjoxMDgyNywiZHVyYXRpb25fcyI6MTcxLCJ1cmxnZW5fc291cmNlIjoid3d3In0%3D&ccb=17-1&_nc_gid=o1omgD9rtt3YsasZ4RdIiA&_nc_zt=28&vs=ec8d4d03facae312&_nc_vs=HBksFQIYUmlnX3hwdl9yZWVsc19wZXJtYW5lbnRfc3JfcHJvZC9CNjQyMkYxMTc4NkJGRDI0Qzk1M0E1Rjk5ODZFODA4Rl92aWRlb19kYXNoaW5pdC5tcDQVAALIARIAFQIYUWlnX3hwdl9wbGFjZW1lbnRfcGVybWFuZW50X3YyLzYwNDJBQ0MzMjU5OEY2MUUyNjg3Qjg2ODIzQkM0MDlFX2F1ZGlvX2Rhc2hpbml0Lm1wNBUCAsgBEgAoABgAGwKIB3VzZV9vaWwBMRJwcm9ncmVzc2l2ZV9yZWNpcGUBMRUAACaiyPrKmL_dPxUCKAJDMywXQGV6p--dsi0YEmRhc2hfYmFzZWxpbmVfMV92MREAdf4HZZapAQA&oh=00_Afsc93ssYIN_HjsZGq2XhwjG6hTIPjasqR4RLkN-U86Gkg&oe=6982FE1F,NA,49751353942,oficialalinecamara,NA,NA,NA,NA,NA,NA,Autoridade,Demonstração de domínio sobre políticas públicas e o modelo chinês.,47.0238095238095,52.9761904761905,13.6904761904762,12.5,7.14285714285714,14.8809523809524,10.7142857142857,17.2619047619048,3.57142857142857,20.2380952380952
postagem_51,3821744060768525312,DUJj_mMkRy9,"Fri, 30 Jan 2026 21:10:56 GMT",2026-01-30T03:00:00Z,1769807456,O dia em que um comunista conseguiu mexer com o ego do Pablo Marçal.,NA,16799,495,https://www.instagram.com/p/DUJj_mMkRy9/,https://instagram.fsdu8-1.fna.fbcdn.net/v/t51.71878-15/624844638_899618999315225_5428720794641310694_n.jpg?stp=dst-jpg_e15_tt6&_nc_cat=111&ig_cache_key=MzgyMTc0NDA2MDc2ODUyNTUwMQ%3D%3D.3-ccb7-5&ccb=7-5&_nc_sid=58cdad&efg=eyJ2ZW5jb2RlX3RhZyI6InhwaWRzLjY0MHgxMTM2LnNkci5DMyJ9&_nc_ohc=50YM7OV87WYQ7kNvwFUlcou&_nc_oc=AdkRlKnTIvZ7o6ronY6kL_-oyc2T8WQ4EqkaslOOUHxBHEiOQ9LZ6tb0NBzYf_Quodc7JrOGLtV-L2NAlfhBBB46&_nc_ad=z-m&_nc_cid=0&_nc_zt=23&_nc_ht=instagram.fsdu8-1.fna&_nc_gid=o1omgD9rtt3YsasZ4RdIiA&oh=00_AfsUIfF3c00MT43lVzYGuGFTqR65lhcMZDjQtamkvrp8Tw&oe=6986BE20,https://instagram.fsdu8-1.fna.fbcdn.net/v/t51.71878-15/624844638_899618999315225_5428720794641310694_n.jpg?stp=dst-jpg_e15_tt6&_nc_cat=111&ig_cache_key=MzgyMTc0NDA2MDc2ODUyNTUwMQ%3D%3D.3-ccb7-5&ccb=7-5&_nc_sid=58cdad&efg=eyJ2ZW5jb2RlX3RhZyI6InhwaWRzLjY0MHgxMTM2LnNkci5DMyJ9&_nc_ohc=50YM7OV87WYQ7kNvwFUlcou&_nc_oc=AdkRlKnTIvZ7o6ronY6kL_-oyc2T8WQ4EqkaslOOUHxBHEiOQ9LZ6tb0NBzYf_Quodc7JrOGLtV-L2NAlfhBBB46&_nc_ad=z-m&_nc_cid=0&_nc_zt=23&_nc_ht=instagram.fsdu8-1.fna&_nc_gid=o1omgD9rtt3YsasZ4RdIiA&oh=00_AfsUIfF3c00MT43lVzYGuGFTqR65lhcMZDjQtamkvrp8Tw&oe=6986BE20,"https://instagram.fsdu8-1.fna.fbcdn.net/v/t51.71878-15/624844638_899618999315225_5428720794641310694_n.jpg?stp=dst-jpg_e15_tt6&_nc_cat=111&ig_cache_key=MzgyMTc0NDA2MDc2ODUyNTUwMQ%3D%3D.3-ccb7-5&ccb=7-5&_nc_sid=58cdad&efg=eyJ2ZW5jb2RlX3RhZyI6InhwaWRzLjY0MHgxMTM2LnNkci5DMyJ9&_nc_ohc=50YM7OV87WYQ7kNvwFUlcou&_nc_oc=AdkRlKnTIvZ7o6ronY6kL_-oyc2T8WQ4EqkaslOOUHxBHEiOQ9LZ6tb0NBzYf_Quodc7JrOGLtV-L2NAlfhBBB46&_nc_ad=z-m&_nc_cid=0&_nc_zt=23&_nc_ht=instagram.fsdu8-1.fna&_nc_gid=o1omgD9rtt3YsasZ4RdIiA&oh=00_AfsUIfF3c00MT43lVzYGuGFTqR65lhcMZDjQtamkvrp8Tw&oe=6986BE20
https://instagram.fsdu8-1.fna.fbcdn.net/v/t51.71878-15/624844638_899618999315225_5428720794641310694_n.jpg?stp=dst-jpg_e15_p480x480_tt6&_nc_cat=111&ig_cache_key=MzgyMTc0NDA2MDc2ODUyNTUwMQ%3D%3D.3-ccb7-5&ccb=7-5&_nc_sid=58cdad&efg=eyJ2ZW5jb2RlX3RhZyI6InhwaWRzLjY0MHgxMTM2LnNkci5DMyJ9&_nc_ohc=50YM7OV87WYQ7kNvwFUlcou&_nc_oc=AdkRlKnTIvZ7o6ronY6kL_-oyc2T8WQ4EqkaslOOUHxBHEiOQ9LZ6tb0NBzYf_Quodc7JrOGLtV-L2NAlfhBBB46&_nc_ad=z-m&_nc_cid=0&_nc_zt=23&_nc_ht=instagram.fsdu8-1.fna&_nc_gid=o1omgD9rtt3YsasZ4RdIiA&oh=00_Afv1NC1YBsCmFtWxk3UeWk6RQ_kDaaC-fE7f3aq0vkhoBw&oe=6986BE20
https://instagram.fsdu8-1.fna.fbcdn.net/v/t51.71878-15/624844638_899618999315225_5428720794641310694_n.jpg?stp=dst-jpg_e15_p320x320_tt6&_nc_cat=111&ig_cache_key=MzgyMTc0NDA2MDc2ODUyNTUwMQ%3D%3D.3-ccb7-5&ccb=7-5&_nc_sid=58cdad&efg=eyJ2ZW5jb2RlX3RhZyI6InhwaWRzLjY0MHgxMTM2LnNkci5DMyJ9&_nc_ohc=50YM7OV87WYQ7kNvwFUlcou&_nc_oc=AdkRlKnTIvZ7o6ronY6kL_-oyc2T8WQ4EqkaslOOUHxBHEiOQ9LZ6tb0NBzYf_Quodc7JrOGLtV-L2NAlfhBBB46&_nc_ad=z-m&_nc_cid=0&_nc_zt=23&_nc_ht=instagram.fsdu8-1.fna&_nc_gid=o1omgD9rtt3YsasZ4RdIiA&oh=00_AfsrqIl8-qm_MV3VSBj-b0HVaN3bOjIFIaBRCAs5VB4iTg&oe=6986BE20
https://instagram.fsdu8-1.fna.fbcdn.net/v/t51.71878-15/624844638_899618999315225_5428720794641310694_n.jpg?stp=dst-jpg_e15_p240x240_tt6&_nc_cat=111&ig_cache_key=MzgyMTc0NDA2MDc2ODUyNTUwMQ%3D%3D.3-ccb7-5&ccb=7-5&_nc_sid=58cdad&efg=eyJ2ZW5jb2RlX3RhZyI6InhwaWRzLjY0MHgxMTM2LnNkci5DMyJ9&_nc_ohc=50YM7OV87WYQ7kNvwFUlcou&_nc_oc=AdkRlKnTIvZ7o6ronY6kL_-oyc2T8WQ4EqkaslOOUHxBHEiOQ9LZ6tb0NBzYf_Quodc7JrOGLtV-L2NAlfhBBB46&_nc_ad=z-m&_nc_cid=0&_nc_zt=23&_nc_ht=instagram.fsdu8-1.fna&_nc_gid=o1omgD9rtt3YsasZ4RdIiA&oh=00_AftwFEkS1A9Jx8dqpFG0LeLNqYnZS6m8u1kHuPEtpSAyAA&oe=6986BE20
https://instagram.fsdu8-1.fna.fbcdn.net/v/t51.71878-15/624844638_899618999315225_5428720794641310694_n.jpg?stp=c0.248.640.640a_dst-jpg_e15_s640x639_tt6&_nc_cat=111&ig_cache_key=MzgyMTc0NDA2MDc2ODUyNTUwMQ%3D%3D.3-ccb7-5&ccb=7-5&_nc_sid=58cdad&efg=eyJ2ZW5jb2RlX3RhZyI6InhwaWRzLjY0MHgxMTM2LnNkci5DMyJ9&_nc_ohc=50YM7OV87WYQ7kNvwFUlcou&_nc_oc=AdkRlKnTIvZ7o6ronY6kL_-oyc2T8WQ4EqkaslOOUHxBHEiOQ9LZ6tb0NBzYf_Quodc7JrOGLtV-L2NAlfhBBB46&_nc_ad=z-m&_nc_cid=0&_nc_zt=23&_nc_ht=instagram.fsdu8-1.fna&_nc_gid=o1omgD9rtt3YsasZ4RdIiA&oh=00_Aft8wHofyxWBm4F_fmJXH4LYxVkKcnhZQ_jEvpy4Yt7tGA&oe=6986BE20
https://instagram.fsdu8-1.fna.fbcdn.net/v/t51.71878-15/624844638_899618999315225_5428720794641310694_n.jpg?stp=c0.248.640.640a_dst-jpg_e15_s640x639_tt6&_nc_cat=111&ig_cache_key=MzgyMTc0NDA2MDc2ODUyNTUwMQ%3D%3D.3-ccb7-5&ccb=7-5&_nc_sid=58cdad&efg=eyJ2ZW5jb2RlX3RhZyI6InhwaWRzLjY0MHgxMTM2LnNkci5DMyJ9&_nc_ohc=50YM7OV87WYQ7kNvwFUlcou&_nc_oc=AdkRlKnTIvZ7o6ronY6kL_-oyc2T8WQ4EqkaslOOUHxBHEiOQ9LZ6tb0NBzYf_Quodc7JrOGLtV-L2NAlfhBBB46&_nc_ad=z-m&_nc_cid=0&_nc_zt=23&_nc_ht=instagram.fsdu8-1.fna&_nc_gid=o1omgD9rtt3YsasZ4RdIiA&oh=00_Aft8wHofyxWBm4F_fmJXH4LYxVkKcnhZQ_jEvpy4Yt7tGA&oe=6986BE20
https://instagram.fsdu8-1.fna.fbcdn.net/v/t51.71878-15/624844638_899618999315225_5428720794641310694_n.jpg?stp=c0.248.640.640a_dst-jpg_e15_s640x639_tt6&_nc_cat=111&ig_cache_key=MzgyMTc0NDA2MDc2ODUyNTUwMQ%3D%3D.3-ccb7-5&ccb=7-5&_nc_sid=58cdad&efg=eyJ2ZW5jb2RlX3RhZyI6InhwaWRzLjY0MHgxMTM2LnNkci5DMyJ9&_nc_ohc=50YM7OV87WYQ7kNvwFUlcou&_nc_oc=AdkRlKnTIvZ7o6ronY6kL_-oyc2T8WQ4EqkaslOOUHxBHEiOQ9LZ6tb0NBzYf_Quodc7JrOGLtV-L2NAlfhBBB46&_nc_ad=z-m&_nc_cid=0&_nc_zt=23&_nc_ht=instagram.fsdu8-1.fna&_nc_gid=o1omgD9rtt3YsasZ4RdIiA&oh=00_Aft8wHofyxWBm4F_fmJXH4LYxVkKcnhZQ_jEvpy4Yt7tGA&oe=6986BE20
https://instagram.fsdu8-1.fna.fbcdn.net/v/t51.71878-15/624844638_899618999315225_5428720794641310694_n.jpg?stp=c0.248.640.640a_dst-jpg_e15_s480x480_tt6&_nc_cat=111&ig_cache_key=MzgyMTc0NDA2MDc2ODUyNTUwMQ%3D%3D.3-ccb7-5&ccb=7-5&_nc_sid=58cdad&efg=eyJ2ZW5jb2RlX3RhZyI6InhwaWRzLjY0MHgxMTM2LnNkci5DMyJ9&_nc_ohc=50YM7OV87WYQ7kNvwFUlcou&_nc_oc=AdkRlKnTIvZ7o6ronY6kL_-oyc2T8WQ4EqkaslOOUHxBHEiOQ9LZ6tb0NBzYf_Quodc7JrOGLtV-L2NAlfhBBB46&_nc_ad=z-m&_nc_cid=0&_nc_zt=23&_nc_ht=instagram.fsdu8-1.fna&_nc_gid=o1omgD9rtt3YsasZ4RdIiA&oh=00_AfseRjKJXmV80YE3V0ctUsQhadt8huCwNxHE08xwLkDMDg&oe=6986BE20
https://instagram.fsdu8-1.fna.fbcdn.net/v/t51.71878-15/624844638_899618999315225_5428720794641310694_n.jpg?stp=c0.248.640.640a_dst-jpg_e15_s320x320_tt6&_nc_cat=111&ig_cache_key=MzgyMTc0NDA2MDc2ODUyNTUwMQ%3D%3D.3-ccb7-5&ccb=7-5&_nc_sid=58cdad&efg=eyJ2ZW5jb2RlX3RhZyI6InhwaWRzLjY0MHgxMTM2LnNkci5DMyJ9&_nc_ohc=50YM7OV87WYQ7kNvwFUlcou&_nc_oc=AdkRlKnTIvZ7o6ronY6kL_-oyc2T8WQ4EqkaslOOUHxBHEiOQ9LZ6tb0NBzYf_Quodc7JrOGLtV-L2NAlfhBBB46&_nc_ad=z-m&_nc_cid=0&_nc_zt=23&_nc_ht=instagram.fsdu8-1.fna&_nc_gid=o1omgD9rtt3YsasZ4RdIiA&oh=00_AftYxEYBniI6a5sLDOEPj8acAgkqqOa_aoiFkIheO13V5Q&oe=6986BE20
https://instagram.fsdu8-1.fna.fbcdn.net/v/t51.71878-15/624844638_899618999315225_5428720794641310694_n.jpg?stp=c0.248.640.640a_dst-jpg_e15_s240x240_tt6&_nc_cat=111&ig_cache_key=MzgyMTc0NDA2MDc2ODUyNTUwMQ%3D%3D.3-ccb7-5&ccb=7-5&_nc_sid=58cdad&efg=eyJ2ZW5jb2RlX3RhZyI6InhwaWRzLjY0MHgxMTM2LnNkci5DMyJ9&_nc_ohc=50YM7OV87WYQ7kNvwFUlcou&_nc_oc=AdkRlKnTIvZ7o6ronY6kL_-oyc2T8WQ4EqkaslOOUHxBHEiOQ9LZ6tb0NBzYf_Quodc7JrOGLtV-L2NAlfhBBB46&_nc_ad=z-m&_nc_cid=0&_nc_zt=23&_nc_ht=instagram.fsdu8-1.fna&_nc_gid=o1omgD9rtt3YsasZ4RdIiA&oh=00_AfshppIoAVPKxjZfaz1VGjUrW3ZIcpPQ_tBSt3vQJBVGNw&oe=6986BE20
https://instagram.fsdu8-1.fna.fbcdn.net/v/t51.71878-15/624844638_899618999315225_5428720794641310694_n.jpg?stp=c0.248.640.640a_dst-jpg_e15_s150x150_tt6&_nc_cat=111&ig_cache_key=MzgyMTc0NDA2MDc2ODUyNTUwMQ%3D%3D.3-ccb7-5&ccb=7-5&_nc_sid=58cdad&efg=eyJ2ZW5jb2RlX3RhZyI6InhwaWRzLjY0MHgxMTM2LnNkci5DMyJ9&_nc_ohc=50YM7OV87WYQ7kNvwFUlcou&_nc_oc=AdkRlKnTIvZ7o6ronY6kL_-oyc2T8WQ4EqkaslOOUHxBHEiOQ9LZ6tb0NBzYf_Quodc7JrOGLtV-L2NAlfhBBB46&_nc_ad=z-m&_nc_cid=0&_nc_zt=23&_nc_ht=instagram.fsdu8-1.fna&_nc_gid=o1omgD9rtt3YsasZ4RdIiA&oh=00_AfsAR0fJiLdMnut1HMeEL2oaqLLl5leTcdyGfAJNq4CyLQ&oe=6986BE20",NA,NO,YES,https://instagram.fsdu8-1.fna.fbcdn.net/o1/v/t2/f2/m86/AQMhlyUmdChLNfjuaJ4dQr0hPitjT8Tv_yI4PTbpJ9O5I0hP87PgqIar5Mn98sznkTL4tjgg-XWw8k5zN7_7NpfAaWQBVeY38xXZ-a4.mp4?_nc_cat=111&_nc_oc=AdlWafETeuKQ2RUd7565wgDuDA25-nTEzOUbvvNjDiEuQPO-Hpn9wm17p069w1OyZgNo5myvUnuDkICU00mmacL8&_nc_sid=5e9851&_nc_ht=instagram.fsdu8-1.fna.fbcdn.net&_nc_ohc=9NCpLwo8E64Q7kNvwHVzIZC&efg=eyJ2ZW5jb2RlX3RhZyI6Inhwdl9wcm9ncmVzc2l2ZS5JTlNUQUdSQU0uQ0xJUFMuQzMuNzIwLmRhc2hfYmFzZWxpbmVfMV92MSIsInhwdl9hc3NldF9pZCI6MTc4NDUwNjU5NzI2ODI2NzgsImFzc2V0X2FnZV9kYXlzIjoyLCJ2aV91c2VjYXNlX2lkIjoxMDA5OSwiZHVyYXRpb25fcyI6NjQsInVybGdlbl9zb3VyY2UiOiJ3d3cifQ%3D%3D&ccb=17-1&_nc_gid=o1omgD9rtt3YsasZ4RdIiA&_nc_zt=28&vs=d323dc9fd9e43cae&_nc_vs=HBksFQIYUmlnX3hwdl9yZWVsc19wZXJtYW5lbnRfc3JfcHJvZC9ENDQwM0EwN0JCOEY0MzYxNDFBRDEwRUJCMTdDOTJCOF92aWRlb19kYXNoaW5pdC5tcDQVAALIARIAFQIYUWlnX3hwdl9wbGFjZW1lbnRfcGVybWFuZW50X3YyL0VDNDREQzFBNDQwQTRFNEEwNTI2RTlCNzQ4Qjc5MEEzX2F1ZGlvX2Rhc2hpbml0Lm1wNBUCAsgBEgAoABgAGwKIB3VzZV9vaWwBMRJwcm9ncmVzc2l2ZV9yZWNpcGUBMRUAACbsvtykxv-yPxUCKAJDMywXQFAIgxJul40YEmRhc2hfYmFzZWxpbmVfMV92MREAdf4HZeadAQA&oh=00_AfuqO_laFMLtjPIO0NVmUvpnTEx7_UQ0GIIS11vn29OS0Q&oe=6982CDA4,NA,80470410677,eliasjabbourtakes,NA,Centro (Rio de Janeiro),NA,NA,-22.90805556,-43.17666667,Humanziação,"Ainda que o eixo principal seja a humanização, a postagem também possui elementos de autoridade.",44.5205479452055,55.4794520547945,13.6986301369863,14.3835616438356,15.7534246575343,12.3287671232877,6.84931506849315,13.6986301369863,6.84931506849315,16.4383561643836
postagem_50,3821478107191052800,DUInhdoDgnF,"Fri, 30 Jan 2026 12:22:20 GMT",2026-01-30T03:00:00Z,1769775740,A urgente solidariedade à Revolução Cubana.,NA,13315,780,https://www.instagram.com/p/DUInhdoDgnF/,https://instagram.fsdu8-2.fna.fbcdn.net/v/t51.71878-15/623286193_937370079464429_8647471752510232619_n.jpg?stp=dst-jpegr_e15_tt6&_nc_cat=105&ig_cache_key=MzgyMTQ3ODEwNzE5MTA1Mjc0MQ%3D%3D.3-ccb7-5&ccb=7-5&_nc_sid=58cdad&efg=eyJ2ZW5jb2RlX3RhZyI6InhwaWRzLjY0MHgxMTM2Lmhkci5DMyJ9&_nc_ohc=Rs9z0UnvzAwQ7kNvwGeW2Zw&_nc_oc=Adl3qY8E6zrdqt6r7T4GDrt-jZcgjxv58Cb-KNoWrwR45blpTJOOpLwY6JPdnc-Hfzp11ogdM_Sw0JjRVRJ8IQuw&_nc_ad=z-m&_nc_cid=0&_nc_zt=23&se=-1&_nc_ht=instagram.fsdu8-2.fna&_nc_gid=o1omgD9rtt3YsasZ4RdIiA&oh=00_Afsi_b2DaWM1I1kUhK3B9PBmkiQ_ZPattAwMjA8Gu0Jqag&oe=6986F04F,https://instagram.fsdu8-2.fna.fbcdn.net/v/t51.71878-15/623286193_937370079464429_8647471752510232619_n.jpg?stp=dst-jpegr_e15_tt6&_nc_cat=105&ig_cache_key=MzgyMTQ3ODEwNzE5MTA1Mjc0MQ%3D%3D.3-ccb7-5&ccb=7-5&_nc_sid=58cdad&efg=eyJ2ZW5jb2RlX3RhZyI6InhwaWRzLjY0MHgxMTM2Lmhkci5DMyJ9&_nc_ohc=Rs9z0UnvzAwQ7kNvwGeW2Zw&_nc_oc=Adl3qY8E6zrdqt6r7T4GDrt-jZcgjxv58Cb-KNoWrwR45blpTJOOpLwY6JPdnc-Hfzp11ogdM_Sw0JjRVRJ8IQuw&_nc_ad=z-m&_nc_cid=0&_nc_zt=23&se=-1&_nc_ht=instagram.fsdu8-2.fna&_nc_gid=o1omgD9rtt3YsasZ4RdIiA&oh=00_Afsi_b2DaWM1I1kUhK3B9PBmkiQ_ZPattAwMjA8Gu0Jqag&oe=6986F04F,"https://instagram.fsdu8-2.fna.fbcdn.net/v/t51.71878-15/623286193_937370079464429_8647471752510232619_n.jpg?stp=dst-jpegr_e15_tt6&_nc_cat=105&ig_cache_key=MzgyMTQ3ODEwNzE5MTA1Mjc0MQ%3D%3D.3-ccb7-5&ccb=7-5&_nc_sid=58cdad&efg=eyJ2ZW5jb2RlX3RhZyI6InhwaWRzLjY0MHgxMTM2Lmhkci5DMyJ9&_nc_ohc=Rs9z0UnvzAwQ7kNvwGeW2Zw&_nc_oc=Adl3qY8E6zrdqt6r7T4GDrt-jZcgjxv58Cb-KNoWrwR45blpTJOOpLwY6JPdnc-Hfzp11ogdM_Sw0JjRVRJ8IQuw&_nc_ad=z-m&_nc_cid=0&_nc_zt=23&se=-1&_nc_ht=instagram.fsdu8-2.fna&_nc_gid=o1omgD9rtt3YsasZ4RdIiA&oh=00_Afsi_b2DaWM1I1kUhK3B9PBmkiQ_ZPattAwMjA8Gu0Jqag&oe=6986F04F
https://instagram.fsdu8-2.fna.fbcdn.net/v/t51.71878-15/623286193_937370079464429_8647471752510232619_n.jpg?stp=dst-jpegr_e15_p480x480_tt6&_nc_cat=105&ig_cache_key=MzgyMTQ3ODEwNzE5MTA1Mjc0MQ%3D%3D.3-ccb7-5&ccb=7-5&_nc_sid=58cdad&efg=eyJ2ZW5jb2RlX3RhZyI6InhwaWRzLjY0MHgxMTM2Lmhkci5DMyJ9&_nc_ohc=Rs9z0UnvzAwQ7kNvwGeW2Zw&_nc_oc=Adl3qY8E6zrdqt6r7T4GDrt-jZcgjxv58Cb-KNoWrwR45blpTJOOpLwY6JPdnc-Hfzp11ogdM_Sw0JjRVRJ8IQuw&_nc_ad=z-m&_nc_cid=0&_nc_zt=23&se=-1&_nc_ht=instagram.fsdu8-2.fna&_nc_gid=o1omgD9rtt3YsasZ4RdIiA&oh=00_AfuHxEbnAFvFV7XOiUbu_nsbTp3vPuyv73lsPfc7TH5SwQ&oe=6986F04F
https://instagram.fsdu8-2.fna.fbcdn.net/v/t51.71878-15/623286193_937370079464429_8647471752510232619_n.jpg?stp=dst-jpegr_e15_p320x320_tt6&_nc_cat=105&ig_cache_key=MzgyMTQ3ODEwNzE5MTA1Mjc0MQ%3D%3D.3-ccb7-5&ccb=7-5&_nc_sid=58cdad&efg=eyJ2ZW5jb2RlX3RhZyI6InhwaWRzLjY0MHgxMTM2Lmhkci5DMyJ9&_nc_ohc=Rs9z0UnvzAwQ7kNvwGeW2Zw&_nc_oc=Adl3qY8E6zrdqt6r7T4GDrt-jZcgjxv58Cb-KNoWrwR45blpTJOOpLwY6JPdnc-Hfzp11ogdM_Sw0JjRVRJ8IQuw&_nc_ad=z-m&_nc_cid=0&_nc_zt=23&se=-1&_nc_ht=instagram.fsdu8-2.fna&_nc_gid=o1omgD9rtt3YsasZ4RdIiA&oh=00_AfvmC5KKesyznDQhJ0KcGrQWK-wOeVK8Pcvy6bkyuRFoMQ&oe=6986F04F
https://instagram.fsdu8-2.fna.fbcdn.net/v/t51.71878-15/623286193_937370079464429_8647471752510232619_n.jpg?stp=dst-jpegr_e15_p240x240_tt6&_nc_cat=105&ig_cache_key=MzgyMTQ3ODEwNzE5MTA1Mjc0MQ%3D%3D.3-ccb7-5&ccb=7-5&_nc_sid=58cdad&efg=eyJ2ZW5jb2RlX3RhZyI6InhwaWRzLjY0MHgxMTM2Lmhkci5DMyJ9&_nc_ohc=Rs9z0UnvzAwQ7kNvwGeW2Zw&_nc_oc=Adl3qY8E6zrdqt6r7T4GDrt-jZcgjxv58Cb-KNoWrwR45blpTJOOpLwY6JPdnc-Hfzp11ogdM_Sw0JjRVRJ8IQuw&_nc_ad=z-m&_nc_cid=0&_nc_zt=23&se=-1&_nc_ht=instagram.fsdu8-2.fna&_nc_gid=o1omgD9rtt3YsasZ4RdIiA&oh=00_AfsqzevBYOys7E4YKFTGGvBcn2c0PCe3DAicDR-Doqyyfw&oe=6986F04F
https://instagram.fsdu8-2.fna.fbcdn.net/v/t51.71878-15/623286193_937370079464429_8647471752510232619_n.jpg?stp=c0.248.640.640a_dst-jpegr_e15_s640x639_tt6&_nc_cat=105&ig_cache_key=MzgyMTQ3ODEwNzE5MTA1Mjc0MQ%3D%3D.3-ccb7-5&ccb=7-5&_nc_sid=58cdad&efg=eyJ2ZW5jb2RlX3RhZyI6InhwaWRzLjY0MHgxMTM2Lmhkci5DMyJ9&_nc_ohc=Rs9z0UnvzAwQ7kNvwGeW2Zw&_nc_oc=Adl3qY8E6zrdqt6r7T4GDrt-jZcgjxv58Cb-KNoWrwR45blpTJOOpLwY6JPdnc-Hfzp11ogdM_Sw0JjRVRJ8IQuw&_nc_ad=z-m&_nc_cid=0&_nc_zt=23&se=-1&_nc_ht=instagram.fsdu8-2.fna&_nc_gid=o1omgD9rtt3YsasZ4RdIiA&oh=00_Afvqqz-EhGrgRzhsdiRqkpEdk9gUV8G8-dM6KVEyC_QtFA&oe=6986F04F
https://instagram.fsdu8-2.fna.fbcdn.net/v/t51.71878-15/623286193_937370079464429_8647471752510232619_n.jpg?stp=c0.248.640.640a_dst-jpegr_e15_s640x639_tt6&_nc_cat=105&ig_cache_key=MzgyMTQ3ODEwNzE5MTA1Mjc0MQ%3D%3D.3-ccb7-5&ccb=7-5&_nc_sid=58cdad&efg=eyJ2ZW5jb2RlX3RhZyI6InhwaWRzLjY0MHgxMTM2Lmhkci5DMyJ9&_nc_ohc=Rs9z0UnvzAwQ7kNvwGeW2Zw&_nc_oc=Adl3qY8E6zrdqt6r7T4GDrt-jZcgjxv58Cb-KNoWrwR45blpTJOOpLwY6JPdnc-Hfzp11ogdM_Sw0JjRVRJ8IQuw&_nc_ad=z-m&_nc_cid=0&_nc_zt=23&se=-1&_nc_ht=instagram.fsdu8-2.fna&_nc_gid=o1omgD9rtt3YsasZ4RdIiA&oh=00_Afvqqz-EhGrgRzhsdiRqkpEdk9gUV8G8-dM6KVEyC_QtFA&oe=6986F04F
https://instagram.fsdu8-2.fna.fbcdn.net/v/t51.71878-15/623286193_937370079464429_8647471752510232619_n.jpg?stp=c0.248.640.640a_dst-jpegr_e15_s640x639_tt6&_nc_cat=105&ig_cache_key=MzgyMTQ3ODEwNzE5MTA1Mjc0MQ%3D%3D.3-ccb7-5&ccb=7-5&_nc_sid=58cdad&efg=eyJ2ZW5jb2RlX3RhZyI6InhwaWRzLjY0MHgxMTM2Lmhkci5DMyJ9&_nc_ohc=Rs9z0UnvzAwQ7kNvwGeW2Zw&_nc_oc=Adl3qY8E6zrdqt6r7T4GDrt-jZcgjxv58Cb-KNoWrwR45blpTJOOpLwY6JPdnc-Hfzp11ogdM_Sw0JjRVRJ8IQuw&_nc_ad=z-m&_nc_cid=0&_nc_zt=23&se=-1&_nc_ht=instagram.fsdu8-2.fna&_nc_gid=o1omgD9rtt3YsasZ4RdIiA&oh=00_Afvqqz-EhGrgRzhsdiRqkpEdk9gUV8G8-dM6KVEyC_QtFA&oe=6986F04F
https://instagram.fsdu8-2.fna.fbcdn.net/v/t51.71878-15/623286193_937370079464429_8647471752510232619_n.jpg?stp=c0.248.640.640a_dst-jpegr_e15_s480x480_tt6&_nc_cat=105&ig_cache_key=MzgyMTQ3ODEwNzE5MTA1Mjc0MQ%3D%3D.3-ccb7-5&ccb=7-5&_nc_sid=58cdad&efg=eyJ2ZW5jb2RlX3RhZyI6InhwaWRzLjY0MHgxMTM2Lmhkci5DMyJ9&_nc_ohc=Rs9z0UnvzAwQ7kNvwGeW2Zw&_nc_oc=Adl3qY8E6zrdqt6r7T4GDrt-jZcgjxv58Cb-KNoWrwR45blpTJOOpLwY6JPdnc-Hfzp11ogdM_Sw0JjRVRJ8IQuw&_nc_ad=z-m&_nc_cid=0&_nc_zt=23&se=-1&_nc_ht=instagram.fsdu8-2.fna&_nc_gid=o1omgD9rtt3YsasZ4RdIiA&oh=00_AfvNOMef8_8J0dcLwYsTyEbGpm18v0XWBNiRgUDE3JC-Eg&oe=6986F04F
https://instagram.fsdu8-2.fna.fbcdn.net/v/t51.71878-15/623286193_937370079464429_8647471752510232619_n.jpg?stp=c0.248.640.640a_dst-jpegr_e15_s320x320_tt6&_nc_cat=105&ig_cache_key=MzgyMTQ3ODEwNzE5MTA1Mjc0MQ%3D%3D.3-ccb7-5&ccb=7-5&_nc_sid=58cdad&efg=eyJ2ZW5jb2RlX3RhZyI6InhwaWRzLjY0MHgxMTM2Lmhkci5DMyJ9&_nc_ohc=Rs9z0UnvzAwQ7kNvwGeW2Zw&_nc_oc=Adl3qY8E6zrdqt6r7T4GDrt-jZcgjxv58Cb-KNoWrwR45blpTJOOpLwY6JPdnc-Hfzp11ogdM_Sw0JjRVRJ8IQuw&_nc_ad=z-m&_nc_cid=0&_nc_zt=23&se=-1&_nc_ht=instagram.fsdu8-2.fna&_nc_gid=o1omgD9rtt3YsasZ4RdIiA&oh=00_AfvOUkN0GhINGa288BnL-D_JnpNqONIZ_zjKCUHjW83kMQ&oe=6986F04F
https://instagram.fsdu8-2.fna.fbcdn.net/v/t51.71878-15/623286193_937370079464429_8647471752510232619_n.jpg?stp=c0.248.640.640a_dst-jpegr_e15_s240x240_tt6&_nc_cat=105&ig_cache_key=MzgyMTQ3ODEwNzE5MTA1Mjc0MQ%3D%3D.3-ccb7-5&ccb=7-5&_nc_sid=58cdad&efg=eyJ2ZW5jb2RlX3RhZyI6InhwaWRzLjY0MHgxMTM2Lmhkci5DMyJ9&_nc_ohc=Rs9z0UnvzAwQ7kNvwGeW2Zw&_nc_oc=Adl3qY8E6zrdqt6r7T4GDrt-jZcgjxv58Cb-KNoWrwR45blpTJOOpLwY6JPdnc-Hfzp11ogdM_Sw0JjRVRJ8IQuw&_nc_ad=z-m&_nc_cid=0&_nc_zt=23&se=-1&_nc_ht=instagram.fsdu8-2.fna&_nc_gid=o1omgD9rtt3YsasZ4RdIiA&oh=00_AfsIJ3kPB_LqBz60HYxUyKc2OIwoRXvzHrZJNz8VBCJsMw&oe=6986F04F
https://instagram.fsdu8-2.fna.fbcdn.net/v/t51.71878-15/623286193_937370079464429_8647471752510232619_n.jpg?stp=c0.248.640.640a_dst-jpegr_e15_s150x150_tt6&_nc_cat=105&ig_cache_key=MzgyMTQ3ODEwNzE5MTA1Mjc0MQ%3D%3D.3-ccb7-5&ccb=7-5&_nc_sid=58cdad&efg=eyJ2ZW5jb2RlX3RhZyI6InhwaWRzLjY0MHgxMTM2Lmhkci5DMyJ9&_nc_ohc=Rs9z0UnvzAwQ7kNvwGeW2Zw&_nc_oc=Adl3qY8E6zrdqt6r7T4GDrt-jZcgjxv58Cb-KNoWrwR45blpTJOOpLwY6JPdnc-Hfzp11ogdM_Sw0JjRVRJ8IQuw&_nc_ad=z-m&_nc_cid=0&_nc_zt=23&se=-1&_nc_ht=instagram.fsdu8-2.fna&_nc_gid=o1omgD9rtt3YsasZ4RdIiA&oh=00_Afu4kzF0yks2w5oPKiGofB7SzX4yBFbR3ufIYzAU6bX34g&oe=6986F04F",NA,NO,YES,https://instagram.fsdu8-2.fna.fbcdn.net/o1/v/t2/f2/m86/AQOgF4vqVuB4PTvslnm90NrcAmG8thVNmQK8bXvuKn7ywNPxt2IpNSMAzuJZf6iQlthv4Wet_IcJLhOaQ01tLs1N5tCxdN91SKvA9PA.mp4?_nc_cat=109&_nc_oc=AdkhBAzpcuQWHMhOxUfRtFJgQ7pcx7HSxqmL5O5-WflkoNDtlBUGtGaNzQIwD7LYA3AiiNtohsvECUhJfdZbyfqm&_nc_sid=5e9851&_nc_ht=instagram.fsdu8-2.fna.fbcdn.net&_nc_ohc=_dwO9hfBreMQ7kNvwHsegxm&efg=eyJ2ZW5jb2RlX3RhZyI6Inhwdl9wcm9ncmVzc2l2ZS5JTlNUQUdSQU0uQ0xJUFMuQzMuNzIwLmRhc2hfYmFzZWxpbmVfMV92MSIsInhwdl9hc3NldF9pZCI6MTc5NDA3NTUwNDAxMjg1MDgsImFzc2V0X2FnZV9kYXlzIjozLCJ2aV91c2VjYXNlX2lkIjoxMDA5OSwiZHVyYXRpb25fcyI6MTMzLCJ1cmxnZW5fc291cmNlIjoid3d3In0%3D&ccb=17-1&_nc_gid=o1omgD9rtt3YsasZ4RdIiA&_nc_zt=28&vs=14204bf7afd9f5b9&_nc_vs=HBksFQIYUmlnX3hwdl9yZWVsc19wZXJtYW5lbnRfc3JfcHJvZC9GRjRDRkE0MUMzMzhDMjAxNEQ3QzIzQzQxQTdEMzlCMV92aWRlb19kYXNoaW5pdC5tcDQVAALIARIAFQIYUWlnX3hwdl9wbGFjZW1lbnRfcGVybWFuZW50X3YyLzQzNEQxQzM2MkM3NjUwMDZGQUQ5NDEwNTNERjJENDgzX2F1ZGlvX2Rhc2hpbml0Lm1wNBUCAsgBEgAoABgAGwKIB3VzZV9vaWwBMRJwcm9ncmVzc2l2ZV9yZWNpcGUBMRUAACb4t9qyscHePxUCKAJDMywXQGCgAAAAAAAYEmRhc2hfYmFzZWxpbmVfMV92MREAdf4HZeadAQA&oh=00_AfuFz-BpNg7NZy8bBMhl0vHuqUymCtZ2-K7UcjuQvV-M_g&oe=6982CD6E,NA,3194347257,eliasmkjabbour,NA,Rio de Janeiro,NA,NA,-22.908,-43.1975,Humanização,"Ainda que o eixo principal seja a humanização, a postagem também possui elementos de autoridade.",41.0112359550562,58.9887640449438,13.4831460674157,10.1123595505618,10.3932584269663,17.6966292134831,10.3932584269663,17.4157303370786,6.46067415730337,14.0449438202247
postagem_49,3821371833233313280,DUIPW-Sjg7a,"Fri, 30 Jan 2026 08:50:00 GMT",2026-01-30T03:00:00Z,1769763000,"Quer entender mais sobre essa dinâmica? Meu novo livro ""Poder e Socialismo"" já está em pré-venda no site da @boitempo!",NA,29609,911,https://www.instagram.com/p/DUIPW-Sjg7a/,https://instagram.fsdu8-2.fna.fbcdn.net/v/t51.71878-15/624546102_1646365276724671_4645907474255028074_n.jpg?stp=dst-jpg_e15_tt6&_nc_cat=107&ig_cache_key=MzgyMTM3MTgzMzIzMzMxMzQ5OA%3D%3D.3-ccb7-5&ccb=7-5&_nc_sid=58cdad&efg=eyJ2ZW5jb2RlX3RhZyI6InhwaWRzLjY0MHgxMTM2LnNkci5DMyJ9&_nc_ohc=T8Kvc97zOXwQ7kNvwG6i8eK&_nc_oc=Adl1DOQj8Q24TIYEM-iHy5BId1F96fDoXVUto6ji3EHsOj_kAT-U-GzJOPnN6TnfMoJidCfU5OhjI3mK8CIeNuOU&_nc_ad=z-m&_nc_cid=0&_nc_zt=23&_nc_ht=instagram.fsdu8-2.fna&_nc_gid=o1omgD9rtt3YsasZ4RdIiA&oh=00_AfttZcyNxMQByomn9myyMQtKDS6S8uvfUVaZQWERKskwpw&oe=6986CE96,https://instagram.fsdu8-2.fna.fbcdn.net/v/t51.71878-15/624546102_1646365276724671_4645907474255028074_n.jpg?stp=dst-jpg_e15_tt6&_nc_cat=107&ig_cache_key=MzgyMTM3MTgzMzIzMzMxMzQ5OA%3D%3D.3-ccb7-5&ccb=7-5&_nc_sid=58cdad&efg=eyJ2ZW5jb2RlX3RhZyI6InhwaWRzLjY0MHgxMTM2LnNkci5DMyJ9&_nc_ohc=T8Kvc97zOXwQ7kNvwG6i8eK&_nc_oc=Adl1DOQj8Q24TIYEM-iHy5BId1F96fDoXVUto6ji3EHsOj_kAT-U-GzJOPnN6TnfMoJidCfU5OhjI3mK8CIeNuOU&_nc_ad=z-m&_nc_cid=0&_nc_zt=23&_nc_ht=instagram.fsdu8-2.fna&_nc_gid=o1omgD9rtt3YsasZ4RdIiA&oh=00_AfttZcyNxMQByomn9myyMQtKDS6S8uvfUVaZQWERKskwpw&oe=6986CE96,"https://instagram.fsdu8-2.fna.fbcdn.net/v/t51.71878-15/624546102_1646365276724671_4645907474255028074_n.jpg?stp=dst-jpg_e15_tt6&_nc_cat=107&ig_cache_key=MzgyMTM3MTgzMzIzMzMxMzQ5OA%3D%3D.3-ccb7-5&ccb=7-5&_nc_sid=58cdad&efg=eyJ2ZW5jb2RlX3RhZyI6InhwaWRzLjY0MHgxMTM2LnNkci5DMyJ9&_nc_ohc=T8Kvc97zOXwQ7kNvwG6i8eK&_nc_oc=Adl1DOQj8Q24TIYEM-iHy5BId1F96fDoXVUto6ji3EHsOj_kAT-U-GzJOPnN6TnfMoJidCfU5OhjI3mK8CIeNuOU&_nc_ad=z-m&_nc_cid=0&_nc_zt=23&_nc_ht=instagram.fsdu8-2.fna&_nc_gid=o1omgD9rtt3YsasZ4RdIiA&oh=00_AfttZcyNxMQByomn9myyMQtKDS6S8uvfUVaZQWERKskwpw&oe=6986CE96
https://instagram.fsdu8-2.fna.fbcdn.net/v/t51.71878-15/624546102_1646365276724671_4645907474255028074_n.jpg?stp=dst-jpg_e15_p480x480_tt6&_nc_cat=107&ig_cache_key=MzgyMTM3MTgzMzIzMzMxMzQ5OA%3D%3D.3-ccb7-5&ccb=7-5&_nc_sid=58cdad&efg=eyJ2ZW5jb2RlX3RhZyI6InhwaWRzLjY0MHgxMTM2LnNkci5DMyJ9&_nc_ohc=T8Kvc97zOXwQ7kNvwG6i8eK&_nc_oc=Adl1DOQj8Q24TIYEM-iHy5BId1F96fDoXVUto6ji3EHsOj_kAT-U-GzJOPnN6TnfMoJidCfU5OhjI3mK8CIeNuOU&_nc_ad=z-m&_nc_cid=0&_nc_zt=23&_nc_ht=instagram.fsdu8-2.fna&_nc_gid=o1omgD9rtt3YsasZ4RdIiA&oh=00_Afte0ehvfVitlDDj7M1_Tx3RZ_hzFFodBBq618jJ5OevEw&oe=6986CE96
https://instagram.fsdu8-2.fna.fbcdn.net/v/t51.71878-15/624546102_1646365276724671_4645907474255028074_n.jpg?stp=dst-jpg_e15_p320x320_tt6&_nc_cat=107&ig_cache_key=MzgyMTM3MTgzMzIzMzMxMzQ5OA%3D%3D.3-ccb7-5&ccb=7-5&_nc_sid=58cdad&efg=eyJ2ZW5jb2RlX3RhZyI6InhwaWRzLjY0MHgxMTM2LnNkci5DMyJ9&_nc_ohc=T8Kvc97zOXwQ7kNvwG6i8eK&_nc_oc=Adl1DOQj8Q24TIYEM-iHy5BId1F96fDoXVUto6ji3EHsOj_kAT-U-GzJOPnN6TnfMoJidCfU5OhjI3mK8CIeNuOU&_nc_ad=z-m&_nc_cid=0&_nc_zt=23&_nc_ht=instagram.fsdu8-2.fna&_nc_gid=o1omgD9rtt3YsasZ4RdIiA&oh=00_AfvhSG4Zy6TinzHScr08JqhuvFW0548OPpHPQox3B_CF9A&oe=6986CE96
https://instagram.fsdu8-2.fna.fbcdn.net/v/t51.71878-15/624546102_1646365276724671_4645907474255028074_n.jpg?stp=dst-jpg_e15_p240x240_tt6&_nc_cat=107&ig_cache_key=MzgyMTM3MTgzMzIzMzMxMzQ5OA%3D%3D.3-ccb7-5&ccb=7-5&_nc_sid=58cdad&efg=eyJ2ZW5jb2RlX3RhZyI6InhwaWRzLjY0MHgxMTM2LnNkci5DMyJ9&_nc_ohc=T8Kvc97zOXwQ7kNvwG6i8eK&_nc_oc=Adl1DOQj8Q24TIYEM-iHy5BId1F96fDoXVUto6ji3EHsOj_kAT-U-GzJOPnN6TnfMoJidCfU5OhjI3mK8CIeNuOU&_nc_ad=z-m&_nc_cid=0&_nc_zt=23&_nc_ht=instagram.fsdu8-2.fna&_nc_gid=o1omgD9rtt3YsasZ4RdIiA&oh=00_AfsLgPIRh9_0hfkScfcK7-QcR1g1gpyDacbbbBF3Khr3mg&oe=6986CE96
https://instagram.fsdu8-2.fna.fbcdn.net/v/t51.71878-15/624546102_1646365276724671_4645907474255028074_n.jpg?stp=c0.248.640.640a_dst-jpg_e15_s640x639_tt6&_nc_cat=107&ig_cache_key=MzgyMTM3MTgzMzIzMzMxMzQ5OA%3D%3D.3-ccb7-5&ccb=7-5&_nc_sid=58cdad&efg=eyJ2ZW5jb2RlX3RhZyI6InhwaWRzLjY0MHgxMTM2LnNkci5DMyJ9&_nc_ohc=T8Kvc97zOXwQ7kNvwG6i8eK&_nc_oc=Adl1DOQj8Q24TIYEM-iHy5BId1F96fDoXVUto6ji3EHsOj_kAT-U-GzJOPnN6TnfMoJidCfU5OhjI3mK8CIeNuOU&_nc_ad=z-m&_nc_cid=0&_nc_zt=23&_nc_ht=instagram.fsdu8-2.fna&_nc_gid=o1omgD9rtt3YsasZ4RdIiA&oh=00_AfuPeV8DOaPEWG9Q9bGx5QCKfX5GOtC0uFuWBlgWSqA8jw&oe=6986CE96
https://instagram.fsdu8-2.fna.fbcdn.net/v/t51.71878-15/624546102_1646365276724671_4645907474255028074_n.jpg?stp=c0.248.640.640a_dst-jpg_e15_s640x639_tt6&_nc_cat=107&ig_cache_key=MzgyMTM3MTgzMzIzMzMxMzQ5OA%3D%3D.3-ccb7-5&ccb=7-5&_nc_sid=58cdad&efg=eyJ2ZW5jb2RlX3RhZyI6InhwaWRzLjY0MHgxMTM2LnNkci5DMyJ9&_nc_ohc=T8Kvc97zOXwQ7kNvwG6i8eK&_nc_oc=Adl1DOQj8Q24TIYEM-iHy5BId1F96fDoXVUto6ji3EHsOj_kAT-U-GzJOPnN6TnfMoJidCfU5OhjI3mK8CIeNuOU&_nc_ad=z-m&_nc_cid=0&_nc_zt=23&_nc_ht=instagram.fsdu8-2.fna&_nc_gid=o1omgD9rtt3YsasZ4RdIiA&oh=00_AfuPeV8DOaPEWG9Q9bGx5QCKfX5GOtC0uFuWBlgWSqA8jw&oe=6986CE96
https://instagram.fsdu8-2.fna.fbcdn.net/v/t51.71878-15/624546102_1646365276724671_4645907474255028074_n.jpg?stp=c0.248.640.640a_dst-jpg_e15_s640x639_tt6&_nc_cat=107&ig_cache_key=MzgyMTM3MTgzMzIzMzMxMzQ5OA%3D%3D.3-ccb7-5&ccb=7-5&_nc_sid=58cdad&efg=eyJ2ZW5jb2RlX3RhZyI6InhwaWRzLjY0MHgxMTM2LnNkci5DMyJ9&_nc_ohc=T8Kvc97zOXwQ7kNvwG6i8eK&_nc_oc=Adl1DOQj8Q24TIYEM-iHy5BId1F96fDoXVUto6ji3EHsOj_kAT-U-GzJOPnN6TnfMoJidCfU5OhjI3mK8CIeNuOU&_nc_ad=z-m&_nc_cid=0&_nc_zt=23&_nc_ht=instagram.fsdu8-2.fna&_nc_gid=o1omgD9rtt3YsasZ4RdIiA&oh=00_AfuPeV8DOaPEWG9Q9bGx5QCKfX5GOtC0uFuWBlgWSqA8jw&oe=6986CE96
https://instagram.fsdu8-2.fna.fbcdn.net/v/t51.71878-15/624546102_1646365276724671_4645907474255028074_n.jpg?stp=c0.248.640.640a_dst-jpg_e15_s480x480_tt6&_nc_cat=107&ig_cache_key=MzgyMTM3MTgzMzIzMzMxMzQ5OA%3D%3D.3-ccb7-5&ccb=7-5&_nc_sid=58cdad&efg=eyJ2ZW5jb2RlX3RhZyI6InhwaWRzLjY0MHgxMTM2LnNkci5DMyJ9&_nc_ohc=T8Kvc97zOXwQ7kNvwG6i8eK&_nc_oc=Adl1DOQj8Q24TIYEM-iHy5BId1F96fDoXVUto6ji3EHsOj_kAT-U-GzJOPnN6TnfMoJidCfU5OhjI3mK8CIeNuOU&_nc_ad=z-m&_nc_cid=0&_nc_zt=23&_nc_ht=instagram.fsdu8-2.fna&_nc_gid=o1omgD9rtt3YsasZ4RdIiA&oh=00_AfuUZeMsotQxZk7S_1kAygc2RrDiW7tVxlMy9FgmeC0RtQ&oe=6986CE96
https://instagram.fsdu8-2.fna.fbcdn.net/v/t51.71878-15/624546102_1646365276724671_4645907474255028074_n.jpg?stp=c0.248.640.640a_dst-jpg_e15_s320x320_tt6&_nc_cat=107&ig_cache_key=MzgyMTM3MTgzMzIzMzMxMzQ5OA%3D%3D.3-ccb7-5&ccb=7-5&_nc_sid=58cdad&efg=eyJ2ZW5jb2RlX3RhZyI6InhwaWRzLjY0MHgxMTM2LnNkci5DMyJ9&_nc_ohc=T8Kvc97zOXwQ7kNvwG6i8eK&_nc_oc=Adl1DOQj8Q24TIYEM-iHy5BId1F96fDoXVUto6ji3EHsOj_kAT-U-GzJOPnN6TnfMoJidCfU5OhjI3mK8CIeNuOU&_nc_ad=z-m&_nc_cid=0&_nc_zt=23&_nc_ht=instagram.fsdu8-2.fna&_nc_gid=o1omgD9rtt3YsasZ4RdIiA&oh=00_AfuEpMUzV893lj1IPjloGwZbtb7wjOC-sdXABwamDu5syA&oe=6986CE96
https://instagram.fsdu8-2.fna.fbcdn.net/v/t51.71878-15/624546102_1646365276724671_4645907474255028074_n.jpg?stp=c0.248.640.640a_dst-jpg_e15_s240x240_tt6&_nc_cat=107&ig_cache_key=MzgyMTM3MTgzMzIzMzMxMzQ5OA%3D%3D.3-ccb7-5&ccb=7-5&_nc_sid=58cdad&efg=eyJ2ZW5jb2RlX3RhZyI6InhwaWRzLjY0MHgxMTM2LnNkci5DMyJ9&_nc_ohc=T8Kvc97zOXwQ7kNvwG6i8eK&_nc_oc=Adl1DOQj8Q24TIYEM-iHy5BId1F96fDoXVUto6ji3EHsOj_kAT-U-GzJOPnN6TnfMoJidCfU5OhjI3mK8CIeNuOU&_nc_ad=z-m&_nc_cid=0&_nc_zt=23&_nc_ht=instagram.fsdu8-2.fna&_nc_gid=o1omgD9rtt3YsasZ4RdIiA&oh=00_AftSGYhbcv2ZKUZpcnLAbqblZVIRi_17LPQE-guv6q00Lg&oe=6986CE96
https://instagram.fsdu8-2.fna.fbcdn.net/v/t51.71878-15/624546102_1646365276724671_4645907474255028074_n.jpg?stp=c0.248.640.640a_dst-jpg_e15_s150x150_tt6&_nc_cat=107&ig_cache_key=MzgyMTM3MTgzMzIzMzMxMzQ5OA%3D%3D.3-ccb7-5&ccb=7-5&_nc_sid=58cdad&efg=eyJ2ZW5jb2RlX3RhZyI6InhwaWRzLjY0MHgxMTM2LnNkci5DMyJ9&_nc_ohc=T8Kvc97zOXwQ7kNvwG6i8eK&_nc_oc=Adl1DOQj8Q24TIYEM-iHy5BId1F96fDoXVUto6ji3EHsOj_kAT-U-GzJOPnN6TnfMoJidCfU5OhjI3mK8CIeNuOU&_nc_ad=z-m&_nc_cid=0&_nc_zt=23&_nc_ht=instagram.fsdu8-2.fna&_nc_gid=o1omgD9rtt3YsasZ4RdIiA&oh=00_AftvibuzuXCGAGfs6GqVxWFLP8xLcng77B5PRptPTZqLcQ&oe=6986CE96",NA,NO,YES,https://instagram.fsdu8-2.fna.fbcdn.net/o1/v/t2/f2/m86/AQPJgL8zBxUZd77rNLDoICjdjjMd1yhzDefn4ALAjqpBKJjAYEyXG5w5wYH7eV4L5ySBHNOotJggy4T3F4lVnp2XOz1K_QjVl7SF_U0.mp4?_nc_cat=105&_nc_oc=AdlrD8yNZs14CPqAorQ5eqb7_eE35K5XzaIMpV3gAOMN4TrFjHCq9us7tyXOsMfn5XF5XVJafyCzHD1nhEnDISpF&_nc_sid=5e9851&_nc_ht=instagram.fsdu8-2.fna.fbcdn.net&_nc_ohc=mou42kZD51EQ7kNvwGQKktV&efg=eyJ2ZW5jb2RlX3RhZyI6Inhwdl9wcm9ncmVzc2l2ZS5JTlNUQUdSQU0uQ0xJUFMuQzMuNzIwLmRhc2hfYmFzZWxpbmVfMV92MSIsInhwdl9hc3NldF9pZCI6MTc5NDA3MDc3NjkxMjg1MDgsImFzc2V0X2FnZV9kYXlzIjozLCJ2aV91c2VjYXNlX2lkIjoxMDA5OSwiZHVyYXRpb25fcyI6NTYsInVybGdlbl9zb3VyY2UiOiJ3d3cifQ%3D%3D&ccb=17-1&_nc_gid=o1omgD9rtt3YsasZ4RdIiA&_nc_zt=28&vs=36509845aba759fd&_nc_vs=HBksFQIYUmlnX3hwdl9yZWVsc19wZXJtYW5lbnRfc3JfcHJvZC85ODQxQzhFOTA3M0UwMzU4QTU0RTc0NzEyRENBM0RCRF92aWRlb19kYXNoaW5pdC5tcDQVAALIARIAFQIYUWlnX3hwdl9wbGFjZW1lbnRfcGVybWFuZW50X3YyLzY1NEZDODFFREI5MDVDNDY0MTE0MDc5NjVFNEVFQjlDX2F1ZGlvX2Rhc2hpbml0Lm1wNBUCAsgBEgAoABgAGwKIB3VzZV9vaWwBMRJwcm9ncmVzc2l2ZV9yZWNpcGUBMRUAACb42MiZ0b7ePxUCKAJDMywXQEwmZmZmZmYYEmRhc2hfYmFzZWxpbmVfMV92MREAdf4HZeadAQA&oh=00_Afvk7-ZmIUS2hN0z4vHKKlPk4yDlKU3TATjsilMCUBxLbw&oe=6982F2C2,NA,3194347257,eliasmkjabbour,NA,NA,NA,NA,NA,NA,Autoridade,Demonstração de autoridade ao falar do seu livro sobre a China.,41.0112359550562,58.9887640449438,13.4831460674157,10.1123595505618,10.3932584269663,17.6966292134831,10.3932584269663,17.4157303370786,6.46067415730337,14.0449438202247
postagem_45,3820165719435103232,DUD9HtSDcuW,"Wed, 28 Jan 2026 16:56:11 GMT",2026-01-28T03:00:00Z,1769619371,"O Meia Noite em Pequim está de volta! Desta vez, Elias Jabbour fala sobre a tentativa de Trump em instituir uma ditadura militar global e qual o papel de grandes potências, como a China, neste contexto.

Comente aqui e receba o link do vídeo! O programa é uma parceria entre TV Grabois e @icl.noticias.",NA,3830,116,https://www.instagram.com/p/DUD9HtSDcuW/,https://instagram.fsdu8-2.fna.fbcdn.net/v/t51.71878-15/624036361_1566381541312705_560580187840117063_n.jpg?stp=dst-jpg_e15_tt6&_nc_cat=103&ig_cache_key=MzgyMDE2NTcxOTQzNTEwMzEyNg%3D%3D.3-ccb7-5&ccb=7-5&_nc_sid=58cdad&efg=eyJ2ZW5jb2RlX3RhZyI6InhwaWRzLjY0MHgxMTM2LnNkci5DMyJ9&_nc_ohc=BhMrfrCCzTQQ7kNvwFd41R6&_nc_oc=Adkc_xyNYugYaNrHjnv7w9KGwEOVCDBRLtjPZ9xC8-vfhpmZg5Gm7l5i0tRXhxkSPdkvSc4daSciQ9Ic5kLyI3Vq&_nc_ad=z-m&_nc_cid=0&_nc_zt=23&_nc_ht=instagram.fsdu8-2.fna&_nc_gid=o1omgD9rtt3YsasZ4RdIiA&oh=00_Afv4nSIObS3F7OB3-XTef0OKP3MgpdLYK90VeNqVq4rixA&oe=6986E174,https://instagram.fsdu8-2.fna.fbcdn.net/v/t51.71878-15/624036361_1566381541312705_560580187840117063_n.jpg?stp=dst-jpg_e15_tt6&_nc_cat=103&ig_cache_key=MzgyMDE2NTcxOTQzNTEwMzEyNg%3D%3D.3-ccb7-5&ccb=7-5&_nc_sid=58cdad&efg=eyJ2ZW5jb2RlX3RhZyI6InhwaWRzLjY0MHgxMTM2LnNkci5DMyJ9&_nc_ohc=BhMrfrCCzTQQ7kNvwFd41R6&_nc_oc=Adkc_xyNYugYaNrHjnv7w9KGwEOVCDBRLtjPZ9xC8-vfhpmZg5Gm7l5i0tRXhxkSPdkvSc4daSciQ9Ic5kLyI3Vq&_nc_ad=z-m&_nc_cid=0&_nc_zt=23&_nc_ht=instagram.fsdu8-2.fna&_nc_gid=o1omgD9rtt3YsasZ4RdIiA&oh=00_Afv4nSIObS3F7OB3-XTef0OKP3MgpdLYK90VeNqVq4rixA&oe=6986E174,"https://instagram.fsdu8-2.fna.fbcdn.net/v/t51.71878-15/624036361_1566381541312705_560580187840117063_n.jpg?stp=dst-jpg_e15_tt6&_nc_cat=103&ig_cache_key=MzgyMDE2NTcxOTQzNTEwMzEyNg%3D%3D.3-ccb7-5&ccb=7-5&_nc_sid=58cdad&efg=eyJ2ZW5jb2RlX3RhZyI6InhwaWRzLjY0MHgxMTM2LnNkci5DMyJ9&_nc_ohc=BhMrfrCCzTQQ7kNvwFd41R6&_nc_oc=Adkc_xyNYugYaNrHjnv7w9KGwEOVCDBRLtjPZ9xC8-vfhpmZg5Gm7l5i0tRXhxkSPdkvSc4daSciQ9Ic5kLyI3Vq&_nc_ad=z-m&_nc_cid=0&_nc_zt=23&_nc_ht=instagram.fsdu8-2.fna&_nc_gid=o1omgD9rtt3YsasZ4RdIiA&oh=00_Afv4nSIObS3F7OB3-XTef0OKP3MgpdLYK90VeNqVq4rixA&oe=6986E174
https://instagram.fsdu8-2.fna.fbcdn.net/v/t51.71878-15/624036361_1566381541312705_560580187840117063_n.jpg?stp=dst-jpg_e15_p480x480_tt6&_nc_cat=103&ig_cache_key=MzgyMDE2NTcxOTQzNTEwMzEyNg%3D%3D.3-ccb7-5&ccb=7-5&_nc_sid=58cdad&efg=eyJ2ZW5jb2RlX3RhZyI6InhwaWRzLjY0MHgxMTM2LnNkci5DMyJ9&_nc_ohc=BhMrfrCCzTQQ7kNvwFd41R6&_nc_oc=Adkc_xyNYugYaNrHjnv7w9KGwEOVCDBRLtjPZ9xC8-vfhpmZg5Gm7l5i0tRXhxkSPdkvSc4daSciQ9Ic5kLyI3Vq&_nc_ad=z-m&_nc_cid=0&_nc_zt=23&_nc_ht=instagram.fsdu8-2.fna&_nc_gid=o1omgD9rtt3YsasZ4RdIiA&oh=00_Afvl_brw60aHPEwiIMhcQL22OMs6Z7g95WIAFsqgiiD1Jw&oe=6986E174
https://instagram.fsdu8-2.fna.fbcdn.net/v/t51.71878-15/624036361_1566381541312705_560580187840117063_n.jpg?stp=dst-jpg_e15_p320x320_tt6&_nc_cat=103&ig_cache_key=MzgyMDE2NTcxOTQzNTEwMzEyNg%3D%3D.3-ccb7-5&ccb=7-5&_nc_sid=58cdad&efg=eyJ2ZW5jb2RlX3RhZyI6InhwaWRzLjY0MHgxMTM2LnNkci5DMyJ9&_nc_ohc=BhMrfrCCzTQQ7kNvwFd41R6&_nc_oc=Adkc_xyNYugYaNrHjnv7w9KGwEOVCDBRLtjPZ9xC8-vfhpmZg5Gm7l5i0tRXhxkSPdkvSc4daSciQ9Ic5kLyI3Vq&_nc_ad=z-m&_nc_cid=0&_nc_zt=23&_nc_ht=instagram.fsdu8-2.fna&_nc_gid=o1omgD9rtt3YsasZ4RdIiA&oh=00_AfvrhNzjwNWnnUCegby2sS_8zenmbqPuUXmZiddX0bkORg&oe=6986E174
https://instagram.fsdu8-2.fna.fbcdn.net/v/t51.71878-15/624036361_1566381541312705_560580187840117063_n.jpg?stp=dst-jpg_e15_p240x240_tt6&_nc_cat=103&ig_cache_key=MzgyMDE2NTcxOTQzNTEwMzEyNg%3D%3D.3-ccb7-5&ccb=7-5&_nc_sid=58cdad&efg=eyJ2ZW5jb2RlX3RhZyI6InhwaWRzLjY0MHgxMTM2LnNkci5DMyJ9&_nc_ohc=BhMrfrCCzTQQ7kNvwFd41R6&_nc_oc=Adkc_xyNYugYaNrHjnv7w9KGwEOVCDBRLtjPZ9xC8-vfhpmZg5Gm7l5i0tRXhxkSPdkvSc4daSciQ9Ic5kLyI3Vq&_nc_ad=z-m&_nc_cid=0&_nc_zt=23&_nc_ht=instagram.fsdu8-2.fna&_nc_gid=o1omgD9rtt3YsasZ4RdIiA&oh=00_Afts1fJlaNdrOQEFHLNVFf1SRD8kH91l-Xd-i2UR6G6pSQ&oe=6986E174
https://instagram.fsdu8-2.fna.fbcdn.net/v/t51.71878-15/624036361_1566381541312705_560580187840117063_n.jpg?stp=c0.248.640.640a_dst-jpg_e15_s640x639_tt6&_nc_cat=103&ig_cache_key=MzgyMDE2NTcxOTQzNTEwMzEyNg%3D%3D.3-ccb7-5&ccb=7-5&_nc_sid=58cdad&efg=eyJ2ZW5jb2RlX3RhZyI6InhwaWRzLjY0MHgxMTM2LnNkci5DMyJ9&_nc_ohc=BhMrfrCCzTQQ7kNvwFd41R6&_nc_oc=Adkc_xyNYugYaNrHjnv7w9KGwEOVCDBRLtjPZ9xC8-vfhpmZg5Gm7l5i0tRXhxkSPdkvSc4daSciQ9Ic5kLyI3Vq&_nc_ad=z-m&_nc_cid=0&_nc_zt=23&_nc_ht=instagram.fsdu8-2.fna&_nc_gid=o1omgD9rtt3YsasZ4RdIiA&oh=00_Afuid5ZA4gZK6fSw2Vwy4mUc7tIN2uC3fiH0T3vZZ3V3Hw&oe=6986E174
https://instagram.fsdu8-2.fna.fbcdn.net/v/t51.71878-15/624036361_1566381541312705_560580187840117063_n.jpg?stp=c0.248.640.640a_dst-jpg_e15_s640x639_tt6&_nc_cat=103&ig_cache_key=MzgyMDE2NTcxOTQzNTEwMzEyNg%3D%3D.3-ccb7-5&ccb=7-5&_nc_sid=58cdad&efg=eyJ2ZW5jb2RlX3RhZyI6InhwaWRzLjY0MHgxMTM2LnNkci5DMyJ9&_nc_ohc=BhMrfrCCzTQQ7kNvwFd41R6&_nc_oc=Adkc_xyNYugYaNrHjnv7w9KGwEOVCDBRLtjPZ9xC8-vfhpmZg5Gm7l5i0tRXhxkSPdkvSc4daSciQ9Ic5kLyI3Vq&_nc_ad=z-m&_nc_cid=0&_nc_zt=23&_nc_ht=instagram.fsdu8-2.fna&_nc_gid=o1omgD9rtt3YsasZ4RdIiA&oh=00_Afuid5ZA4gZK6fSw2Vwy4mUc7tIN2uC3fiH0T3vZZ3V3Hw&oe=6986E174
https://instagram.fsdu8-2.fna.fbcdn.net/v/t51.71878-15/624036361_1566381541312705_560580187840117063_n.jpg?stp=c0.248.640.640a_dst-jpg_e15_s640x639_tt6&_nc_cat=103&ig_cache_key=MzgyMDE2NTcxOTQzNTEwMzEyNg%3D%3D.3-ccb7-5&ccb=7-5&_nc_sid=58cdad&efg=eyJ2ZW5jb2RlX3RhZyI6InhwaWRzLjY0MHgxMTM2LnNkci5DMyJ9&_nc_ohc=BhMrfrCCzTQQ7kNvwFd41R6&_nc_oc=Adkc_xyNYugYaNrHjnv7w9KGwEOVCDBRLtjPZ9xC8-vfhpmZg5Gm7l5i0tRXhxkSPdkvSc4daSciQ9Ic5kLyI3Vq&_nc_ad=z-m&_nc_cid=0&_nc_zt=23&_nc_ht=instagram.fsdu8-2.fna&_nc_gid=o1omgD9rtt3YsasZ4RdIiA&oh=00_Afuid5ZA4gZK6fSw2Vwy4mUc7tIN2uC3fiH0T3vZZ3V3Hw&oe=6986E174
https://instagram.fsdu8-2.fna.fbcdn.net/v/t51.71878-15/624036361_1566381541312705_560580187840117063_n.jpg?stp=c0.248.640.640a_dst-jpg_e15_s480x480_tt6&_nc_cat=103&ig_cache_key=MzgyMDE2NTcxOTQzNTEwMzEyNg%3D%3D.3-ccb7-5&ccb=7-5&_nc_sid=58cdad&efg=eyJ2ZW5jb2RlX3RhZyI6InhwaWRzLjY0MHgxMTM2LnNkci5DMyJ9&_nc_ohc=BhMrfrCCzTQQ7kNvwFd41R6&_nc_oc=Adkc_xyNYugYaNrHjnv7w9KGwEOVCDBRLtjPZ9xC8-vfhpmZg5Gm7l5i0tRXhxkSPdkvSc4daSciQ9Ic5kLyI3Vq&_nc_ad=z-m&_nc_cid=0&_nc_zt=23&_nc_ht=instagram.fsdu8-2.fna&_nc_gid=o1omgD9rtt3YsasZ4RdIiA&oh=00_AftW571fzyAOzWO5zfRCjfAjZaiTZ-qzDi8eqMDtf6zgNQ&oe=6986E174
https://instagram.fsdu8-2.fna.fbcdn.net/v/t51.71878-15/624036361_1566381541312705_560580187840117063_n.jpg?stp=c0.248.640.640a_dst-jpg_e15_s320x320_tt6&_nc_cat=103&ig_cache_key=MzgyMDE2NTcxOTQzNTEwMzEyNg%3D%3D.3-ccb7-5&ccb=7-5&_nc_sid=58cdad&efg=eyJ2ZW5jb2RlX3RhZyI6InhwaWRzLjY0MHgxMTM2LnNkci5DMyJ9&_nc_ohc=BhMrfrCCzTQQ7kNvwFd41R6&_nc_oc=Adkc_xyNYugYaNrHjnv7w9KGwEOVCDBRLtjPZ9xC8-vfhpmZg5Gm7l5i0tRXhxkSPdkvSc4daSciQ9Ic5kLyI3Vq&_nc_ad=z-m&_nc_cid=0&_nc_zt=23&_nc_ht=instagram.fsdu8-2.fna&_nc_gid=o1omgD9rtt3YsasZ4RdIiA&oh=00_AfvhjTdgi31DVvRc9AhDcl46EhDrqDaeBEuiEJ2ocZwyRA&oe=6986E174
https://instagram.fsdu8-2.fna.fbcdn.net/v/t51.71878-15/624036361_1566381541312705_560580187840117063_n.jpg?stp=c0.248.640.640a_dst-jpg_e15_s240x240_tt6&_nc_cat=103&ig_cache_key=MzgyMDE2NTcxOTQzNTEwMzEyNg%3D%3D.3-ccb7-5&ccb=7-5&_nc_sid=58cdad&efg=eyJ2ZW5jb2RlX3RhZyI6InhwaWRzLjY0MHgxMTM2LnNkci5DMyJ9&_nc_ohc=BhMrfrCCzTQQ7kNvwFd41R6&_nc_oc=Adkc_xyNYugYaNrHjnv7w9KGwEOVCDBRLtjPZ9xC8-vfhpmZg5Gm7l5i0tRXhxkSPdkvSc4daSciQ9Ic5kLyI3Vq&_nc_ad=z-m&_nc_cid=0&_nc_zt=23&_nc_ht=instagram.fsdu8-2.fna&_nc_gid=o1omgD9rtt3YsasZ4RdIiA&oh=00_AfsgSmx8xyxx7bBD7XEo-NbtPNGRL4VTMFkxk20yti68RA&oe=6986E174
https://instagram.fsdu8-2.fna.fbcdn.net/v/t51.71878-15/624036361_1566381541312705_560580187840117063_n.jpg?stp=c0.248.640.640a_dst-jpg_e15_s150x150_tt6&_nc_cat=103&ig_cache_key=MzgyMDE2NTcxOTQzNTEwMzEyNg%3D%3D.3-ccb7-5&ccb=7-5&_nc_sid=58cdad&efg=eyJ2ZW5jb2RlX3RhZyI6InhwaWRzLjY0MHgxMTM2LnNkci5DMyJ9&_nc_ohc=BhMrfrCCzTQQ7kNvwFd41R6&_nc_oc=Adkc_xyNYugYaNrHjnv7w9KGwEOVCDBRLtjPZ9xC8-vfhpmZg5Gm7l5i0tRXhxkSPdkvSc4daSciQ9Ic5kLyI3Vq&_nc_ad=z-m&_nc_cid=0&_nc_zt=23&_nc_ht=instagram.fsdu8-2.fna&_nc_gid=o1omgD9rtt3YsasZ4RdIiA&oh=00_AfsXJzM-mrnSa6uNJg_0cDRzP_jtcUXnbzIXh_aeL4jkAg&oe=6986E174",NA,NO,YES,https://instagram.fsdu8-1.fna.fbcdn.net/o1/v/t2/f2/m86/AQNenJF0hBtnvWTIMvnTG2NqyPaXph0YmBXN1BR7KQVbsgP6po6dUZNn1TMU3GHEmnJ5qC10Eo59szo4urU2WqbGSJSFdSWyg_RLkL8.mp4?_nc_cat=101&_nc_oc=AdnEqv4rllNdlHUsg-SlZw0tWWKl5tBiSoURUxo5Y51T1zTrmFGWEYiCU6XtuKAKoMa-Vl-WH_osWBs4St0dKiAR&_nc_sid=5e9851&_nc_ht=instagram.fsdu8-1.fna.fbcdn.net&_nc_ohc=qG5Ejg3PkHcQ7kNvwH8voNT&efg=eyJ2ZW5jb2RlX3RhZyI6Inhwdl9wcm9ncmVzc2l2ZS5JTlNUQUdSQU0uQ0xJUFMuQzMuNzIwLmRhc2hfYmFzZWxpbmVfMV92MSIsInhwdl9hc3NldF9pZCI6MTc5NDI1ODQ1NzIxMDcxMTIsImFzc2V0X2FnZV9kYXlzIjo1LCJ2aV91c2VjYXNlX2lkIjoxMDA5OSwiZHVyYXRpb25fcyI6NzIsInVybGdlbl9zb3VyY2UiOiJ3d3cifQ%3D%3D&ccb=17-1&_nc_gid=o1omgD9rtt3YsasZ4RdIiA&_nc_zt=28&vs=d08403c55d18c79a&_nc_vs=HBksFQIYUmlnX3hwdl9yZWVsc19wZXJtYW5lbnRfc3JfcHJvZC80MzQwNkY0OUJGNUM1NzgyQTIwNTFGOEQ2NDM3MkNBRl92aWRlb19kYXNoaW5pdC5tcDQVAALIARIAFQIYUWlnX3hwdl9wbGFjZW1lbnRfcGVybWFuZW50X3YyL0NCNDc5NkJEQUJGQTA2RkMxOUZCMjc4NThFNzRDOEIzX2F1ZGlvX2Rhc2hpbml0Lm1wNBUCAsgBEgAoABgAGwKIB3VzZV9vaWwBMRJwcm9ncmVzc2l2ZV9yZWNpcGUBMRUAACbQ5a688KvfPxUCKAJDMywXQFImZmZmZmYYEmRhc2hfYmFzZWxpbmVfMV92MREAdf4HZeadAQA&oh=00_AftR03XbCessyYIO1Het8jhjq_q2ztRgON7VmvrKHL9w1w&oe=6982E81E,NA,7130246566,fundacaograbois,NA,NA,NA,NA,NA,NA,Autoridade,Deminstração de conhecimento sobre Geopolitica internacional.,50,50,10.6481481481482,12.037037037037,7.87037037037037,15.7407407407407,10.1851851851852,15.7407407407407,6.48148148148148,21.2962962962963
postagem_43,3819699028758449664,DUCTAduDU4R,"Wed, 28 Jan 2026 01:27:09 GMT",2026-01-28T03:00:00Z,1769563629,"Recebi nesta terça-feira, aqui no Espraiado, o querido @eliasmkjabbour , um dos maiores intelectuais da esquerda brasileira e futuro deputado federal.

Elias é uma mente brilhante do campo progressista e conversamos bastante sobre os caminhos para o desenvolvimento do país. Com certeza será um grande quadro na Câmara dos Deputados para ajudarmos o presidente Lula a construir um Brasil mais justo e mais forte economicamente.",NA,1868,127,https://www.instagram.com/p/DUCTAduDU4R/,https://instagram.fsdu8-1.fna.fbcdn.net/v/t51.82787-15/624063246_18302069953278403_5357106684743504745_n.jpg?stp=dst-jpg_e35_tt6&_nc_cat=104&ig_cache_key=MzgxOTY5ODE3Njk3OTE4MzU2Mg%3D%3D.3-ccb7-5&ccb=7-5&_nc_sid=58cdad&efg=eyJ2ZW5jb2RlX3RhZyI6InhwaWRzLjE0NDB4MTMxOS5zZHIuQzMifQ%3D%3D&_nc_ohc=01Aeczww32QQ7kNvwFy1C5w&_nc_oc=Adm03PWipRSO8_RDAJ14F-KdrQrY0zmUnkgjNDlQzv1DmtHr_xM5KFTveNB_icAd8_vsT2HQs2rGP0Nn9shOx0Kr&_nc_ad=z-m&_nc_cid=0&_nc_zt=23&_nc_ht=instagram.fsdu8-1.fna&_nc_gid=vkiSU0x1de3V20jVGy3TNw&oh=00_AfuoShuWUOTcMFuiu72GLeRVADRNXZeQRCyJeztocvrI0g&oe=6986C24C,https://instagram.fsdu8-1.fna.fbcdn.net/v/t51.82787-15/624063246_18302069953278403_5357106684743504745_n.jpg?stp=dst-jpg_e35_tt6&_nc_cat=104&ig_cache_key=MzgxOTY5ODE3Njk3OTE4MzU2Mg%3D%3D.3-ccb7-5&ccb=7-5&_nc_sid=58cdad&efg=eyJ2ZW5jb2RlX3RhZyI6InhwaWRzLjE0NDB4MTMxOS5zZHIuQzMifQ%3D%3D&_nc_ohc=01Aeczww32QQ7kNvwFy1C5w&_nc_oc=Adm03PWipRSO8_RDAJ14F-KdrQrY0zmUnkgjNDlQzv1DmtHr_xM5KFTveNB_icAd8_vsT2HQs2rGP0Nn9shOx0Kr&_nc_ad=z-m&_nc_cid=0&_nc_zt=23&_nc_ht=instagram.fsdu8-1.fna&_nc_gid=vkiSU0x1de3V20jVGy3TNw&oh=00_AfuoShuWUOTcMFuiu72GLeRVADRNXZeQRCyJeztocvrI0g&oe=6986C24C,"https://instagram.fsdu8-1.fna.fbcdn.net/v/t51.82787-15/624063246_18302069953278403_5357106684743504745_n.jpg?stp=dst-jpg_e35_tt6&_nc_cat=104&ig_cache_key=MzgxOTY5ODE3Njk3OTE4MzU2Mg%3D%3D.3-ccb7-5&ccb=7-5&_nc_sid=58cdad&efg=eyJ2ZW5jb2RlX3RhZyI6InhwaWRzLjE0NDB4MTMxOS5zZHIuQzMifQ%3D%3D&_nc_ohc=01Aeczww32QQ7kNvwFy1C5w&_nc_oc=Adm03PWipRSO8_RDAJ14F-KdrQrY0zmUnkgjNDlQzv1DmtHr_xM5KFTveNB_icAd8_vsT2HQs2rGP0Nn9shOx0Kr&_nc_ad=z-m&_nc_cid=0&_nc_zt=23&_nc_ht=instagram.fsdu8-1.fna&_nc_gid=vkiSU0x1de3V20jVGy3TNw&oh=00_AfuoShuWUOTcMFuiu72GLeRVADRNXZeQRCyJeztocvrI0g&oe=6986C24C
https://instagram.fsdu8-1.fna.fbcdn.net/v/t51.82787-15/623422416_18302069962278403_6064219791352997551_n.jpg?stp=dst-jpg_e35_tt6&_nc_cat=106&ig_cache_key=MzgxOTY5ODE3ODgyNDcxMzk2Mw%3D%3D.3-ccb7-5&ccb=7-5&_nc_sid=58cdad&efg=eyJ2ZW5jb2RlX3RhZyI6InhwaWRzLjE0NDB4MTMxOS5zZHIuQzMifQ%3D%3D&_nc_ohc=ixSi7MeQWykQ7kNvwEHa9Hc&_nc_oc=Adnd4n08ART-l9rylRUSjQHpScKupj8iPM8G7tDhrfeCDfwm2GLy_ob13U5UuPbtcPsGxN6wJuAqoVl14FknWpSJ&_nc_ad=z-m&_nc_cid=0&_nc_zt=23&_nc_ht=instagram.fsdu8-1.fna&_nc_gid=vkiSU0x1de3V20jVGy3TNw&oh=00_AfvbEASyzZTg2e7MvYix6F2y6J1taxTlRBVxuxJ9yhPO9Q&oe=6986BC09","https://instagram.fsdu8-1.fna.fbcdn.net/v/t51.82787-15/624063246_18302069953278403_5357106684743504745_n.jpg?stp=dst-jpg_e35_tt6&_nc_cat=104&ig_cache_key=MzgxOTY5ODE3Njk3OTE4MzU2Mg%3D%3D.3-ccb7-5&ccb=7-5&_nc_sid=58cdad&efg=eyJ2ZW5jb2RlX3RhZyI6InhwaWRzLjE0NDB4MTMxOS5zZHIuQzMifQ%3D%3D&_nc_ohc=01Aeczww32QQ7kNvwFy1C5w&_nc_oc=Adm03PWipRSO8_RDAJ14F-KdrQrY0zmUnkgjNDlQzv1DmtHr_xM5KFTveNB_icAd8_vsT2HQs2rGP0Nn9shOx0Kr&_nc_ad=z-m&_nc_cid=0&_nc_zt=23&_nc_ht=instagram.fsdu8-1.fna&_nc_gid=vkiSU0x1de3V20jVGy3TNw&oh=00_AfuoShuWUOTcMFuiu72GLeRVADRNXZeQRCyJeztocvrI0g&oe=6986C24C
https://instagram.fsdu8-1.fna.fbcdn.net/v/t51.82787-15/623422416_18302069962278403_6064219791352997551_n.jpg?stp=dst-jpg_e35_tt6&_nc_cat=106&ig_cache_key=MzgxOTY5ODE3ODgyNDcxMzk2Mw%3D%3D.3-ccb7-5&ccb=7-5&_nc_sid=58cdad&efg=eyJ2ZW5jb2RlX3RhZyI6InhwaWRzLjE0NDB4MTMxOS5zZHIuQzMifQ%3D%3D&_nc_ohc=ixSi7MeQWykQ7kNvwEHa9Hc&_nc_oc=Adnd4n08ART-l9rylRUSjQHpScKupj8iPM8G7tDhrfeCDfwm2GLy_ob13U5UuPbtcPsGxN6wJuAqoVl14FknWpSJ&_nc_ad=z-m&_nc_cid=0&_nc_zt=23&_nc_ht=instagram.fsdu8-1.fna&_nc_gid=vkiSU0x1de3V20jVGy3TNw&oh=00_AfvbEASyzZTg2e7MvYix6F2y6J1taxTlRBVxuxJ9yhPO9Q&oe=6986BC09",YES,NO,NA,NA,8176286402,washington.quaqua.5,NA,"Maricá, Meu País",NA,NA,-22.9189,-42.8189,Autenticidade,"Ao lado do QuaQua, figura política, que pode despertar confiança na audiência.",46.2151394422311,53.7848605577689,14.7410358565737,12.3505976095617,9.56175298804781,16.3346613545817,9.9601593625498,13.1474103585657,5.97609561752988,17.9282868525896
postagem_42,3819577011992453632,DUB3Q4wDuHh,"Tue, 27 Jan 2026 21:28:25 GMT",2026-01-27T03:00:00Z,1769549305,"No Brasil eu vejo um Projeto Nacional de Desenvolvimento como uma antessala da nossa transição ao socialismo. Compreender um pouco isso passa por entender esse caminho chinês que eu já venho estudando há 30 anos. Esse livro será imperdível! 

Links para a pré-venda disponíveis no story, canal e destaques.

@boitempo",NA,3568,106,https://www.instagram.com/p/DUB3Q4wDuHh/,https://instagram.fsdu8-2.fna.fbcdn.net/v/t51.71878-15/622006961_1616126172720037_3288675477829106317_n.jpg?stp=dst-jpegr_e15_tt6&_nc_cat=109&ig_cache_key=MzgxOTU3NzAxMTk5MjQ1MzYwMQ%3D%3D.3-ccb7-5&ccb=7-5&_nc_sid=58cdad&efg=eyJ2ZW5jb2RlX3RhZyI6InhwaWRzLjY0MHgxMTM2Lmhkci5DMyJ9&_nc_ohc=sSjBQ7qOY3QQ7kNvwEzASlS&_nc_oc=Adn6R5ge1VdVCLUcTTWAGSYSgQnpVg5OGduGMHR957wXQ44KZg9zTjFb16eZIIX5QCo9b4oRFlSpDfYfHusUN_RG&_nc_ad=z-m&_nc_cid=0&_nc_zt=23&se=-1&_nc_ht=instagram.fsdu8-2.fna&_nc_gid=vkiSU0x1de3V20jVGy3TNw&oh=00_Afu5jHwkvzgtjsLw9mdLLF_lJgHjdetwkNhFcMeJe_Gs1w&oe=6986EF1C,https://instagram.fsdu8-2.fna.fbcdn.net/v/t51.71878-15/622006961_1616126172720037_3288675477829106317_n.jpg?stp=dst-jpegr_e15_tt6&_nc_cat=109&ig_cache_key=MzgxOTU3NzAxMTk5MjQ1MzYwMQ%3D%3D.3-ccb7-5&ccb=7-5&_nc_sid=58cdad&efg=eyJ2ZW5jb2RlX3RhZyI6InhwaWRzLjY0MHgxMTM2Lmhkci5DMyJ9&_nc_ohc=sSjBQ7qOY3QQ7kNvwEzASlS&_nc_oc=Adn6R5ge1VdVCLUcTTWAGSYSgQnpVg5OGduGMHR957wXQ44KZg9zTjFb16eZIIX5QCo9b4oRFlSpDfYfHusUN_RG&_nc_ad=z-m&_nc_cid=0&_nc_zt=23&se=-1&_nc_ht=instagram.fsdu8-2.fna&_nc_gid=vkiSU0x1de3V20jVGy3TNw&oh=00_Afu5jHwkvzgtjsLw9mdLLF_lJgHjdetwkNhFcMeJe_Gs1w&oe=6986EF1C,"https://instagram.fsdu8-2.fna.fbcdn.net/v/t51.71878-15/622006961_1616126172720037_3288675477829106317_n.jpg?stp=dst-jpegr_e15_tt6&_nc_cat=109&ig_cache_key=MzgxOTU3NzAxMTk5MjQ1MzYwMQ%3D%3D.3-ccb7-5&ccb=7-5&_nc_sid=58cdad&efg=eyJ2ZW5jb2RlX3RhZyI6InhwaWRzLjY0MHgxMTM2Lmhkci5DMyJ9&_nc_ohc=sSjBQ7qOY3QQ7kNvwEzASlS&_nc_oc=Adn6R5ge1VdVCLUcTTWAGSYSgQnpVg5OGduGMHR957wXQ44KZg9zTjFb16eZIIX5QCo9b4oRFlSpDfYfHusUN_RG&_nc_ad=z-m&_nc_cid=0&_nc_zt=23&se=-1&_nc_ht=instagram.fsdu8-2.fna&_nc_gid=vkiSU0x1de3V20jVGy3TNw&oh=00_Afu5jHwkvzgtjsLw9mdLLF_lJgHjdetwkNhFcMeJe_Gs1w&oe=6986EF1C
https://instagram.fsdu8-2.fna.fbcdn.net/v/t51.71878-15/622006961_1616126172720037_3288675477829106317_n.jpg?stp=dst-jpegr_e15_p480x480_tt6&_nc_cat=109&ig_cache_key=MzgxOTU3NzAxMTk5MjQ1MzYwMQ%3D%3D.3-ccb7-5&ccb=7-5&_nc_sid=58cdad&efg=eyJ2ZW5jb2RlX3RhZyI6InhwaWRzLjY0MHgxMTM2Lmhkci5DMyJ9&_nc_ohc=sSjBQ7qOY3QQ7kNvwEzASlS&_nc_oc=Adn6R5ge1VdVCLUcTTWAGSYSgQnpVg5OGduGMHR957wXQ44KZg9zTjFb16eZIIX5QCo9b4oRFlSpDfYfHusUN_RG&_nc_ad=z-m&_nc_cid=0&_nc_zt=23&se=-1&_nc_ht=instagram.fsdu8-2.fna&_nc_gid=vkiSU0x1de3V20jVGy3TNw&oh=00_AfuXxqAyWntq9sEJlTqWDpItrsFfYoiXKJHemsWi1oRXyw&oe=6986EF1C
https://instagram.fsdu8-2.fna.fbcdn.net/v/t51.71878-15/622006961_1616126172720037_3288675477829106317_n.jpg?stp=dst-jpegr_e15_p320x320_tt6&_nc_cat=109&ig_cache_key=MzgxOTU3NzAxMTk5MjQ1MzYwMQ%3D%3D.3-ccb7-5&ccb=7-5&_nc_sid=58cdad&efg=eyJ2ZW5jb2RlX3RhZyI6InhwaWRzLjY0MHgxMTM2Lmhkci5DMyJ9&_nc_ohc=sSjBQ7qOY3QQ7kNvwEzASlS&_nc_oc=Adn6R5ge1VdVCLUcTTWAGSYSgQnpVg5OGduGMHR957wXQ44KZg9zTjFb16eZIIX5QCo9b4oRFlSpDfYfHusUN_RG&_nc_ad=z-m&_nc_cid=0&_nc_zt=23&se=-1&_nc_ht=instagram.fsdu8-2.fna&_nc_gid=vkiSU0x1de3V20jVGy3TNw&oh=00_AftxFTq9O4FYJDJ8ZzxJtwPGDDWyni0d9NNp4Cq5TuvklQ&oe=6986EF1C
https://instagram.fsdu8-2.fna.fbcdn.net/v/t51.71878-15/622006961_1616126172720037_3288675477829106317_n.jpg?stp=dst-jpegr_e15_p240x240_tt6&_nc_cat=109&ig_cache_key=MzgxOTU3NzAxMTk5MjQ1MzYwMQ%3D%3D.3-ccb7-5&ccb=7-5&_nc_sid=58cdad&efg=eyJ2ZW5jb2RlX3RhZyI6InhwaWRzLjY0MHgxMTM2Lmhkci5DMyJ9&_nc_ohc=sSjBQ7qOY3QQ7kNvwEzASlS&_nc_oc=Adn6R5ge1VdVCLUcTTWAGSYSgQnpVg5OGduGMHR957wXQ44KZg9zTjFb16eZIIX5QCo9b4oRFlSpDfYfHusUN_RG&_nc_ad=z-m&_nc_cid=0&_nc_zt=23&se=-1&_nc_ht=instagram.fsdu8-2.fna&_nc_gid=vkiSU0x1de3V20jVGy3TNw&oh=00_AfsEMPZnRZfsByWff_MeToBPlocHCo7KyGZg87Yp4Gg9YQ&oe=6986EF1C
https://instagram.fsdu8-2.fna.fbcdn.net/v/t51.71878-15/622006961_1616126172720037_3288675477829106317_n.jpg?stp=c0.248.640.640a_dst-jpegr_e15_s640x639_tt6&_nc_cat=109&ig_cache_key=MzgxOTU3NzAxMTk5MjQ1MzYwMQ%3D%3D.3-ccb7-5&ccb=7-5&_nc_sid=58cdad&efg=eyJ2ZW5jb2RlX3RhZyI6InhwaWRzLjY0MHgxMTM2Lmhkci5DMyJ9&_nc_ohc=sSjBQ7qOY3QQ7kNvwEzASlS&_nc_oc=Adn6R5ge1VdVCLUcTTWAGSYSgQnpVg5OGduGMHR957wXQ44KZg9zTjFb16eZIIX5QCo9b4oRFlSpDfYfHusUN_RG&_nc_ad=z-m&_nc_cid=0&_nc_zt=23&se=-1&_nc_ht=instagram.fsdu8-2.fna&_nc_gid=vkiSU0x1de3V20jVGy3TNw&oh=00_AftL6TJ_70I5GEaYSplmQoXn1f8UNuyjMrqBdCOxpSC6NA&oe=6986EF1C
https://instagram.fsdu8-2.fna.fbcdn.net/v/t51.71878-15/622006961_1616126172720037_3288675477829106317_n.jpg?stp=c0.248.640.640a_dst-jpegr_e15_s640x639_tt6&_nc_cat=109&ig_cache_key=MzgxOTU3NzAxMTk5MjQ1MzYwMQ%3D%3D.3-ccb7-5&ccb=7-5&_nc_sid=58cdad&efg=eyJ2ZW5jb2RlX3RhZyI6InhwaWRzLjY0MHgxMTM2Lmhkci5DMyJ9&_nc_ohc=sSjBQ7qOY3QQ7kNvwEzASlS&_nc_oc=Adn6R5ge1VdVCLUcTTWAGSYSgQnpVg5OGduGMHR957wXQ44KZg9zTjFb16eZIIX5QCo9b4oRFlSpDfYfHusUN_RG&_nc_ad=z-m&_nc_cid=0&_nc_zt=23&se=-1&_nc_ht=instagram.fsdu8-2.fna&_nc_gid=vkiSU0x1de3V20jVGy3TNw&oh=00_AftL6TJ_70I5GEaYSplmQoXn1f8UNuyjMrqBdCOxpSC6NA&oe=6986EF1C
https://instagram.fsdu8-2.fna.fbcdn.net/v/t51.71878-15/622006961_1616126172720037_3288675477829106317_n.jpg?stp=c0.248.640.640a_dst-jpegr_e15_s640x639_tt6&_nc_cat=109&ig_cache_key=MzgxOTU3NzAxMTk5MjQ1MzYwMQ%3D%3D.3-ccb7-5&ccb=7-5&_nc_sid=58cdad&efg=eyJ2ZW5jb2RlX3RhZyI6InhwaWRzLjY0MHgxMTM2Lmhkci5DMyJ9&_nc_ohc=sSjBQ7qOY3QQ7kNvwEzASlS&_nc_oc=Adn6R5ge1VdVCLUcTTWAGSYSgQnpVg5OGduGMHR957wXQ44KZg9zTjFb16eZIIX5QCo9b4oRFlSpDfYfHusUN_RG&_nc_ad=z-m&_nc_cid=0&_nc_zt=23&se=-1&_nc_ht=instagram.fsdu8-2.fna&_nc_gid=vkiSU0x1de3V20jVGy3TNw&oh=00_AftL6TJ_70I5GEaYSplmQoXn1f8UNuyjMrqBdCOxpSC6NA&oe=6986EF1C
https://instagram.fsdu8-2.fna.fbcdn.net/v/t51.71878-15/622006961_1616126172720037_3288675477829106317_n.jpg?stp=c0.248.640.640a_dst-jpegr_e15_s480x480_tt6&_nc_cat=109&ig_cache_key=MzgxOTU3NzAxMTk5MjQ1MzYwMQ%3D%3D.3-ccb7-5&ccb=7-5&_nc_sid=58cdad&efg=eyJ2ZW5jb2RlX3RhZyI6InhwaWRzLjY0MHgxMTM2Lmhkci5DMyJ9&_nc_ohc=sSjBQ7qOY3QQ7kNvwEzASlS&_nc_oc=Adn6R5ge1VdVCLUcTTWAGSYSgQnpVg5OGduGMHR957wXQ44KZg9zTjFb16eZIIX5QCo9b4oRFlSpDfYfHusUN_RG&_nc_ad=z-m&_nc_cid=0&_nc_zt=23&se=-1&_nc_ht=instagram.fsdu8-2.fna&_nc_gid=vkiSU0x1de3V20jVGy3TNw&oh=00_Afvhr0FZcOj-5fbQud4KzxI88AedQh_qyfL-mcgIIn8dQA&oe=6986EF1C
https://instagram.fsdu8-2.fna.fbcdn.net/v/t51.71878-15/622006961_1616126172720037_3288675477829106317_n.jpg?stp=c0.248.640.640a_dst-jpegr_e15_s320x320_tt6&_nc_cat=109&ig_cache_key=MzgxOTU3NzAxMTk5MjQ1MzYwMQ%3D%3D.3-ccb7-5&ccb=7-5&_nc_sid=58cdad&efg=eyJ2ZW5jb2RlX3RhZyI6InhwaWRzLjY0MHgxMTM2Lmhkci5DMyJ9&_nc_ohc=sSjBQ7qOY3QQ7kNvwEzASlS&_nc_oc=Adn6R5ge1VdVCLUcTTWAGSYSgQnpVg5OGduGMHR957wXQ44KZg9zTjFb16eZIIX5QCo9b4oRFlSpDfYfHusUN_RG&_nc_ad=z-m&_nc_cid=0&_nc_zt=23&se=-1&_nc_ht=instagram.fsdu8-2.fna&_nc_gid=vkiSU0x1de3V20jVGy3TNw&oh=00_AfuGgwvA4umwIEFQbXRiBlpY_PTZoihKvoBANWVgaPwYjQ&oe=6986EF1C
https://instagram.fsdu8-2.fna.fbcdn.net/v/t51.71878-15/622006961_1616126172720037_3288675477829106317_n.jpg?stp=c0.248.640.640a_dst-jpegr_e15_s240x240_tt6&_nc_cat=109&ig_cache_key=MzgxOTU3NzAxMTk5MjQ1MzYwMQ%3D%3D.3-ccb7-5&ccb=7-5&_nc_sid=58cdad&efg=eyJ2ZW5jb2RlX3RhZyI6InhwaWRzLjY0MHgxMTM2Lmhkci5DMyJ9&_nc_ohc=sSjBQ7qOY3QQ7kNvwEzASlS&_nc_oc=Adn6R5ge1VdVCLUcTTWAGSYSgQnpVg5OGduGMHR957wXQ44KZg9zTjFb16eZIIX5QCo9b4oRFlSpDfYfHusUN_RG&_nc_ad=z-m&_nc_cid=0&_nc_zt=23&se=-1&_nc_ht=instagram.fsdu8-2.fna&_nc_gid=vkiSU0x1de3V20jVGy3TNw&oh=00_Aft1JwrRdEEyEtaf28A2af1l9gxAkhNLbuhtO7HgtVSC7A&oe=6986EF1C
https://instagram.fsdu8-2.fna.fbcdn.net/v/t51.71878-15/622006961_1616126172720037_3288675477829106317_n.jpg?stp=c0.248.640.640a_dst-jpegr_e15_s150x150_tt6&_nc_cat=109&ig_cache_key=MzgxOTU3NzAxMTk5MjQ1MzYwMQ%3D%3D.3-ccb7-5&ccb=7-5&_nc_sid=58cdad&efg=eyJ2ZW5jb2RlX3RhZyI6InhwaWRzLjY0MHgxMTM2Lmhkci5DMyJ9&_nc_ohc=sSjBQ7qOY3QQ7kNvwEzASlS&_nc_oc=Adn6R5ge1VdVCLUcTTWAGSYSgQnpVg5OGduGMHR957wXQ44KZg9zTjFb16eZIIX5QCo9b4oRFlSpDfYfHusUN_RG&_nc_ad=z-m&_nc_cid=0&_nc_zt=23&se=-1&_nc_ht=instagram.fsdu8-2.fna&_nc_gid=vkiSU0x1de3V20jVGy3TNw&oh=00_AftOMXFYf8q7cpt8DhiA_dcSNfLniHF0uHyTfK-B9SmAUA&oe=6986EF1C",NA,NO,YES,https://instagram.fsdu8-2.fna.fbcdn.net/o1/v/t2/f2/m86/AQOrx09nBWTr3WgEZrpNBoaU1iJg7nbUFh7Yz7-dHikOFQ4tLU9Z7hXRzyN7GvHw9sJ4Uo792DV8-otB9hcwckHNZ43tMCctaynrdmg.mp4?_nc_cat=108&_nc_oc=Adm4dCNPStVRRQSIEMLZEFuczs9pcLVxOLNZTyfeWSyc5ADoUEKebpjIxGhN-9tRdRGAcLjSqDcl22nsVKAooL2n&_nc_sid=5e9851&_nc_ht=instagram.fsdu8-2.fna.fbcdn.net&_nc_ohc=e3Tst-rnI4cQ7kNvwGysKS4&efg=eyJ2ZW5jb2RlX3RhZyI6Inhwdl9wcm9ncmVzc2l2ZS5JTlNUQUdSQU0uQ0xJUFMuQzMuNzIwLmRhc2hfYmFzZWxpbmVfMV92MSIsInhwdl9hc3NldF9pZCI6MTc5NDA0MjU2NjcxMjg1MDgsImFzc2V0X2FnZV9kYXlzIjo1LCJ2aV91c2VjYXNlX2lkIjoxMDA5OSwiZHVyYXRpb25fcyI6MTMzLCJ1cmxnZW5fc291cmNlIjoid3d3In0%3D&ccb=17-1&_nc_gid=vkiSU0x1de3V20jVGy3TNw&_nc_zt=28&vs=a7e3c9ef85ccecdb&_nc_vs=HBksFQIYUmlnX3hwdl9yZWVsc19wZXJtYW5lbnRfc3JfcHJvZC83RTRFMzg3MDU1MEUwNzYxQUIyMDlEOTMzN0Q5Mzg4N192aWRlb19kYXNoaW5pdC5tcDQVAALIARIAFQIYUWlnX3hwdl9wbGFjZW1lbnRfcGVybWFuZW50X3YyL0Q2NDFENjA3NEYxQ0Y2RjE5NDFFMDAyMTRGOTQyODkzX2F1ZGlvX2Rhc2hpbml0Lm1wNBUCAsgBEgAoABgAGwKIB3VzZV9vaWwBMRJwcm9ncmVzc2l2ZV9yZWNpcGUBMRUAACb4spGwm67ePxUCKAJDMywXQGC3dLxqfvoYEmRhc2hfYmFzZWxpbmVfMV92MREAdf4HZeadAQA&oh=00_Afuo-0P4T5Ge2Pa9PfJzTSMRQbtAodHZ9wKtbSw1lKSwKQ&oe=6982FEA1,NA,3194347257,eliasmkjabbour,NA,Rio de Janeiro,NA,NA,-22.908,-43.1975,Autoridade,Demonstra o seu conhecimento intelectual.,60.9756097560976,39.0243902439024,14.6341463414634,17.0731707317073,9.75609756097561,12.1951219512195,14.6341463414634,2.4390243902439,0,29.2682926829268
postagem_41,3819520185406244864,DUBqV83ksf4,"Tue, 27 Jan 2026 19:31:51 GMT",2026-01-27T03:00:00Z,1769542311,"Ela só viu o musical 😄 

@eliasmkjabbour",NA,13723,381,https://www.instagram.com/p/DUBqV83ksf4/,https://instagram.fsdu8-2.fna.fbcdn.net/v/t51.82787-15/622459894_18347555458225600_572587096346688638_n.webp?_nc_cat=107&ig_cache_key=MzgxOTUyMDE4NTQwNjI0NDg1Ng%3D%3D.3-ccb7-5&ccb=7-5&_nc_sid=58cdad&efg=eyJ2ZW5jb2RlX3RhZyI6InhwaWRzLjE0NDB4MTkyMC5zZHIuQzMifQ%3D%3D&_nc_ohc=j5UFTS_MV-QQ7kNvwGbIKA6&_nc_oc=Adnpsv8TDI5f42W_robqKl-lP9Ct0uHJv5i_c-a0K9ZK6zP1_lAwhIzSjayIfF4MY9pt1JRU1hwJ9LnQPyxKQexT&_nc_ad=z-m&_nc_cid=0&_nc_zt=23&_nc_ht=instagram.fsdu8-2.fna&_nc_gid=vkiSU0x1de3V20jVGy3TNw&oh=00_AfvRTqJf1bAnroW0ltUjGcMTo7mme7alNAQNnJ002gqSHg&oe=6986E6EA,https://instagram.fsdu8-2.fna.fbcdn.net/v/t51.82787-15/622459894_18347555458225600_572587096346688638_n.webp?_nc_cat=107&ig_cache_key=MzgxOTUyMDE4NTQwNjI0NDg1Ng%3D%3D.3-ccb7-5&ccb=7-5&_nc_sid=58cdad&efg=eyJ2ZW5jb2RlX3RhZyI6InhwaWRzLjE0NDB4MTkyMC5zZHIuQzMifQ%3D%3D&_nc_ohc=j5UFTS_MV-QQ7kNvwGbIKA6&_nc_oc=Adnpsv8TDI5f42W_robqKl-lP9Ct0uHJv5i_c-a0K9ZK6zP1_lAwhIzSjayIfF4MY9pt1JRU1hwJ9LnQPyxKQexT&_nc_ad=z-m&_nc_cid=0&_nc_zt=23&_nc_ht=instagram.fsdu8-2.fna&_nc_gid=vkiSU0x1de3V20jVGy3TNw&oh=00_AfvRTqJf1bAnroW0ltUjGcMTo7mme7alNAQNnJ002gqSHg&oe=6986E6EA,"https://instagram.fsdu8-2.fna.fbcdn.net/v/t51.82787-15/622459894_18347555458225600_572587096346688638_n.webp?_nc_cat=107&ig_cache_key=MzgxOTUyMDE4NTQwNjI0NDg1Ng%3D%3D.3-ccb7-5&ccb=7-5&_nc_sid=58cdad&efg=eyJ2ZW5jb2RlX3RhZyI6InhwaWRzLjE0NDB4MTkyMC5zZHIuQzMifQ%3D%3D&_nc_ohc=j5UFTS_MV-QQ7kNvwGbIKA6&_nc_oc=Adnpsv8TDI5f42W_robqKl-lP9Ct0uHJv5i_c-a0K9ZK6zP1_lAwhIzSjayIfF4MY9pt1JRU1hwJ9LnQPyxKQexT&_nc_ad=z-m&_nc_cid=0&_nc_zt=23&_nc_ht=instagram.fsdu8-2.fna&_nc_gid=vkiSU0x1de3V20jVGy3TNw&oh=00_AfvRTqJf1bAnroW0ltUjGcMTo7mme7alNAQNnJ002gqSHg&oe=6986E6EA
https://instagram.fsdu8-2.fna.fbcdn.net/v/t51.82787-15/622459894_18347555458225600_572587096346688638_n.webp?stp=dst-webp_p1080x1080&_nc_cat=107&ig_cache_key=MzgxOTUyMDE4NTQwNjI0NDg1Ng%3D%3D.3-ccb7-5&ccb=7-5&_nc_sid=58cdad&efg=eyJ2ZW5jb2RlX3RhZyI6InhwaWRzLjE0NDB4MTkyMC5zZHIuQzMifQ%3D%3D&_nc_ohc=j5UFTS_MV-QQ7kNvwGbIKA6&_nc_oc=Adnpsv8TDI5f42W_robqKl-lP9Ct0uHJv5i_c-a0K9ZK6zP1_lAwhIzSjayIfF4MY9pt1JRU1hwJ9LnQPyxKQexT&_nc_ad=z-m&_nc_cid=0&_nc_zt=23&_nc_ht=instagram.fsdu8-2.fna&_nc_gid=vkiSU0x1de3V20jVGy3TNw&oh=00_AftUU9O-eXR0mrGLjcpHw424iUW_Afw3D73HKAZDIt1pBA&oe=6986E6EA
https://instagram.fsdu8-2.fna.fbcdn.net/v/t51.82787-15/622459894_18347555458225600_572587096346688638_n.webp?stp=dst-webp_p720x720&_nc_cat=107&ig_cache_key=MzgxOTUyMDE4NTQwNjI0NDg1Ng%3D%3D.3-ccb7-5&ccb=7-5&_nc_sid=58cdad&efg=eyJ2ZW5jb2RlX3RhZyI6InhwaWRzLjE0NDB4MTkyMC5zZHIuQzMifQ%3D%3D&_nc_ohc=j5UFTS_MV-QQ7kNvwGbIKA6&_nc_oc=Adnpsv8TDI5f42W_robqKl-lP9Ct0uHJv5i_c-a0K9ZK6zP1_lAwhIzSjayIfF4MY9pt1JRU1hwJ9LnQPyxKQexT&_nc_ad=z-m&_nc_cid=0&_nc_zt=23&_nc_ht=instagram.fsdu8-2.fna&_nc_gid=vkiSU0x1de3V20jVGy3TNw&oh=00_AfutglwJupaZ_m9Wu2CFCCoHJWwi2nsgqc27kl1t1QaluQ&oe=6986E6EA
https://instagram.fsdu8-2.fna.fbcdn.net/v/t51.82787-15/622459894_18347555458225600_572587096346688638_n.webp?stp=dst-webp_p640x640_sh0.08&_nc_cat=107&ig_cache_key=MzgxOTUyMDE4NTQwNjI0NDg1Ng%3D%3D.3-ccb7-5&ccb=7-5&_nc_sid=58cdad&efg=eyJ2ZW5jb2RlX3RhZyI6InhwaWRzLjE0NDB4MTkyMC5zZHIuQzMifQ%3D%3D&_nc_ohc=j5UFTS_MV-QQ7kNvwGbIKA6&_nc_oc=Adnpsv8TDI5f42W_robqKl-lP9Ct0uHJv5i_c-a0K9ZK6zP1_lAwhIzSjayIfF4MY9pt1JRU1hwJ9LnQPyxKQexT&_nc_ad=z-m&_nc_cid=0&_nc_zt=23&_nc_ht=instagram.fsdu8-2.fna&_nc_gid=vkiSU0x1de3V20jVGy3TNw&oh=00_AfvHJXq52YPQOzObE1sBtwuppfoTLfBLBw2GHOZc8WXnLQ&oe=6986E6EA
https://instagram.fsdu8-2.fna.fbcdn.net/v/t51.82787-15/622459894_18347555458225600_572587096346688638_n.webp?stp=dst-webp_s640x640&_nc_cat=107&ig_cache_key=MzgxOTUyMDE4NTQwNjI0NDg1Ng%3D%3D.3-ccb7-5&ccb=7-5&_nc_sid=58cdad&efg=eyJ2ZW5jb2RlX3RhZyI6InhwaWRzLjE0NDB4MTkyMC5zZHIuQzMifQ%3D%3D&_nc_ohc=j5UFTS_MV-QQ7kNvwGbIKA6&_nc_oc=Adnpsv8TDI5f42W_robqKl-lP9Ct0uHJv5i_c-a0K9ZK6zP1_lAwhIzSjayIfF4MY9pt1JRU1hwJ9LnQPyxKQexT&_nc_ad=z-m&_nc_cid=0&_nc_zt=23&_nc_ht=instagram.fsdu8-2.fna&_nc_gid=vkiSU0x1de3V20jVGy3TNw&oh=00_Aft1bZ0HNDYdL9laZQETnRmZoUGOl5x_78UULnN46a4QMw&oe=6986E6EA
https://instagram.fsdu8-2.fna.fbcdn.net/v/t51.82787-15/622459894_18347555458225600_572587096346688638_n.webp?stp=dst-webp_p320x320&_nc_cat=107&ig_cache_key=MzgxOTUyMDE4NTQwNjI0NDg1Ng%3D%3D.3-ccb7-5&ccb=7-5&_nc_sid=58cdad&efg=eyJ2ZW5jb2RlX3RhZyI6InhwaWRzLjE0NDB4MTkyMC5zZHIuQzMifQ%3D%3D&_nc_ohc=j5UFTS_MV-QQ7kNvwGbIKA6&_nc_oc=Adnpsv8TDI5f42W_robqKl-lP9Ct0uHJv5i_c-a0K9ZK6zP1_lAwhIzSjayIfF4MY9pt1JRU1hwJ9LnQPyxKQexT&_nc_ad=z-m&_nc_cid=0&_nc_zt=23&_nc_ht=instagram.fsdu8-2.fna&_nc_gid=vkiSU0x1de3V20jVGy3TNw&oh=00_Afskp91oIm26BLz-MvEbsPYwnYou9nZnVJawtIS1MKQ5iw&oe=6986E6EA
https://instagram.fsdu8-2.fna.fbcdn.net/v/t51.82787-15/622459894_18347555458225600_572587096346688638_n.webp?stp=dst-webp_s320x320&_nc_cat=107&ig_cache_key=MzgxOTUyMDE4NTQwNjI0NDg1Ng%3D%3D.3-ccb7-5&ccb=7-5&_nc_sid=58cdad&efg=eyJ2ZW5jb2RlX3RhZyI6InhwaWRzLjE0NDB4MTkyMC5zZHIuQzMifQ%3D%3D&_nc_ohc=j5UFTS_MV-QQ7kNvwGbIKA6&_nc_oc=Adnpsv8TDI5f42W_robqKl-lP9Ct0uHJv5i_c-a0K9ZK6zP1_lAwhIzSjayIfF4MY9pt1JRU1hwJ9LnQPyxKQexT&_nc_ad=z-m&_nc_cid=0&_nc_zt=23&_nc_ht=instagram.fsdu8-2.fna&_nc_gid=vkiSU0x1de3V20jVGy3TNw&oh=00_AftbKy62H03nCZuYBmuG-e1rdnaO5uQKSy6FOeE8GGmiZw&oe=6986E6EA
https://instagram.fsdu8-2.fna.fbcdn.net/v/t51.82787-15/622459894_18347555458225600_572587096346688638_n.webp?stp=c0.240.1440.1440a_dst-webp_s1080x1080&_nc_cat=107&ig_cache_key=MzgxOTUyMDE4NTQwNjI0NDg1Ng%3D%3D.3-ccb7-5&ccb=7-5&_nc_sid=58cdad&efg=eyJ2ZW5jb2RlX3RhZyI6InhwaWRzLjE0NDB4MTkyMC5zZHIuQzMifQ%3D%3D&_nc_ohc=j5UFTS_MV-QQ7kNvwGbIKA6&_nc_oc=Adnpsv8TDI5f42W_robqKl-lP9Ct0uHJv5i_c-a0K9ZK6zP1_lAwhIzSjayIfF4MY9pt1JRU1hwJ9LnQPyxKQexT&_nc_ad=z-m&_nc_cid=0&_nc_zt=23&_nc_ht=instagram.fsdu8-2.fna&_nc_gid=vkiSU0x1de3V20jVGy3TNw&oh=00_Afv6v3BnfyE40lLI0Q1FCqgZciBuYUceNgV8ApJ4VGckqQ&oe=6986E6EA
https://instagram.fsdu8-2.fna.fbcdn.net/v/t51.82787-15/622459894_18347555458225600_572587096346688638_n.webp?stp=c0.240.1440.1440a_dst-webp_s750x750_sh0.08&_nc_cat=107&ig_cache_key=MzgxOTUyMDE4NTQwNjI0NDg1Ng%3D%3D.3-ccb7-5&ccb=7-5&_nc_sid=58cdad&efg=eyJ2ZW5jb2RlX3RhZyI6InhwaWRzLjE0NDB4MTkyMC5zZHIuQzMifQ%3D%3D&_nc_ohc=j5UFTS_MV-QQ7kNvwGbIKA6&_nc_oc=Adnpsv8TDI5f42W_robqKl-lP9Ct0uHJv5i_c-a0K9ZK6zP1_lAwhIzSjayIfF4MY9pt1JRU1hwJ9LnQPyxKQexT&_nc_ad=z-m&_nc_cid=0&_nc_zt=23&_nc_ht=instagram.fsdu8-2.fna&_nc_gid=vkiSU0x1de3V20jVGy3TNw&oh=00_AfsiLfehpLxgPA5OG_284h2VigqQ5cDMw7Gb_FCiXOnRPw&oe=6986E6EA
https://instagram.fsdu8-2.fna.fbcdn.net/v/t51.82787-15/622459894_18347555458225600_572587096346688638_n.webp?stp=c0.240.1440.1440a_dst-webp_s640x640_sh0.08&_nc_cat=107&ig_cache_key=MzgxOTUyMDE4NTQwNjI0NDg1Ng%3D%3D.3-ccb7-5&ccb=7-5&_nc_sid=58cdad&efg=eyJ2ZW5jb2RlX3RhZyI6InhwaWRzLjE0NDB4MTkyMC5zZHIuQzMifQ%3D%3D&_nc_ohc=j5UFTS_MV-QQ7kNvwGbIKA6&_nc_oc=Adnpsv8TDI5f42W_robqKl-lP9Ct0uHJv5i_c-a0K9ZK6zP1_lAwhIzSjayIfF4MY9pt1JRU1hwJ9LnQPyxKQexT&_nc_ad=z-m&_nc_cid=0&_nc_zt=23&_nc_ht=instagram.fsdu8-2.fna&_nc_gid=vkiSU0x1de3V20jVGy3TNw&oh=00_AfuV20_i2tij95N8AHScr7D1X_AfQucLjwpHnakAHzzQBQ&oe=6986E6EA
https://instagram.fsdu8-2.fna.fbcdn.net/v/t51.82787-15/622459894_18347555458225600_572587096346688638_n.webp?stp=c0.240.1440.1440a_dst-webp_s480x480&_nc_cat=107&ig_cache_key=MzgxOTUyMDE4NTQwNjI0NDg1Ng%3D%3D.3-ccb7-5&ccb=7-5&_nc_sid=58cdad&efg=eyJ2ZW5jb2RlX3RhZyI6InhwaWRzLjE0NDB4MTkyMC5zZHIuQzMifQ%3D%3D&_nc_ohc=j5UFTS_MV-QQ7kNvwGbIKA6&_nc_oc=Adnpsv8TDI5f42W_robqKl-lP9Ct0uHJv5i_c-a0K9ZK6zP1_lAwhIzSjayIfF4MY9pt1JRU1hwJ9LnQPyxKQexT&_nc_ad=z-m&_nc_cid=0&_nc_zt=23&_nc_ht=instagram.fsdu8-2.fna&_nc_gid=vkiSU0x1de3V20jVGy3TNw&oh=00_Afs8RtL2k0L9E_uI2-H8-q1oPSBxf86Ah0rkP1IRk344Vw&oe=6986E6EA
https://instagram.fsdu8-2.fna.fbcdn.net/v/t51.82787-15/622459894_18347555458225600_572587096346688638_n.webp?stp=c0.240.1440.1440a_dst-webp_s320x320&_nc_cat=107&ig_cache_key=MzgxOTUyMDE4NTQwNjI0NDg1Ng%3D%3D.3-ccb7-5&ccb=7-5&_nc_sid=58cdad&efg=eyJ2ZW5jb2RlX3RhZyI6InhwaWRzLjE0NDB4MTkyMC5zZHIuQzMifQ%3D%3D&_nc_ohc=j5UFTS_MV-QQ7kNvwGbIKA6&_nc_oc=Adnpsv8TDI5f42W_robqKl-lP9Ct0uHJv5i_c-a0K9ZK6zP1_lAwhIzSjayIfF4MY9pt1JRU1hwJ9LnQPyxKQexT&_nc_ad=z-m&_nc_cid=0&_nc_zt=23&_nc_ht=instagram.fsdu8-2.fna&_nc_gid=vkiSU0x1de3V20jVGy3TNw&oh=00_AfvZ7RsmY96XOWVRid71Xe4H8BfSD2ZqJYuTs4rqDzTv4Q&oe=6986E6EA
https://instagram.fsdu8-2.fna.fbcdn.net/v/t51.82787-15/622459894_18347555458225600_572587096346688638_n.webp?stp=c0.240.1440.1440a_dst-webp_s240x240&_nc_cat=107&ig_cache_key=MzgxOTUyMDE4NTQwNjI0NDg1Ng%3D%3D.3-ccb7-5&ccb=7-5&_nc_sid=58cdad&efg=eyJ2ZW5jb2RlX3RhZyI6InhwaWRzLjE0NDB4MTkyMC5zZHIuQzMifQ%3D%3D&_nc_ohc=j5UFTS_MV-QQ7kNvwGbIKA6&_nc_oc=Adnpsv8TDI5f42W_robqKl-lP9Ct0uHJv5i_c-a0K9ZK6zP1_lAwhIzSjayIfF4MY9pt1JRU1hwJ9LnQPyxKQexT&_nc_ad=z-m&_nc_cid=0&_nc_zt=23&_nc_ht=instagram.fsdu8-2.fna&_nc_gid=vkiSU0x1de3V20jVGy3TNw&oh=00_Afvodu7ZIUZupYa0OAr1E8Vuj4TQjefJdK9uzwXUgtBJYg&oe=6986E6EA
https://instagram.fsdu8-2.fna.fbcdn.net/v/t51.82787-15/622459894_18347555458225600_572587096346688638_n.webp?stp=c0.240.1440.1440a_dst-webp_s150x150&_nc_cat=107&ig_cache_key=MzgxOTUyMDE4NTQwNjI0NDg1Ng%3D%3D.3-ccb7-5&ccb=7-5&_nc_sid=58cdad&efg=eyJ2ZW5jb2RlX3RhZyI6InhwaWRzLjE0NDB4MTkyMC5zZHIuQzMifQ%3D%3D&_nc_ohc=j5UFTS_MV-QQ7kNvwGbIKA6&_nc_oc=Adnpsv8TDI5f42W_robqKl-lP9Ct0uHJv5i_c-a0K9ZK6zP1_lAwhIzSjayIfF4MY9pt1JRU1hwJ9LnQPyxKQexT&_nc_ad=z-m&_nc_cid=0&_nc_zt=23&_nc_ht=instagram.fsdu8-2.fna&_nc_gid=vkiSU0x1de3V20jVGy3TNw&oh=00_Afv416H5cVr0hcBZZ9yBQdtzl-r04JMuyf_duPOONfjS1A&oe=6986E6EA",NA,NO,NO,NA,NA,6887545599,vascomunistas,NA,NA,NA,NA,NA,NA,Humanização,"Autioridade, uma vez que fica explicita a expressão de saber mais que a outra pessoa",40,60,14.1666666666667,8.33333333333333,9.16666666666667,16.6666666666667,9.16666666666667,20,5,17.5
postagem_40,3819295955070413312,DUA3W-GDurG,"Tue, 27 Jan 2026 12:06:45 GMT",2026-01-27T03:00:00Z,1769515605,Memória do holocausto: o socialismo libertou Auschwitz.,NA,3437,242,https://www.instagram.com/p/DUA3W-GDurG/,https://instagram.fsdu8-2.fna.fbcdn.net/v/t51.71878-15/621611359_1647069256451283_7915957313821252393_n.jpg?stp=dst-jpegr_e15_tt6&_nc_cat=109&ig_cache_key=MzgxOTI5NTk1NTA3MDQxMzUxMA%3D%3D.3-ccb7-5&ccb=7-5&_nc_sid=58cdad&efg=eyJ2ZW5jb2RlX3RhZyI6InhwaWRzLjY0MHgxMTM2Lmhkci5DMyJ9&_nc_ohc=tBpQDtG9-KsQ7kNvwEn-DNg&_nc_oc=AdmHU3e7u_ihPvx_Q8pFmXZHoEj3PxZdeVTZRg34IBDb1m9YeU99VG6aHKPVE31268l29hC8lXXBL_dx7-b1oWi7&_nc_ad=z-m&_nc_cid=0&_nc_zt=23&se=-1&_nc_ht=instagram.fsdu8-2.fna&_nc_gid=vkiSU0x1de3V20jVGy3TNw&oh=00_Aft0GQ_WY9DGvO2r6alOp0O9pppvPc40W2RHxoffgIY3lg&oe=6986CBCC,https://instagram.fsdu8-2.fna.fbcdn.net/v/t51.71878-15/621611359_1647069256451283_7915957313821252393_n.jpg?stp=dst-jpegr_e15_tt6&_nc_cat=109&ig_cache_key=MzgxOTI5NTk1NTA3MDQxMzUxMA%3D%3D.3-ccb7-5&ccb=7-5&_nc_sid=58cdad&efg=eyJ2ZW5jb2RlX3RhZyI6InhwaWRzLjY0MHgxMTM2Lmhkci5DMyJ9&_nc_ohc=tBpQDtG9-KsQ7kNvwEn-DNg&_nc_oc=AdmHU3e7u_ihPvx_Q8pFmXZHoEj3PxZdeVTZRg34IBDb1m9YeU99VG6aHKPVE31268l29hC8lXXBL_dx7-b1oWi7&_nc_ad=z-m&_nc_cid=0&_nc_zt=23&se=-1&_nc_ht=instagram.fsdu8-2.fna&_nc_gid=vkiSU0x1de3V20jVGy3TNw&oh=00_Aft0GQ_WY9DGvO2r6alOp0O9pppvPc40W2RHxoffgIY3lg&oe=6986CBCC,"https://instagram.fsdu8-2.fna.fbcdn.net/v/t51.71878-15/621611359_1647069256451283_7915957313821252393_n.jpg?stp=dst-jpegr_e15_tt6&_nc_cat=109&ig_cache_key=MzgxOTI5NTk1NTA3MDQxMzUxMA%3D%3D.3-ccb7-5&ccb=7-5&_nc_sid=58cdad&efg=eyJ2ZW5jb2RlX3RhZyI6InhwaWRzLjY0MHgxMTM2Lmhkci5DMyJ9&_nc_ohc=tBpQDtG9-KsQ7kNvwEn-DNg&_nc_oc=AdmHU3e7u_ihPvx_Q8pFmXZHoEj3PxZdeVTZRg34IBDb1m9YeU99VG6aHKPVE31268l29hC8lXXBL_dx7-b1oWi7&_nc_ad=z-m&_nc_cid=0&_nc_zt=23&se=-1&_nc_ht=instagram.fsdu8-2.fna&_nc_gid=vkiSU0x1de3V20jVGy3TNw&oh=00_Aft0GQ_WY9DGvO2r6alOp0O9pppvPc40W2RHxoffgIY3lg&oe=6986CBCC
https://instagram.fsdu8-2.fna.fbcdn.net/v/t51.71878-15/621611359_1647069256451283_7915957313821252393_n.jpg?stp=dst-jpegr_e15_p480x480_tt6&_nc_cat=109&ig_cache_key=MzgxOTI5NTk1NTA3MDQxMzUxMA%3D%3D.3-ccb7-5&ccb=7-5&_nc_sid=58cdad&efg=eyJ2ZW5jb2RlX3RhZyI6InhwaWRzLjY0MHgxMTM2Lmhkci5DMyJ9&_nc_ohc=tBpQDtG9-KsQ7kNvwEn-DNg&_nc_oc=AdmHU3e7u_ihPvx_Q8pFmXZHoEj3PxZdeVTZRg34IBDb1m9YeU99VG6aHKPVE31268l29hC8lXXBL_dx7-b1oWi7&_nc_ad=z-m&_nc_cid=0&_nc_zt=23&se=-1&_nc_ht=instagram.fsdu8-2.fna&_nc_gid=vkiSU0x1de3V20jVGy3TNw&oh=00_Aft4UtFUIvqOc0Ff5kaOM5ur8SQEBNNyEUQVw1agWLhTxQ&oe=6986CBCC
https://instagram.fsdu8-2.fna.fbcdn.net/v/t51.71878-15/621611359_1647069256451283_7915957313821252393_n.jpg?stp=dst-jpegr_e15_p320x320_tt6&_nc_cat=109&ig_cache_key=MzgxOTI5NTk1NTA3MDQxMzUxMA%3D%3D.3-ccb7-5&ccb=7-5&_nc_sid=58cdad&efg=eyJ2ZW5jb2RlX3RhZyI6InhwaWRzLjY0MHgxMTM2Lmhkci5DMyJ9&_nc_ohc=tBpQDtG9-KsQ7kNvwEn-DNg&_nc_oc=AdmHU3e7u_ihPvx_Q8pFmXZHoEj3PxZdeVTZRg34IBDb1m9YeU99VG6aHKPVE31268l29hC8lXXBL_dx7-b1oWi7&_nc_ad=z-m&_nc_cid=0&_nc_zt=23&se=-1&_nc_ht=instagram.fsdu8-2.fna&_nc_gid=vkiSU0x1de3V20jVGy3TNw&oh=00_Afu-albbCLsXbGjbnXB2J-Hnd52tyVRWbfOKI9eKAor9_Q&oe=6986CBCC
https://instagram.fsdu8-2.fna.fbcdn.net/v/t51.71878-15/621611359_1647069256451283_7915957313821252393_n.jpg?stp=dst-jpegr_e15_p240x240_tt6&_nc_cat=109&ig_cache_key=MzgxOTI5NTk1NTA3MDQxMzUxMA%3D%3D.3-ccb7-5&ccb=7-5&_nc_sid=58cdad&efg=eyJ2ZW5jb2RlX3RhZyI6InhwaWRzLjY0MHgxMTM2Lmhkci5DMyJ9&_nc_ohc=tBpQDtG9-KsQ7kNvwEn-DNg&_nc_oc=AdmHU3e7u_ihPvx_Q8pFmXZHoEj3PxZdeVTZRg34IBDb1m9YeU99VG6aHKPVE31268l29hC8lXXBL_dx7-b1oWi7&_nc_ad=z-m&_nc_cid=0&_nc_zt=23&se=-1&_nc_ht=instagram.fsdu8-2.fna&_nc_gid=vkiSU0x1de3V20jVGy3TNw&oh=00_Afs1Ff7OrQoBg7KrJdo5qAAl4mwQYcU7jDGxf5GIOlS9Fg&oe=6986CBCC
https://instagram.fsdu8-2.fna.fbcdn.net/v/t51.71878-15/621611359_1647069256451283_7915957313821252393_n.jpg?stp=c0.248.640.640a_dst-jpegr_e15_s640x639_tt6&_nc_cat=109&ig_cache_key=MzgxOTI5NTk1NTA3MDQxMzUxMA%3D%3D.3-ccb7-5&ccb=7-5&_nc_sid=58cdad&efg=eyJ2ZW5jb2RlX3RhZyI6InhwaWRzLjY0MHgxMTM2Lmhkci5DMyJ9&_nc_ohc=tBpQDtG9-KsQ7kNvwEn-DNg&_nc_oc=AdmHU3e7u_ihPvx_Q8pFmXZHoEj3PxZdeVTZRg34IBDb1m9YeU99VG6aHKPVE31268l29hC8lXXBL_dx7-b1oWi7&_nc_ad=z-m&_nc_cid=0&_nc_zt=23&se=-1&_nc_ht=instagram.fsdu8-2.fna&_nc_gid=vkiSU0x1de3V20jVGy3TNw&oh=00_Afu2qRc_cnVfb3oW67bwo5S0nMiASpoC7PsQRc--M0AdOA&oe=6986CBCC
https://instagram.fsdu8-2.fna.fbcdn.net/v/t51.71878-15/621611359_1647069256451283_7915957313821252393_n.jpg?stp=c0.248.640.640a_dst-jpegr_e15_s640x639_tt6&_nc_cat=109&ig_cache_key=MzgxOTI5NTk1NTA3MDQxMzUxMA%3D%3D.3-ccb7-5&ccb=7-5&_nc_sid=58cdad&efg=eyJ2ZW5jb2RlX3RhZyI6InhwaWRzLjY0MHgxMTM2Lmhkci5DMyJ9&_nc_ohc=tBpQDtG9-KsQ7kNvwEn-DNg&_nc_oc=AdmHU3e7u_ihPvx_Q8pFmXZHoEj3PxZdeVTZRg34IBDb1m9YeU99VG6aHKPVE31268l29hC8lXXBL_dx7-b1oWi7&_nc_ad=z-m&_nc_cid=0&_nc_zt=23&se=-1&_nc_ht=instagram.fsdu8-2.fna&_nc_gid=vkiSU0x1de3V20jVGy3TNw&oh=00_Afu2qRc_cnVfb3oW67bwo5S0nMiASpoC7PsQRc--M0AdOA&oe=6986CBCC
https://instagram.fsdu8-2.fna.fbcdn.net/v/t51.71878-15/621611359_1647069256451283_7915957313821252393_n.jpg?stp=c0.248.640.640a_dst-jpegr_e15_s640x639_tt6&_nc_cat=109&ig_cache_key=MzgxOTI5NTk1NTA3MDQxMzUxMA%3D%3D.3-ccb7-5&ccb=7-5&_nc_sid=58cdad&efg=eyJ2ZW5jb2RlX3RhZyI6InhwaWRzLjY0MHgxMTM2Lmhkci5DMyJ9&_nc_ohc=tBpQDtG9-KsQ7kNvwEn-DNg&_nc_oc=AdmHU3e7u_ihPvx_Q8pFmXZHoEj3PxZdeVTZRg34IBDb1m9YeU99VG6aHKPVE31268l29hC8lXXBL_dx7-b1oWi7&_nc_ad=z-m&_nc_cid=0&_nc_zt=23&se=-1&_nc_ht=instagram.fsdu8-2.fna&_nc_gid=vkiSU0x1de3V20jVGy3TNw&oh=00_Afu2qRc_cnVfb3oW67bwo5S0nMiASpoC7PsQRc--M0AdOA&oe=6986CBCC
https://instagram.fsdu8-2.fna.fbcdn.net/v/t51.71878-15/621611359_1647069256451283_7915957313821252393_n.jpg?stp=c0.248.640.640a_dst-jpegr_e15_s480x480_tt6&_nc_cat=109&ig_cache_key=MzgxOTI5NTk1NTA3MDQxMzUxMA%3D%3D.3-ccb7-5&ccb=7-5&_nc_sid=58cdad&efg=eyJ2ZW5jb2RlX3RhZyI6InhwaWRzLjY0MHgxMTM2Lmhkci5DMyJ9&_nc_ohc=tBpQDtG9-KsQ7kNvwEn-DNg&_nc_oc=AdmHU3e7u_ihPvx_Q8pFmXZHoEj3PxZdeVTZRg34IBDb1m9YeU99VG6aHKPVE31268l29hC8lXXBL_dx7-b1oWi7&_nc_ad=z-m&_nc_cid=0&_nc_zt=23&se=-1&_nc_ht=instagram.fsdu8-2.fna&_nc_gid=vkiSU0x1de3V20jVGy3TNw&oh=00_AfsY1j87YRjKBV-rDFvj_59nyIybTAY3FU0pCass_YJMbg&oe=6986CBCC
https://instagram.fsdu8-2.fna.fbcdn.net/v/t51.71878-15/621611359_1647069256451283_7915957313821252393_n.jpg?stp=c0.248.640.640a_dst-jpegr_e15_s320x320_tt6&_nc_cat=109&ig_cache_key=MzgxOTI5NTk1NTA3MDQxMzUxMA%3D%3D.3-ccb7-5&ccb=7-5&_nc_sid=58cdad&efg=eyJ2ZW5jb2RlX3RhZyI6InhwaWRzLjY0MHgxMTM2Lmhkci5DMyJ9&_nc_ohc=tBpQDtG9-KsQ7kNvwEn-DNg&_nc_oc=AdmHU3e7u_ihPvx_Q8pFmXZHoEj3PxZdeVTZRg34IBDb1m9YeU99VG6aHKPVE31268l29hC8lXXBL_dx7-b1oWi7&_nc_ad=z-m&_nc_cid=0&_nc_zt=23&se=-1&_nc_ht=instagram.fsdu8-2.fna&_nc_gid=vkiSU0x1de3V20jVGy3TNw&oh=00_AfvxdS5k42hTO-ssnvjT7sDka9pcKUysTSD5_SVlmYygCw&oe=6986CBCC
https://instagram.fsdu8-2.fna.fbcdn.net/v/t51.71878-15/621611359_1647069256451283_7915957313821252393_n.jpg?stp=c0.248.640.640a_dst-jpegr_e15_s240x240_tt6&_nc_cat=109&ig_cache_key=MzgxOTI5NTk1NTA3MDQxMzUxMA%3D%3D.3-ccb7-5&ccb=7-5&_nc_sid=58cdad&efg=eyJ2ZW5jb2RlX3RhZyI6InhwaWRzLjY0MHgxMTM2Lmhkci5DMyJ9&_nc_ohc=tBpQDtG9-KsQ7kNvwEn-DNg&_nc_oc=AdmHU3e7u_ihPvx_Q8pFmXZHoEj3PxZdeVTZRg34IBDb1m9YeU99VG6aHKPVE31268l29hC8lXXBL_dx7-b1oWi7&_nc_ad=z-m&_nc_cid=0&_nc_zt=23&se=-1&_nc_ht=instagram.fsdu8-2.fna&_nc_gid=vkiSU0x1de3V20jVGy3TNw&oh=00_AfvIocjnlPsL1Oa8Xd8zWlbfhVO-Hgiw4kByWMJfpna_Kw&oe=6986CBCC
https://instagram.fsdu8-2.fna.fbcdn.net/v/t51.71878-15/621611359_1647069256451283_7915957313821252393_n.jpg?stp=c0.248.640.640a_dst-jpegr_e15_s150x150_tt6&_nc_cat=109&ig_cache_key=MzgxOTI5NTk1NTA3MDQxMzUxMA%3D%3D.3-ccb7-5&ccb=7-5&_nc_sid=58cdad&efg=eyJ2ZW5jb2RlX3RhZyI6InhwaWRzLjY0MHgxMTM2Lmhkci5DMyJ9&_nc_ohc=tBpQDtG9-KsQ7kNvwEn-DNg&_nc_oc=AdmHU3e7u_ihPvx_Q8pFmXZHoEj3PxZdeVTZRg34IBDb1m9YeU99VG6aHKPVE31268l29hC8lXXBL_dx7-b1oWi7&_nc_ad=z-m&_nc_cid=0&_nc_zt=23&se=-1&_nc_ht=instagram.fsdu8-2.fna&_nc_gid=vkiSU0x1de3V20jVGy3TNw&oh=00_AfulGcPYXQJLxl69Erorhd1SohcH6IjACRQ72Z-pSpNHsg&oe=6986CBCC",NA,NO,YES,https://instagram.fsdu8-2.fna.fbcdn.net/o1/v/t2/f2/m86/AQO7dp-YXmjdpM66TT6GVYiJ_4dJVBNe1GT-4KRrW2KTM34ehmwTfVcYegzItsK1z-TmDHDuSJE8LK-Su5-2cGpw6yJr965os4Hp1X0.mp4?_nc_cat=103&_nc_oc=AdkhiRdF3PE9IZeocmuLU-GWOED6SNMNtqdaBdwMI63O2hf1akH4yct86EeNdyMF2V30JjtgpumDdcAI5-LY7Wst&_nc_sid=5e9851&_nc_ht=instagram.fsdu8-2.fna.fbcdn.net&_nc_ohc=oapSuuG2jRMQ7kNvwHK7Uqc&efg=eyJ2ZW5jb2RlX3RhZyI6Inhwdl9wcm9ncmVzc2l2ZS5JTlNUQUdSQU0uQ0xJUFMuQzMuNzIwLmRhc2hfYmFzZWxpbmVfMV92MSIsInhwdl9hc3NldF9pZCI6MTc5NDAzNzYzNzQxMjg1MDgsImFzc2V0X2FnZV9kYXlzIjo2LCJ2aV91c2VjYXNlX2lkIjoxMDA5OSwiZHVyYXRpb25fcyI6MTExLCJ1cmxnZW5fc291cmNlIjoid3d3In0%3D&ccb=17-1&_nc_gid=vkiSU0x1de3V20jVGy3TNw&_nc_zt=28&vs=298dcef1818d2e4c&_nc_vs=HBksFQIYUmlnX3hwdl9yZWVsc19wZXJtYW5lbnRfc3JfcHJvZC9GMjRCMTUxOTI4QTM3RTE5NTVGOUVBREU2NTQyOENCOV92aWRlb19kYXNoaW5pdC5tcDQVAALIARIAFQIYUWlnX3hwdl9wbGFjZW1lbnRfcGVybWFuZW50X3YyLzhBNDc0QTg2ODZDQzFGNjhERDYwNEMwNDRBQkJGMjgyX2F1ZGlvX2Rhc2hpbml0Lm1wNBUCAsgBEgAoABgAGwKIB3VzZV9vaWwBMRJwcm9ncmVzc2l2ZV9yZWNpcGUBMRUAACb4vdWOrKvePxUCKAJDMywXQFvMzMzMzM0YEmRhc2hfYmFzZWxpbmVfMV92MREAdf4HZeadAQA&oh=00_Afs-l3Yp0_kNZGQw5UuMcUSgrENw1PYB5mjdLE1yB4xqdw&oe=6982E83C,NA,3194347257,eliasmkjabbour,NA,Rio de Janeiro,NA,NA,-22.908,-43.1975,Autoridade,Demonstra autoridade.,27.020202020202,72.979797979798,24.7474747474748,5.3030303030303,11.3636363636364,20.959595959596,4.54545454545455,15.9090909090909,2.27272727272727,14.8989898989899
postagem_39,3818479942850497536,DT990bfjsvz,"Mon, 26 Jan 2026 09:05:00 GMT",2026-01-26T03:00:00Z,1769418300,Nikolas Ferreira e a nossa pré-candidatura.,NA,9436,424,https://www.instagram.com/p/DT990bfjsvz/,https://instagram.fsdu8-1.fna.fbcdn.net/v/t51.71878-15/621655843_1233736948685203_1874536421371816007_n.jpg?stp=dst-jpegr_e15_tt6&_nc_cat=111&ig_cache_key=MzgxODQ3OTk0Mjg1MDQ5NzUyMw%3D%3D.3-ccb7-5&ccb=7-5&_nc_sid=58cdad&efg=eyJ2ZW5jb2RlX3RhZyI6InhwaWRzLjY0MHgxMTM2Lmhkci5DMyJ9&_nc_ohc=5nZaoGpQzDQQ7kNvwFNW4_7&_nc_oc=Adl3gjtMnMv7SCFCodWEuqp3Y7sYqGQPKzEKPQseSN1PuhD7TWWLOzFfPJvtI4XBqKJux4DX0HA_WKjLrgFcrxSa&_nc_ad=z-m&_nc_cid=0&_nc_zt=23&se=-1&_nc_ht=instagram.fsdu8-1.fna&_nc_gid=vkiSU0x1de3V20jVGy3TNw&oh=00_AfuYChkS-5cuQIu7TaIvBO57OADeCoyz3wRuwxL2VPstYA&oe=6986D8F2,https://instagram.fsdu8-1.fna.fbcdn.net/v/t51.71878-15/621655843_1233736948685203_1874536421371816007_n.jpg?stp=dst-jpegr_e15_tt6&_nc_cat=111&ig_cache_key=MzgxODQ3OTk0Mjg1MDQ5NzUyMw%3D%3D.3-ccb7-5&ccb=7-5&_nc_sid=58cdad&efg=eyJ2ZW5jb2RlX3RhZyI6InhwaWRzLjY0MHgxMTM2Lmhkci5DMyJ9&_nc_ohc=5nZaoGpQzDQQ7kNvwFNW4_7&_nc_oc=Adl3gjtMnMv7SCFCodWEuqp3Y7sYqGQPKzEKPQseSN1PuhD7TWWLOzFfPJvtI4XBqKJux4DX0HA_WKjLrgFcrxSa&_nc_ad=z-m&_nc_cid=0&_nc_zt=23&se=-1&_nc_ht=instagram.fsdu8-1.fna&_nc_gid=vkiSU0x1de3V20jVGy3TNw&oh=00_AfuYChkS-5cuQIu7TaIvBO57OADeCoyz3wRuwxL2VPstYA&oe=6986D8F2,"https://instagram.fsdu8-1.fna.fbcdn.net/v/t51.71878-15/621655843_1233736948685203_1874536421371816007_n.jpg?stp=dst-jpegr_e15_tt6&_nc_cat=111&ig_cache_key=MzgxODQ3OTk0Mjg1MDQ5NzUyMw%3D%3D.3-ccb7-5&ccb=7-5&_nc_sid=58cdad&efg=eyJ2ZW5jb2RlX3RhZyI6InhwaWRzLjY0MHgxMTM2Lmhkci5DMyJ9&_nc_ohc=5nZaoGpQzDQQ7kNvwFNW4_7&_nc_oc=Adl3gjtMnMv7SCFCodWEuqp3Y7sYqGQPKzEKPQseSN1PuhD7TWWLOzFfPJvtI4XBqKJux4DX0HA_WKjLrgFcrxSa&_nc_ad=z-m&_nc_cid=0&_nc_zt=23&se=-1&_nc_ht=instagram.fsdu8-1.fna&_nc_gid=vkiSU0x1de3V20jVGy3TNw&oh=00_AfuYChkS-5cuQIu7TaIvBO57OADeCoyz3wRuwxL2VPstYA&oe=6986D8F2
https://instagram.fsdu8-1.fna.fbcdn.net/v/t51.71878-15/621655843_1233736948685203_1874536421371816007_n.jpg?stp=dst-jpegr_e15_p480x480_tt6&_nc_cat=111&ig_cache_key=MzgxODQ3OTk0Mjg1MDQ5NzUyMw%3D%3D.3-ccb7-5&ccb=7-5&_nc_sid=58cdad&efg=eyJ2ZW5jb2RlX3RhZyI6InhwaWRzLjY0MHgxMTM2Lmhkci5DMyJ9&_nc_ohc=5nZaoGpQzDQQ7kNvwFNW4_7&_nc_oc=Adl3gjtMnMv7SCFCodWEuqp3Y7sYqGQPKzEKPQseSN1PuhD7TWWLOzFfPJvtI4XBqKJux4DX0HA_WKjLrgFcrxSa&_nc_ad=z-m&_nc_cid=0&_nc_zt=23&se=-1&_nc_ht=instagram.fsdu8-1.fna&_nc_gid=vkiSU0x1de3V20jVGy3TNw&oh=00_Afvd5yN-dkusuV6mXXRk6U-ZSO5y6Sm7-7EyZcTVWCeMrQ&oe=6986D8F2
https://instagram.fsdu8-1.fna.fbcdn.net/v/t51.71878-15/621655843_1233736948685203_1874536421371816007_n.jpg?stp=dst-jpegr_e15_p320x320_tt6&_nc_cat=111&ig_cache_key=MzgxODQ3OTk0Mjg1MDQ5NzUyMw%3D%3D.3-ccb7-5&ccb=7-5&_nc_sid=58cdad&efg=eyJ2ZW5jb2RlX3RhZyI6InhwaWRzLjY0MHgxMTM2Lmhkci5DMyJ9&_nc_ohc=5nZaoGpQzDQQ7kNvwFNW4_7&_nc_oc=Adl3gjtMnMv7SCFCodWEuqp3Y7sYqGQPKzEKPQseSN1PuhD7TWWLOzFfPJvtI4XBqKJux4DX0HA_WKjLrgFcrxSa&_nc_ad=z-m&_nc_cid=0&_nc_zt=23&se=-1&_nc_ht=instagram.fsdu8-1.fna&_nc_gid=vkiSU0x1de3V20jVGy3TNw&oh=00_AftRDjErMmktb1WChIFpuhhkviFnlkP1BdbDexwWIn6ofA&oe=6986D8F2
https://instagram.fsdu8-1.fna.fbcdn.net/v/t51.71878-15/621655843_1233736948685203_1874536421371816007_n.jpg?stp=dst-jpegr_e15_p240x240_tt6&_nc_cat=111&ig_cache_key=MzgxODQ3OTk0Mjg1MDQ5NzUyMw%3D%3D.3-ccb7-5&ccb=7-5&_nc_sid=58cdad&efg=eyJ2ZW5jb2RlX3RhZyI6InhwaWRzLjY0MHgxMTM2Lmhkci5DMyJ9&_nc_ohc=5nZaoGpQzDQQ7kNvwFNW4_7&_nc_oc=Adl3gjtMnMv7SCFCodWEuqp3Y7sYqGQPKzEKPQseSN1PuhD7TWWLOzFfPJvtI4XBqKJux4DX0HA_WKjLrgFcrxSa&_nc_ad=z-m&_nc_cid=0&_nc_zt=23&se=-1&_nc_ht=instagram.fsdu8-1.fna&_nc_gid=vkiSU0x1de3V20jVGy3TNw&oh=00_AfuCVXYhC69BlzTNR_hVcF5I6HUOFNBUowvI79FLY4JWzQ&oe=6986D8F2
https://instagram.fsdu8-1.fna.fbcdn.net/v/t51.71878-15/621655843_1233736948685203_1874536421371816007_n.jpg?stp=c0.248.640.640a_dst-jpegr_e15_s640x639_tt6&_nc_cat=111&ig_cache_key=MzgxODQ3OTk0Mjg1MDQ5NzUyMw%3D%3D.3-ccb7-5&ccb=7-5&_nc_sid=58cdad&efg=eyJ2ZW5jb2RlX3RhZyI6InhwaWRzLjY0MHgxMTM2Lmhkci5DMyJ9&_nc_ohc=5nZaoGpQzDQQ7kNvwFNW4_7&_nc_oc=Adl3gjtMnMv7SCFCodWEuqp3Y7sYqGQPKzEKPQseSN1PuhD7TWWLOzFfPJvtI4XBqKJux4DX0HA_WKjLrgFcrxSa&_nc_ad=z-m&_nc_cid=0&_nc_zt=23&se=-1&_nc_ht=instagram.fsdu8-1.fna&_nc_gid=vkiSU0x1de3V20jVGy3TNw&oh=00_AfsbX4sIeUCQBBe32qvyDQVZ7Yh5bmdtIF2alwwroorqxg&oe=6986D8F2
https://instagram.fsdu8-1.fna.fbcdn.net/v/t51.71878-15/621655843_1233736948685203_1874536421371816007_n.jpg?stp=c0.248.640.640a_dst-jpegr_e15_s640x639_tt6&_nc_cat=111&ig_cache_key=MzgxODQ3OTk0Mjg1MDQ5NzUyMw%3D%3D.3-ccb7-5&ccb=7-5&_nc_sid=58cdad&efg=eyJ2ZW5jb2RlX3RhZyI6InhwaWRzLjY0MHgxMTM2Lmhkci5DMyJ9&_nc_ohc=5nZaoGpQzDQQ7kNvwFNW4_7&_nc_oc=Adl3gjtMnMv7SCFCodWEuqp3Y7sYqGQPKzEKPQseSN1PuhD7TWWLOzFfPJvtI4XBqKJux4DX0HA_WKjLrgFcrxSa&_nc_ad=z-m&_nc_cid=0&_nc_zt=23&se=-1&_nc_ht=instagram.fsdu8-1.fna&_nc_gid=vkiSU0x1de3V20jVGy3TNw&oh=00_AfsbX4sIeUCQBBe32qvyDQVZ7Yh5bmdtIF2alwwroorqxg&oe=6986D8F2
https://instagram.fsdu8-1.fna.fbcdn.net/v/t51.71878-15/621655843_1233736948685203_1874536421371816007_n.jpg?stp=c0.248.640.640a_dst-jpegr_e15_s640x639_tt6&_nc_cat=111&ig_cache_key=MzgxODQ3OTk0Mjg1MDQ5NzUyMw%3D%3D.3-ccb7-5&ccb=7-5&_nc_sid=58cdad&efg=eyJ2ZW5jb2RlX3RhZyI6InhwaWRzLjY0MHgxMTM2Lmhkci5DMyJ9&_nc_ohc=5nZaoGpQzDQQ7kNvwFNW4_7&_nc_oc=Adl3gjtMnMv7SCFCodWEuqp3Y7sYqGQPKzEKPQseSN1PuhD7TWWLOzFfPJvtI4XBqKJux4DX0HA_WKjLrgFcrxSa&_nc_ad=z-m&_nc_cid=0&_nc_zt=23&se=-1&_nc_ht=instagram.fsdu8-1.fna&_nc_gid=vkiSU0x1de3V20jVGy3TNw&oh=00_AfsbX4sIeUCQBBe32qvyDQVZ7Yh5bmdtIF2alwwroorqxg&oe=6986D8F2
https://instagram.fsdu8-1.fna.fbcdn.net/v/t51.71878-15/621655843_1233736948685203_1874536421371816007_n.jpg?stp=c0.248.640.640a_dst-jpegr_e15_s480x480_tt6&_nc_cat=111&ig_cache_key=MzgxODQ3OTk0Mjg1MDQ5NzUyMw%3D%3D.3-ccb7-5&ccb=7-5&_nc_sid=58cdad&efg=eyJ2ZW5jb2RlX3RhZyI6InhwaWRzLjY0MHgxMTM2Lmhkci5DMyJ9&_nc_ohc=5nZaoGpQzDQQ7kNvwFNW4_7&_nc_oc=Adl3gjtMnMv7SCFCodWEuqp3Y7sYqGQPKzEKPQseSN1PuhD7TWWLOzFfPJvtI4XBqKJux4DX0HA_WKjLrgFcrxSa&_nc_ad=z-m&_nc_cid=0&_nc_zt=23&se=-1&_nc_ht=instagram.fsdu8-1.fna&_nc_gid=vkiSU0x1de3V20jVGy3TNw&oh=00_AfvogIJti_ZRiK0kmj0Q8CH2hLT1YiMKzJfYjd5e-a8IBg&oe=6986D8F2
https://instagram.fsdu8-1.fna.fbcdn.net/v/t51.71878-15/621655843_1233736948685203_1874536421371816007_n.jpg?stp=c0.248.640.640a_dst-jpegr_e15_s320x320_tt6&_nc_cat=111&ig_cache_key=MzgxODQ3OTk0Mjg1MDQ5NzUyMw%3D%3D.3-ccb7-5&ccb=7-5&_nc_sid=58cdad&efg=eyJ2ZW5jb2RlX3RhZyI6InhwaWRzLjY0MHgxMTM2Lmhkci5DMyJ9&_nc_ohc=5nZaoGpQzDQQ7kNvwFNW4_7&_nc_oc=Adl3gjtMnMv7SCFCodWEuqp3Y7sYqGQPKzEKPQseSN1PuhD7TWWLOzFfPJvtI4XBqKJux4DX0HA_WKjLrgFcrxSa&_nc_ad=z-m&_nc_cid=0&_nc_zt=23&se=-1&_nc_ht=instagram.fsdu8-1.fna&_nc_gid=vkiSU0x1de3V20jVGy3TNw&oh=00_AftGEH4im70DAYO6_E-U7erh5qii3c0vZEHyyWXXCB9MJw&oe=6986D8F2
https://instagram.fsdu8-1.fna.fbcdn.net/v/t51.71878-15/621655843_1233736948685203_1874536421371816007_n.jpg?stp=c0.248.640.640a_dst-jpegr_e15_s240x240_tt6&_nc_cat=111&ig_cache_key=MzgxODQ3OTk0Mjg1MDQ5NzUyMw%3D%3D.3-ccb7-5&ccb=7-5&_nc_sid=58cdad&efg=eyJ2ZW5jb2RlX3RhZyI6InhwaWRzLjY0MHgxMTM2Lmhkci5DMyJ9&_nc_ohc=5nZaoGpQzDQQ7kNvwFNW4_7&_nc_oc=Adl3gjtMnMv7SCFCodWEuqp3Y7sYqGQPKzEKPQseSN1PuhD7TWWLOzFfPJvtI4XBqKJux4DX0HA_WKjLrgFcrxSa&_nc_ad=z-m&_nc_cid=0&_nc_zt=23&se=-1&_nc_ht=instagram.fsdu8-1.fna&_nc_gid=vkiSU0x1de3V20jVGy3TNw&oh=00_Afsfs8lb3TAIjRngikglqEYn5XSB8XNmo9ZrlkB6Yg1Fgw&oe=6986D8F2
https://instagram.fsdu8-1.fna.fbcdn.net/v/t51.71878-15/621655843_1233736948685203_1874536421371816007_n.jpg?stp=c0.248.640.640a_dst-jpegr_e15_s150x150_tt6&_nc_cat=111&ig_cache_key=MzgxODQ3OTk0Mjg1MDQ5NzUyMw%3D%3D.3-ccb7-5&ccb=7-5&_nc_sid=58cdad&efg=eyJ2ZW5jb2RlX3RhZyI6InhwaWRzLjY0MHgxMTM2Lmhkci5DMyJ9&_nc_ohc=5nZaoGpQzDQQ7kNvwFNW4_7&_nc_oc=Adl3gjtMnMv7SCFCodWEuqp3Y7sYqGQPKzEKPQseSN1PuhD7TWWLOzFfPJvtI4XBqKJux4DX0HA_WKjLrgFcrxSa&_nc_ad=z-m&_nc_cid=0&_nc_zt=23&se=-1&_nc_ht=instagram.fsdu8-1.fna&_nc_gid=vkiSU0x1de3V20jVGy3TNw&oh=00_AfsUokV1_u4wxAbVkzJFOJXWM7LIsl3JVcX9Kp5SW5D7aw&oe=6986D8F2",NA,NO,YES,https://instagram.fsdu8-1.fna.fbcdn.net/o1/v/t2/f2/m86/AQN6KzLSSybTuvPYXHNJye69C8fO8nRJMQsW57w5t1pV8xmXtIkToMKSTfQNVyFyNHNiHT4Do2ED6Zqd3F7quLV8Z_y3G0lN-lpAN8c.mp4?_nc_cat=102&_nc_oc=AdknTng2CTuJgHAANugauINz5LycNcKqSP0r551bX36FiRMQa8h0sbaFeIXP9AlbrYue3nufF9s7QBb5pPGBfCnf&_nc_sid=5e9851&_nc_ht=instagram.fsdu8-1.fna.fbcdn.net&_nc_ohc=m0t3KO1-utgQ7kNvwFgU59k&efg=eyJ2ZW5jb2RlX3RhZyI6Inhwdl9wcm9ncmVzc2l2ZS5JTlNUQUdSQU0uQ0xJUFMuQzMuNzIwLmRhc2hfYmFzZWxpbmVfMV92MSIsInhwdl9hc3NldF9pZCI6MTc5NDAyMDAzNDYxMjg1MDgsImFzc2V0X2FnZV9kYXlzIjo3LCJ2aV91c2VjYXNlX2lkIjoxMDA5OSwiZHVyYXRpb25fcyI6MTc4LCJ1cmxnZW5fc291cmNlIjoid3d3In0%3D&ccb=17-1&_nc_gid=vkiSU0x1de3V20jVGy3TNw&_nc_zt=28&vs=233db8168b1e2a78&_nc_vs=HBksFQIYUmlnX3hwdl9yZWVsc19wZXJtYW5lbnRfc3JfcHJvZC9EODQ4RUMwMkQ4QzUyMjA3RTQzNkFDRTAyNzZCQUQ4Nl92aWRlb19kYXNoaW5pdC5tcDQVAALIARIAFQIYUWlnX3hwdl9wbGFjZW1lbnRfcGVybWFuZW50X3YyLzYyNDA2QzVGNTk0MDQ5MTM5N0Q0NzkxOTc3QjlCRkFEX2F1ZGlvX2Rhc2hpbml0Lm1wNBUCAsgBEgAoABgAGwKIB3VzZV9vaWwBMRJwcm9ncmVzc2l2ZV9yZWNpcGUBMRUAACb4waTNjKHePxUCKAJDMywXQGZTMzMzMzMYEmRhc2hfYmFzZWxpbmVfMV92MREAdf4HZeadAQA&oh=00_Afu-fa6LcpE7Vn5X41YcDtxi5lVX5i2q92eHaZylXlpHEg&oe=6982D77F,NA,3194347257,eliasmkjabbour,NA,Rio de Janeiro,NA,NA,-22.908,-43.1975,Autenticidade,Expressa Autenticidade.,44.672131147541,55.327868852459,12.7049180327869,7.78688524590164,13.1147540983607,13.1147540983607,11.8852459016393,16.3934426229508,4.0983606557377,20.9016393442623
postagem_38,3817264682684552704,DT5pgERDpYa,"Sat, 24 Jan 2026 16:50:32 GMT",2026-01-24T03:00:00Z,1769273432,"O Quarto Reich em Trump e a esperança

A agressividade imperialista, sequestros de presidentes, soluções de “paz”em um território sob genocídio e fome, o desrespeito a qualquer regra de civilidade internacional e a caça a imigrantes no front interno significa a consolidação do tanto do Quarto Reich quanto da ressignificação do pacto de poder pós Guerra Civil que impôs o apartheid racial que tanto inspirou os nazistas.

A China joga parada, vendo seu contendor estratégico em ofensiva. Mas um tigre com dentes de papel. O mundo está muito perigoso. Mas o momento é de transformar a esperança em categoria política.

Estamos do lado certo da história.",NA,3148,44,https://www.instagram.com/p/DT5pgERDpYa/,https://instagram.fsdu8-1.fna.fbcdn.net/v/t51.82787-15/621824810_18438984295107258_6666990225757241758_n.jpg?stp=dst-jpg_e35_tt6&_nc_cat=111&ig_cache_key=MzgxNzI2NDY4MjY4NDU1MjczMA%3D%3D.3-ccb7-5&ccb=7-5&_nc_sid=58cdad&efg=eyJ2ZW5jb2RlX3RhZyI6InhwaWRzLjk4OHgxMjM0LnNkci5DMyJ9&_nc_ohc=Vx8WE55zyr0Q7kNvwE-D3IG&_nc_oc=AdkAWX-K2BNtrxYkrHGFyQPOaNTZBWdDKsY_apu31YfgiAXCNmP2k2F-aeBubFFWAzjIhSO4xDgE9zgFXmKf62Y4&_nc_ad=z-m&_nc_cid=0&_nc_zt=23&_nc_ht=instagram.fsdu8-1.fna&_nc_gid=vkiSU0x1de3V20jVGy3TNw&oh=00_AfsahsJLqsK870Dsk8hmCeBG7VUt5EDM_RE8xGYbudgOAg&oe=6986D3AE,https://instagram.fsdu8-1.fna.fbcdn.net/v/t51.82787-15/621824810_18438984295107258_6666990225757241758_n.jpg?stp=dst-jpg_e35_tt6&_nc_cat=111&ig_cache_key=MzgxNzI2NDY4MjY4NDU1MjczMA%3D%3D.3-ccb7-5&ccb=7-5&_nc_sid=58cdad&efg=eyJ2ZW5jb2RlX3RhZyI6InhwaWRzLjk4OHgxMjM0LnNkci5DMyJ9&_nc_ohc=Vx8WE55zyr0Q7kNvwE-D3IG&_nc_oc=AdkAWX-K2BNtrxYkrHGFyQPOaNTZBWdDKsY_apu31YfgiAXCNmP2k2F-aeBubFFWAzjIhSO4xDgE9zgFXmKf62Y4&_nc_ad=z-m&_nc_cid=0&_nc_zt=23&_nc_ht=instagram.fsdu8-1.fna&_nc_gid=vkiSU0x1de3V20jVGy3TNw&oh=00_AfsahsJLqsK870Dsk8hmCeBG7VUt5EDM_RE8xGYbudgOAg&oe=6986D3AE,"https://instagram.fsdu8-1.fna.fbcdn.net/v/t51.82787-15/621824810_18438984295107258_6666990225757241758_n.jpg?stp=dst-jpg_e35_tt6&_nc_cat=111&ig_cache_key=MzgxNzI2NDY4MjY4NDU1MjczMA%3D%3D.3-ccb7-5&ccb=7-5&_nc_sid=58cdad&efg=eyJ2ZW5jb2RlX3RhZyI6InhwaWRzLjk4OHgxMjM0LnNkci5DMyJ9&_nc_ohc=Vx8WE55zyr0Q7kNvwE-D3IG&_nc_oc=AdkAWX-K2BNtrxYkrHGFyQPOaNTZBWdDKsY_apu31YfgiAXCNmP2k2F-aeBubFFWAzjIhSO4xDgE9zgFXmKf62Y4&_nc_ad=z-m&_nc_cid=0&_nc_zt=23&_nc_ht=instagram.fsdu8-1.fna&_nc_gid=vkiSU0x1de3V20jVGy3TNw&oh=00_AfsahsJLqsK870Dsk8hmCeBG7VUt5EDM_RE8xGYbudgOAg&oe=6986D3AE
https://instagram.fsdu8-1.fna.fbcdn.net/v/t51.82787-15/621824810_18438984295107258_6666990225757241758_n.jpg?stp=dst-jpg_e35_p720x720_tt6&_nc_cat=111&ig_cache_key=MzgxNzI2NDY4MjY4NDU1MjczMA%3D%3D.3-ccb7-5&ccb=7-5&_nc_sid=58cdad&efg=eyJ2ZW5jb2RlX3RhZyI6InhwaWRzLjk4OHgxMjM0LnNkci5DMyJ9&_nc_ohc=Vx8WE55zyr0Q7kNvwE-D3IG&_nc_oc=AdkAWX-K2BNtrxYkrHGFyQPOaNTZBWdDKsY_apu31YfgiAXCNmP2k2F-aeBubFFWAzjIhSO4xDgE9zgFXmKf62Y4&_nc_ad=z-m&_nc_cid=0&_nc_zt=23&_nc_ht=instagram.fsdu8-1.fna&_nc_gid=vkiSU0x1de3V20jVGy3TNw&oh=00_AfvJxIrB81A9k45AixDgoCTYIFlYBNQLsFSPT9r_vGc_fA&oe=6986D3AE
https://instagram.fsdu8-1.fna.fbcdn.net/v/t51.82787-15/621824810_18438984295107258_6666990225757241758_n.jpg?stp=dst-jpg_e35_p640x640_sh0.08_tt6&_nc_cat=111&ig_cache_key=MzgxNzI2NDY4MjY4NDU1MjczMA%3D%3D.3-ccb7-5&ccb=7-5&_nc_sid=58cdad&efg=eyJ2ZW5jb2RlX3RhZyI6InhwaWRzLjk4OHgxMjM0LnNkci5DMyJ9&_nc_ohc=Vx8WE55zyr0Q7kNvwE-D3IG&_nc_oc=AdkAWX-K2BNtrxYkrHGFyQPOaNTZBWdDKsY_apu31YfgiAXCNmP2k2F-aeBubFFWAzjIhSO4xDgE9zgFXmKf62Y4&_nc_ad=z-m&_nc_cid=0&_nc_zt=23&_nc_ht=instagram.fsdu8-1.fna&_nc_gid=vkiSU0x1de3V20jVGy3TNw&oh=00_Afui7ejZbM36Tn6R3TRShyCgGZdRU1lBVh-0-em0iuq1Hg&oe=6986D3AE
https://instagram.fsdu8-1.fna.fbcdn.net/v/t51.82787-15/621824810_18438984295107258_6666990225757241758_n.jpg?stp=dst-jpg_e35_p480x480_tt6&_nc_cat=111&ig_cache_key=MzgxNzI2NDY4MjY4NDU1MjczMA%3D%3D.3-ccb7-5&ccb=7-5&_nc_sid=58cdad&efg=eyJ2ZW5jb2RlX3RhZyI6InhwaWRzLjk4OHgxMjM0LnNkci5DMyJ9&_nc_ohc=Vx8WE55zyr0Q7kNvwE-D3IG&_nc_oc=AdkAWX-K2BNtrxYkrHGFyQPOaNTZBWdDKsY_apu31YfgiAXCNmP2k2F-aeBubFFWAzjIhSO4xDgE9zgFXmKf62Y4&_nc_ad=z-m&_nc_cid=0&_nc_zt=23&_nc_ht=instagram.fsdu8-1.fna&_nc_gid=vkiSU0x1de3V20jVGy3TNw&oh=00_AfusQLNUe9Sx8m8usDKPhRwMDXfqtIuOTjyxUUtSXLeGjQ&oe=6986D3AE
https://instagram.fsdu8-1.fna.fbcdn.net/v/t51.82787-15/621824810_18438984295107258_6666990225757241758_n.jpg?stp=dst-jpg_e35_p320x320_tt6&_nc_cat=111&ig_cache_key=MzgxNzI2NDY4MjY4NDU1MjczMA%3D%3D.3-ccb7-5&ccb=7-5&_nc_sid=58cdad&efg=eyJ2ZW5jb2RlX3RhZyI6InhwaWRzLjk4OHgxMjM0LnNkci5DMyJ9&_nc_ohc=Vx8WE55zyr0Q7kNvwE-D3IG&_nc_oc=AdkAWX-K2BNtrxYkrHGFyQPOaNTZBWdDKsY_apu31YfgiAXCNmP2k2F-aeBubFFWAzjIhSO4xDgE9zgFXmKf62Y4&_nc_ad=z-m&_nc_cid=0&_nc_zt=23&_nc_ht=instagram.fsdu8-1.fna&_nc_gid=vkiSU0x1de3V20jVGy3TNw&oh=00_Aftfci1IYM5v2O1FWXdUemP99guNDL5m7ENeOA0yLOaItQ&oe=6986D3AE
https://instagram.fsdu8-1.fna.fbcdn.net/v/t51.82787-15/621824810_18438984295107258_6666990225757241758_n.jpg?stp=dst-jpg_e35_p240x240_tt6&_nc_cat=111&ig_cache_key=MzgxNzI2NDY4MjY4NDU1MjczMA%3D%3D.3-ccb7-5&ccb=7-5&_nc_sid=58cdad&efg=eyJ2ZW5jb2RlX3RhZyI6InhwaWRzLjk4OHgxMjM0LnNkci5DMyJ9&_nc_ohc=Vx8WE55zyr0Q7kNvwE-D3IG&_nc_oc=AdkAWX-K2BNtrxYkrHGFyQPOaNTZBWdDKsY_apu31YfgiAXCNmP2k2F-aeBubFFWAzjIhSO4xDgE9zgFXmKf62Y4&_nc_ad=z-m&_nc_cid=0&_nc_zt=23&_nc_ht=instagram.fsdu8-1.fna&_nc_gid=vkiSU0x1de3V20jVGy3TNw&oh=00_AfsZ-S6YllrwP9ynPNb2fajVuq0xNi2T2ycB8mk8AQ5bGQ&oe=6986D3AE
https://instagram.fsdu8-1.fna.fbcdn.net/v/t51.82787-15/621824810_18438984295107258_6666990225757241758_n.jpg?stp=c0.123.988.988a_dst-jpg_e35_s988x988_tt6&_nc_cat=111&ig_cache_key=MzgxNzI2NDY4MjY4NDU1MjczMA%3D%3D.3-ccb7-5&ccb=7-5&_nc_sid=58cdad&efg=eyJ2ZW5jb2RlX3RhZyI6InhwaWRzLjk4OHgxMjM0LnNkci5DMyJ9&_nc_ohc=Vx8WE55zyr0Q7kNvwE-D3IG&_nc_oc=AdkAWX-K2BNtrxYkrHGFyQPOaNTZBWdDKsY_apu31YfgiAXCNmP2k2F-aeBubFFWAzjIhSO4xDgE9zgFXmKf62Y4&_nc_ad=z-m&_nc_cid=0&_nc_zt=23&_nc_ht=instagram.fsdu8-1.fna&_nc_gid=vkiSU0x1de3V20jVGy3TNw&oh=00_AfusCCxzg8CrL2CGe88lOsMdW4fRjaL3YYmg6JSACkdvQQ&oe=6986D3AE
https://instagram.fsdu8-1.fna.fbcdn.net/v/t51.82787-15/621824810_18438984295107258_6666990225757241758_n.jpg?stp=c0.123.988.988a_dst-jpg_e35_s750x750_sh0.08_tt6&_nc_cat=111&ig_cache_key=MzgxNzI2NDY4MjY4NDU1MjczMA%3D%3D.3-ccb7-5&ccb=7-5&_nc_sid=58cdad&efg=eyJ2ZW5jb2RlX3RhZyI6InhwaWRzLjk4OHgxMjM0LnNkci5DMyJ9&_nc_ohc=Vx8WE55zyr0Q7kNvwE-D3IG&_nc_oc=AdkAWX-K2BNtrxYkrHGFyQPOaNTZBWdDKsY_apu31YfgiAXCNmP2k2F-aeBubFFWAzjIhSO4xDgE9zgFXmKf62Y4&_nc_ad=z-m&_nc_cid=0&_nc_zt=23&_nc_ht=instagram.fsdu8-1.fna&_nc_gid=vkiSU0x1de3V20jVGy3TNw&oh=00_Afu70W7NAR_vGpdToO77rKoWWlQEfPIRApGiLc5W-KX7Vg&oe=6986D3AE
https://instagram.fsdu8-1.fna.fbcdn.net/v/t51.82787-15/621824810_18438984295107258_6666990225757241758_n.jpg?stp=c0.123.988.988a_dst-jpg_e35_s640x640_sh0.08_tt6&_nc_cat=111&ig_cache_key=MzgxNzI2NDY4MjY4NDU1MjczMA%3D%3D.3-ccb7-5&ccb=7-5&_nc_sid=58cdad&efg=eyJ2ZW5jb2RlX3RhZyI6InhwaWRzLjk4OHgxMjM0LnNkci5DMyJ9&_nc_ohc=Vx8WE55zyr0Q7kNvwE-D3IG&_nc_oc=AdkAWX-K2BNtrxYkrHGFyQPOaNTZBWdDKsY_apu31YfgiAXCNmP2k2F-aeBubFFWAzjIhSO4xDgE9zgFXmKf62Y4&_nc_ad=z-m&_nc_cid=0&_nc_zt=23&_nc_ht=instagram.fsdu8-1.fna&_nc_gid=vkiSU0x1de3V20jVGy3TNw&oh=00_Afs_XZEO4TtUSRB7x7DHNwzaoZ6DzY28zxd_3F8VbiKo5w&oe=6986D3AE
https://instagram.fsdu8-1.fna.fbcdn.net/v/t51.82787-15/621824810_18438984295107258_6666990225757241758_n.jpg?stp=c0.123.988.988a_dst-jpg_e35_s480x480_tt6&_nc_cat=111&ig_cache_key=MzgxNzI2NDY4MjY4NDU1MjczMA%3D%3D.3-ccb7-5&ccb=7-5&_nc_sid=58cdad&efg=eyJ2ZW5jb2RlX3RhZyI6InhwaWRzLjk4OHgxMjM0LnNkci5DMyJ9&_nc_ohc=Vx8WE55zyr0Q7kNvwE-D3IG&_nc_oc=AdkAWX-K2BNtrxYkrHGFyQPOaNTZBWdDKsY_apu31YfgiAXCNmP2k2F-aeBubFFWAzjIhSO4xDgE9zgFXmKf62Y4&_nc_ad=z-m&_nc_cid=0&_nc_zt=23&_nc_ht=instagram.fsdu8-1.fna&_nc_gid=vkiSU0x1de3V20jVGy3TNw&oh=00_AfsY-JfTzqmI4StHIE_mBaIuzKP8gxn7mgezMtuvZLP6VQ&oe=6986D3AE
https://instagram.fsdu8-1.fna.fbcdn.net/v/t51.82787-15/621824810_18438984295107258_6666990225757241758_n.jpg?stp=c0.123.988.988a_dst-jpg_e35_s320x320_tt6&_nc_cat=111&ig_cache_key=MzgxNzI2NDY4MjY4NDU1MjczMA%3D%3D.3-ccb7-5&ccb=7-5&_nc_sid=58cdad&efg=eyJ2ZW5jb2RlX3RhZyI6InhwaWRzLjk4OHgxMjM0LnNkci5DMyJ9&_nc_ohc=Vx8WE55zyr0Q7kNvwE-D3IG&_nc_oc=AdkAWX-K2BNtrxYkrHGFyQPOaNTZBWdDKsY_apu31YfgiAXCNmP2k2F-aeBubFFWAzjIhSO4xDgE9zgFXmKf62Y4&_nc_ad=z-m&_nc_cid=0&_nc_zt=23&_nc_ht=instagram.fsdu8-1.fna&_nc_gid=vkiSU0x1de3V20jVGy3TNw&oh=00_AfueqPUS9EQSk7qyz0Lr_r9wjQzBDwtYDK-vwRXRLjp8LA&oe=6986D3AE
https://instagram.fsdu8-1.fna.fbcdn.net/v/t51.82787-15/621824810_18438984295107258_6666990225757241758_n.jpg?stp=c0.123.988.988a_dst-jpg_e35_s240x240_tt6&_nc_cat=111&ig_cache_key=MzgxNzI2NDY4MjY4NDU1MjczMA%3D%3D.3-ccb7-5&ccb=7-5&_nc_sid=58cdad&efg=eyJ2ZW5jb2RlX3RhZyI6InhwaWRzLjk4OHgxMjM0LnNkci5DMyJ9&_nc_ohc=Vx8WE55zyr0Q7kNvwE-D3IG&_nc_oc=AdkAWX-K2BNtrxYkrHGFyQPOaNTZBWdDKsY_apu31YfgiAXCNmP2k2F-aeBubFFWAzjIhSO4xDgE9zgFXmKf62Y4&_nc_ad=z-m&_nc_cid=0&_nc_zt=23&_nc_ht=instagram.fsdu8-1.fna&_nc_gid=vkiSU0x1de3V20jVGy3TNw&oh=00_AftvV4meFjCv7awz_G7K8kR60nhtyO7yyiSrF-v01jgfEg&oe=6986D3AE
https://instagram.fsdu8-1.fna.fbcdn.net/v/t51.82787-15/621824810_18438984295107258_6666990225757241758_n.jpg?stp=c0.123.988.988a_dst-jpg_e35_s150x150_tt6&_nc_cat=111&ig_cache_key=MzgxNzI2NDY4MjY4NDU1MjczMA%3D%3D.3-ccb7-5&ccb=7-5&_nc_sid=58cdad&efg=eyJ2ZW5jb2RlX3RhZyI6InhwaWRzLjk4OHgxMjM0LnNkci5DMyJ9&_nc_ohc=Vx8WE55zyr0Q7kNvwE-D3IG&_nc_oc=AdkAWX-K2BNtrxYkrHGFyQPOaNTZBWdDKsY_apu31YfgiAXCNmP2k2F-aeBubFFWAzjIhSO4xDgE9zgFXmKf62Y4&_nc_ad=z-m&_nc_cid=0&_nc_zt=23&_nc_ht=instagram.fsdu8-1.fna&_nc_gid=vkiSU0x1de3V20jVGy3TNw&oh=00_Afus6S4ClBmv35_yXi6wMTL-mp7Dazqn__TwXOjAEGPMIQ&oe=6986D3AE",NA,NO,NO,NA,NA,3194347257,eliasmkjabbour,NA,NA,NA,NA,NA,NA,Autenticidade,Expressa Autenticidade.,45.1612903225806,54.8387096774194,12.0967741935484,12.9032258064516,8.06451612903226,20.9677419354839,4.83870967741935,13.7096774193548,4.83870967741935,22.5806451612903
postagem_37,3816496844210307584,DT266i9jgIZ,"Fri, 23 Jan 2026 15:25:41 GMT",2026-01-23T03:00:00Z,1769181941,Trump e o conselho nazista de paz em Gaza.,NA,4235,145,https://www.instagram.com/p/DT266i9jgIZ/,https://instagram.fsdu8-2.fna.fbcdn.net/v/t51.71878-15/620862479_1577318760058802_6231931069599931314_n.jpg?stp=dst-jpegr_e15_tt6&_nc_cat=109&ig_cache_key=MzgxNjQ5Njg0NDIxMDMwNzYwOQ%3D%3D.3-ccb7-5&ccb=7-5&_nc_sid=58cdad&efg=eyJ2ZW5jb2RlX3RhZyI6InhwaWRzLjY0MHgxMTM2Lmhkci5DMyJ9&_nc_ohc=rER9QZ-gHW4Q7kNvwE4C1cb&_nc_oc=Adk3kTZU26tWb2HjQVcFtGAD27sr-u3_DHNuD1sDhnhZyd5MwZWAWVCecp1lzgmrviqk-uWv7IM7HMPB4vuoazWY&_nc_ad=z-m&_nc_cid=0&_nc_zt=23&se=-1&_nc_ht=instagram.fsdu8-2.fna&_nc_gid=vkiSU0x1de3V20jVGy3TNw&oh=00_AfuSD1JSLCtyXNoXG53pBcpcRabt1SrUlI4ll7u02Ns6qw&oe=6986E3A1,https://instagram.fsdu8-2.fna.fbcdn.net/v/t51.71878-15/620862479_1577318760058802_6231931069599931314_n.jpg?stp=dst-jpegr_e15_tt6&_nc_cat=109&ig_cache_key=MzgxNjQ5Njg0NDIxMDMwNzYwOQ%3D%3D.3-ccb7-5&ccb=7-5&_nc_sid=58cdad&efg=eyJ2ZW5jb2RlX3RhZyI6InhwaWRzLjY0MHgxMTM2Lmhkci5DMyJ9&_nc_ohc=rER9QZ-gHW4Q7kNvwE4C1cb&_nc_oc=Adk3kTZU26tWb2HjQVcFtGAD27sr-u3_DHNuD1sDhnhZyd5MwZWAWVCecp1lzgmrviqk-uWv7IM7HMPB4vuoazWY&_nc_ad=z-m&_nc_cid=0&_nc_zt=23&se=-1&_nc_ht=instagram.fsdu8-2.fna&_nc_gid=vkiSU0x1de3V20jVGy3TNw&oh=00_AfuSD1JSLCtyXNoXG53pBcpcRabt1SrUlI4ll7u02Ns6qw&oe=6986E3A1,"https://instagram.fsdu8-2.fna.fbcdn.net/v/t51.71878-15/620862479_1577318760058802_6231931069599931314_n.jpg?stp=dst-jpegr_e15_tt6&_nc_cat=109&ig_cache_key=MzgxNjQ5Njg0NDIxMDMwNzYwOQ%3D%3D.3-ccb7-5&ccb=7-5&_nc_sid=58cdad&efg=eyJ2ZW5jb2RlX3RhZyI6InhwaWRzLjY0MHgxMTM2Lmhkci5DMyJ9&_nc_ohc=rER9QZ-gHW4Q7kNvwE4C1cb&_nc_oc=Adk3kTZU26tWb2HjQVcFtGAD27sr-u3_DHNuD1sDhnhZyd5MwZWAWVCecp1lzgmrviqk-uWv7IM7HMPB4vuoazWY&_nc_ad=z-m&_nc_cid=0&_nc_zt=23&se=-1&_nc_ht=instagram.fsdu8-2.fna&_nc_gid=vkiSU0x1de3V20jVGy3TNw&oh=00_AfuSD1JSLCtyXNoXG53pBcpcRabt1SrUlI4ll7u02Ns6qw&oe=6986E3A1
https://instagram.fsdu8-2.fna.fbcdn.net/v/t51.71878-15/620862479_1577318760058802_6231931069599931314_n.jpg?stp=dst-jpegr_e15_p480x480_tt6&_nc_cat=109&ig_cache_key=MzgxNjQ5Njg0NDIxMDMwNzYwOQ%3D%3D.3-ccb7-5&ccb=7-5&_nc_sid=58cdad&efg=eyJ2ZW5jb2RlX3RhZyI6InhwaWRzLjY0MHgxMTM2Lmhkci5DMyJ9&_nc_ohc=rER9QZ-gHW4Q7kNvwE4C1cb&_nc_oc=Adk3kTZU26tWb2HjQVcFtGAD27sr-u3_DHNuD1sDhnhZyd5MwZWAWVCecp1lzgmrviqk-uWv7IM7HMPB4vuoazWY&_nc_ad=z-m&_nc_cid=0&_nc_zt=23&se=-1&_nc_ht=instagram.fsdu8-2.fna&_nc_gid=vkiSU0x1de3V20jVGy3TNw&oh=00_AfvRphpxZ9olYQ4cZijkhxsIkaJo2oalaFDYUfNqfOr9nw&oe=6986E3A1
https://instagram.fsdu8-2.fna.fbcdn.net/v/t51.71878-15/620862479_1577318760058802_6231931069599931314_n.jpg?stp=dst-jpegr_e15_p320x320_tt6&_nc_cat=109&ig_cache_key=MzgxNjQ5Njg0NDIxMDMwNzYwOQ%3D%3D.3-ccb7-5&ccb=7-5&_nc_sid=58cdad&efg=eyJ2ZW5jb2RlX3RhZyI6InhwaWRzLjY0MHgxMTM2Lmhkci5DMyJ9&_nc_ohc=rER9QZ-gHW4Q7kNvwE4C1cb&_nc_oc=Adk3kTZU26tWb2HjQVcFtGAD27sr-u3_DHNuD1sDhnhZyd5MwZWAWVCecp1lzgmrviqk-uWv7IM7HMPB4vuoazWY&_nc_ad=z-m&_nc_cid=0&_nc_zt=23&se=-1&_nc_ht=instagram.fsdu8-2.fna&_nc_gid=vkiSU0x1de3V20jVGy3TNw&oh=00_Afso2T30-Agj8cnLEJ0MVJvHO29bcny0n3XbMqdEk6VlYA&oe=6986E3A1
https://instagram.fsdu8-2.fna.fbcdn.net/v/t51.71878-15/620862479_1577318760058802_6231931069599931314_n.jpg?stp=dst-jpegr_e15_p240x240_tt6&_nc_cat=109&ig_cache_key=MzgxNjQ5Njg0NDIxMDMwNzYwOQ%3D%3D.3-ccb7-5&ccb=7-5&_nc_sid=58cdad&efg=eyJ2ZW5jb2RlX3RhZyI6InhwaWRzLjY0MHgxMTM2Lmhkci5DMyJ9&_nc_ohc=rER9QZ-gHW4Q7kNvwE4C1cb&_nc_oc=Adk3kTZU26tWb2HjQVcFtGAD27sr-u3_DHNuD1sDhnhZyd5MwZWAWVCecp1lzgmrviqk-uWv7IM7HMPB4vuoazWY&_nc_ad=z-m&_nc_cid=0&_nc_zt=23&se=-1&_nc_ht=instagram.fsdu8-2.fna&_nc_gid=vkiSU0x1de3V20jVGy3TNw&oh=00_AfuiXnmb1uWvmoZiCUARXj-iNifLCd91tN0HSLe7H9HtRw&oe=6986E3A1
https://instagram.fsdu8-2.fna.fbcdn.net/v/t51.71878-15/620862479_1577318760058802_6231931069599931314_n.jpg?stp=c0.248.640.640a_dst-jpegr_e15_s640x639_tt6&_nc_cat=109&ig_cache_key=MzgxNjQ5Njg0NDIxMDMwNzYwOQ%3D%3D.3-ccb7-5&ccb=7-5&_nc_sid=58cdad&efg=eyJ2ZW5jb2RlX3RhZyI6InhwaWRzLjY0MHgxMTM2Lmhkci5DMyJ9&_nc_ohc=rER9QZ-gHW4Q7kNvwE4C1cb&_nc_oc=Adk3kTZU26tWb2HjQVcFtGAD27sr-u3_DHNuD1sDhnhZyd5MwZWAWVCecp1lzgmrviqk-uWv7IM7HMPB4vuoazWY&_nc_ad=z-m&_nc_cid=0&_nc_zt=23&se=-1&_nc_ht=instagram.fsdu8-2.fna&_nc_gid=vkiSU0x1de3V20jVGy3TNw&oh=00_Afstw4mnUstyb4SrKzjfaPXkJEA3GiLqh6kJijltr1425A&oe=6986E3A1
https://instagram.fsdu8-2.fna.fbcdn.net/v/t51.71878-15/620862479_1577318760058802_6231931069599931314_n.jpg?stp=c0.248.640.640a_dst-jpegr_e15_s640x639_tt6&_nc_cat=109&ig_cache_key=MzgxNjQ5Njg0NDIxMDMwNzYwOQ%3D%3D.3-ccb7-5&ccb=7-5&_nc_sid=58cdad&efg=eyJ2ZW5jb2RlX3RhZyI6InhwaWRzLjY0MHgxMTM2Lmhkci5DMyJ9&_nc_ohc=rER9QZ-gHW4Q7kNvwE4C1cb&_nc_oc=Adk3kTZU26tWb2HjQVcFtGAD27sr-u3_DHNuD1sDhnhZyd5MwZWAWVCecp1lzgmrviqk-uWv7IM7HMPB4vuoazWY&_nc_ad=z-m&_nc_cid=0&_nc_zt=23&se=-1&_nc_ht=instagram.fsdu8-2.fna&_nc_gid=vkiSU0x1de3V20jVGy3TNw&oh=00_Afstw4mnUstyb4SrKzjfaPXkJEA3GiLqh6kJijltr1425A&oe=6986E3A1
https://instagram.fsdu8-2.fna.fbcdn.net/v/t51.71878-15/620862479_1577318760058802_6231931069599931314_n.jpg?stp=c0.248.640.640a_dst-jpegr_e15_s640x639_tt6&_nc_cat=109&ig_cache_key=MzgxNjQ5Njg0NDIxMDMwNzYwOQ%3D%3D.3-ccb7-5&ccb=7-5&_nc_sid=58cdad&efg=eyJ2ZW5jb2RlX3RhZyI6InhwaWRzLjY0MHgxMTM2Lmhkci5DMyJ9&_nc_ohc=rER9QZ-gHW4Q7kNvwE4C1cb&_nc_oc=Adk3kTZU26tWb2HjQVcFtGAD27sr-u3_DHNuD1sDhnhZyd5MwZWAWVCecp1lzgmrviqk-uWv7IM7HMPB4vuoazWY&_nc_ad=z-m&_nc_cid=0&_nc_zt=23&se=-1&_nc_ht=instagram.fsdu8-2.fna&_nc_gid=vkiSU0x1de3V20jVGy3TNw&oh=00_Afstw4mnUstyb4SrKzjfaPXkJEA3GiLqh6kJijltr1425A&oe=6986E3A1
https://instagram.fsdu8-2.fna.fbcdn.net/v/t51.71878-15/620862479_1577318760058802_6231931069599931314_n.jpg?stp=c0.248.640.640a_dst-jpegr_e15_s480x480_tt6&_nc_cat=109&ig_cache_key=MzgxNjQ5Njg0NDIxMDMwNzYwOQ%3D%3D.3-ccb7-5&ccb=7-5&_nc_sid=58cdad&efg=eyJ2ZW5jb2RlX3RhZyI6InhwaWRzLjY0MHgxMTM2Lmhkci5DMyJ9&_nc_ohc=rER9QZ-gHW4Q7kNvwE4C1cb&_nc_oc=Adk3kTZU26tWb2HjQVcFtGAD27sr-u3_DHNuD1sDhnhZyd5MwZWAWVCecp1lzgmrviqk-uWv7IM7HMPB4vuoazWY&_nc_ad=z-m&_nc_cid=0&_nc_zt=23&se=-1&_nc_ht=instagram.fsdu8-2.fna&_nc_gid=vkiSU0x1de3V20jVGy3TNw&oh=00_Afs9SnONsQRi8wg2Q0ktXDoqPmovNJgie4tDad4kP2NWrg&oe=6986E3A1
https://instagram.fsdu8-2.fna.fbcdn.net/v/t51.71878-15/620862479_1577318760058802_6231931069599931314_n.jpg?stp=c0.248.640.640a_dst-jpegr_e15_s320x320_tt6&_nc_cat=109&ig_cache_key=MzgxNjQ5Njg0NDIxMDMwNzYwOQ%3D%3D.3-ccb7-5&ccb=7-5&_nc_sid=58cdad&efg=eyJ2ZW5jb2RlX3RhZyI6InhwaWRzLjY0MHgxMTM2Lmhkci5DMyJ9&_nc_ohc=rER9QZ-gHW4Q7kNvwE4C1cb&_nc_oc=Adk3kTZU26tWb2HjQVcFtGAD27sr-u3_DHNuD1sDhnhZyd5MwZWAWVCecp1lzgmrviqk-uWv7IM7HMPB4vuoazWY&_nc_ad=z-m&_nc_cid=0&_nc_zt=23&se=-1&_nc_ht=instagram.fsdu8-2.fna&_nc_gid=vkiSU0x1de3V20jVGy3TNw&oh=00_AfujbQBSm5vFV82juTKQ4lKTpzwcm_vPC4Oh3KlI7GmgzQ&oe=6986E3A1
https://instagram.fsdu8-2.fna.fbcdn.net/v/t51.71878-15/620862479_1577318760058802_6231931069599931314_n.jpg?stp=c0.248.640.640a_dst-jpegr_e15_s240x240_tt6&_nc_cat=109&ig_cache_key=MzgxNjQ5Njg0NDIxMDMwNzYwOQ%3D%3D.3-ccb7-5&ccb=7-5&_nc_sid=58cdad&efg=eyJ2ZW5jb2RlX3RhZyI6InhwaWRzLjY0MHgxMTM2Lmhkci5DMyJ9&_nc_ohc=rER9QZ-gHW4Q7kNvwE4C1cb&_nc_oc=Adk3kTZU26tWb2HjQVcFtGAD27sr-u3_DHNuD1sDhnhZyd5MwZWAWVCecp1lzgmrviqk-uWv7IM7HMPB4vuoazWY&_nc_ad=z-m&_nc_cid=0&_nc_zt=23&se=-1&_nc_ht=instagram.fsdu8-2.fna&_nc_gid=vkiSU0x1de3V20jVGy3TNw&oh=00_AfsWYmb9h0jwiVh11FUmXfG0pHkqzUBLld62Jvw-frXsKQ&oe=6986E3A1
https://instagram.fsdu8-2.fna.fbcdn.net/v/t51.71878-15/620862479_1577318760058802_6231931069599931314_n.jpg?stp=c0.248.640.640a_dst-jpegr_e15_s150x150_tt6&_nc_cat=109&ig_cache_key=MzgxNjQ5Njg0NDIxMDMwNzYwOQ%3D%3D.3-ccb7-5&ccb=7-5&_nc_sid=58cdad&efg=eyJ2ZW5jb2RlX3RhZyI6InhwaWRzLjY0MHgxMTM2Lmhkci5DMyJ9&_nc_ohc=rER9QZ-gHW4Q7kNvwE4C1cb&_nc_oc=Adk3kTZU26tWb2HjQVcFtGAD27sr-u3_DHNuD1sDhnhZyd5MwZWAWVCecp1lzgmrviqk-uWv7IM7HMPB4vuoazWY&_nc_ad=z-m&_nc_cid=0&_nc_zt=23&se=-1&_nc_ht=instagram.fsdu8-2.fna&_nc_gid=vkiSU0x1de3V20jVGy3TNw&oh=00_AfuQT-lmZ5ey43tpD2oYrrKWe5sOIcoVi0PdhHj8pLxYuw&oe=6986E3A1",NA,NO,YES,https://instagram.fsdu8-2.fna.fbcdn.net/o1/v/t16/f2/m69/AQNiEoZHl4RJLSkFHSFIHhvZ9IeLlrGUtnkR12vit84vjFBXmw09jZ71DlfxipGl1ltVRSPRXKdfC4a1urjk9yaR.mp4?strext=1&_nc_cat=103&_nc_oc=AdlycKmxi0FI11i2GGAYUEuDOJZpnX_ZlOWwaupuPJy5_1B7v0sF1eQU_1O0GUu7XHKaz1chv3y9rhTpMteq2edq&_nc_sid=5e9851&_nc_ht=instagram.fsdu8-2.fna.fbcdn.net&_nc_ohc=2noxo3URvGEQ7kNvwG1IkIh&efg=eyJ2ZW5jb2RlX3RhZyI6Inhwdl9wcm9ncmVzc2l2ZS5JTlNUQUdSQU0uQ0xJUFMuQzMuNzIwLmRhc2hfYmFzZWxpbmVfMV92MSIsInhwdl9hc3NldF9pZCI6MTc5Mzk5MTAzOTAxMjg1MDgsImFzc2V0X2FnZV9kYXlzIjoxMCwidmlfdXNlY2FzZV9pZCI6MTAwOTksImR1cmF0aW9uX3MiOjE1OCwidXJsZ2VuX3NvdXJjZSI6Ind3dyJ9&ccb=17-1&_nc_gid=vkiSU0x1de3V20jVGy3TNw&_nc_zt=28&vs=bfcb3f57677cbe18&_nc_vs=HBksFQIYOnBhc3N0aHJvdWdoX2V2ZXJzdG9yZS9HTDByNlNUNWhWbzVfelVEQU1FTEZ4aVZlQjVCYnNwVEFRQUYVAALIARIAFQIYUWlnX3hwdl9wbGFjZW1lbnRfcGVybWFuZW50X3YyL0VENDc4OTYwQzBEMDlGRDQ2QjY5NzU3QTU2RDMwRjhFX2F1ZGlvX2Rhc2hpbml0Lm1wNBUCAsgBEgAoABgAGwKIB3VzZV9vaWwBMRJwcm9ncmVzc2l2ZV9yZWNpcGUBMRUAACb4_dihnJDePxUCKAJDMywXQGPSHKwIMScYEmRhc2hfYmFzZWxpbmVfMV92MREAdf4HZeadAQA&oh=00_AfuOodvfJjK0m3a2hwT5IuTygDfSiX6-1znGyHsjhfPNJg&oe=6986DAF9,NA,3194347257,eliasmkjabbour,NA,Rio de Janeiro,NA,NA,-22.908,-43.1975,Autenticidade,Expressa Autenticidade.,46.2962962962963,53.7037037037037,10.1851851851852,9.25925925925926,12.037037037037,19.4444444444444,14.8148148148148,12.037037037037,2.77777777777778,19.4444444444444
postagem_36,3816036804215054336,DT1SUFVDh86,"Fri, 23 Jan 2026 00:10:51 GMT",2026-01-23T03:00:00Z,1769127051,Bolsonarista cristão está preocupado com o navio hospital da China atracado no Rio de Janeiro e chama de cavalo de troia.😯👻,NA,49471,3385,https://www.instagram.com/p/DT1SUFVDh86/,https://instagram.fsdu8-1.fna.fbcdn.net/v/t51.82787-15/620441955_18059842205657943_2897133838332786767_n.jpg?stp=dst-jpg_e15_tt6&_nc_cat=104&ig_cache_key=MzgxNjAzNjgwNDIxNTA1NDEzODE4MDU5ODQyMjAyNjU3OTQz.3-ccb7-5&ccb=7-5&_nc_sid=58cdad&efg=eyJ2ZW5jb2RlX3RhZyI6InhwaWRzLjU0MHg5NjAuc2RyLkMzIn0%3D&_nc_ohc=Dq9Rz-IzLBMQ7kNvwHP6X5g&_nc_oc=AdnS_ozKOPv-P0kSt3shH04d-waIrOsU1EPp-S0L97dfdA6NuMprj-iCrItNQplPp-weC9AgcXeqH_3AajUOFQEO&_nc_ad=z-m&_nc_cid=0&_nc_zt=23&_nc_ht=instagram.fsdu8-1.fna&_nc_gid=vkiSU0x1de3V20jVGy3TNw&oh=00_AfuqtDTkTKYXE2aLrpo9e6qahgKzvbT7VFI6tggebqKONg&oe=6986E153,https://instagram.fsdu8-1.fna.fbcdn.net/v/t51.82787-15/620441955_18059842205657943_2897133838332786767_n.jpg?stp=dst-jpg_e15_tt6&_nc_cat=104&ig_cache_key=MzgxNjAzNjgwNDIxNTA1NDEzODE4MDU5ODQyMjAyNjU3OTQz.3-ccb7-5&ccb=7-5&_nc_sid=58cdad&efg=eyJ2ZW5jb2RlX3RhZyI6InhwaWRzLjU0MHg5NjAuc2RyLkMzIn0%3D&_nc_ohc=Dq9Rz-IzLBMQ7kNvwHP6X5g&_nc_oc=AdnS_ozKOPv-P0kSt3shH04d-waIrOsU1EPp-S0L97dfdA6NuMprj-iCrItNQplPp-weC9AgcXeqH_3AajUOFQEO&_nc_ad=z-m&_nc_cid=0&_nc_zt=23&_nc_ht=instagram.fsdu8-1.fna&_nc_gid=vkiSU0x1de3V20jVGy3TNw&oh=00_AfuqtDTkTKYXE2aLrpo9e6qahgKzvbT7VFI6tggebqKONg&oe=6986E153,"https://instagram.fsdu8-1.fna.fbcdn.net/v/t51.82787-15/620441955_18059842205657943_2897133838332786767_n.jpg?stp=dst-jpg_e15_tt6&_nc_cat=104&ig_cache_key=MzgxNjAzNjgwNDIxNTA1NDEzODE4MDU5ODQyMjAyNjU3OTQz.3-ccb7-5&ccb=7-5&_nc_sid=58cdad&efg=eyJ2ZW5jb2RlX3RhZyI6InhwaWRzLjU0MHg5NjAuc2RyLkMzIn0%3D&_nc_ohc=Dq9Rz-IzLBMQ7kNvwHP6X5g&_nc_oc=AdnS_ozKOPv-P0kSt3shH04d-waIrOsU1EPp-S0L97dfdA6NuMprj-iCrItNQplPp-weC9AgcXeqH_3AajUOFQEO&_nc_ad=z-m&_nc_cid=0&_nc_zt=23&_nc_ht=instagram.fsdu8-1.fna&_nc_gid=vkiSU0x1de3V20jVGy3TNw&oh=00_AfuqtDTkTKYXE2aLrpo9e6qahgKzvbT7VFI6tggebqKONg&oe=6986E153
https://instagram.fsdu8-1.fna.fbcdn.net/v/t51.82787-15/620441955_18059842205657943_2897133838332786767_n.jpg?stp=dst-jpg_e15_p480x480_tt6&_nc_cat=104&ig_cache_key=MzgxNjAzNjgwNDIxNTA1NDEzODE4MDU5ODQyMjAyNjU3OTQz.3-ccb7-5&ccb=7-5&_nc_sid=58cdad&efg=eyJ2ZW5jb2RlX3RhZyI6InhwaWRzLjU0MHg5NjAuc2RyLkMzIn0%3D&_nc_ohc=Dq9Rz-IzLBMQ7kNvwHP6X5g&_nc_oc=AdnS_ozKOPv-P0kSt3shH04d-waIrOsU1EPp-S0L97dfdA6NuMprj-iCrItNQplPp-weC9AgcXeqH_3AajUOFQEO&_nc_ad=z-m&_nc_cid=0&_nc_zt=23&_nc_ht=instagram.fsdu8-1.fna&_nc_gid=vkiSU0x1de3V20jVGy3TNw&oh=00_AftRbNubJKIV-Km45GsNBSIlasFSTeug9rpY3WMwJTo8Ag&oe=6986E153
https://instagram.fsdu8-1.fna.fbcdn.net/v/t51.82787-15/620441955_18059842205657943_2897133838332786767_n.jpg?stp=dst-jpg_e15_p320x320_tt6&_nc_cat=104&ig_cache_key=MzgxNjAzNjgwNDIxNTA1NDEzODE4MDU5ODQyMjAyNjU3OTQz.3-ccb7-5&ccb=7-5&_nc_sid=58cdad&efg=eyJ2ZW5jb2RlX3RhZyI6InhwaWRzLjU0MHg5NjAuc2RyLkMzIn0%3D&_nc_ohc=Dq9Rz-IzLBMQ7kNvwHP6X5g&_nc_oc=AdnS_ozKOPv-P0kSt3shH04d-waIrOsU1EPp-S0L97dfdA6NuMprj-iCrItNQplPp-weC9AgcXeqH_3AajUOFQEO&_nc_ad=z-m&_nc_cid=0&_nc_zt=23&_nc_ht=instagram.fsdu8-1.fna&_nc_gid=vkiSU0x1de3V20jVGy3TNw&oh=00_AftewGbgerPIYeqpvvPCAaCSNasdwsNe8aNfuyrhrpgQLw&oe=6986E153
https://instagram.fsdu8-1.fna.fbcdn.net/v/t51.82787-15/620441955_18059842205657943_2897133838332786767_n.jpg?stp=dst-jpg_e15_p240x240_tt6&_nc_cat=104&ig_cache_key=MzgxNjAzNjgwNDIxNTA1NDEzODE4MDU5ODQyMjAyNjU3OTQz.3-ccb7-5&ccb=7-5&_nc_sid=58cdad&efg=eyJ2ZW5jb2RlX3RhZyI6InhwaWRzLjU0MHg5NjAuc2RyLkMzIn0%3D&_nc_ohc=Dq9Rz-IzLBMQ7kNvwHP6X5g&_nc_oc=AdnS_ozKOPv-P0kSt3shH04d-waIrOsU1EPp-S0L97dfdA6NuMprj-iCrItNQplPp-weC9AgcXeqH_3AajUOFQEO&_nc_ad=z-m&_nc_cid=0&_nc_zt=23&_nc_ht=instagram.fsdu8-1.fna&_nc_gid=vkiSU0x1de3V20jVGy3TNw&oh=00_AfuzxgSEaaFSBZ_DZ-sjd6gZOwtk5COgBrxZyjY_2ccy-g&oe=6986E153
https://instagram.fsdu8-1.fna.fbcdn.net/v/t51.82787-15/620441955_18059842205657943_2897133838332786767_n.jpg?stp=c0.210.540.540a_dst-jpg_e15_s540x540_tt6&_nc_cat=104&ig_cache_key=MzgxNjAzNjgwNDIxNTA1NDEzODE4MDU5ODQyMjAyNjU3OTQz.3-ccb7-5&ccb=7-5&_nc_sid=58cdad&efg=eyJ2ZW5jb2RlX3RhZyI6InhwaWRzLjU0MHg5NjAuc2RyLkMzIn0%3D&_nc_ohc=Dq9Rz-IzLBMQ7kNvwHP6X5g&_nc_oc=AdnS_ozKOPv-P0kSt3shH04d-waIrOsU1EPp-S0L97dfdA6NuMprj-iCrItNQplPp-weC9AgcXeqH_3AajUOFQEO&_nc_ad=z-m&_nc_cid=0&_nc_zt=23&_nc_ht=instagram.fsdu8-1.fna&_nc_gid=vkiSU0x1de3V20jVGy3TNw&oh=00_AftmxIqPuSyRIE6HvMY_z2eQ4FMfe6GGiDTuFzp2yHlTRA&oe=6986E153
https://instagram.fsdu8-1.fna.fbcdn.net/v/t51.82787-15/620441955_18059842205657943_2897133838332786767_n.jpg?stp=c0.210.540.540a_dst-jpg_e15_s540x540_tt6&_nc_cat=104&ig_cache_key=MzgxNjAzNjgwNDIxNTA1NDEzODE4MDU5ODQyMjAyNjU3OTQz.3-ccb7-5&ccb=7-5&_nc_sid=58cdad&efg=eyJ2ZW5jb2RlX3RhZyI6InhwaWRzLjU0MHg5NjAuc2RyLkMzIn0%3D&_nc_ohc=Dq9Rz-IzLBMQ7kNvwHP6X5g&_nc_oc=AdnS_ozKOPv-P0kSt3shH04d-waIrOsU1EPp-S0L97dfdA6NuMprj-iCrItNQplPp-weC9AgcXeqH_3AajUOFQEO&_nc_ad=z-m&_nc_cid=0&_nc_zt=23&_nc_ht=instagram.fsdu8-1.fna&_nc_gid=vkiSU0x1de3V20jVGy3TNw&oh=00_AftmxIqPuSyRIE6HvMY_z2eQ4FMfe6GGiDTuFzp2yHlTRA&oe=6986E153
https://instagram.fsdu8-1.fna.fbcdn.net/v/t51.82787-15/620441955_18059842205657943_2897133838332786767_n.jpg?stp=c0.210.540.540a_dst-jpg_e15_s540x540_tt6&_nc_cat=104&ig_cache_key=MzgxNjAzNjgwNDIxNTA1NDEzODE4MDU5ODQyMjAyNjU3OTQz.3-ccb7-5&ccb=7-5&_nc_sid=58cdad&efg=eyJ2ZW5jb2RlX3RhZyI6InhwaWRzLjU0MHg5NjAuc2RyLkMzIn0%3D&_nc_ohc=Dq9Rz-IzLBMQ7kNvwHP6X5g&_nc_oc=AdnS_ozKOPv-P0kSt3shH04d-waIrOsU1EPp-S0L97dfdA6NuMprj-iCrItNQplPp-weC9AgcXeqH_3AajUOFQEO&_nc_ad=z-m&_nc_cid=0&_nc_zt=23&_nc_ht=instagram.fsdu8-1.fna&_nc_gid=vkiSU0x1de3V20jVGy3TNw&oh=00_AftmxIqPuSyRIE6HvMY_z2eQ4FMfe6GGiDTuFzp2yHlTRA&oe=6986E153
https://instagram.fsdu8-1.fna.fbcdn.net/v/t51.82787-15/620441955_18059842205657943_2897133838332786767_n.jpg?stp=c0.210.540.540a_dst-jpg_e15_s480x480_tt6&_nc_cat=104&ig_cache_key=MzgxNjAzNjgwNDIxNTA1NDEzODE4MDU5ODQyMjAyNjU3OTQz.3-ccb7-5&ccb=7-5&_nc_sid=58cdad&efg=eyJ2ZW5jb2RlX3RhZyI6InhwaWRzLjU0MHg5NjAuc2RyLkMzIn0%3D&_nc_ohc=Dq9Rz-IzLBMQ7kNvwHP6X5g&_nc_oc=AdnS_ozKOPv-P0kSt3shH04d-waIrOsU1EPp-S0L97dfdA6NuMprj-iCrItNQplPp-weC9AgcXeqH_3AajUOFQEO&_nc_ad=z-m&_nc_cid=0&_nc_zt=23&_nc_ht=instagram.fsdu8-1.fna&_nc_gid=vkiSU0x1de3V20jVGy3TNw&oh=00_AfvUFi-CQzFWATMjlYPoEiTy_VlDy61jBH44R_rl8xdD7Q&oe=6986E153
https://instagram.fsdu8-1.fna.fbcdn.net/v/t51.82787-15/620441955_18059842205657943_2897133838332786767_n.jpg?stp=c0.210.540.540a_dst-jpg_e15_s320x320_tt6&_nc_cat=104&ig_cache_key=MzgxNjAzNjgwNDIxNTA1NDEzODE4MDU5ODQyMjAyNjU3OTQz.3-ccb7-5&ccb=7-5&_nc_sid=58cdad&efg=eyJ2ZW5jb2RlX3RhZyI6InhwaWRzLjU0MHg5NjAuc2RyLkMzIn0%3D&_nc_ohc=Dq9Rz-IzLBMQ7kNvwHP6X5g&_nc_oc=AdnS_ozKOPv-P0kSt3shH04d-waIrOsU1EPp-S0L97dfdA6NuMprj-iCrItNQplPp-weC9AgcXeqH_3AajUOFQEO&_nc_ad=z-m&_nc_cid=0&_nc_zt=23&_nc_ht=instagram.fsdu8-1.fna&_nc_gid=vkiSU0x1de3V20jVGy3TNw&oh=00_AfuMAZGDdYop0G9Xn57yep4XZCJqqR-8Igb4r273xWSBXw&oe=6986E153
https://instagram.fsdu8-1.fna.fbcdn.net/v/t51.82787-15/620441955_18059842205657943_2897133838332786767_n.jpg?stp=c0.210.540.540a_dst-jpg_e15_s240x240_tt6&_nc_cat=104&ig_cache_key=MzgxNjAzNjgwNDIxNTA1NDEzODE4MDU5ODQyMjAyNjU3OTQz.3-ccb7-5&ccb=7-5&_nc_sid=58cdad&efg=eyJ2ZW5jb2RlX3RhZyI6InhwaWRzLjU0MHg5NjAuc2RyLkMzIn0%3D&_nc_ohc=Dq9Rz-IzLBMQ7kNvwHP6X5g&_nc_oc=AdnS_ozKOPv-P0kSt3shH04d-waIrOsU1EPp-S0L97dfdA6NuMprj-iCrItNQplPp-weC9AgcXeqH_3AajUOFQEO&_nc_ad=z-m&_nc_cid=0&_nc_zt=23&_nc_ht=instagram.fsdu8-1.fna&_nc_gid=vkiSU0x1de3V20jVGy3TNw&oh=00_Afv8cxZ9nv6QQ5a205qnzPRMqZo6f-vrfwEKM893AFG32w&oe=6986E153
https://instagram.fsdu8-1.fna.fbcdn.net/v/t51.82787-15/620441955_18059842205657943_2897133838332786767_n.jpg?stp=c0.210.540.540a_dst-jpg_e15_s150x150_tt6&_nc_cat=104&ig_cache_key=MzgxNjAzNjgwNDIxNTA1NDEzODE4MDU5ODQyMjAyNjU3OTQz.3-ccb7-5&ccb=7-5&_nc_sid=58cdad&efg=eyJ2ZW5jb2RlX3RhZyI6InhwaWRzLjU0MHg5NjAuc2RyLkMzIn0%3D&_nc_ohc=Dq9Rz-IzLBMQ7kNvwHP6X5g&_nc_oc=AdnS_ozKOPv-P0kSt3shH04d-waIrOsU1EPp-S0L97dfdA6NuMprj-iCrItNQplPp-weC9AgcXeqH_3AajUOFQEO&_nc_ad=z-m&_nc_cid=0&_nc_zt=23&_nc_ht=instagram.fsdu8-1.fna&_nc_gid=vkiSU0x1de3V20jVGy3TNw&oh=00_AftzlBkDQbezAPNoOi1A3DXHpwweMQu4AjF0_CAsf2nJvQ&oe=6986E153",NA,NO,YES,https://instagram.fsdu8-1.fna.fbcdn.net/o1/v/t2/f2/m86/AQPu6Nwggsd3LTzrCGENHkgwR5ZzxGdt22hrKzaNaO1qB-nHuC6zp6XchdCu_nMI1zaNSggiy6WOmyAc4QTWeZoTpEO8enlch5iLLkk.mp4?_nc_cat=101&_nc_oc=AdntXyhcXTjsxh9EU4wDj2AOUPZ_PAws5e7nvmK0kuQz14fbxyXMMLClAdOyImg5IJlE9B905w4UMKLqHtDhABGd&_nc_sid=5e9851&_nc_ht=instagram.fsdu8-1.fna.fbcdn.net&_nc_ohc=1pf-Pk5Uq5YQ7kNvwGTEFqc&efg=eyJ2ZW5jb2RlX3RhZyI6Inhwdl9wcm9ncmVzc2l2ZS5JTlNUQUdSQU0uQ0xJUFMuQzMuNzIwLmRhc2hfYmFzZWxpbmVfMV92MSIsInhwdl9hc3NldF9pZCI6MzAxNzA5NTcyMTgyMTQxNiwiYXNzZXRfYWdlX2RheXMiOjEwLCJ2aV91c2VjYXNlX2lkIjoxMDgyNywiZHVyYXRpb25fcyI6MTc4LCJ1cmxnZW5fc291cmNlIjoid3d3In0%3D&ccb=17-1&_nc_gid=vkiSU0x1de3V20jVGy3TNw&_nc_zt=28&vs=fb1f41aa44cd79fd&_nc_vs=HBksFQIYUmlnX3hwdl9yZWVsc19wZXJtYW5lbnRfc3JfcHJvZC85QjQyNTc3QTJDRUI2REFDRjY1RTYzMjVDMDU5MDVBMV92aWRlb19kYXNoaW5pdC5tcDQVAALIARIAFQIYUWlnX3hwdl9wbGFjZW1lbnRfcGVybWFuZW50X3YyLzU3NEQ3MUQ4OTQ3Qjg1RDJGNTc5NTUwRTExNTlENzhDX2F1ZGlvX2Rhc2hpbml0Lm1wNBUCAsgBEgAoABgAGwKIB3VzZV9vaWwBMRJwcm9ncmVzc2l2ZV9yZWNpcGUBMRUAACbQk4XsioLcChUCKAJDMywXQGZap--dsi0YEmRhc2hfYmFzZWxpbmVfMV92MREAdf4HZZapAQA&oh=00_AfvH1QaXSsp-gAImTDwGVOjyFO3A7h3_vKpmA_2HD070VA&oe=6982D606,NA,49751353942,oficialalinecamara,NA,Mundo da Lua,NA,NA,-52.244250388967,-23.308118232432,Autoridade,"É um discurso voltado a corrigir interpretações e explicar práticas internacionais, construindo autoridade pelo conhecimento e pela contextualização. Predomina a Competência.",42.4892703862661,57.5107296137339,13.3047210300429,11.587982832618,7.29613733905579,17.5965665236052,7.72532188841202,19.31330472103,3.86266094420601,19.31330472103
postagem_35,3815999018434975232,DT1JuOlDlYU,"Thu, 22 Jan 2026 22:55:53 GMT",2026-01-22T03:00:00Z,1769122553,"Lênin, o humano mais completo que pisou neste planeta",NA,7676,444,https://www.instagram.com/p/DT1JuOlDlYU/,https://instagram.fsdu8-1.fna.fbcdn.net/v/t51.82787-15/621322232_18438743209107258_5510430427349819163_n.jpg?stp=dst-jpg_e35_tt6&_nc_cat=111&ig_cache_key=MzgxNTk5OTAxODQzNDk3NTI1Mg%3D%3D.3-ccb7-5&ccb=7-5&_nc_sid=58cdad&efg=eyJ2ZW5jb2RlX3RhZyI6InhwaWRzLjEyMDF4MTUwMi5zZHIuQzMifQ%3D%3D&_nc_ohc=fr4sbTMBuy8Q7kNvwETxs2F&_nc_oc=AdnnxoUcwDFFdUqul4vBUUXvjrk-DL7A6KNsotFabNaWcNgBoDid52OsjYS_KwEIneeLkembi4XGtrc86ODCm8uE&_nc_ad=z-m&_nc_cid=0&_nc_zt=23&_nc_ht=instagram.fsdu8-1.fna&_nc_gid=vkiSU0x1de3V20jVGy3TNw&oh=00_Afvte4fXX9Sl28ghXuSoHI55ZJ7V8RdnC3cyeE7UBE3uuw&oe=6986E23C,https://instagram.fsdu8-1.fna.fbcdn.net/v/t51.82787-15/621322232_18438743209107258_5510430427349819163_n.jpg?stp=dst-jpg_e35_tt6&_nc_cat=111&ig_cache_key=MzgxNTk5OTAxODQzNDk3NTI1Mg%3D%3D.3-ccb7-5&ccb=7-5&_nc_sid=58cdad&efg=eyJ2ZW5jb2RlX3RhZyI6InhwaWRzLjEyMDF4MTUwMi5zZHIuQzMifQ%3D%3D&_nc_ohc=fr4sbTMBuy8Q7kNvwETxs2F&_nc_oc=AdnnxoUcwDFFdUqul4vBUUXvjrk-DL7A6KNsotFabNaWcNgBoDid52OsjYS_KwEIneeLkembi4XGtrc86ODCm8uE&_nc_ad=z-m&_nc_cid=0&_nc_zt=23&_nc_ht=instagram.fsdu8-1.fna&_nc_gid=vkiSU0x1de3V20jVGy3TNw&oh=00_Afvte4fXX9Sl28ghXuSoHI55ZJ7V8RdnC3cyeE7UBE3uuw&oe=6986E23C,"https://instagram.fsdu8-1.fna.fbcdn.net/v/t51.82787-15/621322232_18438743209107258_5510430427349819163_n.jpg?stp=dst-jpg_e35_tt6&_nc_cat=111&ig_cache_key=MzgxNTk5OTAxODQzNDk3NTI1Mg%3D%3D.3-ccb7-5&ccb=7-5&_nc_sid=58cdad&efg=eyJ2ZW5jb2RlX3RhZyI6InhwaWRzLjEyMDF4MTUwMi5zZHIuQzMifQ%3D%3D&_nc_ohc=fr4sbTMBuy8Q7kNvwETxs2F&_nc_oc=AdnnxoUcwDFFdUqul4vBUUXvjrk-DL7A6KNsotFabNaWcNgBoDid52OsjYS_KwEIneeLkembi4XGtrc86ODCm8uE&_nc_ad=z-m&_nc_cid=0&_nc_zt=23&_nc_ht=instagram.fsdu8-1.fna&_nc_gid=vkiSU0x1de3V20jVGy3TNw&oh=00_Afvte4fXX9Sl28ghXuSoHI55ZJ7V8RdnC3cyeE7UBE3uuw&oe=6986E23C
https://instagram.fsdu8-1.fna.fbcdn.net/v/t51.82787-15/621322232_18438743209107258_5510430427349819163_n.jpg?stp=dst-jpg_e35_p1080x1080_tt6&_nc_cat=111&ig_cache_key=MzgxNTk5OTAxODQzNDk3NTI1Mg%3D%3D.3-ccb7-5&ccb=7-5&_nc_sid=58cdad&efg=eyJ2ZW5jb2RlX3RhZyI6InhwaWRzLjEyMDF4MTUwMi5zZHIuQzMifQ%3D%3D&_nc_ohc=fr4sbTMBuy8Q7kNvwETxs2F&_nc_oc=AdnnxoUcwDFFdUqul4vBUUXvjrk-DL7A6KNsotFabNaWcNgBoDid52OsjYS_KwEIneeLkembi4XGtrc86ODCm8uE&_nc_ad=z-m&_nc_cid=0&_nc_zt=23&_nc_ht=instagram.fsdu8-1.fna&_nc_gid=vkiSU0x1de3V20jVGy3TNw&oh=00_AfuRFXiaTNne4DQ4kaLmrOUfAwLJq3MR5hc5cT9p-yYgXw&oe=6986E23C
https://instagram.fsdu8-1.fna.fbcdn.net/v/t51.82787-15/621322232_18438743209107258_5510430427349819163_n.jpg?stp=dst-jpg_e35_p720x720_tt6&_nc_cat=111&ig_cache_key=MzgxNTk5OTAxODQzNDk3NTI1Mg%3D%3D.3-ccb7-5&ccb=7-5&_nc_sid=58cdad&efg=eyJ2ZW5jb2RlX3RhZyI6InhwaWRzLjEyMDF4MTUwMi5zZHIuQzMifQ%3D%3D&_nc_ohc=fr4sbTMBuy8Q7kNvwETxs2F&_nc_oc=AdnnxoUcwDFFdUqul4vBUUXvjrk-DL7A6KNsotFabNaWcNgBoDid52OsjYS_KwEIneeLkembi4XGtrc86ODCm8uE&_nc_ad=z-m&_nc_cid=0&_nc_zt=23&_nc_ht=instagram.fsdu8-1.fna&_nc_gid=vkiSU0x1de3V20jVGy3TNw&oh=00_AftHskpvFRLRDVYQSWFAWkqcshXVs_SxaO_S6-sLmcI0-A&oe=6986E23C
https://instagram.fsdu8-1.fna.fbcdn.net/v/t51.82787-15/621322232_18438743209107258_5510430427349819163_n.jpg?stp=dst-jpg_e35_p640x640_sh0.08_tt6&_nc_cat=111&ig_cache_key=MzgxNTk5OTAxODQzNDk3NTI1Mg%3D%3D.3-ccb7-5&ccb=7-5&_nc_sid=58cdad&efg=eyJ2ZW5jb2RlX3RhZyI6InhwaWRzLjEyMDF4MTUwMi5zZHIuQzMifQ%3D%3D&_nc_ohc=fr4sbTMBuy8Q7kNvwETxs2F&_nc_oc=AdnnxoUcwDFFdUqul4vBUUXvjrk-DL7A6KNsotFabNaWcNgBoDid52OsjYS_KwEIneeLkembi4XGtrc86ODCm8uE&_nc_ad=z-m&_nc_cid=0&_nc_zt=23&_nc_ht=instagram.fsdu8-1.fna&_nc_gid=vkiSU0x1de3V20jVGy3TNw&oh=00_Aftsd0VJ_rQwMCKVhKHyDtlM6yklezRfE_rFFmNJG4pnVg&oe=6986E23C
https://instagram.fsdu8-1.fna.fbcdn.net/v/t51.82787-15/621322232_18438743209107258_5510430427349819163_n.jpg?stp=dst-jpg_e35_p480x480_tt6&_nc_cat=111&ig_cache_key=MzgxNTk5OTAxODQzNDk3NTI1Mg%3D%3D.3-ccb7-5&ccb=7-5&_nc_sid=58cdad&efg=eyJ2ZW5jb2RlX3RhZyI6InhwaWRzLjEyMDF4MTUwMi5zZHIuQzMifQ%3D%3D&_nc_ohc=fr4sbTMBuy8Q7kNvwETxs2F&_nc_oc=AdnnxoUcwDFFdUqul4vBUUXvjrk-DL7A6KNsotFabNaWcNgBoDid52OsjYS_KwEIneeLkembi4XGtrc86ODCm8uE&_nc_ad=z-m&_nc_cid=0&_nc_zt=23&_nc_ht=instagram.fsdu8-1.fna&_nc_gid=vkiSU0x1de3V20jVGy3TNw&oh=00_AfvTE47dScnQrkpD33LsNaCMeV087OzEpAEcxuvleujbRg&oe=6986E23C
https://instagram.fsdu8-1.fna.fbcdn.net/v/t51.82787-15/621322232_18438743209107258_5510430427349819163_n.jpg?stp=dst-jpg_e35_p320x320_tt6&_nc_cat=111&ig_cache_key=MzgxNTk5OTAxODQzNDk3NTI1Mg%3D%3D.3-ccb7-5&ccb=7-5&_nc_sid=58cdad&efg=eyJ2ZW5jb2RlX3RhZyI6InhwaWRzLjEyMDF4MTUwMi5zZHIuQzMifQ%3D%3D&_nc_ohc=fr4sbTMBuy8Q7kNvwETxs2F&_nc_oc=AdnnxoUcwDFFdUqul4vBUUXvjrk-DL7A6KNsotFabNaWcNgBoDid52OsjYS_KwEIneeLkembi4XGtrc86ODCm8uE&_nc_ad=z-m&_nc_cid=0&_nc_zt=23&_nc_ht=instagram.fsdu8-1.fna&_nc_gid=vkiSU0x1de3V20jVGy3TNw&oh=00_AfvhN_9O_zsRZzYLhEoDNC3YLolOmy3_WJ697omc7YTghA&oe=6986E23C
https://instagram.fsdu8-1.fna.fbcdn.net/v/t51.82787-15/621322232_18438743209107258_5510430427349819163_n.jpg?stp=dst-jpg_e35_p240x240_tt6&_nc_cat=111&ig_cache_key=MzgxNTk5OTAxODQzNDk3NTI1Mg%3D%3D.3-ccb7-5&ccb=7-5&_nc_sid=58cdad&efg=eyJ2ZW5jb2RlX3RhZyI6InhwaWRzLjEyMDF4MTUwMi5zZHIuQzMifQ%3D%3D&_nc_ohc=fr4sbTMBuy8Q7kNvwETxs2F&_nc_oc=AdnnxoUcwDFFdUqul4vBUUXvjrk-DL7A6KNsotFabNaWcNgBoDid52OsjYS_KwEIneeLkembi4XGtrc86ODCm8uE&_nc_ad=z-m&_nc_cid=0&_nc_zt=23&_nc_ht=instagram.fsdu8-1.fna&_nc_gid=vkiSU0x1de3V20jVGy3TNw&oh=00_AfsyYGOmOZxacXfmNkdKtUvpOMrnsB_kAewzxbH533AyRg&oe=6986E23C
https://instagram.fsdu8-1.fna.fbcdn.net/v/t51.82787-15/621322232_18438743209107258_5510430427349819163_n.jpg?stp=c0.150.1201.1201a_dst-jpg_e35_s1080x1080_tt6&_nc_cat=111&ig_cache_key=MzgxNTk5OTAxODQzNDk3NTI1Mg%3D%3D.3-ccb7-5&ccb=7-5&_nc_sid=58cdad&efg=eyJ2ZW5jb2RlX3RhZyI6InhwaWRzLjEyMDF4MTUwMi5zZHIuQzMifQ%3D%3D&_nc_ohc=fr4sbTMBuy8Q7kNvwETxs2F&_nc_oc=AdnnxoUcwDFFdUqul4vBUUXvjrk-DL7A6KNsotFabNaWcNgBoDid52OsjYS_KwEIneeLkembi4XGtrc86ODCm8uE&_nc_ad=z-m&_nc_cid=0&_nc_zt=23&_nc_ht=instagram.fsdu8-1.fna&_nc_gid=vkiSU0x1de3V20jVGy3TNw&oh=00_AfvznCXq16WXHovx1d6vXQWFzhku95zoivYhJdRBu3oxag&oe=6986E23C
https://instagram.fsdu8-1.fna.fbcdn.net/v/t51.82787-15/621322232_18438743209107258_5510430427349819163_n.jpg?stp=c0.150.1201.1201a_dst-jpg_e35_s750x750_sh0.08_tt6&_nc_cat=111&ig_cache_key=MzgxNTk5OTAxODQzNDk3NTI1Mg%3D%3D.3-ccb7-5&ccb=7-5&_nc_sid=58cdad&efg=eyJ2ZW5jb2RlX3RhZyI6InhwaWRzLjEyMDF4MTUwMi5zZHIuQzMifQ%3D%3D&_nc_ohc=fr4sbTMBuy8Q7kNvwETxs2F&_nc_oc=AdnnxoUcwDFFdUqul4vBUUXvjrk-DL7A6KNsotFabNaWcNgBoDid52OsjYS_KwEIneeLkembi4XGtrc86ODCm8uE&_nc_ad=z-m&_nc_cid=0&_nc_zt=23&_nc_ht=instagram.fsdu8-1.fna&_nc_gid=vkiSU0x1de3V20jVGy3TNw&oh=00_AfvZcjsoqo3MTeq-5p06N1FiYv73JAvJ1eRR5cyE_UIFtA&oe=6986E23C
https://instagram.fsdu8-1.fna.fbcdn.net/v/t51.82787-15/621322232_18438743209107258_5510430427349819163_n.jpg?stp=c0.150.1201.1201a_dst-jpg_e35_s640x640_sh0.08_tt6&_nc_cat=111&ig_cache_key=MzgxNTk5OTAxODQzNDk3NTI1Mg%3D%3D.3-ccb7-5&ccb=7-5&_nc_sid=58cdad&efg=eyJ2ZW5jb2RlX3RhZyI6InhwaWRzLjEyMDF4MTUwMi5zZHIuQzMifQ%3D%3D&_nc_ohc=fr4sbTMBuy8Q7kNvwETxs2F&_nc_oc=AdnnxoUcwDFFdUqul4vBUUXvjrk-DL7A6KNsotFabNaWcNgBoDid52OsjYS_KwEIneeLkembi4XGtrc86ODCm8uE&_nc_ad=z-m&_nc_cid=0&_nc_zt=23&_nc_ht=instagram.fsdu8-1.fna&_nc_gid=vkiSU0x1de3V20jVGy3TNw&oh=00_AfvIr1riaL_wLQnuSjQYkqOoSjc4zRuTY08TwaoxC1wK6g&oe=6986E23C
https://instagram.fsdu8-1.fna.fbcdn.net/v/t51.82787-15/621322232_18438743209107258_5510430427349819163_n.jpg?stp=c0.150.1201.1201a_dst-jpg_e35_s480x480_tt6&_nc_cat=111&ig_cache_key=MzgxNTk5OTAxODQzNDk3NTI1Mg%3D%3D.3-ccb7-5&ccb=7-5&_nc_sid=58cdad&efg=eyJ2ZW5jb2RlX3RhZyI6InhwaWRzLjEyMDF4MTUwMi5zZHIuQzMifQ%3D%3D&_nc_ohc=fr4sbTMBuy8Q7kNvwETxs2F&_nc_oc=AdnnxoUcwDFFdUqul4vBUUXvjrk-DL7A6KNsotFabNaWcNgBoDid52OsjYS_KwEIneeLkembi4XGtrc86ODCm8uE&_nc_ad=z-m&_nc_cid=0&_nc_zt=23&_nc_ht=instagram.fsdu8-1.fna&_nc_gid=vkiSU0x1de3V20jVGy3TNw&oh=00_Afv_NWqW2rUwpdlKV6eU7XtXYGDL20bQMn341_M8-kb7Yw&oe=6986E23C
https://instagram.fsdu8-1.fna.fbcdn.net/v/t51.82787-15/621322232_18438743209107258_5510430427349819163_n.jpg?stp=c0.150.1201.1201a_dst-jpg_e35_s320x320_tt6&_nc_cat=111&ig_cache_key=MzgxNTk5OTAxODQzNDk3NTI1Mg%3D%3D.3-ccb7-5&ccb=7-5&_nc_sid=58cdad&efg=eyJ2ZW5jb2RlX3RhZyI6InhwaWRzLjEyMDF4MTUwMi5zZHIuQzMifQ%3D%3D&_nc_ohc=fr4sbTMBuy8Q7kNvwETxs2F&_nc_oc=AdnnxoUcwDFFdUqul4vBUUXvjrk-DL7A6KNsotFabNaWcNgBoDid52OsjYS_KwEIneeLkembi4XGtrc86ODCm8uE&_nc_ad=z-m&_nc_cid=0&_nc_zt=23&_nc_ht=instagram.fsdu8-1.fna&_nc_gid=vkiSU0x1de3V20jVGy3TNw&oh=00_Afu202eubHB7J3fX7diyOmVa4A-IFYKicwqoXealscjjdA&oe=6986E23C
https://instagram.fsdu8-1.fna.fbcdn.net/v/t51.82787-15/621322232_18438743209107258_5510430427349819163_n.jpg?stp=c0.150.1201.1201a_dst-jpg_e35_s240x240_tt6&_nc_cat=111&ig_cache_key=MzgxNTk5OTAxODQzNDk3NTI1Mg%3D%3D.3-ccb7-5&ccb=7-5&_nc_sid=58cdad&efg=eyJ2ZW5jb2RlX3RhZyI6InhwaWRzLjEyMDF4MTUwMi5zZHIuQzMifQ%3D%3D&_nc_ohc=fr4sbTMBuy8Q7kNvwETxs2F&_nc_oc=AdnnxoUcwDFFdUqul4vBUUXvjrk-DL7A6KNsotFabNaWcNgBoDid52OsjYS_KwEIneeLkembi4XGtrc86ODCm8uE&_nc_ad=z-m&_nc_cid=0&_nc_zt=23&_nc_ht=instagram.fsdu8-1.fna&_nc_gid=vkiSU0x1de3V20jVGy3TNw&oh=00_AftNJIOG1H9THrKhgPgk-gA_LmcUnvf3a_lp45rFhxO-fQ&oe=6986E23C
https://instagram.fsdu8-1.fna.fbcdn.net/v/t51.82787-15/621322232_18438743209107258_5510430427349819163_n.jpg?stp=c0.150.1201.1201a_dst-jpg_e35_s150x150_tt6&_nc_cat=111&ig_cache_key=MzgxNTk5OTAxODQzNDk3NTI1Mg%3D%3D.3-ccb7-5&ccb=7-5&_nc_sid=58cdad&efg=eyJ2ZW5jb2RlX3RhZyI6InhwaWRzLjEyMDF4MTUwMi5zZHIuQzMifQ%3D%3D&_nc_ohc=fr4sbTMBuy8Q7kNvwETxs2F&_nc_oc=AdnnxoUcwDFFdUqul4vBUUXvjrk-DL7A6KNsotFabNaWcNgBoDid52OsjYS_KwEIneeLkembi4XGtrc86ODCm8uE&_nc_ad=z-m&_nc_cid=0&_nc_zt=23&_nc_ht=instagram.fsdu8-1.fna&_nc_gid=vkiSU0x1de3V20jVGy3TNw&oh=00_AfuC2DPOhcfF7P3hIZephBWwns0AhwycYZMbgHWSDjzz8Q&oe=6986E23C",NA,NO,NO,NA,NA,3194347257,eliasmkjabbour,NA,NA,NA,NA,NA,NA,Humanização,É um discurso que expressa convicção e pertencimento. Predomina a Humanização. Por fazer da sua ideologia sua prática de vida cotidiana.,38.7058823529412,61.2941176470588,14.8235294117647,7.76470588235294,12.5882352941177,16.2352941176471,6,17.6470588235294,6.47058823529412,18.4705882352941
postagem_32,3815294247638011904,DTypedoDg_z,"Wed, 21 Jan 2026 23:36:44 GMT",2026-01-21T03:00:00Z,1769038604,Ensaio!!!!!,NA,6932,218,https://www.instagram.com/p/DTypedoDg_z/,https://instagram.fsdu8-1.fna.fbcdn.net/v/t51.71878-15/619909206_1101584965356107_14918086151082090_n.jpg?stp=dst-jpg_e15_tt6&_nc_cat=111&ig_cache_key=MzgxNTI5NDI0NzYzODAxMTg5MQ%3D%3D.3-ccb7-5&ccb=7-5&_nc_sid=58cdad&efg=eyJ2ZW5jb2RlX3RhZyI6InhwaWRzLjY0MHgxMTM2LnNkci5DMyJ9&_nc_ohc=Ax_U7H2s76AQ7kNvwFQRpmw&_nc_oc=AdkPOW5fwqu6ANxcF8nkqqtdtX0QviAhN1HuZKPivK9a9RE1AQ1vkm-EqdTXWPmweo14_az8MPPcrIHGEqvDldN2&_nc_ad=z-m&_nc_cid=0&_nc_zt=23&_nc_ht=instagram.fsdu8-1.fna&_nc_gid=vkiSU0x1de3V20jVGy3TNw&oh=00_AfvJfG5btrv-7b-2qhRxu5o6vZpVdbZqDdvp3WzOk79T6g&oe=6986E68F,https://instagram.fsdu8-1.fna.fbcdn.net/v/t51.71878-15/619909206_1101584965356107_14918086151082090_n.jpg?stp=dst-jpg_e15_tt6&_nc_cat=111&ig_cache_key=MzgxNTI5NDI0NzYzODAxMTg5MQ%3D%3D.3-ccb7-5&ccb=7-5&_nc_sid=58cdad&efg=eyJ2ZW5jb2RlX3RhZyI6InhwaWRzLjY0MHgxMTM2LnNkci5DMyJ9&_nc_ohc=Ax_U7H2s76AQ7kNvwFQRpmw&_nc_oc=AdkPOW5fwqu6ANxcF8nkqqtdtX0QviAhN1HuZKPivK9a9RE1AQ1vkm-EqdTXWPmweo14_az8MPPcrIHGEqvDldN2&_nc_ad=z-m&_nc_cid=0&_nc_zt=23&_nc_ht=instagram.fsdu8-1.fna&_nc_gid=vkiSU0x1de3V20jVGy3TNw&oh=00_AfvJfG5btrv-7b-2qhRxu5o6vZpVdbZqDdvp3WzOk79T6g&oe=6986E68F,"https://instagram.fsdu8-1.fna.fbcdn.net/v/t51.71878-15/619909206_1101584965356107_14918086151082090_n.jpg?stp=dst-jpg_e15_tt6&_nc_cat=111&ig_cache_key=MzgxNTI5NDI0NzYzODAxMTg5MQ%3D%3D.3-ccb7-5&ccb=7-5&_nc_sid=58cdad&efg=eyJ2ZW5jb2RlX3RhZyI6InhwaWRzLjY0MHgxMTM2LnNkci5DMyJ9&_nc_ohc=Ax_U7H2s76AQ7kNvwFQRpmw&_nc_oc=AdkPOW5fwqu6ANxcF8nkqqtdtX0QviAhN1HuZKPivK9a9RE1AQ1vkm-EqdTXWPmweo14_az8MPPcrIHGEqvDldN2&_nc_ad=z-m&_nc_cid=0&_nc_zt=23&_nc_ht=instagram.fsdu8-1.fna&_nc_gid=vkiSU0x1de3V20jVGy3TNw&oh=00_AfvJfG5btrv-7b-2qhRxu5o6vZpVdbZqDdvp3WzOk79T6g&oe=6986E68F
https://instagram.fsdu8-1.fna.fbcdn.net/v/t51.71878-15/619909206_1101584965356107_14918086151082090_n.jpg?stp=dst-jpg_e15_p480x480_tt6&_nc_cat=111&ig_cache_key=MzgxNTI5NDI0NzYzODAxMTg5MQ%3D%3D.3-ccb7-5&ccb=7-5&_nc_sid=58cdad&efg=eyJ2ZW5jb2RlX3RhZyI6InhwaWRzLjY0MHgxMTM2LnNkci5DMyJ9&_nc_ohc=Ax_U7H2s76AQ7kNvwFQRpmw&_nc_oc=AdkPOW5fwqu6ANxcF8nkqqtdtX0QviAhN1HuZKPivK9a9RE1AQ1vkm-EqdTXWPmweo14_az8MPPcrIHGEqvDldN2&_nc_ad=z-m&_nc_cid=0&_nc_zt=23&_nc_ht=instagram.fsdu8-1.fna&_nc_gid=vkiSU0x1de3V20jVGy3TNw&oh=00_AftwYtAzR6sQOPuB3zePQ3ryRV2UWVgn0_xHdCy_1IA6RQ&oe=6986E68F
https://instagram.fsdu8-1.fna.fbcdn.net/v/t51.71878-15/619909206_1101584965356107_14918086151082090_n.jpg?stp=dst-jpg_e15_p320x320_tt6&_nc_cat=111&ig_cache_key=MzgxNTI5NDI0NzYzODAxMTg5MQ%3D%3D.3-ccb7-5&ccb=7-5&_nc_sid=58cdad&efg=eyJ2ZW5jb2RlX3RhZyI6InhwaWRzLjY0MHgxMTM2LnNkci5DMyJ9&_nc_ohc=Ax_U7H2s76AQ7kNvwFQRpmw&_nc_oc=AdkPOW5fwqu6ANxcF8nkqqtdtX0QviAhN1HuZKPivK9a9RE1AQ1vkm-EqdTXWPmweo14_az8MPPcrIHGEqvDldN2&_nc_ad=z-m&_nc_cid=0&_nc_zt=23&_nc_ht=instagram.fsdu8-1.fna&_nc_gid=vkiSU0x1de3V20jVGy3TNw&oh=00_AfsWy84wNxd73JL5SgWLPLgBZNuhfGiuVeYH_cHVNdJTjA&oe=6986E68F
https://instagram.fsdu8-1.fna.fbcdn.net/v/t51.71878-15/619909206_1101584965356107_14918086151082090_n.jpg?stp=dst-jpg_e15_p240x240_tt6&_nc_cat=111&ig_cache_key=MzgxNTI5NDI0NzYzODAxMTg5MQ%3D%3D.3-ccb7-5&ccb=7-5&_nc_sid=58cdad&efg=eyJ2ZW5jb2RlX3RhZyI6InhwaWRzLjY0MHgxMTM2LnNkci5DMyJ9&_nc_ohc=Ax_U7H2s76AQ7kNvwFQRpmw&_nc_oc=AdkPOW5fwqu6ANxcF8nkqqtdtX0QviAhN1HuZKPivK9a9RE1AQ1vkm-EqdTXWPmweo14_az8MPPcrIHGEqvDldN2&_nc_ad=z-m&_nc_cid=0&_nc_zt=23&_nc_ht=instagram.fsdu8-1.fna&_nc_gid=vkiSU0x1de3V20jVGy3TNw&oh=00_Afu_ejkJyYRbksglJN7-HZfo4emuPWerS9izEHeJxs_wwg&oe=6986E68F
https://instagram.fsdu8-1.fna.fbcdn.net/v/t51.71878-15/619909206_1101584965356107_14918086151082090_n.jpg?stp=c0.248.640.640a_dst-jpg_e15_s640x639_tt6&_nc_cat=111&ig_cache_key=MzgxNTI5NDI0NzYzODAxMTg5MQ%3D%3D.3-ccb7-5&ccb=7-5&_nc_sid=58cdad&efg=eyJ2ZW5jb2RlX3RhZyI6InhwaWRzLjY0MHgxMTM2LnNkci5DMyJ9&_nc_ohc=Ax_U7H2s76AQ7kNvwFQRpmw&_nc_oc=AdkPOW5fwqu6ANxcF8nkqqtdtX0QviAhN1HuZKPivK9a9RE1AQ1vkm-EqdTXWPmweo14_az8MPPcrIHGEqvDldN2&_nc_ad=z-m&_nc_cid=0&_nc_zt=23&_nc_ht=instagram.fsdu8-1.fna&_nc_gid=vkiSU0x1de3V20jVGy3TNw&oh=00_AftSszVTyWgrrW4d28eNK2IDbcSQoRcIDHq2-vLTHj-K5w&oe=6986E68F
https://instagram.fsdu8-1.fna.fbcdn.net/v/t51.71878-15/619909206_1101584965356107_14918086151082090_n.jpg?stp=c0.248.640.640a_dst-jpg_e15_s640x639_tt6&_nc_cat=111&ig_cache_key=MzgxNTI5NDI0NzYzODAxMTg5MQ%3D%3D.3-ccb7-5&ccb=7-5&_nc_sid=58cdad&efg=eyJ2ZW5jb2RlX3RhZyI6InhwaWRzLjY0MHgxMTM2LnNkci5DMyJ9&_nc_ohc=Ax_U7H2s76AQ7kNvwFQRpmw&_nc_oc=AdkPOW5fwqu6ANxcF8nkqqtdtX0QviAhN1HuZKPivK9a9RE1AQ1vkm-EqdTXWPmweo14_az8MPPcrIHGEqvDldN2&_nc_ad=z-m&_nc_cid=0&_nc_zt=23&_nc_ht=instagram.fsdu8-1.fna&_nc_gid=vkiSU0x1de3V20jVGy3TNw&oh=00_AftSszVTyWgrrW4d28eNK2IDbcSQoRcIDHq2-vLTHj-K5w&oe=6986E68F
https://instagram.fsdu8-1.fna.fbcdn.net/v/t51.71878-15/619909206_1101584965356107_14918086151082090_n.jpg?stp=c0.248.640.640a_dst-jpg_e15_s640x639_tt6&_nc_cat=111&ig_cache_key=MzgxNTI5NDI0NzYzODAxMTg5MQ%3D%3D.3-ccb7-5&ccb=7-5&_nc_sid=58cdad&efg=eyJ2ZW5jb2RlX3RhZyI6InhwaWRzLjY0MHgxMTM2LnNkci5DMyJ9&_nc_ohc=Ax_U7H2s76AQ7kNvwFQRpmw&_nc_oc=AdkPOW5fwqu6ANxcF8nkqqtdtX0QviAhN1HuZKPivK9a9RE1AQ1vkm-EqdTXWPmweo14_az8MPPcrIHGEqvDldN2&_nc_ad=z-m&_nc_cid=0&_nc_zt=23&_nc_ht=instagram.fsdu8-1.fna&_nc_gid=vkiSU0x1de3V20jVGy3TNw&oh=00_AftSszVTyWgrrW4d28eNK2IDbcSQoRcIDHq2-vLTHj-K5w&oe=6986E68F
https://instagram.fsdu8-1.fna.fbcdn.net/v/t51.71878-15/619909206_1101584965356107_14918086151082090_n.jpg?stp=c0.248.640.640a_dst-jpg_e15_s480x480_tt6&_nc_cat=111&ig_cache_key=MzgxNTI5NDI0NzYzODAxMTg5MQ%3D%3D.3-ccb7-5&ccb=7-5&_nc_sid=58cdad&efg=eyJ2ZW5jb2RlX3RhZyI6InhwaWRzLjY0MHgxMTM2LnNkci5DMyJ9&_nc_ohc=Ax_U7H2s76AQ7kNvwFQRpmw&_nc_oc=AdkPOW5fwqu6ANxcF8nkqqtdtX0QviAhN1HuZKPivK9a9RE1AQ1vkm-EqdTXWPmweo14_az8MPPcrIHGEqvDldN2&_nc_ad=z-m&_nc_cid=0&_nc_zt=23&_nc_ht=instagram.fsdu8-1.fna&_nc_gid=vkiSU0x1de3V20jVGy3TNw&oh=00_Afvcentgbq_RXTHD62vRjSoiCgF_kN9OfxaF6-SsKRMGuA&oe=6986E68F
https://instagram.fsdu8-1.fna.fbcdn.net/v/t51.71878-15/619909206_1101584965356107_14918086151082090_n.jpg?stp=c0.248.640.640a_dst-jpg_e15_s320x320_tt6&_nc_cat=111&ig_cache_key=MzgxNTI5NDI0NzYzODAxMTg5MQ%3D%3D.3-ccb7-5&ccb=7-5&_nc_sid=58cdad&efg=eyJ2ZW5jb2RlX3RhZyI6InhwaWRzLjY0MHgxMTM2LnNkci5DMyJ9&_nc_ohc=Ax_U7H2s76AQ7kNvwFQRpmw&_nc_oc=AdkPOW5fwqu6ANxcF8nkqqtdtX0QviAhN1HuZKPivK9a9RE1AQ1vkm-EqdTXWPmweo14_az8MPPcrIHGEqvDldN2&_nc_ad=z-m&_nc_cid=0&_nc_zt=23&_nc_ht=instagram.fsdu8-1.fna&_nc_gid=vkiSU0x1de3V20jVGy3TNw&oh=00_Afs_Ag89iHUWJdB7oE54J5FpVTdaJ_WNOe_TaWivPlTUEw&oe=6986E68F
https://instagram.fsdu8-1.fna.fbcdn.net/v/t51.71878-15/619909206_1101584965356107_14918086151082090_n.jpg?stp=c0.248.640.640a_dst-jpg_e15_s240x240_tt6&_nc_cat=111&ig_cache_key=MzgxNTI5NDI0NzYzODAxMTg5MQ%3D%3D.3-ccb7-5&ccb=7-5&_nc_sid=58cdad&efg=eyJ2ZW5jb2RlX3RhZyI6InhwaWRzLjY0MHgxMTM2LnNkci5DMyJ9&_nc_ohc=Ax_U7H2s76AQ7kNvwFQRpmw&_nc_oc=AdkPOW5fwqu6ANxcF8nkqqtdtX0QviAhN1HuZKPivK9a9RE1AQ1vkm-EqdTXWPmweo14_az8MPPcrIHGEqvDldN2&_nc_ad=z-m&_nc_cid=0&_nc_zt=23&_nc_ht=instagram.fsdu8-1.fna&_nc_gid=vkiSU0x1de3V20jVGy3TNw&oh=00_Aftbu_a6JDpXflXINpGBtYrgzITjwchgGHFJkn8hatWPwQ&oe=6986E68F
https://instagram.fsdu8-1.fna.fbcdn.net/v/t51.71878-15/619909206_1101584965356107_14918086151082090_n.jpg?stp=c0.248.640.640a_dst-jpg_e15_s150x150_tt6&_nc_cat=111&ig_cache_key=MzgxNTI5NDI0NzYzODAxMTg5MQ%3D%3D.3-ccb7-5&ccb=7-5&_nc_sid=58cdad&efg=eyJ2ZW5jb2RlX3RhZyI6InhwaWRzLjY0MHgxMTM2LnNkci5DMyJ9&_nc_ohc=Ax_U7H2s76AQ7kNvwFQRpmw&_nc_oc=AdkPOW5fwqu6ANxcF8nkqqtdtX0QviAhN1HuZKPivK9a9RE1AQ1vkm-EqdTXWPmweo14_az8MPPcrIHGEqvDldN2&_nc_ad=z-m&_nc_cid=0&_nc_zt=23&_nc_ht=instagram.fsdu8-1.fna&_nc_gid=vkiSU0x1de3V20jVGy3TNw&oh=00_AfsYtaz0oB270MqWYYc6ZYc8sODxsPMPUDLhShz2cP0Oeg&oe=6986E68F",NA,NO,YES,https://instagram.fsdu8-1.fna.fbcdn.net/o1/v/t16/f2/m69/AQNWRlco7SMvXfss-EfkwkryIY3c_mxg_8ivELfDPVAinLLQwHyFJRpZxEY9UK4__xYF2gJ44YRNzI-V6O-ITX-c.mp4?strext=1&_nc_cat=104&_nc_oc=AdmJqscErVxFcXaLWoo3u8X-xNv2xCap1zgjgf3lMVbM-kr7wuoFKh_4fD7Sj5fjaRgPpKJltqhchBA9_CvaWKeP&_nc_sid=5e9851&_nc_ht=instagram.fsdu8-1.fna.fbcdn.net&_nc_ohc=N1H7QJzjjP4Q7kNvwFpO2vX&efg=eyJ2ZW5jb2RlX3RhZyI6Inhwdl9wcm9ncmVzc2l2ZS5JTlNUQUdSQU0uQ0xJUFMuQzMuNzIwLmRhc2hfYmFzZWxpbmVfMV92MSIsInhwdl9hc3NldF9pZCI6MTc5Mzk2ODQ2MDExMjg1MDgsImFzc2V0X2FnZV9kYXlzIjoxMSwidmlfdXNlY2FzZV9pZCI6MTAwOTksImR1cmF0aW9uX3MiOjY1LCJ1cmxnZW5fc291cmNlIjoid3d3In0%3D&ccb=17-1&_nc_gid=vkiSU0x1de3V20jVGy3TNw&_nc_zt=28&vs=42a23fdc040e6aca&_nc_vs=HBksFQIYOnBhc3N0aHJvdWdoX2V2ZXJzdG9yZS9HTUVfNHlSR25aZmx4OFVFQUo0NE9YU1A0bHhFYnNwVEFRQUYVAALIARIAFQIYUWlnX3hwdl9wbGFjZW1lbnRfcGVybWFuZW50X3YyLzZFNDA4Nzk4MEM0MUU1MjkyMjQxNDdEMDNCMzQzOEE5X2F1ZGlvX2Rhc2hpbml0Lm1wNBUCAsgBEgAoABgAGwKIB3VzZV9vaWwBMRJwcm9ncmVzc2l2ZV9yZWNpcGUBMRUAACb4mMOAioPePxUCKAJDMywXQFBAAAAAAAAYEmRhc2hfYmFzZWxpbmVfMV92MREAdf4HZeadAQA&oh=00_AfuY2LbOSwAtGPct9V3pgKGpNxvryMmf33tuWIKrpKGdOQ&oe=6986D6FC,NA,3194347257,eliasmkjabbour,NA,NA,NA,NA,NA,NA,Humanização,"Discurso essencialmente relacional e simbólico, voltado à proximidade afetiva e cultural. Trata-se de Humanização.",68.8888888888889,31.1111111111111,8.14814814814815,11.8518518518518,5.92592592592593,8.14814814814815,17.7777777777778,8.88888888888889,7.40740740740741,31.8518518518519
postagem_31,3814382020902967296,DTvaD0Rjth5,"Tue, 20 Jan 2026 17:25:46 GMT",2026-01-20T03:00:00Z,1768929946,"Por que a China cresceu 5% em 2025?

Entenda esses e outros números impressionantes da China em nosso novo livro ""Poder e socialismo"", já em pré-venda pela @boitempo.",NA,2576,99,https://www.instagram.com/p/DTvaD0Rjth5/,https://instagram.fsdu8-1.fna.fbcdn.net/v/t51.71878-15/618560318_1408064580764794_3462662699121987931_n.jpg?stp=dst-jpegr_e15_tt6&_nc_cat=111&ig_cache_key=MzgxNDM4MjAyMDkwMjk2NzQxNw%3D%3D.3-ccb7-5&ccb=7-5&_nc_sid=58cdad&efg=eyJ2ZW5jb2RlX3RhZyI6InhwaWRzLjY0MHgxMTM2Lmhkci5DMyJ9&_nc_ohc=OYZnpgFJBZIQ7kNvwFUDRJc&_nc_oc=Adn9398LMuX6FYtTiE43SbITwLrYtG1PqFu_8Y9TWJ1qO8TLJreFRS--TtGxYKcdKyxpVNBEeG-9HsJM_x7bqORA&_nc_ad=z-m&_nc_cid=0&_nc_zt=23&se=-1&_nc_ht=instagram.fsdu8-1.fna&_nc_gid=i-Vbp-OHoJR-xvlW_gKWgg&oh=00_AfuCzdzYUjTrRDrcO7XM1xnt9pg6sbE6Xz0abQUj-cNJbw&oe=6986E0F1,https://instagram.fsdu8-1.fna.fbcdn.net/v/t51.71878-15/618560318_1408064580764794_3462662699121987931_n.jpg?stp=dst-jpegr_e15_tt6&_nc_cat=111&ig_cache_key=MzgxNDM4MjAyMDkwMjk2NzQxNw%3D%3D.3-ccb7-5&ccb=7-5&_nc_sid=58cdad&efg=eyJ2ZW5jb2RlX3RhZyI6InhwaWRzLjY0MHgxMTM2Lmhkci5DMyJ9&_nc_ohc=OYZnpgFJBZIQ7kNvwFUDRJc&_nc_oc=Adn9398LMuX6FYtTiE43SbITwLrYtG1PqFu_8Y9TWJ1qO8TLJreFRS--TtGxYKcdKyxpVNBEeG-9HsJM_x7bqORA&_nc_ad=z-m&_nc_cid=0&_nc_zt=23&se=-1&_nc_ht=instagram.fsdu8-1.fna&_nc_gid=i-Vbp-OHoJR-xvlW_gKWgg&oh=00_AfuCzdzYUjTrRDrcO7XM1xnt9pg6sbE6Xz0abQUj-cNJbw&oe=6986E0F1,"https://instagram.fsdu8-1.fna.fbcdn.net/v/t51.71878-15/618560318_1408064580764794_3462662699121987931_n.jpg?stp=dst-jpegr_e15_tt6&_nc_cat=111&ig_cache_key=MzgxNDM4MjAyMDkwMjk2NzQxNw%3D%3D.3-ccb7-5&ccb=7-5&_nc_sid=58cdad&efg=eyJ2ZW5jb2RlX3RhZyI6InhwaWRzLjY0MHgxMTM2Lmhkci5DMyJ9&_nc_ohc=OYZnpgFJBZIQ7kNvwFUDRJc&_nc_oc=Adn9398LMuX6FYtTiE43SbITwLrYtG1PqFu_8Y9TWJ1qO8TLJreFRS--TtGxYKcdKyxpVNBEeG-9HsJM_x7bqORA&_nc_ad=z-m&_nc_cid=0&_nc_zt=23&se=-1&_nc_ht=instagram.fsdu8-1.fna&_nc_gid=i-Vbp-OHoJR-xvlW_gKWgg&oh=00_AfuCzdzYUjTrRDrcO7XM1xnt9pg6sbE6Xz0abQUj-cNJbw&oe=6986E0F1
https://instagram.fsdu8-1.fna.fbcdn.net/v/t51.71878-15/618560318_1408064580764794_3462662699121987931_n.jpg?stp=dst-jpegr_e15_p480x480_tt6&_nc_cat=111&ig_cache_key=MzgxNDM4MjAyMDkwMjk2NzQxNw%3D%3D.3-ccb7-5&ccb=7-5&_nc_sid=58cdad&efg=eyJ2ZW5jb2RlX3RhZyI6InhwaWRzLjY0MHgxMTM2Lmhkci5DMyJ9&_nc_ohc=OYZnpgFJBZIQ7kNvwFUDRJc&_nc_oc=Adn9398LMuX6FYtTiE43SbITwLrYtG1PqFu_8Y9TWJ1qO8TLJreFRS--TtGxYKcdKyxpVNBEeG-9HsJM_x7bqORA&_nc_ad=z-m&_nc_cid=0&_nc_zt=23&se=-1&_nc_ht=instagram.fsdu8-1.fna&_nc_gid=i-Vbp-OHoJR-xvlW_gKWgg&oh=00_AfvaJ4-wYJ4C4P2w0hYUt6cc44kJz-OZ_gJ7FhRzuZZ_aQ&oe=6986E0F1
https://instagram.fsdu8-1.fna.fbcdn.net/v/t51.71878-15/618560318_1408064580764794_3462662699121987931_n.jpg?stp=dst-jpegr_e15_p320x320_tt6&_nc_cat=111&ig_cache_key=MzgxNDM4MjAyMDkwMjk2NzQxNw%3D%3D.3-ccb7-5&ccb=7-5&_nc_sid=58cdad&efg=eyJ2ZW5jb2RlX3RhZyI6InhwaWRzLjY0MHgxMTM2Lmhkci5DMyJ9&_nc_ohc=OYZnpgFJBZIQ7kNvwFUDRJc&_nc_oc=Adn9398LMuX6FYtTiE43SbITwLrYtG1PqFu_8Y9TWJ1qO8TLJreFRS--TtGxYKcdKyxpVNBEeG-9HsJM_x7bqORA&_nc_ad=z-m&_nc_cid=0&_nc_zt=23&se=-1&_nc_ht=instagram.fsdu8-1.fna&_nc_gid=i-Vbp-OHoJR-xvlW_gKWgg&oh=00_AfvYhy1deyAkwOWVrmjUKZ7pXVkB7_cKPFwLTzQ7WCKWsw&oe=6986E0F1
https://instagram.fsdu8-1.fna.fbcdn.net/v/t51.71878-15/618560318_1408064580764794_3462662699121987931_n.jpg?stp=dst-jpegr_e15_p240x240_tt6&_nc_cat=111&ig_cache_key=MzgxNDM4MjAyMDkwMjk2NzQxNw%3D%3D.3-ccb7-5&ccb=7-5&_nc_sid=58cdad&efg=eyJ2ZW5jb2RlX3RhZyI6InhwaWRzLjY0MHgxMTM2Lmhkci5DMyJ9&_nc_ohc=OYZnpgFJBZIQ7kNvwFUDRJc&_nc_oc=Adn9398LMuX6FYtTiE43SbITwLrYtG1PqFu_8Y9TWJ1qO8TLJreFRS--TtGxYKcdKyxpVNBEeG-9HsJM_x7bqORA&_nc_ad=z-m&_nc_cid=0&_nc_zt=23&se=-1&_nc_ht=instagram.fsdu8-1.fna&_nc_gid=i-Vbp-OHoJR-xvlW_gKWgg&oh=00_AfuJa9aZkwNNq-QniDekb2Mea5zmkiUx0wCENE2JQ0360Q&oe=6986E0F1
https://instagram.fsdu8-1.fna.fbcdn.net/v/t51.71878-15/618560318_1408064580764794_3462662699121987931_n.jpg?stp=c0.248.640.640a_dst-jpegr_e15_s640x639_tt6&_nc_cat=111&ig_cache_key=MzgxNDM4MjAyMDkwMjk2NzQxNw%3D%3D.3-ccb7-5&ccb=7-5&_nc_sid=58cdad&efg=eyJ2ZW5jb2RlX3RhZyI6InhwaWRzLjY0MHgxMTM2Lmhkci5DMyJ9&_nc_ohc=OYZnpgFJBZIQ7kNvwFUDRJc&_nc_oc=Adn9398LMuX6FYtTiE43SbITwLrYtG1PqFu_8Y9TWJ1qO8TLJreFRS--TtGxYKcdKyxpVNBEeG-9HsJM_x7bqORA&_nc_ad=z-m&_nc_cid=0&_nc_zt=23&se=-1&_nc_ht=instagram.fsdu8-1.fna&_nc_gid=i-Vbp-OHoJR-xvlW_gKWgg&oh=00_Afs-PhyyOMS82Ze_VFPJ1mi1BzXL6Q4YlL3C8YiKqJOwZA&oe=6986E0F1
https://instagram.fsdu8-1.fna.fbcdn.net/v/t51.71878-15/618560318_1408064580764794_3462662699121987931_n.jpg?stp=c0.248.640.640a_dst-jpegr_e15_s640x639_tt6&_nc_cat=111&ig_cache_key=MzgxNDM4MjAyMDkwMjk2NzQxNw%3D%3D.3-ccb7-5&ccb=7-5&_nc_sid=58cdad&efg=eyJ2ZW5jb2RlX3RhZyI6InhwaWRzLjY0MHgxMTM2Lmhkci5DMyJ9&_nc_ohc=OYZnpgFJBZIQ7kNvwFUDRJc&_nc_oc=Adn9398LMuX6FYtTiE43SbITwLrYtG1PqFu_8Y9TWJ1qO8TLJreFRS--TtGxYKcdKyxpVNBEeG-9HsJM_x7bqORA&_nc_ad=z-m&_nc_cid=0&_nc_zt=23&se=-1&_nc_ht=instagram.fsdu8-1.fna&_nc_gid=i-Vbp-OHoJR-xvlW_gKWgg&oh=00_Afs-PhyyOMS82Ze_VFPJ1mi1BzXL6Q4YlL3C8YiKqJOwZA&oe=6986E0F1
https://instagram.fsdu8-1.fna.fbcdn.net/v/t51.71878-15/618560318_1408064580764794_3462662699121987931_n.jpg?stp=c0.248.640.640a_dst-jpegr_e15_s640x639_tt6&_nc_cat=111&ig_cache_key=MzgxNDM4MjAyMDkwMjk2NzQxNw%3D%3D.3-ccb7-5&ccb=7-5&_nc_sid=58cdad&efg=eyJ2ZW5jb2RlX3RhZyI6InhwaWRzLjY0MHgxMTM2Lmhkci5DMyJ9&_nc_ohc=OYZnpgFJBZIQ7kNvwFUDRJc&_nc_oc=Adn9398LMuX6FYtTiE43SbITwLrYtG1PqFu_8Y9TWJ1qO8TLJreFRS--TtGxYKcdKyxpVNBEeG-9HsJM_x7bqORA&_nc_ad=z-m&_nc_cid=0&_nc_zt=23&se=-1&_nc_ht=instagram.fsdu8-1.fna&_nc_gid=i-Vbp-OHoJR-xvlW_gKWgg&oh=00_Afs-PhyyOMS82Ze_VFPJ1mi1BzXL6Q4YlL3C8YiKqJOwZA&oe=6986E0F1
https://instagram.fsdu8-1.fna.fbcdn.net/v/t51.71878-15/618560318_1408064580764794_3462662699121987931_n.jpg?stp=c0.248.640.640a_dst-jpegr_e15_s480x480_tt6&_nc_cat=111&ig_cache_key=MzgxNDM4MjAyMDkwMjk2NzQxNw%3D%3D.3-ccb7-5&ccb=7-5&_nc_sid=58cdad&efg=eyJ2ZW5jb2RlX3RhZyI6InhwaWRzLjY0MHgxMTM2Lmhkci5DMyJ9&_nc_ohc=OYZnpgFJBZIQ7kNvwFUDRJc&_nc_oc=Adn9398LMuX6FYtTiE43SbITwLrYtG1PqFu_8Y9TWJ1qO8TLJreFRS--TtGxYKcdKyxpVNBEeG-9HsJM_x7bqORA&_nc_ad=z-m&_nc_cid=0&_nc_zt=23&se=-1&_nc_ht=instagram.fsdu8-1.fna&_nc_gid=i-Vbp-OHoJR-xvlW_gKWgg&oh=00_AftXeAR-0t0rsNQyF8dejmHnPooVYYwU5BEfOGeRZJ1Fmg&oe=6986E0F1
https://instagram.fsdu8-1.fna.fbcdn.net/v/t51.71878-15/618560318_1408064580764794_3462662699121987931_n.jpg?stp=c0.248.640.640a_dst-jpegr_e15_s320x320_tt6&_nc_cat=111&ig_cache_key=MzgxNDM4MjAyMDkwMjk2NzQxNw%3D%3D.3-ccb7-5&ccb=7-5&_nc_sid=58cdad&efg=eyJ2ZW5jb2RlX3RhZyI6InhwaWRzLjY0MHgxMTM2Lmhkci5DMyJ9&_nc_ohc=OYZnpgFJBZIQ7kNvwFUDRJc&_nc_oc=Adn9398LMuX6FYtTiE43SbITwLrYtG1PqFu_8Y9TWJ1qO8TLJreFRS--TtGxYKcdKyxpVNBEeG-9HsJM_x7bqORA&_nc_ad=z-m&_nc_cid=0&_nc_zt=23&se=-1&_nc_ht=instagram.fsdu8-1.fna&_nc_gid=i-Vbp-OHoJR-xvlW_gKWgg&oh=00_AfuUcgxwbtW8hZcAULBUwELdCU0PzOFgi_7l0K1KP3F7WQ&oe=6986E0F1
https://instagram.fsdu8-1.fna.fbcdn.net/v/t51.71878-15/618560318_1408064580764794_3462662699121987931_n.jpg?stp=c0.248.640.640a_dst-jpegr_e15_s240x240_tt6&_nc_cat=111&ig_cache_key=MzgxNDM4MjAyMDkwMjk2NzQxNw%3D%3D.3-ccb7-5&ccb=7-5&_nc_sid=58cdad&efg=eyJ2ZW5jb2RlX3RhZyI6InhwaWRzLjY0MHgxMTM2Lmhkci5DMyJ9&_nc_ohc=OYZnpgFJBZIQ7kNvwFUDRJc&_nc_oc=Adn9398LMuX6FYtTiE43SbITwLrYtG1PqFu_8Y9TWJ1qO8TLJreFRS--TtGxYKcdKyxpVNBEeG-9HsJM_x7bqORA&_nc_ad=z-m&_nc_cid=0&_nc_zt=23&se=-1&_nc_ht=instagram.fsdu8-1.fna&_nc_gid=i-Vbp-OHoJR-xvlW_gKWgg&oh=00_AfuAbMyc8IIn9LSR2t64HlldfO_ioLrlC5MbrHIe5oYCfQ&oe=6986E0F1
https://instagram.fsdu8-1.fna.fbcdn.net/v/t51.71878-15/618560318_1408064580764794_3462662699121987931_n.jpg?stp=c0.248.640.640a_dst-jpegr_e15_s150x150_tt6&_nc_cat=111&ig_cache_key=MzgxNDM4MjAyMDkwMjk2NzQxNw%3D%3D.3-ccb7-5&ccb=7-5&_nc_sid=58cdad&efg=eyJ2ZW5jb2RlX3RhZyI6InhwaWRzLjY0MHgxMTM2Lmhkci5DMyJ9&_nc_ohc=OYZnpgFJBZIQ7kNvwFUDRJc&_nc_oc=Adn9398LMuX6FYtTiE43SbITwLrYtG1PqFu_8Y9TWJ1qO8TLJreFRS--TtGxYKcdKyxpVNBEeG-9HsJM_x7bqORA&_nc_ad=z-m&_nc_cid=0&_nc_zt=23&se=-1&_nc_ht=instagram.fsdu8-1.fna&_nc_gid=i-Vbp-OHoJR-xvlW_gKWgg&oh=00_AfsDqF5n4PIwdUb0aYsZ0pxMKYBvrXXKYCThNi5FG-Jc1w&oe=6986E0F1",NA,NO,YES,https://instagram.fsdu8-1.fna.fbcdn.net/o1/v/t16/f2/m69/AQOS4P7W_126TBwI0LL-pRCBSCT0dCEef_VqhTkKcwXYrBCgWqhcHO3ANp3tGAwpyHsDNbAUtRR4EUmBKF1A9ID6.mp4?strext=1&_nc_cat=102&_nc_oc=AdkZmqJKwyYCnckz_iB_9i3wPQP7bf2IAABgwmubq5tMBcuqiXUNLSykgprkEo5PXHLld-MzA7s1foW0xNBrJa8E&_nc_sid=5e9851&_nc_ht=instagram.fsdu8-1.fna.fbcdn.net&_nc_ohc=Vo_fDlupFYUQ7kNvwEhs_iR&efg=eyJ2ZW5jb2RlX3RhZyI6Inhwdl9wcm9ncmVzc2l2ZS5JTlNUQUdSQU0uQ0xJUFMuQzMuNzIwLmRhc2hfYmFzZWxpbmVfMV92MSIsInhwdl9hc3NldF9pZCI6MTc5Mzk1NDEwNjYxMjg1MDgsImFzc2V0X2FnZV9kYXlzIjoxMywidmlfdXNlY2FzZV9pZCI6MTAwOTksImR1cmF0aW9uX3MiOjE3MSwidXJsZ2VuX3NvdXJjZSI6Ind3dyJ9&ccb=17-1&_nc_gid=i-Vbp-OHoJR-xvlW_gKWgg&_nc_zt=28&vs=8b272d34f4a0fa9a&_nc_vs=HBksFQIYOnBhc3N0aHJvdWdoX2V2ZXJzdG9yZS9HUG9VdWlTTGNBQVZBbDRPQU91ZDVCNzVpTmRPYnNwVEFRQUYVAALIARIAFQIYUWlnX3hwdl9wbGFjZW1lbnRfcGVybWFuZW50X3YyLzcwNDMxNEYzRTYyQkU4QzhCQjhBRTMwRDA2MjU5MEIwX2F1ZGlvX2Rhc2hpbml0Lm1wNBUCAsgBEgAoABgAGwKIB3VzZV9vaWwBMRJwcm9ncmVzc2l2ZV9yZWNpcGUBMRUAACb48fDK3PrdPxUCKAJDMywXQGWAAAAAAAAYEmRhc2hfYmFzZWxpbmVfMV92MREAdf4HZeadAQA&oh=00_Afs0oo-sefmAnWiGK37ffJLDzHSACfuZNJT6D1LQvTGXwA&oe=6986E492,NA,3194347257,eliasmkjabbour,NA,Rio de Janeiro,NA,NA,-22.908,-43.1975,Autoridade,"É um discurso voltado a explicar desempenho econômico com base em análise estrutural, reforçando autoridade intelectual e domínio de dados. Predomina a Competência, com Autenticidade como camada complementar.",40.3100775193799,59.6899224806201,11.6279069767442,10.077519379845,17.0542635658915,15.5038759689923,9.30232558139535,15.5038759689923,8.52713178294574,12.4031007751938
postagem_30,3813757740930728448,DTtMHWPkoJH,"Mon, 19 Jan 2026 20:42:52 GMT",2026-01-19T03:00:00Z,1768855372,"O nosso compromisso é com Lula.

Hoje foi a última reunião, tanto minha quanto de Eduardo Paes, enquanto prefeito e presidente do @ipp.riodejaneiro. Nossos desafios são de diferentes dimensões; ele será o candidato do núcleo da frente ampla que elegeu Lula em 2022 e que o reelegerá em 2026 aqui no Rio de Janeiro.

Nessa reunião, o prefeito foi assertivo em relação ao apoio dele ao presidente Lula. Da mesma forma, eu fui muito claro ao falar do papel histórico do @pcdob_rj em momentos-chave do país e do Rio de Janeiro, incluindo a ida de João Amazonas à casa de Tancredo Neves para convencê-lo a derrotar a ditadura militar dentro do Colégio Eleitoral, assim como o tirocínio estratégico de ser o primeiro partido de esquerda a declarar apoio a Eduardo Paes no segundo turno das eleições de 2008.

Hoje estamos unidos no sentido de isolar a extrema direita no Brasil e no Rio de Janeiro. Eduardo Paes é o palanque de Lula no Rio de Janeiro, e eu, enquanto militante do PCdoB e pré-candidato a deputado federal, represento a viabilização histórica de um projeto nacional de desenvolvimento para o Brasil.

Obrigado, @eduardopaes.
Obrigado, @eduardo.cavaliere.",NA,2282,333,https://www.instagram.com/p/DTtMHWPkoJH/,https://instagram.fsdu8-2.fna.fbcdn.net/v/t51.82787-15/618473970_18438218527107258_5699898400188862154_n.jpg?stp=dst-jpg_e35_tt6&_nc_cat=107&ig_cache_key=MzgxMzc1Nzc0MDkzMDcyODUxOQ%3D%3D.3-ccb7-5&ccb=7-5&_nc_sid=58cdad&efg=eyJ2ZW5jb2RlX3RhZyI6InhwaWRzLjEyODB4MTA1NS5zZHIuQzMifQ%3D%3D&_nc_ohc=O9qZzd0T0t4Q7kNvwEVkfCG&_nc_oc=AdmZqa9hITyE6BoUTj3AtprMZfahrilJMfgUeszADmeid3Eb2Zf0hBRRsLhDGYzfTrUYJCDKiija-wy_2NTd4rl7&_nc_ad=z-m&_nc_cid=0&_nc_zt=23&_nc_ht=instagram.fsdu8-2.fna&_nc_gid=i-Vbp-OHoJR-xvlW_gKWgg&oh=00_AftPXUP76y0eBx2Zs5OM3OAzXWn3WrDsrPpMgDGEmR24cA&oe=6986C772,https://instagram.fsdu8-2.fna.fbcdn.net/v/t51.82787-15/618473970_18438218527107258_5699898400188862154_n.jpg?stp=dst-jpg_e35_tt6&_nc_cat=107&ig_cache_key=MzgxMzc1Nzc0MDkzMDcyODUxOQ%3D%3D.3-ccb7-5&ccb=7-5&_nc_sid=58cdad&efg=eyJ2ZW5jb2RlX3RhZyI6InhwaWRzLjEyODB4MTA1NS5zZHIuQzMifQ%3D%3D&_nc_ohc=O9qZzd0T0t4Q7kNvwEVkfCG&_nc_oc=AdmZqa9hITyE6BoUTj3AtprMZfahrilJMfgUeszADmeid3Eb2Zf0hBRRsLhDGYzfTrUYJCDKiija-wy_2NTd4rl7&_nc_ad=z-m&_nc_cid=0&_nc_zt=23&_nc_ht=instagram.fsdu8-2.fna&_nc_gid=i-Vbp-OHoJR-xvlW_gKWgg&oh=00_AftPXUP76y0eBx2Zs5OM3OAzXWn3WrDsrPpMgDGEmR24cA&oe=6986C772,"https://instagram.fsdu8-2.fna.fbcdn.net/v/t51.82787-15/618473970_18438218527107258_5699898400188862154_n.jpg?stp=dst-jpg_e35_tt6&_nc_cat=107&ig_cache_key=MzgxMzc1Nzc0MDkzMDcyODUxOQ%3D%3D.3-ccb7-5&ccb=7-5&_nc_sid=58cdad&efg=eyJ2ZW5jb2RlX3RhZyI6InhwaWRzLjEyODB4MTA1NS5zZHIuQzMifQ%3D%3D&_nc_ohc=O9qZzd0T0t4Q7kNvwEVkfCG&_nc_oc=AdmZqa9hITyE6BoUTj3AtprMZfahrilJMfgUeszADmeid3Eb2Zf0hBRRsLhDGYzfTrUYJCDKiija-wy_2NTd4rl7&_nc_ad=z-m&_nc_cid=0&_nc_zt=23&_nc_ht=instagram.fsdu8-2.fna&_nc_gid=i-Vbp-OHoJR-xvlW_gKWgg&oh=00_AftPXUP76y0eBx2Zs5OM3OAzXWn3WrDsrPpMgDGEmR24cA&oe=6986C772
https://instagram.fsdu8-2.fna.fbcdn.net/v/t51.82787-15/618473970_18438218527107258_5699898400188862154_n.jpg?stp=dst-jpg_e35_s1080x1080_tt6&_nc_cat=107&ig_cache_key=MzgxMzc1Nzc0MDkzMDcyODUxOQ%3D%3D.3-ccb7-5&ccb=7-5&_nc_sid=58cdad&efg=eyJ2ZW5jb2RlX3RhZyI6InhwaWRzLjEyODB4MTA1NS5zZHIuQzMifQ%3D%3D&_nc_ohc=O9qZzd0T0t4Q7kNvwEVkfCG&_nc_oc=AdmZqa9hITyE6BoUTj3AtprMZfahrilJMfgUeszADmeid3Eb2Zf0hBRRsLhDGYzfTrUYJCDKiija-wy_2NTd4rl7&_nc_ad=z-m&_nc_cid=0&_nc_zt=23&_nc_ht=instagram.fsdu8-2.fna&_nc_gid=i-Vbp-OHoJR-xvlW_gKWgg&oh=00_AftkvAp9oxlBaeyPGzf3ccZqIRCtcnf9dyPof3ZaXEuyAg&oe=6986C772
https://instagram.fsdu8-2.fna.fbcdn.net/v/t51.82787-15/618473970_18438218527107258_5699898400188862154_n.jpg?stp=dst-jpg_e35_s720x720_tt6&_nc_cat=107&ig_cache_key=MzgxMzc1Nzc0MDkzMDcyODUxOQ%3D%3D.3-ccb7-5&ccb=7-5&_nc_sid=58cdad&efg=eyJ2ZW5jb2RlX3RhZyI6InhwaWRzLjEyODB4MTA1NS5zZHIuQzMifQ%3D%3D&_nc_ohc=O9qZzd0T0t4Q7kNvwEVkfCG&_nc_oc=AdmZqa9hITyE6BoUTj3AtprMZfahrilJMfgUeszADmeid3Eb2Zf0hBRRsLhDGYzfTrUYJCDKiija-wy_2NTd4rl7&_nc_ad=z-m&_nc_cid=0&_nc_zt=23&_nc_ht=instagram.fsdu8-2.fna&_nc_gid=i-Vbp-OHoJR-xvlW_gKWgg&oh=00_AfsuisKsgQZsd-g3Hy0WojF9LwR0szp2zQp_ENs-48Hk0g&oe=6986C772
https://instagram.fsdu8-2.fna.fbcdn.net/v/t51.82787-15/618473970_18438218527107258_5699898400188862154_n.jpg?stp=dst-jpg_e35_s640x640_sh0.08_tt6&_nc_cat=107&ig_cache_key=MzgxMzc1Nzc0MDkzMDcyODUxOQ%3D%3D.3-ccb7-5&ccb=7-5&_nc_sid=58cdad&efg=eyJ2ZW5jb2RlX3RhZyI6InhwaWRzLjEyODB4MTA1NS5zZHIuQzMifQ%3D%3D&_nc_ohc=O9qZzd0T0t4Q7kNvwEVkfCG&_nc_oc=AdmZqa9hITyE6BoUTj3AtprMZfahrilJMfgUeszADmeid3Eb2Zf0hBRRsLhDGYzfTrUYJCDKiija-wy_2NTd4rl7&_nc_ad=z-m&_nc_cid=0&_nc_zt=23&_nc_ht=instagram.fsdu8-2.fna&_nc_gid=i-Vbp-OHoJR-xvlW_gKWgg&oh=00_AfvK7lIhjj--74Db6tyHAlyTIOZtBBxVkWCZ9vlom1wc8w&oe=6986C772
https://instagram.fsdu8-2.fna.fbcdn.net/v/t51.82787-15/618473970_18438218527107258_5699898400188862154_n.jpg?stp=dst-jpg_e35_s480x480_tt6&_nc_cat=107&ig_cache_key=MzgxMzc1Nzc0MDkzMDcyODUxOQ%3D%3D.3-ccb7-5&ccb=7-5&_nc_sid=58cdad&efg=eyJ2ZW5jb2RlX3RhZyI6InhwaWRzLjEyODB4MTA1NS5zZHIuQzMifQ%3D%3D&_nc_ohc=O9qZzd0T0t4Q7kNvwEVkfCG&_nc_oc=AdmZqa9hITyE6BoUTj3AtprMZfahrilJMfgUeszADmeid3Eb2Zf0hBRRsLhDGYzfTrUYJCDKiija-wy_2NTd4rl7&_nc_ad=z-m&_nc_cid=0&_nc_zt=23&_nc_ht=instagram.fsdu8-2.fna&_nc_gid=i-Vbp-OHoJR-xvlW_gKWgg&oh=00_Afs8qOB39ZVtDIgiEgpGz2Pzn7hRn1T0Hy4vAm2XJSoBBA&oe=6986C772
https://instagram.fsdu8-2.fna.fbcdn.net/v/t51.82787-15/618473970_18438218527107258_5699898400188862154_n.jpg?stp=dst-jpg_e35_s320x320_tt6&_nc_cat=107&ig_cache_key=MzgxMzc1Nzc0MDkzMDcyODUxOQ%3D%3D.3-ccb7-5&ccb=7-5&_nc_sid=58cdad&efg=eyJ2ZW5jb2RlX3RhZyI6InhwaWRzLjEyODB4MTA1NS5zZHIuQzMifQ%3D%3D&_nc_ohc=O9qZzd0T0t4Q7kNvwEVkfCG&_nc_oc=AdmZqa9hITyE6BoUTj3AtprMZfahrilJMfgUeszADmeid3Eb2Zf0hBRRsLhDGYzfTrUYJCDKiija-wy_2NTd4rl7&_nc_ad=z-m&_nc_cid=0&_nc_zt=23&_nc_ht=instagram.fsdu8-2.fna&_nc_gid=i-Vbp-OHoJR-xvlW_gKWgg&oh=00_Afus6qP7Us126KW5HV47B6Gp024Sz64hnb2NxDwo2V06NA&oe=6986C772
https://instagram.fsdu8-2.fna.fbcdn.net/v/t51.82787-15/618473970_18438218527107258_5699898400188862154_n.jpg?stp=dst-jpg_e35_s240x240_tt6&_nc_cat=107&ig_cache_key=MzgxMzc1Nzc0MDkzMDcyODUxOQ%3D%3D.3-ccb7-5&ccb=7-5&_nc_sid=58cdad&efg=eyJ2ZW5jb2RlX3RhZyI6InhwaWRzLjEyODB4MTA1NS5zZHIuQzMifQ%3D%3D&_nc_ohc=O9qZzd0T0t4Q7kNvwEVkfCG&_nc_oc=AdmZqa9hITyE6BoUTj3AtprMZfahrilJMfgUeszADmeid3Eb2Zf0hBRRsLhDGYzfTrUYJCDKiija-wy_2NTd4rl7&_nc_ad=z-m&_nc_cid=0&_nc_zt=23&_nc_ht=instagram.fsdu8-2.fna&_nc_gid=i-Vbp-OHoJR-xvlW_gKWgg&oh=00_AfuQOakGFcMhAtYfAZjl1nX8gIRijkX59IktIN8lDbnuPQ&oe=6986C772
https://instagram.fsdu8-2.fna.fbcdn.net/v/t51.82787-15/618473970_18438218527107258_5699898400188862154_n.jpg?stp=c112.0.1055.1055a_dst-jpg_e35_s1055x1055_tt6&_nc_cat=107&ig_cache_key=MzgxMzc1Nzc0MDkzMDcyODUxOQ%3D%3D.3-ccb7-5&ccb=7-5&_nc_sid=58cdad&efg=eyJ2ZW5jb2RlX3RhZyI6InhwaWRzLjEyODB4MTA1NS5zZHIuQzMifQ%3D%3D&_nc_ohc=O9qZzd0T0t4Q7kNvwEVkfCG&_nc_oc=AdmZqa9hITyE6BoUTj3AtprMZfahrilJMfgUeszADmeid3Eb2Zf0hBRRsLhDGYzfTrUYJCDKiija-wy_2NTd4rl7&_nc_ad=z-m&_nc_cid=0&_nc_zt=23&_nc_ht=instagram.fsdu8-2.fna&_nc_gid=i-Vbp-OHoJR-xvlW_gKWgg&oh=00_Afuxyu06M6f2lUw7v81_kZuqTXiI1HL-m_zP01dhpuoN1A&oe=6986C772
https://instagram.fsdu8-2.fna.fbcdn.net/v/t51.82787-15/618473970_18438218527107258_5699898400188862154_n.jpg?stp=c112.0.1055.1055a_dst-jpg_e35_s750x750_sh0.08_tt6&_nc_cat=107&ig_cache_key=MzgxMzc1Nzc0MDkzMDcyODUxOQ%3D%3D.3-ccb7-5&ccb=7-5&_nc_sid=58cdad&efg=eyJ2ZW5jb2RlX3RhZyI6InhwaWRzLjEyODB4MTA1NS5zZHIuQzMifQ%3D%3D&_nc_ohc=O9qZzd0T0t4Q7kNvwEVkfCG&_nc_oc=AdmZqa9hITyE6BoUTj3AtprMZfahrilJMfgUeszADmeid3Eb2Zf0hBRRsLhDGYzfTrUYJCDKiija-wy_2NTd4rl7&_nc_ad=z-m&_nc_cid=0&_nc_zt=23&_nc_ht=instagram.fsdu8-2.fna&_nc_gid=i-Vbp-OHoJR-xvlW_gKWgg&oh=00_AftIJ2XOC_3IBnwzE4bqJLVCANu0H0HkcDCIGGJ4sYXs4w&oe=6986C772
https://instagram.fsdu8-2.fna.fbcdn.net/v/t51.82787-15/618473970_18438218527107258_5699898400188862154_n.jpg?stp=c112.0.1055.1055a_dst-jpg_e35_s640x640_sh0.08_tt6&_nc_cat=107&ig_cache_key=MzgxMzc1Nzc0MDkzMDcyODUxOQ%3D%3D.3-ccb7-5&ccb=7-5&_nc_sid=58cdad&efg=eyJ2ZW5jb2RlX3RhZyI6InhwaWRzLjEyODB4MTA1NS5zZHIuQzMifQ%3D%3D&_nc_ohc=O9qZzd0T0t4Q7kNvwEVkfCG&_nc_oc=AdmZqa9hITyE6BoUTj3AtprMZfahrilJMfgUeszADmeid3Eb2Zf0hBRRsLhDGYzfTrUYJCDKiija-wy_2NTd4rl7&_nc_ad=z-m&_nc_cid=0&_nc_zt=23&_nc_ht=instagram.fsdu8-2.fna&_nc_gid=i-Vbp-OHoJR-xvlW_gKWgg&oh=00_AfsJcCS-wbl_5BP2ZhWccUjQYnpprGX1tHOBb6iK6hRYuw&oe=6986C772
https://instagram.fsdu8-2.fna.fbcdn.net/v/t51.82787-15/618473970_18438218527107258_5699898400188862154_n.jpg?stp=c112.0.1055.1055a_dst-jpg_e35_s480x480_tt6&_nc_cat=107&ig_cache_key=MzgxMzc1Nzc0MDkzMDcyODUxOQ%3D%3D.3-ccb7-5&ccb=7-5&_nc_sid=58cdad&efg=eyJ2ZW5jb2RlX3RhZyI6InhwaWRzLjEyODB4MTA1NS5zZHIuQzMifQ%3D%3D&_nc_ohc=O9qZzd0T0t4Q7kNvwEVkfCG&_nc_oc=AdmZqa9hITyE6BoUTj3AtprMZfahrilJMfgUeszADmeid3Eb2Zf0hBRRsLhDGYzfTrUYJCDKiija-wy_2NTd4rl7&_nc_ad=z-m&_nc_cid=0&_nc_zt=23&_nc_ht=instagram.fsdu8-2.fna&_nc_gid=i-Vbp-OHoJR-xvlW_gKWgg&oh=00_Afu0V7CmGzq00ERg4q0EAOYWCpeAGj0sAtILnOI3dwMJUw&oe=6986C772
https://instagram.fsdu8-2.fna.fbcdn.net/v/t51.82787-15/618473970_18438218527107258_5699898400188862154_n.jpg?stp=c112.0.1055.1055a_dst-jpg_e35_s320x320_tt6&_nc_cat=107&ig_cache_key=MzgxMzc1Nzc0MDkzMDcyODUxOQ%3D%3D.3-ccb7-5&ccb=7-5&_nc_sid=58cdad&efg=eyJ2ZW5jb2RlX3RhZyI6InhwaWRzLjEyODB4MTA1NS5zZHIuQzMifQ%3D%3D&_nc_ohc=O9qZzd0T0t4Q7kNvwEVkfCG&_nc_oc=AdmZqa9hITyE6BoUTj3AtprMZfahrilJMfgUeszADmeid3Eb2Zf0hBRRsLhDGYzfTrUYJCDKiija-wy_2NTd4rl7&_nc_ad=z-m&_nc_cid=0&_nc_zt=23&_nc_ht=instagram.fsdu8-2.fna&_nc_gid=i-Vbp-OHoJR-xvlW_gKWgg&oh=00_Afs9D7GD0MZB9_CV_xtyu4ad3PbkcdvfhhHOVsjxpQK-_g&oe=6986C772
https://instagram.fsdu8-2.fna.fbcdn.net/v/t51.82787-15/618473970_18438218527107258_5699898400188862154_n.jpg?stp=c112.0.1055.1055a_dst-jpg_e35_s240x240_tt6&_nc_cat=107&ig_cache_key=MzgxMzc1Nzc0MDkzMDcyODUxOQ%3D%3D.3-ccb7-5&ccb=7-5&_nc_sid=58cdad&efg=eyJ2ZW5jb2RlX3RhZyI6InhwaWRzLjEyODB4MTA1NS5zZHIuQzMifQ%3D%3D&_nc_ohc=O9qZzd0T0t4Q7kNvwEVkfCG&_nc_oc=AdmZqa9hITyE6BoUTj3AtprMZfahrilJMfgUeszADmeid3Eb2Zf0hBRRsLhDGYzfTrUYJCDKiija-wy_2NTd4rl7&_nc_ad=z-m&_nc_cid=0&_nc_zt=23&_nc_ht=instagram.fsdu8-2.fna&_nc_gid=i-Vbp-OHoJR-xvlW_gKWgg&oh=00_AftmSMo6Bg7QlK2jczPr_pwkFI81sUJWDYHn66u0mhjgXA&oe=6986C772
https://instagram.fsdu8-2.fna.fbcdn.net/v/t51.82787-15/618473970_18438218527107258_5699898400188862154_n.jpg?stp=c112.0.1055.1055a_dst-jpg_e35_s150x150_tt6&_nc_cat=107&ig_cache_key=MzgxMzc1Nzc0MDkzMDcyODUxOQ%3D%3D.3-ccb7-5&ccb=7-5&_nc_sid=58cdad&efg=eyJ2ZW5jb2RlX3RhZyI6InhwaWRzLjEyODB4MTA1NS5zZHIuQzMifQ%3D%3D&_nc_ohc=O9qZzd0T0t4Q7kNvwEVkfCG&_nc_oc=AdmZqa9hITyE6BoUTj3AtprMZfahrilJMfgUeszADmeid3Eb2Zf0hBRRsLhDGYzfTrUYJCDKiija-wy_2NTd4rl7&_nc_ad=z-m&_nc_cid=0&_nc_zt=23&_nc_ht=instagram.fsdu8-2.fna&_nc_gid=i-Vbp-OHoJR-xvlW_gKWgg&oh=00_Aft-oYDP3mJ6UBFzVSMeSIBnVFafaxYJANpRNwj3dswtmQ&oe=6986C772",NA,NO,NO,NA,NA,3194347257,eliasmkjabbour,NA,Rio de Janeiro,NA,NA,-22.908,-43.1975,Autenticidade,"É um discurso de afirmação de lealdade, trajetória e compromisso político, voltado a consolidar confiança dentro de um campo específico. Predomina a Autenticidade.",49.1803278688525,50.8196721311475,14.344262295082,10.655737704918,8.60655737704918,14.344262295082,11.4754098360656,13.5245901639344,3.68852459016393,23.3606557377049
postagem_28,3813473579762089472,DTsLgQiDn06,"Mon, 19 Jan 2026 11:18:38 GMT",2026-01-19T03:00:00Z,1768821518,"Acertar na política significa saber quem é o nosso inimigo principal e quem são nossos inimigos secundários. Em 2026, será fundamental acertar na política.",NA,2631,143,https://www.instagram.com/p/DTsLgQiDn06/,https://instagram.fsdu8-1.fna.fbcdn.net/v/t51.71878-15/619215189_1423918472674530_1747041138661319399_n.jpg?stp=dst-jpegr_e15_tt6&_nc_cat=102&ig_cache_key=MzgxMzQ3MzU3OTc2MjA4OTI3NA%3D%3D.3-ccb7-5&ccb=7-5&_nc_sid=58cdad&efg=eyJ2ZW5jb2RlX3RhZyI6InhwaWRzLjY0MHgxMTM2Lmhkci5DMyJ9&_nc_ohc=fCv4DdMEc6MQ7kNvwFnInf7&_nc_oc=AdmrqCWafelo1hhT1KFOG6hxtG_0nZrOv7q0_Zw7wUwmxUSSpRxZDLuBZ7rU3KDhvbmB9PHySOUNaojVvP0MECfc&_nc_ad=z-m&_nc_cid=0&_nc_zt=23&se=-1&_nc_ht=instagram.fsdu8-1.fna&_nc_gid=i-Vbp-OHoJR-xvlW_gKWgg&oh=00_AftIYpKlkiX9sUPj45zRfB-CwNbHcNtymHp-dArftaTfNw&oe=6986BE92,https://instagram.fsdu8-1.fna.fbcdn.net/v/t51.71878-15/619215189_1423918472674530_1747041138661319399_n.jpg?stp=dst-jpegr_e15_tt6&_nc_cat=102&ig_cache_key=MzgxMzQ3MzU3OTc2MjA4OTI3NA%3D%3D.3-ccb7-5&ccb=7-5&_nc_sid=58cdad&efg=eyJ2ZW5jb2RlX3RhZyI6InhwaWRzLjY0MHgxMTM2Lmhkci5DMyJ9&_nc_ohc=fCv4DdMEc6MQ7kNvwFnInf7&_nc_oc=AdmrqCWafelo1hhT1KFOG6hxtG_0nZrOv7q0_Zw7wUwmxUSSpRxZDLuBZ7rU3KDhvbmB9PHySOUNaojVvP0MECfc&_nc_ad=z-m&_nc_cid=0&_nc_zt=23&se=-1&_nc_ht=instagram.fsdu8-1.fna&_nc_gid=i-Vbp-OHoJR-xvlW_gKWgg&oh=00_AftIYpKlkiX9sUPj45zRfB-CwNbHcNtymHp-dArftaTfNw&oe=6986BE92,"https://instagram.fsdu8-1.fna.fbcdn.net/v/t51.71878-15/619215189_1423918472674530_1747041138661319399_n.jpg?stp=dst-jpegr_e15_tt6&_nc_cat=102&ig_cache_key=MzgxMzQ3MzU3OTc2MjA4OTI3NA%3D%3D.3-ccb7-5&ccb=7-5&_nc_sid=58cdad&efg=eyJ2ZW5jb2RlX3RhZyI6InhwaWRzLjY0MHgxMTM2Lmhkci5DMyJ9&_nc_ohc=fCv4DdMEc6MQ7kNvwFnInf7&_nc_oc=AdmrqCWafelo1hhT1KFOG6hxtG_0nZrOv7q0_Zw7wUwmxUSSpRxZDLuBZ7rU3KDhvbmB9PHySOUNaojVvP0MECfc&_nc_ad=z-m&_nc_cid=0&_nc_zt=23&se=-1&_nc_ht=instagram.fsdu8-1.fna&_nc_gid=i-Vbp-OHoJR-xvlW_gKWgg&oh=00_AftIYpKlkiX9sUPj45zRfB-CwNbHcNtymHp-dArftaTfNw&oe=6986BE92
https://instagram.fsdu8-1.fna.fbcdn.net/v/t51.71878-15/619215189_1423918472674530_1747041138661319399_n.jpg?stp=dst-jpegr_e15_p480x480_tt6&_nc_cat=102&ig_cache_key=MzgxMzQ3MzU3OTc2MjA4OTI3NA%3D%3D.3-ccb7-5&ccb=7-5&_nc_sid=58cdad&efg=eyJ2ZW5jb2RlX3RhZyI6InhwaWRzLjY0MHgxMTM2Lmhkci5DMyJ9&_nc_ohc=fCv4DdMEc6MQ7kNvwFnInf7&_nc_oc=AdmrqCWafelo1hhT1KFOG6hxtG_0nZrOv7q0_Zw7wUwmxUSSpRxZDLuBZ7rU3KDhvbmB9PHySOUNaojVvP0MECfc&_nc_ad=z-m&_nc_cid=0&_nc_zt=23&se=-1&_nc_ht=instagram.fsdu8-1.fna&_nc_gid=i-Vbp-OHoJR-xvlW_gKWgg&oh=00_AfvIQiVXfdnmGrZpF3gclLIEMDSiu6EbcenS5kM9LQzESQ&oe=6986BE92
https://instagram.fsdu8-1.fna.fbcdn.net/v/t51.71878-15/619215189_1423918472674530_1747041138661319399_n.jpg?stp=dst-jpegr_e15_p320x320_tt6&_nc_cat=102&ig_cache_key=MzgxMzQ3MzU3OTc2MjA4OTI3NA%3D%3D.3-ccb7-5&ccb=7-5&_nc_sid=58cdad&efg=eyJ2ZW5jb2RlX3RhZyI6InhwaWRzLjY0MHgxMTM2Lmhkci5DMyJ9&_nc_ohc=fCv4DdMEc6MQ7kNvwFnInf7&_nc_oc=AdmrqCWafelo1hhT1KFOG6hxtG_0nZrOv7q0_Zw7wUwmxUSSpRxZDLuBZ7rU3KDhvbmB9PHySOUNaojVvP0MECfc&_nc_ad=z-m&_nc_cid=0&_nc_zt=23&se=-1&_nc_ht=instagram.fsdu8-1.fna&_nc_gid=i-Vbp-OHoJR-xvlW_gKWgg&oh=00_AfsHqwUPJgE1mSPe0t-cEk3Fs9f5ZgmDUhF4OoIqPFRRRg&oe=6986BE92
https://instagram.fsdu8-1.fna.fbcdn.net/v/t51.71878-15/619215189_1423918472674530_1747041138661319399_n.jpg?stp=dst-jpegr_e15_p240x240_tt6&_nc_cat=102&ig_cache_key=MzgxMzQ3MzU3OTc2MjA4OTI3NA%3D%3D.3-ccb7-5&ccb=7-5&_nc_sid=58cdad&efg=eyJ2ZW5jb2RlX3RhZyI6InhwaWRzLjY0MHgxMTM2Lmhkci5DMyJ9&_nc_ohc=fCv4DdMEc6MQ7kNvwFnInf7&_nc_oc=AdmrqCWafelo1hhT1KFOG6hxtG_0nZrOv7q0_Zw7wUwmxUSSpRxZDLuBZ7rU3KDhvbmB9PHySOUNaojVvP0MECfc&_nc_ad=z-m&_nc_cid=0&_nc_zt=23&se=-1&_nc_ht=instagram.fsdu8-1.fna&_nc_gid=i-Vbp-OHoJR-xvlW_gKWgg&oh=00_AfuraCmEEJpcOUJobOrplvSGFjgH5Qxhi7j-xPuboYV1eg&oe=6986BE92
https://instagram.fsdu8-1.fna.fbcdn.net/v/t51.71878-15/619215189_1423918472674530_1747041138661319399_n.jpg?stp=c0.248.640.640a_dst-jpegr_e15_s640x639_tt6&_nc_cat=102&ig_cache_key=MzgxMzQ3MzU3OTc2MjA4OTI3NA%3D%3D.3-ccb7-5&ccb=7-5&_nc_sid=58cdad&efg=eyJ2ZW5jb2RlX3RhZyI6InhwaWRzLjY0MHgxMTM2Lmhkci5DMyJ9&_nc_ohc=fCv4DdMEc6MQ7kNvwFnInf7&_nc_oc=AdmrqCWafelo1hhT1KFOG6hxtG_0nZrOv7q0_Zw7wUwmxUSSpRxZDLuBZ7rU3KDhvbmB9PHySOUNaojVvP0MECfc&_nc_ad=z-m&_nc_cid=0&_nc_zt=23&se=-1&_nc_ht=instagram.fsdu8-1.fna&_nc_gid=i-Vbp-OHoJR-xvlW_gKWgg&oh=00_AfuncLOKCZBh7cg0OGuFBKZB7QifqrNvmIm5fm86KNAHMQ&oe=6986BE92
https://instagram.fsdu8-1.fna.fbcdn.net/v/t51.71878-15/619215189_1423918472674530_1747041138661319399_n.jpg?stp=c0.248.640.640a_dst-jpegr_e15_s640x639_tt6&_nc_cat=102&ig_cache_key=MzgxMzQ3MzU3OTc2MjA4OTI3NA%3D%3D.3-ccb7-5&ccb=7-5&_nc_sid=58cdad&efg=eyJ2ZW5jb2RlX3RhZyI6InhwaWRzLjY0MHgxMTM2Lmhkci5DMyJ9&_nc_ohc=fCv4DdMEc6MQ7kNvwFnInf7&_nc_oc=AdmrqCWafelo1hhT1KFOG6hxtG_0nZrOv7q0_Zw7wUwmxUSSpRxZDLuBZ7rU3KDhvbmB9PHySOUNaojVvP0MECfc&_nc_ad=z-m&_nc_cid=0&_nc_zt=23&se=-1&_nc_ht=instagram.fsdu8-1.fna&_nc_gid=i-Vbp-OHoJR-xvlW_gKWgg&oh=00_AfuncLOKCZBh7cg0OGuFBKZB7QifqrNvmIm5fm86KNAHMQ&oe=6986BE92
https://instagram.fsdu8-1.fna.fbcdn.net/v/t51.71878-15/619215189_1423918472674530_1747041138661319399_n.jpg?stp=c0.248.640.640a_dst-jpegr_e15_s640x639_tt6&_nc_cat=102&ig_cache_key=MzgxMzQ3MzU3OTc2MjA4OTI3NA%3D%3D.3-ccb7-5&ccb=7-5&_nc_sid=58cdad&efg=eyJ2ZW5jb2RlX3RhZyI6InhwaWRzLjY0MHgxMTM2Lmhkci5DMyJ9&_nc_ohc=fCv4DdMEc6MQ7kNvwFnInf7&_nc_oc=AdmrqCWafelo1hhT1KFOG6hxtG_0nZrOv7q0_Zw7wUwmxUSSpRxZDLuBZ7rU3KDhvbmB9PHySOUNaojVvP0MECfc&_nc_ad=z-m&_nc_cid=0&_nc_zt=23&se=-1&_nc_ht=instagram.fsdu8-1.fna&_nc_gid=i-Vbp-OHoJR-xvlW_gKWgg&oh=00_AfuncLOKCZBh7cg0OGuFBKZB7QifqrNvmIm5fm86KNAHMQ&oe=6986BE92
https://instagram.fsdu8-1.fna.fbcdn.net/v/t51.71878-15/619215189_1423918472674530_1747041138661319399_n.jpg?stp=c0.248.640.640a_dst-jpegr_e15_s480x480_tt6&_nc_cat=102&ig_cache_key=MzgxMzQ3MzU3OTc2MjA4OTI3NA%3D%3D.3-ccb7-5&ccb=7-5&_nc_sid=58cdad&efg=eyJ2ZW5jb2RlX3RhZyI6InhwaWRzLjY0MHgxMTM2Lmhkci5DMyJ9&_nc_ohc=fCv4DdMEc6MQ7kNvwFnInf7&_nc_oc=AdmrqCWafelo1hhT1KFOG6hxtG_0nZrOv7q0_Zw7wUwmxUSSpRxZDLuBZ7rU3KDhvbmB9PHySOUNaojVvP0MECfc&_nc_ad=z-m&_nc_cid=0&_nc_zt=23&se=-1&_nc_ht=instagram.fsdu8-1.fna&_nc_gid=i-Vbp-OHoJR-xvlW_gKWgg&oh=00_Afsu9IYgBflHGk9iKBh50mq4ZZxqoBiDTkofizqaQBp7ig&oe=6986BE92
https://instagram.fsdu8-1.fna.fbcdn.net/v/t51.71878-15/619215189_1423918472674530_1747041138661319399_n.jpg?stp=c0.248.640.640a_dst-jpegr_e15_s320x320_tt6&_nc_cat=102&ig_cache_key=MzgxMzQ3MzU3OTc2MjA4OTI3NA%3D%3D.3-ccb7-5&ccb=7-5&_nc_sid=58cdad&efg=eyJ2ZW5jb2RlX3RhZyI6InhwaWRzLjY0MHgxMTM2Lmhkci5DMyJ9&_nc_ohc=fCv4DdMEc6MQ7kNvwFnInf7&_nc_oc=AdmrqCWafelo1hhT1KFOG6hxtG_0nZrOv7q0_Zw7wUwmxUSSpRxZDLuBZ7rU3KDhvbmB9PHySOUNaojVvP0MECfc&_nc_ad=z-m&_nc_cid=0&_nc_zt=23&se=-1&_nc_ht=instagram.fsdu8-1.fna&_nc_gid=i-Vbp-OHoJR-xvlW_gKWgg&oh=00_AfuNUtGh4o6fRaE6jRpb6ymSGYa6pV6ySYyc4OdDVKC6Kg&oe=6986BE92
https://instagram.fsdu8-1.fna.fbcdn.net/v/t51.71878-15/619215189_1423918472674530_1747041138661319399_n.jpg?stp=c0.248.640.640a_dst-jpegr_e15_s240x240_tt6&_nc_cat=102&ig_cache_key=MzgxMzQ3MzU3OTc2MjA4OTI3NA%3D%3D.3-ccb7-5&ccb=7-5&_nc_sid=58cdad&efg=eyJ2ZW5jb2RlX3RhZyI6InhwaWRzLjY0MHgxMTM2Lmhkci5DMyJ9&_nc_ohc=fCv4DdMEc6MQ7kNvwFnInf7&_nc_oc=AdmrqCWafelo1hhT1KFOG6hxtG_0nZrOv7q0_Zw7wUwmxUSSpRxZDLuBZ7rU3KDhvbmB9PHySOUNaojVvP0MECfc&_nc_ad=z-m&_nc_cid=0&_nc_zt=23&se=-1&_nc_ht=instagram.fsdu8-1.fna&_nc_gid=i-Vbp-OHoJR-xvlW_gKWgg&oh=00_AfuoDwqYkZVIymKo8Ifw7KBXhzH8uvFk032kGQ-zBwwNTg&oe=6986BE92
https://instagram.fsdu8-1.fna.fbcdn.net/v/t51.71878-15/619215189_1423918472674530_1747041138661319399_n.jpg?stp=c0.248.640.640a_dst-jpegr_e15_s150x150_tt6&_nc_cat=102&ig_cache_key=MzgxMzQ3MzU3OTc2MjA4OTI3NA%3D%3D.3-ccb7-5&ccb=7-5&_nc_sid=58cdad&efg=eyJ2ZW5jb2RlX3RhZyI6InhwaWRzLjY0MHgxMTM2Lmhkci5DMyJ9&_nc_ohc=fCv4DdMEc6MQ7kNvwFnInf7&_nc_oc=AdmrqCWafelo1hhT1KFOG6hxtG_0nZrOv7q0_Zw7wUwmxUSSpRxZDLuBZ7rU3KDhvbmB9PHySOUNaojVvP0MECfc&_nc_ad=z-m&_nc_cid=0&_nc_zt=23&se=-1&_nc_ht=instagram.fsdu8-1.fna&_nc_gid=i-Vbp-OHoJR-xvlW_gKWgg&oh=00_AfscEAhW97IZzdkN989KynpHOXN9I0z4qjgd7iUOHgZX3A&oe=6986BE92",NA,NO,YES,https://instagram.fsdu8-2.fna.fbcdn.net/o1/v/t16/f2/m69/AQNWLwo8iP6jEcg8dXf3L5UhsXYixf17h1C4MoGK2Cx-DKyjNy_ITwbikGzufjc7lWkLVHOk6aiC7sVRzfL-BYcM.mp4?strext=1&_nc_cat=103&_nc_oc=Admd3SKIpq9Isj4kR-oZbC8NmdpoFp4IxnJE0F2-JEWsRuN9DJ13DYleb62WJlb_rAsHAyK6jXElGnTW78J08yfK&_nc_sid=5e9851&_nc_ht=instagram.fsdu8-2.fna.fbcdn.net&_nc_ohc=6reLGuNQGe0Q7kNvwFT0pKV&efg=eyJ2ZW5jb2RlX3RhZyI6Inhwdl9wcm9ncmVzc2l2ZS5JTlNUQUdSQU0uQ0xJUFMuQzMuNzIwLmRhc2hfYmFzZWxpbmVfMV92MSIsInhwdl9hc3NldF9pZCI6MTc5MzkzOTE4NTIxMjg1MDgsImFzc2V0X2FnZV9kYXlzIjoxNCwidmlfdXNlY2FzZV9pZCI6MTAwOTksImR1cmF0aW9uX3MiOjE3NywidXJsZ2VuX3NvdXJjZSI6Ind3dyJ9&ccb=17-1&_nc_gid=i-Vbp-OHoJR-xvlW_gKWgg&_nc_zt=28&vs=ba5ecb8db85abac0&_nc_vs=HBksFQIYOnBhc3N0aHJvdWdoX2V2ZXJzdG9yZS9HTml3NHlRMWZBNHg4eVVEQU9wSVgxRGJRdzhTYnNwVEFRQUYVAALIARIAFQIYUWlnX3hwdl9wbGFjZW1lbnRfcGVybWFuZW50X3YyLzIyNEQyRTcwRTNCRDlEMTVCRUMyMzNBNEFCODQwQjhDX2F1ZGlvX2Rhc2hpbml0Lm1wNBUCAsgBEgAoABgAGwKIB3VzZV9vaWwBMRJwcm9ncmVzc2l2ZV9yZWNpcGUBMRUAACb4o6nthPLdPxUCKAJDMywXQGYogxJul40YEmRhc2hfYmFzZWxpbmVfMV92MREAdf4HZeadAQA&oh=00_AftMJBWMuKUxXe1rI_jmiisJt48T7NL1-YEl2tln9Hr1_w&oe=6986E881,NA,3194347257,eliasmkjabbour,NA,Rio de Janeiro,NA,NA,-22.908,-43.1975,Autenticidade,"É um discurso de orientação política, pensado para alinhar o público em torno de um critério de ação. Predomina a Autenticidade, apoiada por uma Humanização e baixa centralidade da Competência.",49.7777777777778,50.2222222222222,14.2222222222222,7.55555555555556,7.55555555555556,16.8888888888889,8.88888888888889,11.5555555555556,3.11111111111111,30.2222222222222
postagem_27,3813049197575143936,DTqrAr0jgEz,"Sun, 18 Jan 2026 21:15:07 GMT",2026-01-18T03:00:00Z,1768770907,"Desde 2016 lembrando que luto é verbo.

Muita coisa mudou, mas a necessidade de estar junto, organizado e forte, não. 2026 começou e será um ano decisivo para nós. Que sejamos mais fortes do que nunca.

Um forte abraço e um beijo no coração de vocês.",NA,14484,76,https://www.instagram.com/p/DTqrAr0jgEz/,https://instagram.fsdu8-2.fna.fbcdn.net/v/t51.82787-15/619584572_18438049789107258_561258851099147892_n.jpg?stp=dst-jpg_e35_tt6&_nc_cat=107&ig_cache_key=MzgxMzA0OTE4MjU1MTE1NDYxMA%3D%3D.3-ccb7-5&ccb=7-5&_nc_sid=58cdad&efg=eyJ2ZW5jb2RlX3RhZyI6InhwaWRzLjk2OHgxMjc4LnNkci5DMyJ9&_nc_ohc=AYjsp0GAqKAQ7kNvwEE4hyc&_nc_oc=Adm9OSFYLjSad0olV5n2THQoPn3GjKoV8Doknk_KtYG9dezjzNCbKEkJ13gwZsyqPnk7OI8fkP2CEdva9lb0OR96&_nc_ad=z-m&_nc_cid=0&_nc_zt=23&_nc_ht=instagram.fsdu8-2.fna&_nc_gid=i-Vbp-OHoJR-xvlW_gKWgg&oh=00_Afsk53yXchC2NU2-lLWGyvMj1jeYYqrnSPCQc36LXJdx7Q&oe=6986E440,https://instagram.fsdu8-2.fna.fbcdn.net/v/t51.82787-15/619584572_18438049789107258_561258851099147892_n.jpg?stp=dst-jpg_e35_tt6&_nc_cat=107&ig_cache_key=MzgxMzA0OTE4MjU1MTE1NDYxMA%3D%3D.3-ccb7-5&ccb=7-5&_nc_sid=58cdad&efg=eyJ2ZW5jb2RlX3RhZyI6InhwaWRzLjk2OHgxMjc4LnNkci5DMyJ9&_nc_ohc=AYjsp0GAqKAQ7kNvwEE4hyc&_nc_oc=Adm9OSFYLjSad0olV5n2THQoPn3GjKoV8Doknk_KtYG9dezjzNCbKEkJ13gwZsyqPnk7OI8fkP2CEdva9lb0OR96&_nc_ad=z-m&_nc_cid=0&_nc_zt=23&_nc_ht=instagram.fsdu8-2.fna&_nc_gid=i-Vbp-OHoJR-xvlW_gKWgg&oh=00_Afsk53yXchC2NU2-lLWGyvMj1jeYYqrnSPCQc36LXJdx7Q&oe=6986E440,"https://instagram.fsdu8-2.fna.fbcdn.net/v/t51.82787-15/619584572_18438049789107258_561258851099147892_n.jpg?stp=dst-jpg_e35_tt6&_nc_cat=107&ig_cache_key=MzgxMzA0OTE4MjU1MTE1NDYxMA%3D%3D.3-ccb7-5&ccb=7-5&_nc_sid=58cdad&efg=eyJ2ZW5jb2RlX3RhZyI6InhwaWRzLjk2OHgxMjc4LnNkci5DMyJ9&_nc_ohc=AYjsp0GAqKAQ7kNvwEE4hyc&_nc_oc=Adm9OSFYLjSad0olV5n2THQoPn3GjKoV8Doknk_KtYG9dezjzNCbKEkJ13gwZsyqPnk7OI8fkP2CEdva9lb0OR96&_nc_ad=z-m&_nc_cid=0&_nc_zt=23&_nc_ht=instagram.fsdu8-2.fna&_nc_gid=i-Vbp-OHoJR-xvlW_gKWgg&oh=00_Afsk53yXchC2NU2-lLWGyvMj1jeYYqrnSPCQc36LXJdx7Q&oe=6986E440
https://instagram.fsdu8-1.fna.fbcdn.net/v/t51.82787-15/618029582_18438049807107258_1454192217026334737_n.jpg?stp=dst-jpg_e35_tt6&_nc_cat=106&ig_cache_key=MzgxMzA0OTE4MjY2MDI0NDQ5Nw%3D%3D.3-ccb7-5&ccb=7-5&_nc_sid=58cdad&efg=eyJ2ZW5jb2RlX3RhZyI6InhwaWRzLjExNzl4MTU1Ny5zZHIuQzMifQ%3D%3D&_nc_ohc=boJl7b9uiBcQ7kNvwGZHMEc&_nc_oc=AdkbM7KPCniAwVRNOUxLoKyGsYQo9Dq2uXzzTtn4ySt0dn0BjGuwul9H0BTZU7sqZsaBkFqMZKRfwWm0JYDrZrlR&_nc_ad=z-m&_nc_cid=0&_nc_zt=23&_nc_ht=instagram.fsdu8-1.fna&_nc_gid=i-Vbp-OHoJR-xvlW_gKWgg&oh=00_AfsDavHTM33z-fGL59tVH3DKjE7R7rQJ-7TeJ94PmnYV8w&oe=6986ECB3
https://instagram.fsdu8-1.fna.fbcdn.net/v/t51.82787-15/617940576_18438049798107258_7886159018247832336_n.jpg?stp=dst-jpg_e35_tt6&_nc_cat=101&ig_cache_key=MzgxMzA0OTE4Mjc2OTMwMTg4OA%3D%3D.3-ccb7-5&ccb=7-5&_nc_sid=58cdad&efg=eyJ2ZW5jb2RlX3RhZyI6InhwaWRzLjExNzl4MTU1Ny5zZHIuQzMifQ%3D%3D&_nc_ohc=pVOdBCqduf4Q7kNvwEOWRjw&_nc_oc=Admoyk9ZMpflB0bKbHW228JwusrKursfeAiuznhU0wADbYFLElvsDaheTd0BP8VSxHk50Loe07I6WbY9Q0JR_ASO&_nc_ad=z-m&_nc_cid=0&_nc_zt=23&_nc_ht=instagram.fsdu8-1.fna&_nc_gid=i-Vbp-OHoJR-xvlW_gKWgg&oh=00_AftkNmxuUw_9nRGTQhzZjOkVxpnTM360rRZFPNl6s1sowg&oe=6986BE5D
https://instagram.fsdu8-2.fna.fbcdn.net/v/t51.82787-15/618624794_18438049816107258_1890820570647204925_n.jpg?stp=dst-jpg_e35_tt6&_nc_cat=109&ig_cache_key=MzgxMzA0OTE4Mjc2MDkxOTcyMw%3D%3D.3-ccb7-5&ccb=7-5&_nc_sid=58cdad&efg=eyJ2ZW5jb2RlX3RhZyI6InhwaWRzLjExNzl4MTU1Ny5zZHIuQzMifQ%3D%3D&_nc_ohc=gfj8Xj3BKTgQ7kNvwEPgVMd&_nc_oc=AdnVlV5yaM2q236pGhuKB-tLtY5yNAFl9Oojxds7_2g593D0vEYEmpE3cnuJiro6zMpGyxeOypyJ3xbKnxEXM6RW&_nc_ad=z-m&_nc_cid=0&_nc_zt=23&_nc_ht=instagram.fsdu8-2.fna&_nc_gid=i-Vbp-OHoJR-xvlW_gKWgg&oh=00_AfvszkjLJaeR--Ip1ymKYbKh3PM9N3DwI88TmQOUllWqmw&oe=6986C08C
https://instagram.fsdu8-2.fna.fbcdn.net/v/t51.82787-15/618628781_18438049828107258_2768749846389765450_n.jpg?stp=dst-jpg_e35_tt6&_nc_cat=107&ig_cache_key=MzgxMzA0OTE4MjU1MTIwNTc3Mg%3D%3D.3-ccb7-5&ccb=7-5&_nc_sid=58cdad&efg=eyJ2ZW5jb2RlX3RhZyI6InhwaWRzLjEwODN4MTQzMC5zZHIuQzMifQ%3D%3D&_nc_ohc=eqNf0Aw6suIQ7kNvwGkulFW&_nc_oc=Adnx2iAKkFj1AwmM3mw3_H72sXiiBe8cq9zB4iT06LQqgvS_A9HAkqUqxHTjynhiR2uZ-mlKUco25kWiwK8XGinP&_nc_ad=z-m&_nc_cid=0&_nc_zt=23&_nc_ht=instagram.fsdu8-2.fna&_nc_gid=i-Vbp-OHoJR-xvlW_gKWgg&oh=00_Afvlky4Gsm4n3Q91GfQw3RJALuCXeH88521byHX7vAW6dA&oe=6986C9B3
https://instagram.fsdu8-1.fna.fbcdn.net/v/t51.82787-15/619099060_18438049837107258_6050293888165412599_n.jpg?stp=dst-jpg_e35_tt6&_nc_cat=111&ig_cache_key=MzgxMzA0OTE4Mjc1MjUxNzk0MA%3D%3D.3-ccb7-5&ccb=7-5&_nc_sid=58cdad&efg=eyJ2ZW5jb2RlX3RhZyI6InhwaWRzLjk0NHgxMjQ2LnNkci5DMyJ9&_nc_ohc=LCbZPeXMufYQ7kNvwFJirsT&_nc_oc=AdnpZvpabYIk7L7rcPHedmEJNbVPG4zK0mblNp-9i6j3pztCYjZ7qg1Mgd0TwKI9SfFP-LYNcZQbsbm3wS9vWdKg&_nc_ad=z-m&_nc_cid=0&_nc_zt=23&_nc_ht=instagram.fsdu8-1.fna&_nc_gid=i-Vbp-OHoJR-xvlW_gKWgg&oh=00_Afu31WfX9WKpgYG5qJ93dq8dLQZMGcy_GcMNDMAF3_wdKw&oe=6986D54B
https://instagram.fsdu8-2.fna.fbcdn.net/v/t51.82787-15/618979673_18438049846107258_2533857335034558813_n.jpg?stp=dst-jpg_e35_tt6&_nc_cat=105&ig_cache_key=MzgxMzA0OTE4MjU1OTYwMDUxMA%3D%3D.3-ccb7-5&ccb=7-5&_nc_sid=58cdad&efg=eyJ2ZW5jb2RlX3RhZyI6InhwaWRzLjExNzl4MTU1Ny5zZHIuQzMifQ%3D%3D&_nc_ohc=vhFcGshyOZEQ7kNvwE3E4c_&_nc_oc=AdloC3zuWWfHC3pHCOkJbZjtZqN0QtKupPOXRtx8Sli_F5P9eaY_SX4YfW1suAU0P-fYXnmxDeekmmnd_c9tBMqj&_nc_ad=z-m&_nc_cid=0&_nc_zt=23&_nc_ht=instagram.fsdu8-2.fna&_nc_gid=i-Vbp-OHoJR-xvlW_gKWgg&oh=00_AftEI6Pu1A2dJnT6H4RoS2KRk1Hc5JebZQ3aVjS6Op74bw&oe=6986DDA7","https://instagram.fsdu8-2.fna.fbcdn.net/v/t51.82787-15/619584572_18438049789107258_561258851099147892_n.jpg?stp=dst-jpg_e35_tt6&_nc_cat=107&ig_cache_key=MzgxMzA0OTE4MjU1MTE1NDYxMA%3D%3D.3-ccb7-5&ccb=7-5&_nc_sid=58cdad&efg=eyJ2ZW5jb2RlX3RhZyI6InhwaWRzLjk2OHgxMjc4LnNkci5DMyJ9&_nc_ohc=AYjsp0GAqKAQ7kNvwEE4hyc&_nc_oc=Adm9OSFYLjSad0olV5n2THQoPn3GjKoV8Doknk_KtYG9dezjzNCbKEkJ13gwZsyqPnk7OI8fkP2CEdva9lb0OR96&_nc_ad=z-m&_nc_cid=0&_nc_zt=23&_nc_ht=instagram.fsdu8-2.fna&_nc_gid=i-Vbp-OHoJR-xvlW_gKWgg&oh=00_Afsk53yXchC2NU2-lLWGyvMj1jeYYqrnSPCQc36LXJdx7Q&oe=6986E440
https://instagram.fsdu8-1.fna.fbcdn.net/v/t51.82787-15/618029582_18438049807107258_1454192217026334737_n.jpg?stp=dst-jpg_e35_tt6&_nc_cat=106&ig_cache_key=MzgxMzA0OTE4MjY2MDI0NDQ5Nw%3D%3D.3-ccb7-5&ccb=7-5&_nc_sid=58cdad&efg=eyJ2ZW5jb2RlX3RhZyI6InhwaWRzLjExNzl4MTU1Ny5zZHIuQzMifQ%3D%3D&_nc_ohc=boJl7b9uiBcQ7kNvwGZHMEc&_nc_oc=AdkbM7KPCniAwVRNOUxLoKyGsYQo9Dq2uXzzTtn4ySt0dn0BjGuwul9H0BTZU7sqZsaBkFqMZKRfwWm0JYDrZrlR&_nc_ad=z-m&_nc_cid=0&_nc_zt=23&_nc_ht=instagram.fsdu8-1.fna&_nc_gid=i-Vbp-OHoJR-xvlW_gKWgg&oh=00_AfsDavHTM33z-fGL59tVH3DKjE7R7rQJ-7TeJ94PmnYV8w&oe=6986ECB3
https://instagram.fsdu8-1.fna.fbcdn.net/v/t51.82787-15/617940576_18438049798107258_7886159018247832336_n.jpg?stp=dst-jpg_e35_tt6&_nc_cat=101&ig_cache_key=MzgxMzA0OTE4Mjc2OTMwMTg4OA%3D%3D.3-ccb7-5&ccb=7-5&_nc_sid=58cdad&efg=eyJ2ZW5jb2RlX3RhZyI6InhwaWRzLjExNzl4MTU1Ny5zZHIuQzMifQ%3D%3D&_nc_ohc=pVOdBCqduf4Q7kNvwEOWRjw&_nc_oc=Admoyk9ZMpflB0bKbHW228JwusrKursfeAiuznhU0wADbYFLElvsDaheTd0BP8VSxHk50Loe07I6WbY9Q0JR_ASO&_nc_ad=z-m&_nc_cid=0&_nc_zt=23&_nc_ht=instagram.fsdu8-1.fna&_nc_gid=i-Vbp-OHoJR-xvlW_gKWgg&oh=00_AftkNmxuUw_9nRGTQhzZjOkVxpnTM360rRZFPNl6s1sowg&oe=6986BE5D
https://instagram.fsdu8-2.fna.fbcdn.net/v/t51.82787-15/618624794_18438049816107258_1890820570647204925_n.jpg?stp=dst-jpg_e35_tt6&_nc_cat=109&ig_cache_key=MzgxMzA0OTE4Mjc2MDkxOTcyMw%3D%3D.3-ccb7-5&ccb=7-5&_nc_sid=58cdad&efg=eyJ2ZW5jb2RlX3RhZyI6InhwaWRzLjExNzl4MTU1Ny5zZHIuQzMifQ%3D%3D&_nc_ohc=gfj8Xj3BKTgQ7kNvwEPgVMd&_nc_oc=AdnVlV5yaM2q236pGhuKB-tLtY5yNAFl9Oojxds7_2g593D0vEYEmpE3cnuJiro6zMpGyxeOypyJ3xbKnxEXM6RW&_nc_ad=z-m&_nc_cid=0&_nc_zt=23&_nc_ht=instagram.fsdu8-2.fna&_nc_gid=i-Vbp-OHoJR-xvlW_gKWgg&oh=00_AfvszkjLJaeR--Ip1ymKYbKh3PM9N3DwI88TmQOUllWqmw&oe=6986C08C
https://instagram.fsdu8-2.fna.fbcdn.net/v/t51.82787-15/618628781_18438049828107258_2768749846389765450_n.jpg?stp=dst-jpg_e35_tt6&_nc_cat=107&ig_cache_key=MzgxMzA0OTE4MjU1MTIwNTc3Mg%3D%3D.3-ccb7-5&ccb=7-5&_nc_sid=58cdad&efg=eyJ2ZW5jb2RlX3RhZyI6InhwaWRzLjEwODN4MTQzMC5zZHIuQzMifQ%3D%3D&_nc_ohc=eqNf0Aw6suIQ7kNvwGkulFW&_nc_oc=Adnx2iAKkFj1AwmM3mw3_H72sXiiBe8cq9zB4iT06LQqgvS_A9HAkqUqxHTjynhiR2uZ-mlKUco25kWiwK8XGinP&_nc_ad=z-m&_nc_cid=0&_nc_zt=23&_nc_ht=instagram.fsdu8-2.fna&_nc_gid=i-Vbp-OHoJR-xvlW_gKWgg&oh=00_Afvlky4Gsm4n3Q91GfQw3RJALuCXeH88521byHX7vAW6dA&oe=6986C9B3
https://instagram.fsdu8-1.fna.fbcdn.net/v/t51.82787-15/619099060_18438049837107258_6050293888165412599_n.jpg?stp=dst-jpg_e35_tt6&_nc_cat=111&ig_cache_key=MzgxMzA0OTE4Mjc1MjUxNzk0MA%3D%3D.3-ccb7-5&ccb=7-5&_nc_sid=58cdad&efg=eyJ2ZW5jb2RlX3RhZyI6InhwaWRzLjk0NHgxMjQ2LnNkci5DMyJ9&_nc_ohc=LCbZPeXMufYQ7kNvwFJirsT&_nc_oc=AdnpZvpabYIk7L7rcPHedmEJNbVPG4zK0mblNp-9i6j3pztCYjZ7qg1Mgd0TwKI9SfFP-LYNcZQbsbm3wS9vWdKg&_nc_ad=z-m&_nc_cid=0&_nc_zt=23&_nc_ht=instagram.fsdu8-1.fna&_nc_gid=i-Vbp-OHoJR-xvlW_gKWgg&oh=00_Afu31WfX9WKpgYG5qJ93dq8dLQZMGcy_GcMNDMAF3_wdKw&oe=6986D54B
https://instagram.fsdu8-2.fna.fbcdn.net/v/t51.82787-15/618979673_18438049846107258_2533857335034558813_n.jpg?stp=dst-jpg_e35_tt6&_nc_cat=105&ig_cache_key=MzgxMzA0OTE4MjU1OTYwMDUxMA%3D%3D.3-ccb7-5&ccb=7-5&_nc_sid=58cdad&efg=eyJ2ZW5jb2RlX3RhZyI6InhwaWRzLjExNzl4MTU1Ny5zZHIuQzMifQ%3D%3D&_nc_ohc=vhFcGshyOZEQ7kNvwE3E4c_&_nc_oc=AdloC3zuWWfHC3pHCOkJbZjtZqN0QtKupPOXRtx8Sli_F5P9eaY_SX4YfW1suAU0P-fYXnmxDeekmmnd_c9tBMqj&_nc_ad=z-m&_nc_cid=0&_nc_zt=23&_nc_ht=instagram.fsdu8-2.fna&_nc_gid=i-Vbp-OHoJR-xvlW_gKWgg&oh=00_AftEI6Pu1A2dJnT6H4RoS2KRk1Hc5JebZQ3aVjS6Op74bw&oe=6986DDA7",YES,NO,NA,NA,3194347257,eliasmkjabbour,NA,Rio de Janeiro,NA,NA,-22.908,-43.1975,Humanização,"É um discurso de memória compartilhada e vínculo afetivo, voltado a reforçar identidade coletiva e proximidade. Predomina a Humanização, sustentada por Autenticidade e baixa centralidade da Competência.",54.6296296296296,45.3703703703704,21.2962962962963,11.1111111111111,2.77777777777778,14.8148148148148,15.7407407407407,6.48148148148148,7.40740740740741,20.3703703703704
postagem_26,3812499164970782208,DTot8qCjo63,"Sun, 18 Jan 2026 03:02:18 GMT",2026-01-18T03:00:00Z,1768705338,"Ou não será 

Ou o Brasil será um país soberano e autossuficiente ou não será. 

O resgate de nossa comunidade de destino é a principal tarefa de nossa geração.

Ou não será.",NA,2948,42,https://www.instagram.com/p/DTot8qCjo63/,https://instagram.fsdu8-1.fna.fbcdn.net/v/t51.82787-15/618017486_18437907145107258_2593552303641154519_n.jpg?stp=dst-jpg_e35_tt6&_nc_cat=101&ig_cache_key=MzgxMjQ5OTE2NDk3MDc4MjM5MQ%3D%3D.3-ccb7-5&ccb=7-5&_nc_sid=58cdad&efg=eyJ2ZW5jb2RlX3RhZyI6InhwaWRzLjExNzl4OTA5LnNkci5DMyJ9&_nc_ohc=d3VBVn1GkWEQ7kNvwEwMfI-&_nc_oc=AdnhGyCtvF2LqHX-FTvxFpR7wpHFOrA_9kKdGe6KvKRPdl5eIJTa06ByiZlllU7bihuFYQnhwIZwf0dsAtwlkC3y&_nc_ad=z-m&_nc_cid=0&_nc_zt=23&_nc_ht=instagram.fsdu8-1.fna&_nc_gid=i-Vbp-OHoJR-xvlW_gKWgg&oh=00_AfvAKI6-iorOQDkqaE9i7rsFbQLhLSppbUfgztRibZRu5g&oe=6986EE55,https://instagram.fsdu8-1.fna.fbcdn.net/v/t51.82787-15/618017486_18437907145107258_2593552303641154519_n.jpg?stp=dst-jpg_e35_tt6&_nc_cat=101&ig_cache_key=MzgxMjQ5OTE2NDk3MDc4MjM5MQ%3D%3D.3-ccb7-5&ccb=7-5&_nc_sid=58cdad&efg=eyJ2ZW5jb2RlX3RhZyI6InhwaWRzLjExNzl4OTA5LnNkci5DMyJ9&_nc_ohc=d3VBVn1GkWEQ7kNvwEwMfI-&_nc_oc=AdnhGyCtvF2LqHX-FTvxFpR7wpHFOrA_9kKdGe6KvKRPdl5eIJTa06ByiZlllU7bihuFYQnhwIZwf0dsAtwlkC3y&_nc_ad=z-m&_nc_cid=0&_nc_zt=23&_nc_ht=instagram.fsdu8-1.fna&_nc_gid=i-Vbp-OHoJR-xvlW_gKWgg&oh=00_AfvAKI6-iorOQDkqaE9i7rsFbQLhLSppbUfgztRibZRu5g&oe=6986EE55,"https://instagram.fsdu8-1.fna.fbcdn.net/v/t51.82787-15/618017486_18437907145107258_2593552303641154519_n.jpg?stp=dst-jpg_e35_tt6&_nc_cat=101&ig_cache_key=MzgxMjQ5OTE2NDk3MDc4MjM5MQ%3D%3D.3-ccb7-5&ccb=7-5&_nc_sid=58cdad&efg=eyJ2ZW5jb2RlX3RhZyI6InhwaWRzLjExNzl4OTA5LnNkci5DMyJ9&_nc_ohc=d3VBVn1GkWEQ7kNvwEwMfI-&_nc_oc=AdnhGyCtvF2LqHX-FTvxFpR7wpHFOrA_9kKdGe6KvKRPdl5eIJTa06ByiZlllU7bihuFYQnhwIZwf0dsAtwlkC3y&_nc_ad=z-m&_nc_cid=0&_nc_zt=23&_nc_ht=instagram.fsdu8-1.fna&_nc_gid=i-Vbp-OHoJR-xvlW_gKWgg&oh=00_AfvAKI6-iorOQDkqaE9i7rsFbQLhLSppbUfgztRibZRu5g&oe=6986EE55
https://instagram.fsdu8-1.fna.fbcdn.net/v/t51.82787-15/618017486_18437907145107258_2593552303641154519_n.jpg?stp=dst-jpg_e35_s720x720_tt6&_nc_cat=101&ig_cache_key=MzgxMjQ5OTE2NDk3MDc4MjM5MQ%3D%3D.3-ccb7-5&ccb=7-5&_nc_sid=58cdad&efg=eyJ2ZW5jb2RlX3RhZyI6InhwaWRzLjExNzl4OTA5LnNkci5DMyJ9&_nc_ohc=d3VBVn1GkWEQ7kNvwEwMfI-&_nc_oc=AdnhGyCtvF2LqHX-FTvxFpR7wpHFOrA_9kKdGe6KvKRPdl5eIJTa06ByiZlllU7bihuFYQnhwIZwf0dsAtwlkC3y&_nc_ad=z-m&_nc_cid=0&_nc_zt=23&_nc_ht=instagram.fsdu8-1.fna&_nc_gid=i-Vbp-OHoJR-xvlW_gKWgg&oh=00_Aft5gOZlipSG4Hvm3tyOI32coaqU5Xj9vtuLEk-mANXfoQ&oe=6986EE55
https://instagram.fsdu8-1.fna.fbcdn.net/v/t51.82787-15/618017486_18437907145107258_2593552303641154519_n.jpg?stp=dst-jpg_e35_s640x640_sh0.08_tt6&_nc_cat=101&ig_cache_key=MzgxMjQ5OTE2NDk3MDc4MjM5MQ%3D%3D.3-ccb7-5&ccb=7-5&_nc_sid=58cdad&efg=eyJ2ZW5jb2RlX3RhZyI6InhwaWRzLjExNzl4OTA5LnNkci5DMyJ9&_nc_ohc=d3VBVn1GkWEQ7kNvwEwMfI-&_nc_oc=AdnhGyCtvF2LqHX-FTvxFpR7wpHFOrA_9kKdGe6KvKRPdl5eIJTa06ByiZlllU7bihuFYQnhwIZwf0dsAtwlkC3y&_nc_ad=z-m&_nc_cid=0&_nc_zt=23&_nc_ht=instagram.fsdu8-1.fna&_nc_gid=i-Vbp-OHoJR-xvlW_gKWgg&oh=00_AfvxeBYL9uwpIzLiVHGTSr5yTInVDJN_fdXwcjnXTCZm0Q&oe=6986EE55
https://instagram.fsdu8-1.fna.fbcdn.net/v/t51.82787-15/618017486_18437907145107258_2593552303641154519_n.jpg?stp=dst-jpg_e35_s480x480_tt6&_nc_cat=101&ig_cache_key=MzgxMjQ5OTE2NDk3MDc4MjM5MQ%3D%3D.3-ccb7-5&ccb=7-5&_nc_sid=58cdad&efg=eyJ2ZW5jb2RlX3RhZyI6InhwaWRzLjExNzl4OTA5LnNkci5DMyJ9&_nc_ohc=d3VBVn1GkWEQ7kNvwEwMfI-&_nc_oc=AdnhGyCtvF2LqHX-FTvxFpR7wpHFOrA_9kKdGe6KvKRPdl5eIJTa06ByiZlllU7bihuFYQnhwIZwf0dsAtwlkC3y&_nc_ad=z-m&_nc_cid=0&_nc_zt=23&_nc_ht=instagram.fsdu8-1.fna&_nc_gid=i-Vbp-OHoJR-xvlW_gKWgg&oh=00_AfsDbg_0hCQqmUcoAMM_LqToCBq7CV_zOkRPA59193z58A&oe=6986EE55
https://instagram.fsdu8-1.fna.fbcdn.net/v/t51.82787-15/618017486_18437907145107258_2593552303641154519_n.jpg?stp=dst-jpg_e35_s320x320_tt6&_nc_cat=101&ig_cache_key=MzgxMjQ5OTE2NDk3MDc4MjM5MQ%3D%3D.3-ccb7-5&ccb=7-5&_nc_sid=58cdad&efg=eyJ2ZW5jb2RlX3RhZyI6InhwaWRzLjExNzl4OTA5LnNkci5DMyJ9&_nc_ohc=d3VBVn1GkWEQ7kNvwEwMfI-&_nc_oc=AdnhGyCtvF2LqHX-FTvxFpR7wpHFOrA_9kKdGe6KvKRPdl5eIJTa06ByiZlllU7bihuFYQnhwIZwf0dsAtwlkC3y&_nc_ad=z-m&_nc_cid=0&_nc_zt=23&_nc_ht=instagram.fsdu8-1.fna&_nc_gid=i-Vbp-OHoJR-xvlW_gKWgg&oh=00_AftnWAbzX3Ui8XehTBxjHMWwy9shY_nfqop8PxXbDVfbIA&oe=6986EE55
https://instagram.fsdu8-1.fna.fbcdn.net/v/t51.82787-15/618017486_18437907145107258_2593552303641154519_n.jpg?stp=dst-jpg_e35_s240x240_tt6&_nc_cat=101&ig_cache_key=MzgxMjQ5OTE2NDk3MDc4MjM5MQ%3D%3D.3-ccb7-5&ccb=7-5&_nc_sid=58cdad&efg=eyJ2ZW5jb2RlX3RhZyI6InhwaWRzLjExNzl4OTA5LnNkci5DMyJ9&_nc_ohc=d3VBVn1GkWEQ7kNvwEwMfI-&_nc_oc=AdnhGyCtvF2LqHX-FTvxFpR7wpHFOrA_9kKdGe6KvKRPdl5eIJTa06ByiZlllU7bihuFYQnhwIZwf0dsAtwlkC3y&_nc_ad=z-m&_nc_cid=0&_nc_zt=23&_nc_ht=instagram.fsdu8-1.fna&_nc_gid=i-Vbp-OHoJR-xvlW_gKWgg&oh=00_AftGdJ0Qaipuj6cevD_GZzHcBrfP24Ky0uU4XLSyLf8n5w&oe=6986EE55
https://instagram.fsdu8-1.fna.fbcdn.net/v/t51.82787-15/618017486_18437907145107258_2593552303641154519_n.jpg?stp=c135.0.909.909a_dst-jpg_e35_s909x909_tt6&_nc_cat=101&ig_cache_key=MzgxMjQ5OTE2NDk3MDc4MjM5MQ%3D%3D.3-ccb7-5&ccb=7-5&_nc_sid=58cdad&efg=eyJ2ZW5jb2RlX3RhZyI6InhwaWRzLjExNzl4OTA5LnNkci5DMyJ9&_nc_ohc=d3VBVn1GkWEQ7kNvwEwMfI-&_nc_oc=AdnhGyCtvF2LqHX-FTvxFpR7wpHFOrA_9kKdGe6KvKRPdl5eIJTa06ByiZlllU7bihuFYQnhwIZwf0dsAtwlkC3y&_nc_ad=z-m&_nc_cid=0&_nc_zt=23&_nc_ht=instagram.fsdu8-1.fna&_nc_gid=i-Vbp-OHoJR-xvlW_gKWgg&oh=00_AfuaR0lD91Bgl4DBLEiLV_-PsvUFQU1GFLjTBodTHmazoA&oe=6986EE55
https://instagram.fsdu8-1.fna.fbcdn.net/v/t51.82787-15/618017486_18437907145107258_2593552303641154519_n.jpg?stp=c135.0.909.909a_dst-jpg_e35_s750x750_sh0.08_tt6&_nc_cat=101&ig_cache_key=MzgxMjQ5OTE2NDk3MDc4MjM5MQ%3D%3D.3-ccb7-5&ccb=7-5&_nc_sid=58cdad&efg=eyJ2ZW5jb2RlX3RhZyI6InhwaWRzLjExNzl4OTA5LnNkci5DMyJ9&_nc_ohc=d3VBVn1GkWEQ7kNvwEwMfI-&_nc_oc=AdnhGyCtvF2LqHX-FTvxFpR7wpHFOrA_9kKdGe6KvKRPdl5eIJTa06ByiZlllU7bihuFYQnhwIZwf0dsAtwlkC3y&_nc_ad=z-m&_nc_cid=0&_nc_zt=23&_nc_ht=instagram.fsdu8-1.fna&_nc_gid=i-Vbp-OHoJR-xvlW_gKWgg&oh=00_AfsLqISjRYYAPIYNR1kpBIHKlMeO9o1K-5zgAkHEjwk13w&oe=6986EE55
https://instagram.fsdu8-1.fna.fbcdn.net/v/t51.82787-15/618017486_18437907145107258_2593552303641154519_n.jpg?stp=c135.0.909.909a_dst-jpg_e35_s640x640_sh0.08_tt6&_nc_cat=101&ig_cache_key=MzgxMjQ5OTE2NDk3MDc4MjM5MQ%3D%3D.3-ccb7-5&ccb=7-5&_nc_sid=58cdad&efg=eyJ2ZW5jb2RlX3RhZyI6InhwaWRzLjExNzl4OTA5LnNkci5DMyJ9&_nc_ohc=d3VBVn1GkWEQ7kNvwEwMfI-&_nc_oc=AdnhGyCtvF2LqHX-FTvxFpR7wpHFOrA_9kKdGe6KvKRPdl5eIJTa06ByiZlllU7bihuFYQnhwIZwf0dsAtwlkC3y&_nc_ad=z-m&_nc_cid=0&_nc_zt=23&_nc_ht=instagram.fsdu8-1.fna&_nc_gid=i-Vbp-OHoJR-xvlW_gKWgg&oh=00_AfvKZ3lCSvMaNDNYm4iB1Qtf0fFEhUwC5-eIFqABDaOhog&oe=6986EE55
https://instagram.fsdu8-1.fna.fbcdn.net/v/t51.82787-15/618017486_18437907145107258_2593552303641154519_n.jpg?stp=c135.0.909.909a_dst-jpg_e35_s480x480_tt6&_nc_cat=101&ig_cache_key=MzgxMjQ5OTE2NDk3MDc4MjM5MQ%3D%3D.3-ccb7-5&ccb=7-5&_nc_sid=58cdad&efg=eyJ2ZW5jb2RlX3RhZyI6InhwaWRzLjExNzl4OTA5LnNkci5DMyJ9&_nc_ohc=d3VBVn1GkWEQ7kNvwEwMfI-&_nc_oc=AdnhGyCtvF2LqHX-FTvxFpR7wpHFOrA_9kKdGe6KvKRPdl5eIJTa06ByiZlllU7bihuFYQnhwIZwf0dsAtwlkC3y&_nc_ad=z-m&_nc_cid=0&_nc_zt=23&_nc_ht=instagram.fsdu8-1.fna&_nc_gid=i-Vbp-OHoJR-xvlW_gKWgg&oh=00_AfvBnmh3_CdjflWfBLuDoYhgFIHysqv99ideAzYWxO_xQA&oe=6986EE55
https://instagram.fsdu8-1.fna.fbcdn.net/v/t51.82787-15/618017486_18437907145107258_2593552303641154519_n.jpg?stp=c135.0.909.909a_dst-jpg_e35_s320x320_tt6&_nc_cat=101&ig_cache_key=MzgxMjQ5OTE2NDk3MDc4MjM5MQ%3D%3D.3-ccb7-5&ccb=7-5&_nc_sid=58cdad&efg=eyJ2ZW5jb2RlX3RhZyI6InhwaWRzLjExNzl4OTA5LnNkci5DMyJ9&_nc_ohc=d3VBVn1GkWEQ7kNvwEwMfI-&_nc_oc=AdnhGyCtvF2LqHX-FTvxFpR7wpHFOrA_9kKdGe6KvKRPdl5eIJTa06ByiZlllU7bihuFYQnhwIZwf0dsAtwlkC3y&_nc_ad=z-m&_nc_cid=0&_nc_zt=23&_nc_ht=instagram.fsdu8-1.fna&_nc_gid=i-Vbp-OHoJR-xvlW_gKWgg&oh=00_AfuG9bRf7-LLcHyzCO0DU1DPSNhX16sh5s40chlfsGjFvQ&oe=6986EE55
https://instagram.fsdu8-1.fna.fbcdn.net/v/t51.82787-15/618017486_18437907145107258_2593552303641154519_n.jpg?stp=c135.0.909.909a_dst-jpg_e35_s240x240_tt6&_nc_cat=101&ig_cache_key=MzgxMjQ5OTE2NDk3MDc4MjM5MQ%3D%3D.3-ccb7-5&ccb=7-5&_nc_sid=58cdad&efg=eyJ2ZW5jb2RlX3RhZyI6InhwaWRzLjExNzl4OTA5LnNkci5DMyJ9&_nc_ohc=d3VBVn1GkWEQ7kNvwEwMfI-&_nc_oc=AdnhGyCtvF2LqHX-FTvxFpR7wpHFOrA_9kKdGe6KvKRPdl5eIJTa06ByiZlllU7bihuFYQnhwIZwf0dsAtwlkC3y&_nc_ad=z-m&_nc_cid=0&_nc_zt=23&_nc_ht=instagram.fsdu8-1.fna&_nc_gid=i-Vbp-OHoJR-xvlW_gKWgg&oh=00_AfunXFHGCkApeY7qtEU8sD3sQrGe4a4ZnXi070h68cfyHA&oe=6986EE55
https://instagram.fsdu8-1.fna.fbcdn.net/v/t51.82787-15/618017486_18437907145107258_2593552303641154519_n.jpg?stp=c135.0.909.909a_dst-jpg_e35_s150x150_tt6&_nc_cat=101&ig_cache_key=MzgxMjQ5OTE2NDk3MDc4MjM5MQ%3D%3D.3-ccb7-5&ccb=7-5&_nc_sid=58cdad&efg=eyJ2ZW5jb2RlX3RhZyI6InhwaWRzLjExNzl4OTA5LnNkci5DMyJ9&_nc_ohc=d3VBVn1GkWEQ7kNvwEwMfI-&_nc_oc=AdnhGyCtvF2LqHX-FTvxFpR7wpHFOrA_9kKdGe6KvKRPdl5eIJTa06ByiZlllU7bihuFYQnhwIZwf0dsAtwlkC3y&_nc_ad=z-m&_nc_cid=0&_nc_zt=23&_nc_ht=instagram.fsdu8-1.fna&_nc_gid=i-Vbp-OHoJR-xvlW_gKWgg&oh=00_AfuO6bCI6uEOduD9zVFZec_NH4eG4ed3hN4RScQAxjg5dw&oe=6986EE55",NA,NO,NO,NA,NA,3194347257,eliasmkjabbour,NA,NA,NA,NA,NA,NA,Autenticidade,"É um discurso de afirmação de identidade nacional, que busca mobilizar por meio de convicção e destino compartilhado. Predomina a Autenticidade, com um leve componente de Humanização e nenhuma centralidade na Competência.",44.6280991735537,55.3719008264463,14.8760330578512,9.91735537190083,4.13223140495868,20.6611570247934,8.26446280991736,15.702479338843,9.09090909090909,17.3553719008265
postagem_25,3812186541288902144,DTnm3YjDM6T,"Sat, 17 Jan 2026 16:41:10 GMT",2026-01-17T03:00:00Z,1768668070,"A discussão sobre a China é frequentemente reduzida a um slogan: “há mercado, logo é capitalismo”.
O livro China, o Socialismo do Século XXI desmonta essa ideia com um critério simples, mas decisivo: quem controla o comando estratégico da acumulação.

Na experiência chinesa, o mercado existe, mas não governa. Está subordinado a um sistema de planeamento de longo prazo, onde o Estado orienta o investimento, controla os setores estratégicos e define as prioridades do desenvolvimento. O que está em causa não é a ausência de mercado, mas a sua subordinação política.

Estas teses colocam a China fora das categorias liberais clássicas e obrigam a repensar o próprio significado de socialismo no século XXI, para lá das caricaturas ideológicas habituais.

———

The debate about China is often reduced to a simplistic slogan: “there is a market, therefore it is capitalism.”
The book China, the Socialism of the 21st Century challenges this view using a decisive criterion: who controls the strategic command of accumulation.

In the Chinese experience, the market exists, but it does not rule. It is subordinated to a long-term planning system in which the State directs investment, controls strategic sectors, and defines development priorities. The issue is not the presence of markets, but their political subordination.

These arguments place China outside classical liberal categories and force a serious rethinking of what socialism can mean in the 21st century, beyond ideological clichés.

Referência bibliográfica
JABBOUR, Elias; GABRIELE, Alberto. China, o Socialismo do Século XXI. São Paulo: Boitempo, 2021.

Bibliographic reference
JABBOUR, Elias; GABRIELE, Alberto. China, the Socialism of the 21st Century. São Paulo: Boitempo, 2021.

#China #Socialismo #EconomiaPolitica #Planeamento #Desenvolvimento",#China #Socialismo #EconomiaPolitica #Planeamento #Desenvolvimento,2320,36,https://www.instagram.com/p/DTnm3YjDM6T/,https://instagram.fsdu8-2.fna.fbcdn.net/v/t51.82787-15/618365824_17854064871610893_8245422611305981684_n.jpg?stp=dst-jpg_e35_tt6&_nc_cat=108&ig_cache_key=MzgxMjE4NjU0MTI4ODkwMjI5MQ%3D%3D.3-ccb7-5&ccb=7-5&_nc_sid=58cdad&efg=eyJ2ZW5jb2RlX3RhZyI6InhwaWRzLjEzNjV4MTgyMC5zZHIuQzMifQ%3D%3D&_nc_ohc=K5G1jGnz7kgQ7kNvwHiSw6J&_nc_oc=AdmEktWS_iznkuFcuqqkje35aagyXUp1UveAUFX3rW0CPHOFrvw7VVOGgNBPcv8FRDiQXOzeCUl9Ej7aseIwjdIr&_nc_ad=z-m&_nc_cid=0&_nc_zt=23&_nc_ht=instagram.fsdu8-2.fna&_nc_gid=i-Vbp-OHoJR-xvlW_gKWgg&oh=00_AfsTpo_btOEOc3Lr6MD7cjdckgswFBCGqB9RQa0N-CRHvg&oe=6986ECF1,https://instagram.fsdu8-2.fna.fbcdn.net/v/t51.82787-15/618365824_17854064871610893_8245422611305981684_n.jpg?stp=dst-jpg_e35_tt6&_nc_cat=108&ig_cache_key=MzgxMjE4NjU0MTI4ODkwMjI5MQ%3D%3D.3-ccb7-5&ccb=7-5&_nc_sid=58cdad&efg=eyJ2ZW5jb2RlX3RhZyI6InhwaWRzLjEzNjV4MTgyMC5zZHIuQzMifQ%3D%3D&_nc_ohc=K5G1jGnz7kgQ7kNvwHiSw6J&_nc_oc=AdmEktWS_iznkuFcuqqkje35aagyXUp1UveAUFX3rW0CPHOFrvw7VVOGgNBPcv8FRDiQXOzeCUl9Ej7aseIwjdIr&_nc_ad=z-m&_nc_cid=0&_nc_zt=23&_nc_ht=instagram.fsdu8-2.fna&_nc_gid=i-Vbp-OHoJR-xvlW_gKWgg&oh=00_AfsTpo_btOEOc3Lr6MD7cjdckgswFBCGqB9RQa0N-CRHvg&oe=6986ECF1,"https://instagram.fsdu8-2.fna.fbcdn.net/v/t51.82787-15/618365824_17854064871610893_8245422611305981684_n.jpg?stp=dst-jpg_e35_tt6&_nc_cat=108&ig_cache_key=MzgxMjE4NjU0MTI4ODkwMjI5MQ%3D%3D.3-ccb7-5&ccb=7-5&_nc_sid=58cdad&efg=eyJ2ZW5jb2RlX3RhZyI6InhwaWRzLjEzNjV4MTgyMC5zZHIuQzMifQ%3D%3D&_nc_ohc=K5G1jGnz7kgQ7kNvwHiSw6J&_nc_oc=AdmEktWS_iznkuFcuqqkje35aagyXUp1UveAUFX3rW0CPHOFrvw7VVOGgNBPcv8FRDiQXOzeCUl9Ej7aseIwjdIr&_nc_ad=z-m&_nc_cid=0&_nc_zt=23&_nc_ht=instagram.fsdu8-2.fna&_nc_gid=i-Vbp-OHoJR-xvlW_gKWgg&oh=00_AfsTpo_btOEOc3Lr6MD7cjdckgswFBCGqB9RQa0N-CRHvg&oe=6986ECF1
https://instagram.fsdu8-2.fna.fbcdn.net/v/t51.82787-15/618365824_17854064871610893_8245422611305981684_n.jpg?stp=dst-jpg_e35_p1080x1080_tt6&_nc_cat=108&ig_cache_key=MzgxMjE4NjU0MTI4ODkwMjI5MQ%3D%3D.3-ccb7-5&ccb=7-5&_nc_sid=58cdad&efg=eyJ2ZW5jb2RlX3RhZyI6InhwaWRzLjEzNjV4MTgyMC5zZHIuQzMifQ%3D%3D&_nc_ohc=K5G1jGnz7kgQ7kNvwHiSw6J&_nc_oc=AdmEktWS_iznkuFcuqqkje35aagyXUp1UveAUFX3rW0CPHOFrvw7VVOGgNBPcv8FRDiQXOzeCUl9Ej7aseIwjdIr&_nc_ad=z-m&_nc_cid=0&_nc_zt=23&_nc_ht=instagram.fsdu8-2.fna&_nc_gid=i-Vbp-OHoJR-xvlW_gKWgg&oh=00_Afu7saK8IFrUaQYTKVQ2XnFkyQih9WQ2u9_1tcfhENGSgA&oe=6986ECF1
https://instagram.fsdu8-2.fna.fbcdn.net/v/t51.82787-15/618365824_17854064871610893_8245422611305981684_n.jpg?stp=dst-jpg_e35_p720x720_tt6&_nc_cat=108&ig_cache_key=MzgxMjE4NjU0MTI4ODkwMjI5MQ%3D%3D.3-ccb7-5&ccb=7-5&_nc_sid=58cdad&efg=eyJ2ZW5jb2RlX3RhZyI6InhwaWRzLjEzNjV4MTgyMC5zZHIuQzMifQ%3D%3D&_nc_ohc=K5G1jGnz7kgQ7kNvwHiSw6J&_nc_oc=AdmEktWS_iznkuFcuqqkje35aagyXUp1UveAUFX3rW0CPHOFrvw7VVOGgNBPcv8FRDiQXOzeCUl9Ej7aseIwjdIr&_nc_ad=z-m&_nc_cid=0&_nc_zt=23&_nc_ht=instagram.fsdu8-2.fna&_nc_gid=i-Vbp-OHoJR-xvlW_gKWgg&oh=00_AftXp5v4J0WlFW53d4q1TOFENHyFUDtlk4KH_-HYxlx4rg&oe=6986ECF1
https://instagram.fsdu8-2.fna.fbcdn.net/v/t51.82787-15/618365824_17854064871610893_8245422611305981684_n.jpg?stp=dst-jpg_e35_p640x640_sh0.08_tt6&_nc_cat=108&ig_cache_key=MzgxMjE4NjU0MTI4ODkwMjI5MQ%3D%3D.3-ccb7-5&ccb=7-5&_nc_sid=58cdad&efg=eyJ2ZW5jb2RlX3RhZyI6InhwaWRzLjEzNjV4MTgyMC5zZHIuQzMifQ%3D%3D&_nc_ohc=K5G1jGnz7kgQ7kNvwHiSw6J&_nc_oc=AdmEktWS_iznkuFcuqqkje35aagyXUp1UveAUFX3rW0CPHOFrvw7VVOGgNBPcv8FRDiQXOzeCUl9Ej7aseIwjdIr&_nc_ad=z-m&_nc_cid=0&_nc_zt=23&_nc_ht=instagram.fsdu8-2.fna&_nc_gid=i-Vbp-OHoJR-xvlW_gKWgg&oh=00_Aftp_lGuFklPTeU3g5nWmRJ8h2_v-o3vd0NNxwsDCzpDcg&oe=6986ECF1
https://instagram.fsdu8-2.fna.fbcdn.net/v/t51.82787-15/618365824_17854064871610893_8245422611305981684_n.jpg?stp=dst-jpg_e35_s640x640_tt6&_nc_cat=108&ig_cache_key=MzgxMjE4NjU0MTI4ODkwMjI5MQ%3D%3D.3-ccb7-5&ccb=7-5&_nc_sid=58cdad&efg=eyJ2ZW5jb2RlX3RhZyI6InhwaWRzLjEzNjV4MTgyMC5zZHIuQzMifQ%3D%3D&_nc_ohc=K5G1jGnz7kgQ7kNvwHiSw6J&_nc_oc=AdmEktWS_iznkuFcuqqkje35aagyXUp1UveAUFX3rW0CPHOFrvw7VVOGgNBPcv8FRDiQXOzeCUl9Ej7aseIwjdIr&_nc_ad=z-m&_nc_cid=0&_nc_zt=23&_nc_ht=instagram.fsdu8-2.fna&_nc_gid=i-Vbp-OHoJR-xvlW_gKWgg&oh=00_Afu8ovzGvSopRBGi1A_A_IYBBYoeVib-5EEa4-MdiwpM-Q&oe=6986ECF1
https://instagram.fsdu8-2.fna.fbcdn.net/v/t51.82787-15/618365824_17854064871610893_8245422611305981684_n.jpg?stp=dst-jpg_e35_p320x320_tt6&_nc_cat=108&ig_cache_key=MzgxMjE4NjU0MTI4ODkwMjI5MQ%3D%3D.3-ccb7-5&ccb=7-5&_nc_sid=58cdad&efg=eyJ2ZW5jb2RlX3RhZyI6InhwaWRzLjEzNjV4MTgyMC5zZHIuQzMifQ%3D%3D&_nc_ohc=K5G1jGnz7kgQ7kNvwHiSw6J&_nc_oc=AdmEktWS_iznkuFcuqqkje35aagyXUp1UveAUFX3rW0CPHOFrvw7VVOGgNBPcv8FRDiQXOzeCUl9Ej7aseIwjdIr&_nc_ad=z-m&_nc_cid=0&_nc_zt=23&_nc_ht=instagram.fsdu8-2.fna&_nc_gid=i-Vbp-OHoJR-xvlW_gKWgg&oh=00_Aft4AKfD4dGlUUpcpcFKN1udxf4b2YGTYh3cEg39g4Fhbw&oe=6986ECF1
https://instagram.fsdu8-2.fna.fbcdn.net/v/t51.82787-15/618365824_17854064871610893_8245422611305981684_n.jpg?stp=dst-jpg_e35_s320x320_tt6&_nc_cat=108&ig_cache_key=MzgxMjE4NjU0MTI4ODkwMjI5MQ%3D%3D.3-ccb7-5&ccb=7-5&_nc_sid=58cdad&efg=eyJ2ZW5jb2RlX3RhZyI6InhwaWRzLjEzNjV4MTgyMC5zZHIuQzMifQ%3D%3D&_nc_ohc=K5G1jGnz7kgQ7kNvwHiSw6J&_nc_oc=AdmEktWS_iznkuFcuqqkje35aagyXUp1UveAUFX3rW0CPHOFrvw7VVOGgNBPcv8FRDiQXOzeCUl9Ej7aseIwjdIr&_nc_ad=z-m&_nc_cid=0&_nc_zt=23&_nc_ht=instagram.fsdu8-2.fna&_nc_gid=i-Vbp-OHoJR-xvlW_gKWgg&oh=00_Afu5mYuXAfzadF9CH_N0U4xNFQ0y01lMfaL1bUy3croGhQ&oe=6986ECF1
https://instagram.fsdu8-2.fna.fbcdn.net/v/t51.82787-15/618365824_17854064871610893_8245422611305981684_n.jpg?stp=c0.227.1365.1365a_dst-jpg_e35_s1080x1080_tt6&_nc_cat=108&ig_cache_key=MzgxMjE4NjU0MTI4ODkwMjI5MQ%3D%3D.3-ccb7-5&ccb=7-5&_nc_sid=58cdad&efg=eyJ2ZW5jb2RlX3RhZyI6InhwaWRzLjEzNjV4MTgyMC5zZHIuQzMifQ%3D%3D&_nc_ohc=K5G1jGnz7kgQ7kNvwHiSw6J&_nc_oc=AdmEktWS_iznkuFcuqqkje35aagyXUp1UveAUFX3rW0CPHOFrvw7VVOGgNBPcv8FRDiQXOzeCUl9Ej7aseIwjdIr&_nc_ad=z-m&_nc_cid=0&_nc_zt=23&_nc_ht=instagram.fsdu8-2.fna&_nc_gid=i-Vbp-OHoJR-xvlW_gKWgg&oh=00_AfsSa6JhkLFFIdq-UIn4R767FRI_3AyEkpY1yyTr809dOA&oe=6986ECF1
https://instagram.fsdu8-2.fna.fbcdn.net/v/t51.82787-15/618365824_17854064871610893_8245422611305981684_n.jpg?stp=c0.227.1365.1365a_dst-jpg_e35_s750x750_sh0.08_tt6&_nc_cat=108&ig_cache_key=MzgxMjE4NjU0MTI4ODkwMjI5MQ%3D%3D.3-ccb7-5&ccb=7-5&_nc_sid=58cdad&efg=eyJ2ZW5jb2RlX3RhZyI6InhwaWRzLjEzNjV4MTgyMC5zZHIuQzMifQ%3D%3D&_nc_ohc=K5G1jGnz7kgQ7kNvwHiSw6J&_nc_oc=AdmEktWS_iznkuFcuqqkje35aagyXUp1UveAUFX3rW0CPHOFrvw7VVOGgNBPcv8FRDiQXOzeCUl9Ej7aseIwjdIr&_nc_ad=z-m&_nc_cid=0&_nc_zt=23&_nc_ht=instagram.fsdu8-2.fna&_nc_gid=i-Vbp-OHoJR-xvlW_gKWgg&oh=00_AfvjKCiw41pVbxudu8h_DQgHSqPY3QX1P3tXl4cBLXnj_Q&oe=6986ECF1
https://instagram.fsdu8-2.fna.fbcdn.net/v/t51.82787-15/618365824_17854064871610893_8245422611305981684_n.jpg?stp=c0.227.1365.1365a_dst-jpg_e35_s640x640_sh0.08_tt6&_nc_cat=108&ig_cache_key=MzgxMjE4NjU0MTI4ODkwMjI5MQ%3D%3D.3-ccb7-5&ccb=7-5&_nc_sid=58cdad&efg=eyJ2ZW5jb2RlX3RhZyI6InhwaWRzLjEzNjV4MTgyMC5zZHIuQzMifQ%3D%3D&_nc_ohc=K5G1jGnz7kgQ7kNvwHiSw6J&_nc_oc=AdmEktWS_iznkuFcuqqkje35aagyXUp1UveAUFX3rW0CPHOFrvw7VVOGgNBPcv8FRDiQXOzeCUl9Ej7aseIwjdIr&_nc_ad=z-m&_nc_cid=0&_nc_zt=23&_nc_ht=instagram.fsdu8-2.fna&_nc_gid=i-Vbp-OHoJR-xvlW_gKWgg&oh=00_Afsxsqr9Mhq4ocgkUlaoHgNNzseRb_8Xe8i5gPLv4KKUVg&oe=6986ECF1
https://instagram.fsdu8-2.fna.fbcdn.net/v/t51.82787-15/618365824_17854064871610893_8245422611305981684_n.jpg?stp=c0.227.1365.1365a_dst-jpg_e35_s480x480_tt6&_nc_cat=108&ig_cache_key=MzgxMjE4NjU0MTI4ODkwMjI5MQ%3D%3D.3-ccb7-5&ccb=7-5&_nc_sid=58cdad&efg=eyJ2ZW5jb2RlX3RhZyI6InhwaWRzLjEzNjV4MTgyMC5zZHIuQzMifQ%3D%3D&_nc_ohc=K5G1jGnz7kgQ7kNvwHiSw6J&_nc_oc=AdmEktWS_iznkuFcuqqkje35aagyXUp1UveAUFX3rW0CPHOFrvw7VVOGgNBPcv8FRDiQXOzeCUl9Ej7aseIwjdIr&_nc_ad=z-m&_nc_cid=0&_nc_zt=23&_nc_ht=instagram.fsdu8-2.fna&_nc_gid=i-Vbp-OHoJR-xvlW_gKWgg&oh=00_Afu24wmShdnej73emXJbneQgDPV1icuqtoVUph6ZICO5ew&oe=6986ECF1
https://instagram.fsdu8-2.fna.fbcdn.net/v/t51.82787-15/618365824_17854064871610893_8245422611305981684_n.jpg?stp=c0.227.1365.1365a_dst-jpg_e35_s320x320_tt6&_nc_cat=108&ig_cache_key=MzgxMjE4NjU0MTI4ODkwMjI5MQ%3D%3D.3-ccb7-5&ccb=7-5&_nc_sid=58cdad&efg=eyJ2ZW5jb2RlX3RhZyI6InhwaWRzLjEzNjV4MTgyMC5zZHIuQzMifQ%3D%3D&_nc_ohc=K5G1jGnz7kgQ7kNvwHiSw6J&_nc_oc=AdmEktWS_iznkuFcuqqkje35aagyXUp1UveAUFX3rW0CPHOFrvw7VVOGgNBPcv8FRDiQXOzeCUl9Ej7aseIwjdIr&_nc_ad=z-m&_nc_cid=0&_nc_zt=23&_nc_ht=instagram.fsdu8-2.fna&_nc_gid=i-Vbp-OHoJR-xvlW_gKWgg&oh=00_AfsT_i9AkgY497Gr41LhQVQ5krce-2eiof0ptnxL_AsvvA&oe=6986ECF1
https://instagram.fsdu8-2.fna.fbcdn.net/v/t51.82787-15/618365824_17854064871610893_8245422611305981684_n.jpg?stp=c0.227.1365.1365a_dst-jpg_e35_s240x240_tt6&_nc_cat=108&ig_cache_key=MzgxMjE4NjU0MTI4ODkwMjI5MQ%3D%3D.3-ccb7-5&ccb=7-5&_nc_sid=58cdad&efg=eyJ2ZW5jb2RlX3RhZyI6InhwaWRzLjEzNjV4MTgyMC5zZHIuQzMifQ%3D%3D&_nc_ohc=K5G1jGnz7kgQ7kNvwHiSw6J&_nc_oc=AdmEktWS_iznkuFcuqqkje35aagyXUp1UveAUFX3rW0CPHOFrvw7VVOGgNBPcv8FRDiQXOzeCUl9Ej7aseIwjdIr&_nc_ad=z-m&_nc_cid=0&_nc_zt=23&_nc_ht=instagram.fsdu8-2.fna&_nc_gid=i-Vbp-OHoJR-xvlW_gKWgg&oh=00_AfvVlAA0CKp8Pp_Tgj2WjDnPki6FNUZbsc7e8xLKj4RMpQ&oe=6986ECF1
https://instagram.fsdu8-2.fna.fbcdn.net/v/t51.82787-15/618365824_17854064871610893_8245422611305981684_n.jpg?stp=c0.227.1365.1365a_dst-jpg_e35_s150x150_tt6&_nc_cat=108&ig_cache_key=MzgxMjE4NjU0MTI4ODkwMjI5MQ%3D%3D.3-ccb7-5&ccb=7-5&_nc_sid=58cdad&efg=eyJ2ZW5jb2RlX3RhZyI6InhwaWRzLjEzNjV4MTgyMC5zZHIuQzMifQ%3D%3D&_nc_ohc=K5G1jGnz7kgQ7kNvwHiSw6J&_nc_oc=AdmEktWS_iznkuFcuqqkje35aagyXUp1UveAUFX3rW0CPHOFrvw7VVOGgNBPcv8FRDiQXOzeCUl9Ej7aseIwjdIr&_nc_ad=z-m&_nc_cid=0&_nc_zt=23&_nc_ht=instagram.fsdu8-2.fna&_nc_gid=i-Vbp-OHoJR-xvlW_gKWgg&oh=00_AfseH-YDdpCGSnL0nVWSkIfhGiaJylWhMvkP6_t5WFH0Nw&oe=6986ECF1",NA,NO,NO,NA,NA,78443306892,kitty.marxpt,NA,NA,NA,NA,NA,NA,Autoridade,"É um discurso de alta densidade teórica, voltado a intervir no debate intelectual sobre China, socialismo e economia política. Predomina claramente a Competência, sustentada por rigor conceitual e referências, com Autenticidade como camada complementar.",39.2156862745098,60.7843137254902,17.6470588235294,7.84313725490196,13.7254901960784,17.6470588235294,7.84313725490196,11.7647058823529,0,23.5294117647059
postagem_24,3812063259319501312,DTnK1ZRDoKX,"Sat, 17 Jan 2026 12:36:57 GMT",2026-01-17T03:00:00Z,1768653417,O grande desafio de 2026.,NA,2750,157,https://www.instagram.com/p/DTnK1ZRDoKX/,https://instagram.fsdu8-2.fna.fbcdn.net/v/t51.71878-15/618064024_2631673737204896_6299833680968631686_n.jpg?stp=dst-jpegr_e15_tt6&_nc_cat=109&ig_cache_key=MzgxMjA2MzI1OTMxOTUwMTQ2Mw%3D%3D.3-ccb7-5&ccb=7-5&_nc_sid=58cdad&efg=eyJ2ZW5jb2RlX3RhZyI6InhwaWRzLjY0MHgxMTM2Lmhkci5DMyJ9&_nc_ohc=VKtJbXdDjhQQ7kNvwHGagY4&_nc_oc=AdnXEeweIygUYJsJkrkF_ObBuicvwOHSTN6rGU1LLEi3fXHYQS7RqjNX-djWDwjxZS_Wr-qf684gWGg0gJ8uwp4s&_nc_ad=z-m&_nc_cid=0&_nc_zt=23&se=-1&_nc_ht=instagram.fsdu8-2.fna&_nc_gid=i-Vbp-OHoJR-xvlW_gKWgg&oh=00_Afs4Yevz1OB94ggaUgq-FWgznPZKx2kGz6d34cU69LXmZA&oe=6986C973,https://instagram.fsdu8-2.fna.fbcdn.net/v/t51.71878-15/618064024_2631673737204896_6299833680968631686_n.jpg?stp=dst-jpegr_e15_tt6&_nc_cat=109&ig_cache_key=MzgxMjA2MzI1OTMxOTUwMTQ2Mw%3D%3D.3-ccb7-5&ccb=7-5&_nc_sid=58cdad&efg=eyJ2ZW5jb2RlX3RhZyI6InhwaWRzLjY0MHgxMTM2Lmhkci5DMyJ9&_nc_ohc=VKtJbXdDjhQQ7kNvwHGagY4&_nc_oc=AdnXEeweIygUYJsJkrkF_ObBuicvwOHSTN6rGU1LLEi3fXHYQS7RqjNX-djWDwjxZS_Wr-qf684gWGg0gJ8uwp4s&_nc_ad=z-m&_nc_cid=0&_nc_zt=23&se=-1&_nc_ht=instagram.fsdu8-2.fna&_nc_gid=i-Vbp-OHoJR-xvlW_gKWgg&oh=00_Afs4Yevz1OB94ggaUgq-FWgznPZKx2kGz6d34cU69LXmZA&oe=6986C973,"https://instagram.fsdu8-2.fna.fbcdn.net/v/t51.71878-15/618064024_2631673737204896_6299833680968631686_n.jpg?stp=dst-jpegr_e15_tt6&_nc_cat=109&ig_cache_key=MzgxMjA2MzI1OTMxOTUwMTQ2Mw%3D%3D.3-ccb7-5&ccb=7-5&_nc_sid=58cdad&efg=eyJ2ZW5jb2RlX3RhZyI6InhwaWRzLjY0MHgxMTM2Lmhkci5DMyJ9&_nc_ohc=VKtJbXdDjhQQ7kNvwHGagY4&_nc_oc=AdnXEeweIygUYJsJkrkF_ObBuicvwOHSTN6rGU1LLEi3fXHYQS7RqjNX-djWDwjxZS_Wr-qf684gWGg0gJ8uwp4s&_nc_ad=z-m&_nc_cid=0&_nc_zt=23&se=-1&_nc_ht=instagram.fsdu8-2.fna&_nc_gid=i-Vbp-OHoJR-xvlW_gKWgg&oh=00_Afs4Yevz1OB94ggaUgq-FWgznPZKx2kGz6d34cU69LXmZA&oe=6986C973
https://instagram.fsdu8-2.fna.fbcdn.net/v/t51.71878-15/618064024_2631673737204896_6299833680968631686_n.jpg?stp=dst-jpegr_e15_p480x480_tt6&_nc_cat=109&ig_cache_key=MzgxMjA2MzI1OTMxOTUwMTQ2Mw%3D%3D.3-ccb7-5&ccb=7-5&_nc_sid=58cdad&efg=eyJ2ZW5jb2RlX3RhZyI6InhwaWRzLjY0MHgxMTM2Lmhkci5DMyJ9&_nc_ohc=VKtJbXdDjhQQ7kNvwHGagY4&_nc_oc=AdnXEeweIygUYJsJkrkF_ObBuicvwOHSTN6rGU1LLEi3fXHYQS7RqjNX-djWDwjxZS_Wr-qf684gWGg0gJ8uwp4s&_nc_ad=z-m&_nc_cid=0&_nc_zt=23&se=-1&_nc_ht=instagram.fsdu8-2.fna&_nc_gid=i-Vbp-OHoJR-xvlW_gKWgg&oh=00_AfvaL8Fbs72Gvohxvl9ky8kO-Qs3esyXP3mSqj0YgQVHqw&oe=6986C973
https://instagram.fsdu8-2.fna.fbcdn.net/v/t51.71878-15/618064024_2631673737204896_6299833680968631686_n.jpg?stp=dst-jpegr_e15_p320x320_tt6&_nc_cat=109&ig_cache_key=MzgxMjA2MzI1OTMxOTUwMTQ2Mw%3D%3D.3-ccb7-5&ccb=7-5&_nc_sid=58cdad&efg=eyJ2ZW5jb2RlX3RhZyI6InhwaWRzLjY0MHgxMTM2Lmhkci5DMyJ9&_nc_ohc=VKtJbXdDjhQQ7kNvwHGagY4&_nc_oc=AdnXEeweIygUYJsJkrkF_ObBuicvwOHSTN6rGU1LLEi3fXHYQS7RqjNX-djWDwjxZS_Wr-qf684gWGg0gJ8uwp4s&_nc_ad=z-m&_nc_cid=0&_nc_zt=23&se=-1&_nc_ht=instagram.fsdu8-2.fna&_nc_gid=i-Vbp-OHoJR-xvlW_gKWgg&oh=00_AftZP2G8HSKqbNEmKoKxsE1ge0GPH4sGISCQEpnTmZhN0w&oe=6986C973
https://instagram.fsdu8-2.fna.fbcdn.net/v/t51.71878-15/618064024_2631673737204896_6299833680968631686_n.jpg?stp=dst-jpegr_e15_p240x240_tt6&_nc_cat=109&ig_cache_key=MzgxMjA2MzI1OTMxOTUwMTQ2Mw%3D%3D.3-ccb7-5&ccb=7-5&_nc_sid=58cdad&efg=eyJ2ZW5jb2RlX3RhZyI6InhwaWRzLjY0MHgxMTM2Lmhkci5DMyJ9&_nc_ohc=VKtJbXdDjhQQ7kNvwHGagY4&_nc_oc=AdnXEeweIygUYJsJkrkF_ObBuicvwOHSTN6rGU1LLEi3fXHYQS7RqjNX-djWDwjxZS_Wr-qf684gWGg0gJ8uwp4s&_nc_ad=z-m&_nc_cid=0&_nc_zt=23&se=-1&_nc_ht=instagram.fsdu8-2.fna&_nc_gid=i-Vbp-OHoJR-xvlW_gKWgg&oh=00_AfuYylBMw255PRCayGRh4nRylJwM695EZEh82Dv7b7bMOA&oe=6986C973
https://instagram.fsdu8-2.fna.fbcdn.net/v/t51.71878-15/618064024_2631673737204896_6299833680968631686_n.jpg?stp=c0.248.640.640a_dst-jpegr_e15_s640x639_tt6&_nc_cat=109&ig_cache_key=MzgxMjA2MzI1OTMxOTUwMTQ2Mw%3D%3D.3-ccb7-5&ccb=7-5&_nc_sid=58cdad&efg=eyJ2ZW5jb2RlX3RhZyI6InhwaWRzLjY0MHgxMTM2Lmhkci5DMyJ9&_nc_ohc=VKtJbXdDjhQQ7kNvwHGagY4&_nc_oc=AdnXEeweIygUYJsJkrkF_ObBuicvwOHSTN6rGU1LLEi3fXHYQS7RqjNX-djWDwjxZS_Wr-qf684gWGg0gJ8uwp4s&_nc_ad=z-m&_nc_cid=0&_nc_zt=23&se=-1&_nc_ht=instagram.fsdu8-2.fna&_nc_gid=i-Vbp-OHoJR-xvlW_gKWgg&oh=00_AfspLHONoIowSUL1EWmrcOeEr0KMumtGmvGHFfbMMe6bzw&oe=6986C973
https://instagram.fsdu8-2.fna.fbcdn.net/v/t51.71878-15/618064024_2631673737204896_6299833680968631686_n.jpg?stp=c0.248.640.640a_dst-jpegr_e15_s640x639_tt6&_nc_cat=109&ig_cache_key=MzgxMjA2MzI1OTMxOTUwMTQ2Mw%3D%3D.3-ccb7-5&ccb=7-5&_nc_sid=58cdad&efg=eyJ2ZW5jb2RlX3RhZyI6InhwaWRzLjY0MHgxMTM2Lmhkci5DMyJ9&_nc_ohc=VKtJbXdDjhQQ7kNvwHGagY4&_nc_oc=AdnXEeweIygUYJsJkrkF_ObBuicvwOHSTN6rGU1LLEi3fXHYQS7RqjNX-djWDwjxZS_Wr-qf684gWGg0gJ8uwp4s&_nc_ad=z-m&_nc_cid=0&_nc_zt=23&se=-1&_nc_ht=instagram.fsdu8-2.fna&_nc_gid=i-Vbp-OHoJR-xvlW_gKWgg&oh=00_AfspLHONoIowSUL1EWmrcOeEr0KMumtGmvGHFfbMMe6bzw&oe=6986C973
https://instagram.fsdu8-2.fna.fbcdn.net/v/t51.71878-15/618064024_2631673737204896_6299833680968631686_n.jpg?stp=c0.248.640.640a_dst-jpegr_e15_s640x639_tt6&_nc_cat=109&ig_cache_key=MzgxMjA2MzI1OTMxOTUwMTQ2Mw%3D%3D.3-ccb7-5&ccb=7-5&_nc_sid=58cdad&efg=eyJ2ZW5jb2RlX3RhZyI6InhwaWRzLjY0MHgxMTM2Lmhkci5DMyJ9&_nc_ohc=VKtJbXdDjhQQ7kNvwHGagY4&_nc_oc=AdnXEeweIygUYJsJkrkF_ObBuicvwOHSTN6rGU1LLEi3fXHYQS7RqjNX-djWDwjxZS_Wr-qf684gWGg0gJ8uwp4s&_nc_ad=z-m&_nc_cid=0&_nc_zt=23&se=-1&_nc_ht=instagram.fsdu8-2.fna&_nc_gid=i-Vbp-OHoJR-xvlW_gKWgg&oh=00_AfspLHONoIowSUL1EWmrcOeEr0KMumtGmvGHFfbMMe6bzw&oe=6986C973
https://instagram.fsdu8-2.fna.fbcdn.net/v/t51.71878-15/618064024_2631673737204896_6299833680968631686_n.jpg?stp=c0.248.640.640a_dst-jpegr_e15_s480x480_tt6&_nc_cat=109&ig_cache_key=MzgxMjA2MzI1OTMxOTUwMTQ2Mw%3D%3D.3-ccb7-5&ccb=7-5&_nc_sid=58cdad&efg=eyJ2ZW5jb2RlX3RhZyI6InhwaWRzLjY0MHgxMTM2Lmhkci5DMyJ9&_nc_ohc=VKtJbXdDjhQQ7kNvwHGagY4&_nc_oc=AdnXEeweIygUYJsJkrkF_ObBuicvwOHSTN6rGU1LLEi3fXHYQS7RqjNX-djWDwjxZS_Wr-qf684gWGg0gJ8uwp4s&_nc_ad=z-m&_nc_cid=0&_nc_zt=23&se=-1&_nc_ht=instagram.fsdu8-2.fna&_nc_gid=i-Vbp-OHoJR-xvlW_gKWgg&oh=00_AfueIWFj8vEe51WwP6gdpb3_R3YkzF3AycURpXW8DlNISg&oe=6986C973
https://instagram.fsdu8-2.fna.fbcdn.net/v/t51.71878-15/618064024_2631673737204896_6299833680968631686_n.jpg?stp=c0.248.640.640a_dst-jpegr_e15_s320x320_tt6&_nc_cat=109&ig_cache_key=MzgxMjA2MzI1OTMxOTUwMTQ2Mw%3D%3D.3-ccb7-5&ccb=7-5&_nc_sid=58cdad&efg=eyJ2ZW5jb2RlX3RhZyI6InhwaWRzLjY0MHgxMTM2Lmhkci5DMyJ9&_nc_ohc=VKtJbXdDjhQQ7kNvwHGagY4&_nc_oc=AdnXEeweIygUYJsJkrkF_ObBuicvwOHSTN6rGU1LLEi3fXHYQS7RqjNX-djWDwjxZS_Wr-qf684gWGg0gJ8uwp4s&_nc_ad=z-m&_nc_cid=0&_nc_zt=23&se=-1&_nc_ht=instagram.fsdu8-2.fna&_nc_gid=i-Vbp-OHoJR-xvlW_gKWgg&oh=00_AfuSpiuL6cimsuypP_vDF0nhhI7iL7pRaPuaU-8_2qrW7w&oe=6986C973
https://instagram.fsdu8-2.fna.fbcdn.net/v/t51.71878-15/618064024_2631673737204896_6299833680968631686_n.jpg?stp=c0.248.640.640a_dst-jpegr_e15_s240x240_tt6&_nc_cat=109&ig_cache_key=MzgxMjA2MzI1OTMxOTUwMTQ2Mw%3D%3D.3-ccb7-5&ccb=7-5&_nc_sid=58cdad&efg=eyJ2ZW5jb2RlX3RhZyI6InhwaWRzLjY0MHgxMTM2Lmhkci5DMyJ9&_nc_ohc=VKtJbXdDjhQQ7kNvwHGagY4&_nc_oc=AdnXEeweIygUYJsJkrkF_ObBuicvwOHSTN6rGU1LLEi3fXHYQS7RqjNX-djWDwjxZS_Wr-qf684gWGg0gJ8uwp4s&_nc_ad=z-m&_nc_cid=0&_nc_zt=23&se=-1&_nc_ht=instagram.fsdu8-2.fna&_nc_gid=i-Vbp-OHoJR-xvlW_gKWgg&oh=00_Afv3L1q3NFKDZfogo-r-O34ct3JDTat6WzzyVQLKYoJOIw&oe=6986C973
https://instagram.fsdu8-2.fna.fbcdn.net/v/t51.71878-15/618064024_2631673737204896_6299833680968631686_n.jpg?stp=c0.248.640.640a_dst-jpegr_e15_s150x150_tt6&_nc_cat=109&ig_cache_key=MzgxMjA2MzI1OTMxOTUwMTQ2Mw%3D%3D.3-ccb7-5&ccb=7-5&_nc_sid=58cdad&efg=eyJ2ZW5jb2RlX3RhZyI6InhwaWRzLjY0MHgxMTM2Lmhkci5DMyJ9&_nc_ohc=VKtJbXdDjhQQ7kNvwHGagY4&_nc_oc=AdnXEeweIygUYJsJkrkF_ObBuicvwOHSTN6rGU1LLEi3fXHYQS7RqjNX-djWDwjxZS_Wr-qf684gWGg0gJ8uwp4s&_nc_ad=z-m&_nc_cid=0&_nc_zt=23&se=-1&_nc_ht=instagram.fsdu8-2.fna&_nc_gid=i-Vbp-OHoJR-xvlW_gKWgg&oh=00_AfvKUpzxK5KjlWW3Jg7R9kot4xY9pzGJYebI67ASClEM2Q&oe=6986C973",NA,NO,YES,https://instagram.fsdu8-2.fna.fbcdn.net/o1/v/t16/f2/m69/AQOYUF2pdCE1n1CE7dILEHqiIHqt1hb29HLWUrUwXpAnUC9SXPn6-N2laX8NNwICc6eeeP2EU3SWKhhK5qDFRTwO.mp4?strext=1&_nc_cat=100&_nc_oc=Adk-GyB_IBsSKerTYK4bHL40SGPWH_PNOZ3HOJ-TR9v4FBJV4CU315xEl0eYzEHpZrdIYEQXBtYSlslZMOtWbgc9&_nc_sid=5e9851&_nc_ht=instagram.fsdu8-2.fna.fbcdn.net&_nc_ohc=5MhfktxXEpQQ7kNvwGEaPcE&efg=eyJ2ZW5jb2RlX3RhZyI6Inhwdl9wcm9ncmVzc2l2ZS5JTlNUQUdSQU0uQ0xJUFMuQzMuNzIwLmRhc2hfYmFzZWxpbmVfMV92MSIsInhwdl9hc3NldF9pZCI6MTc5MzkxNTk4MzIxMjg1MDgsImFzc2V0X2FnZV9kYXlzIjoxNiwidmlfdXNlY2FzZV9pZCI6MTAwOTksImR1cmF0aW9uX3MiOjEzMiwidXJsZ2VuX3NvdXJjZSI6Ind3dyJ9&ccb=17-1&_nc_gid=i-Vbp-OHoJR-xvlW_gKWgg&_nc_zt=28&vs=42eb155f41c716b4&_nc_vs=HBksFQIYOnBhc3N0aHJvdWdoX2V2ZXJzdG9yZS9HSDZ4elNROVo5SjdiQ2dMQU8zemV1V09VdTFBYnNwVEFRQUYVAALIARIAFQIYUWlnX3hwdl9wbGFjZW1lbnRfcGVybWFuZW50X3YyLzcyNDJBQTgyNkU3OURGODNCNjc2Q0E3NzVEQzFBQkIzX2F1ZGlvX2Rhc2hpbml0Lm1wNBUCAsgBEgAoABgAGwKIB3VzZV9vaWwBMRJwcm9ncmVzc2l2ZV9yZWNpcGUBMRUAACb4r-eVxOTdPxUCKAJDMywXQGCKp--dsi0YEmRhc2hfYmFzZWxpbmVfMV92MREAdf4HZeadAQA&oh=00_AftJc6kDoVgYDaDLMrl9IJwv86ji38S3fM--_7PdppkxSg&oe=6986DD9C,NA,3194347257,eliasmkjabbour,NA,Rio de Janeiro,NA,NA,-22.908,-43.1975,Humanização,"É um discurso de construção de proximidade e identificação, que aposta na corporalidade, no esforço e na narrativa de superação. Predomina a Humanização, com um reforço de Autenticidade pessoal, e baixa centralidade da Competência.",55.1020408163265,44.8979591836735,17.8571428571429,11.734693877551,4.08163265306122,11.2244897959184,14.2857142857143,11.734693877551,4.08163265306122,25
postagem_23,3811623069270592000,DTlmvyVjsoe,"Fri, 16 Jan 2026 22:01:39 GMT",2026-01-16T03:00:00Z,1768600899,"30 contra 1

Em breve estarei em um episódio de 30 contra 1 no RedCast.

O tema: China democracia? Estados Unidos, não?

Aguardem.",NA,5437,143,https://www.instagram.com/p/DTlmvyVjsoe/,https://instagram.fsdu8-1.fna.fbcdn.net/v/t51.82787-15/615523720_18437746537107258_8631237521969105075_n.jpg?stp=dst-jpg_e35_tt6&_nc_cat=111&ig_cache_key=MzgxMTYyMzA2OTI3MDU5MjAzMA%3D%3D.3-ccb7-5&ccb=7-5&_nc_sid=58cdad&efg=eyJ2ZW5jb2RlX3RhZyI6InhwaWRzLjExNzl4MTA0MC5zZHIuQzMifQ%3D%3D&_nc_ohc=-yP_2JFjBk4Q7kNvwGqhcjY&_nc_oc=AdlP1w-8-SCSe2mOqh1UnmpkQ4tRPDf83UkdwlWyA5w0nz30ikiG0cbymlSZJlkOCMgyhPTiX22GIZF-nN-wOzhk&_nc_ad=z-m&_nc_cid=0&_nc_zt=23&_nc_ht=instagram.fsdu8-1.fna&_nc_gid=i-Vbp-OHoJR-xvlW_gKWgg&oh=00_AfsoXukrCAFUJoUfkweikbptgtxR8Qvowk4u_yqW5oXAog&oe=6986BD6E,https://instagram.fsdu8-1.fna.fbcdn.net/v/t51.82787-15/615523720_18437746537107258_8631237521969105075_n.jpg?stp=dst-jpg_e35_tt6&_nc_cat=111&ig_cache_key=MzgxMTYyMzA2OTI3MDU5MjAzMA%3D%3D.3-ccb7-5&ccb=7-5&_nc_sid=58cdad&efg=eyJ2ZW5jb2RlX3RhZyI6InhwaWRzLjExNzl4MTA0MC5zZHIuQzMifQ%3D%3D&_nc_ohc=-yP_2JFjBk4Q7kNvwGqhcjY&_nc_oc=AdlP1w-8-SCSe2mOqh1UnmpkQ4tRPDf83UkdwlWyA5w0nz30ikiG0cbymlSZJlkOCMgyhPTiX22GIZF-nN-wOzhk&_nc_ad=z-m&_nc_cid=0&_nc_zt=23&_nc_ht=instagram.fsdu8-1.fna&_nc_gid=i-Vbp-OHoJR-xvlW_gKWgg&oh=00_AfsoXukrCAFUJoUfkweikbptgtxR8Qvowk4u_yqW5oXAog&oe=6986BD6E,"https://instagram.fsdu8-1.fna.fbcdn.net/v/t51.82787-15/615523720_18437746537107258_8631237521969105075_n.jpg?stp=dst-jpg_e35_tt6&_nc_cat=111&ig_cache_key=MzgxMTYyMzA2OTI3MDU5MjAzMA%3D%3D.3-ccb7-5&ccb=7-5&_nc_sid=58cdad&efg=eyJ2ZW5jb2RlX3RhZyI6InhwaWRzLjExNzl4MTA0MC5zZHIuQzMifQ%3D%3D&_nc_ohc=-yP_2JFjBk4Q7kNvwGqhcjY&_nc_oc=AdlP1w-8-SCSe2mOqh1UnmpkQ4tRPDf83UkdwlWyA5w0nz30ikiG0cbymlSZJlkOCMgyhPTiX22GIZF-nN-wOzhk&_nc_ad=z-m&_nc_cid=0&_nc_zt=23&_nc_ht=instagram.fsdu8-1.fna&_nc_gid=i-Vbp-OHoJR-xvlW_gKWgg&oh=00_AfsoXukrCAFUJoUfkweikbptgtxR8Qvowk4u_yqW5oXAog&oe=6986BD6E
https://instagram.fsdu8-1.fna.fbcdn.net/v/t51.82787-15/615523720_18437746537107258_8631237521969105075_n.jpg?stp=dst-jpg_e35_s720x720_tt6&_nc_cat=111&ig_cache_key=MzgxMTYyMzA2OTI3MDU5MjAzMA%3D%3D.3-ccb7-5&ccb=7-5&_nc_sid=58cdad&efg=eyJ2ZW5jb2RlX3RhZyI6InhwaWRzLjExNzl4MTA0MC5zZHIuQzMifQ%3D%3D&_nc_ohc=-yP_2JFjBk4Q7kNvwGqhcjY&_nc_oc=AdlP1w-8-SCSe2mOqh1UnmpkQ4tRPDf83UkdwlWyA5w0nz30ikiG0cbymlSZJlkOCMgyhPTiX22GIZF-nN-wOzhk&_nc_ad=z-m&_nc_cid=0&_nc_zt=23&_nc_ht=instagram.fsdu8-1.fna&_nc_gid=i-Vbp-OHoJR-xvlW_gKWgg&oh=00_AftYUAC8sBFydVaX5alwRsXHWdWE-HL3a6xftvGV3KM8sw&oe=6986BD6E
https://instagram.fsdu8-1.fna.fbcdn.net/v/t51.82787-15/615523720_18437746537107258_8631237521969105075_n.jpg?stp=dst-jpg_e35_s640x640_sh0.08_tt6&_nc_cat=111&ig_cache_key=MzgxMTYyMzA2OTI3MDU5MjAzMA%3D%3D.3-ccb7-5&ccb=7-5&_nc_sid=58cdad&efg=eyJ2ZW5jb2RlX3RhZyI6InhwaWRzLjExNzl4MTA0MC5zZHIuQzMifQ%3D%3D&_nc_ohc=-yP_2JFjBk4Q7kNvwGqhcjY&_nc_oc=AdlP1w-8-SCSe2mOqh1UnmpkQ4tRPDf83UkdwlWyA5w0nz30ikiG0cbymlSZJlkOCMgyhPTiX22GIZF-nN-wOzhk&_nc_ad=z-m&_nc_cid=0&_nc_zt=23&_nc_ht=instagram.fsdu8-1.fna&_nc_gid=i-Vbp-OHoJR-xvlW_gKWgg&oh=00_AfvVoeYmDka0X2uaFacossWS6BWqER0_CTdsEzuzF1hhmg&oe=6986BD6E
https://instagram.fsdu8-1.fna.fbcdn.net/v/t51.82787-15/615523720_18437746537107258_8631237521969105075_n.jpg?stp=dst-jpg_e35_s480x480_tt6&_nc_cat=111&ig_cache_key=MzgxMTYyMzA2OTI3MDU5MjAzMA%3D%3D.3-ccb7-5&ccb=7-5&_nc_sid=58cdad&efg=eyJ2ZW5jb2RlX3RhZyI6InhwaWRzLjExNzl4MTA0MC5zZHIuQzMifQ%3D%3D&_nc_ohc=-yP_2JFjBk4Q7kNvwGqhcjY&_nc_oc=AdlP1w-8-SCSe2mOqh1UnmpkQ4tRPDf83UkdwlWyA5w0nz30ikiG0cbymlSZJlkOCMgyhPTiX22GIZF-nN-wOzhk&_nc_ad=z-m&_nc_cid=0&_nc_zt=23&_nc_ht=instagram.fsdu8-1.fna&_nc_gid=i-Vbp-OHoJR-xvlW_gKWgg&oh=00_AfuwFJDx8KvJLgOlBxJdLE0CwkbI2hr3DeWWGBa51D3yww&oe=6986BD6E
https://instagram.fsdu8-1.fna.fbcdn.net/v/t51.82787-15/615523720_18437746537107258_8631237521969105075_n.jpg?stp=dst-jpg_e35_s320x320_tt6&_nc_cat=111&ig_cache_key=MzgxMTYyMzA2OTI3MDU5MjAzMA%3D%3D.3-ccb7-5&ccb=7-5&_nc_sid=58cdad&efg=eyJ2ZW5jb2RlX3RhZyI6InhwaWRzLjExNzl4MTA0MC5zZHIuQzMifQ%3D%3D&_nc_ohc=-yP_2JFjBk4Q7kNvwGqhcjY&_nc_oc=AdlP1w-8-SCSe2mOqh1UnmpkQ4tRPDf83UkdwlWyA5w0nz30ikiG0cbymlSZJlkOCMgyhPTiX22GIZF-nN-wOzhk&_nc_ad=z-m&_nc_cid=0&_nc_zt=23&_nc_ht=instagram.fsdu8-1.fna&_nc_gid=i-Vbp-OHoJR-xvlW_gKWgg&oh=00_AfupwAHKYzXTy8E4s1cTUY8VXi6X0eRu-TgYouuIQYpEEg&oe=6986BD6E
https://instagram.fsdu8-1.fna.fbcdn.net/v/t51.82787-15/615523720_18437746537107258_8631237521969105075_n.jpg?stp=dst-jpg_e35_s240x240_tt6&_nc_cat=111&ig_cache_key=MzgxMTYyMzA2OTI3MDU5MjAzMA%3D%3D.3-ccb7-5&ccb=7-5&_nc_sid=58cdad&efg=eyJ2ZW5jb2RlX3RhZyI6InhwaWRzLjExNzl4MTA0MC5zZHIuQzMifQ%3D%3D&_nc_ohc=-yP_2JFjBk4Q7kNvwGqhcjY&_nc_oc=AdlP1w-8-SCSe2mOqh1UnmpkQ4tRPDf83UkdwlWyA5w0nz30ikiG0cbymlSZJlkOCMgyhPTiX22GIZF-nN-wOzhk&_nc_ad=z-m&_nc_cid=0&_nc_zt=23&_nc_ht=instagram.fsdu8-1.fna&_nc_gid=i-Vbp-OHoJR-xvlW_gKWgg&oh=00_AfvIPEi2uCSSHuwDEVIAxfh0mPGN66r3U1HYmeBQxcY5VQ&oe=6986BD6E
https://instagram.fsdu8-1.fna.fbcdn.net/v/t51.82787-15/615523720_18437746537107258_8631237521969105075_n.jpg?stp=c69.0.1040.1040a_dst-jpg_e35_s1040x1040_tt6&_nc_cat=111&ig_cache_key=MzgxMTYyMzA2OTI3MDU5MjAzMA%3D%3D.3-ccb7-5&ccb=7-5&_nc_sid=58cdad&efg=eyJ2ZW5jb2RlX3RhZyI6InhwaWRzLjExNzl4MTA0MC5zZHIuQzMifQ%3D%3D&_nc_ohc=-yP_2JFjBk4Q7kNvwGqhcjY&_nc_oc=AdlP1w-8-SCSe2mOqh1UnmpkQ4tRPDf83UkdwlWyA5w0nz30ikiG0cbymlSZJlkOCMgyhPTiX22GIZF-nN-wOzhk&_nc_ad=z-m&_nc_cid=0&_nc_zt=23&_nc_ht=instagram.fsdu8-1.fna&_nc_gid=i-Vbp-OHoJR-xvlW_gKWgg&oh=00_Afv-GLROpnIHVLUVTCsO7qrbgdBpsEaoMx2s03hixLPlaw&oe=6986BD6E
https://instagram.fsdu8-1.fna.fbcdn.net/v/t51.82787-15/615523720_18437746537107258_8631237521969105075_n.jpg?stp=c69.0.1040.1040a_dst-jpg_e35_s750x750_sh0.08_tt6&_nc_cat=111&ig_cache_key=MzgxMTYyMzA2OTI3MDU5MjAzMA%3D%3D.3-ccb7-5&ccb=7-5&_nc_sid=58cdad&efg=eyJ2ZW5jb2RlX3RhZyI6InhwaWRzLjExNzl4MTA0MC5zZHIuQzMifQ%3D%3D&_nc_ohc=-yP_2JFjBk4Q7kNvwGqhcjY&_nc_oc=AdlP1w-8-SCSe2mOqh1UnmpkQ4tRPDf83UkdwlWyA5w0nz30ikiG0cbymlSZJlkOCMgyhPTiX22GIZF-nN-wOzhk&_nc_ad=z-m&_nc_cid=0&_nc_zt=23&_nc_ht=instagram.fsdu8-1.fna&_nc_gid=i-Vbp-OHoJR-xvlW_gKWgg&oh=00_Afv2AWtKzElvHHs7uc4v34Q1cqjcv4ZHVBNXxCn0e17Jzw&oe=6986BD6E
https://instagram.fsdu8-1.fna.fbcdn.net/v/t51.82787-15/615523720_18437746537107258_8631237521969105075_n.jpg?stp=c69.0.1040.1040a_dst-jpg_e35_s640x640_sh0.08_tt6&_nc_cat=111&ig_cache_key=MzgxMTYyMzA2OTI3MDU5MjAzMA%3D%3D.3-ccb7-5&ccb=7-5&_nc_sid=58cdad&efg=eyJ2ZW5jb2RlX3RhZyI6InhwaWRzLjExNzl4MTA0MC5zZHIuQzMifQ%3D%3D&_nc_ohc=-yP_2JFjBk4Q7kNvwGqhcjY&_nc_oc=AdlP1w-8-SCSe2mOqh1UnmpkQ4tRPDf83UkdwlWyA5w0nz30ikiG0cbymlSZJlkOCMgyhPTiX22GIZF-nN-wOzhk&_nc_ad=z-m&_nc_cid=0&_nc_zt=23&_nc_ht=instagram.fsdu8-1.fna&_nc_gid=i-Vbp-OHoJR-xvlW_gKWgg&oh=00_AfvWLBKKADrpVRTQGIxwyE1lEN6UasZapLW9g5EVyz0eiw&oe=6986BD6E
https://instagram.fsdu8-1.fna.fbcdn.net/v/t51.82787-15/615523720_18437746537107258_8631237521969105075_n.jpg?stp=c69.0.1040.1040a_dst-jpg_e35_s480x480_tt6&_nc_cat=111&ig_cache_key=MzgxMTYyMzA2OTI3MDU5MjAzMA%3D%3D.3-ccb7-5&ccb=7-5&_nc_sid=58cdad&efg=eyJ2ZW5jb2RlX3RhZyI6InhwaWRzLjExNzl4MTA0MC5zZHIuQzMifQ%3D%3D&_nc_ohc=-yP_2JFjBk4Q7kNvwGqhcjY&_nc_oc=AdlP1w-8-SCSe2mOqh1UnmpkQ4tRPDf83UkdwlWyA5w0nz30ikiG0cbymlSZJlkOCMgyhPTiX22GIZF-nN-wOzhk&_nc_ad=z-m&_nc_cid=0&_nc_zt=23&_nc_ht=instagram.fsdu8-1.fna&_nc_gid=i-Vbp-OHoJR-xvlW_gKWgg&oh=00_AfumLesnUuCbLA2-7Kw5En5u7shxMctFYUb4pXj5dGgWhw&oe=6986BD6E
https://instagram.fsdu8-1.fna.fbcdn.net/v/t51.82787-15/615523720_18437746537107258_8631237521969105075_n.jpg?stp=c69.0.1040.1040a_dst-jpg_e35_s320x320_tt6&_nc_cat=111&ig_cache_key=MzgxMTYyMzA2OTI3MDU5MjAzMA%3D%3D.3-ccb7-5&ccb=7-5&_nc_sid=58cdad&efg=eyJ2ZW5jb2RlX3RhZyI6InhwaWRzLjExNzl4MTA0MC5zZHIuQzMifQ%3D%3D&_nc_ohc=-yP_2JFjBk4Q7kNvwGqhcjY&_nc_oc=AdlP1w-8-SCSe2mOqh1UnmpkQ4tRPDf83UkdwlWyA5w0nz30ikiG0cbymlSZJlkOCMgyhPTiX22GIZF-nN-wOzhk&_nc_ad=z-m&_nc_cid=0&_nc_zt=23&_nc_ht=instagram.fsdu8-1.fna&_nc_gid=i-Vbp-OHoJR-xvlW_gKWgg&oh=00_AfssCNqx9YJ3R13TSKNwfJE0qzy3frrH9-Sz8KwWiSQRGw&oe=6986BD6E
https://instagram.fsdu8-1.fna.fbcdn.net/v/t51.82787-15/615523720_18437746537107258_8631237521969105075_n.jpg?stp=c69.0.1040.1040a_dst-jpg_e35_s240x240_tt6&_nc_cat=111&ig_cache_key=MzgxMTYyMzA2OTI3MDU5MjAzMA%3D%3D.3-ccb7-5&ccb=7-5&_nc_sid=58cdad&efg=eyJ2ZW5jb2RlX3RhZyI6InhwaWRzLjExNzl4MTA0MC5zZHIuQzMifQ%3D%3D&_nc_ohc=-yP_2JFjBk4Q7kNvwGqhcjY&_nc_oc=AdlP1w-8-SCSe2mOqh1UnmpkQ4tRPDf83UkdwlWyA5w0nz30ikiG0cbymlSZJlkOCMgyhPTiX22GIZF-nN-wOzhk&_nc_ad=z-m&_nc_cid=0&_nc_zt=23&_nc_ht=instagram.fsdu8-1.fna&_nc_gid=i-Vbp-OHoJR-xvlW_gKWgg&oh=00_Afut08hFRdVLAOqbNC23zA95AjkjphgdAZ6AZgadE_GCyQ&oe=6986BD6E
https://instagram.fsdu8-1.fna.fbcdn.net/v/t51.82787-15/615523720_18437746537107258_8631237521969105075_n.jpg?stp=c69.0.1040.1040a_dst-jpg_e35_s150x150_tt6&_nc_cat=111&ig_cache_key=MzgxMTYyMzA2OTI3MDU5MjAzMA%3D%3D.3-ccb7-5&ccb=7-5&_nc_sid=58cdad&efg=eyJ2ZW5jb2RlX3RhZyI6InhwaWRzLjExNzl4MTA0MC5zZHIuQzMifQ%3D%3D&_nc_ohc=-yP_2JFjBk4Q7kNvwGqhcjY&_nc_oc=AdlP1w-8-SCSe2mOqh1UnmpkQ4tRPDf83UkdwlWyA5w0nz30ikiG0cbymlSZJlkOCMgyhPTiX22GIZF-nN-wOzhk&_nc_ad=z-m&_nc_cid=0&_nc_zt=23&_nc_ht=instagram.fsdu8-1.fna&_nc_gid=i-Vbp-OHoJR-xvlW_gKWgg&oh=00_Afs8q2Pfh6zrk4j6HrXmuWaX2wdEyffW2CLrzJKetJOQOw&oe=6986BD6E",NA,NO,NO,NA,NA,3194347257,eliasmkjabbour,NA,NA,NA,NA,NA,NA,Autoridade,"É um discurso de antecipação de confronto intelectual, voltado a afirmar autoridade e capacidade de sustentar posições. Predomina a Competência, com reforço de Autenticidade e mínima presença de Humanização.",56.4766839378238,43.5233160621762,8.29015544041451,10.880829015544,7.25388601036269,12.9533678756477,14.5077720207254,15.0259067357513,5.69948186528497,25.3886010362694
postagem_22,3811466751385722880,DTlDND9jt_S,"Fri, 16 Jan 2026 16:59:42 GMT",2026-01-16T03:00:00Z,1768582782,"Maria Corina Machado e o novo ""Nobel da Paz"", Donald Trump.",NA,2910,190,https://www.instagram.com/p/DTlDND9jt_S/,https://instagram.fsdu8-2.fna.fbcdn.net/v/t51.71878-15/602848052_937288066135207_735252105233666027_n.jpg?stp=dst-jpegr_e15_tt6&_nc_cat=108&ig_cache_key=MzgxMTQ2Njc1MTM4NTcyMjgzNA%3D%3D.3-ccb7-5&ccb=7-5&_nc_sid=58cdad&efg=eyJ2ZW5jb2RlX3RhZyI6InhwaWRzLjY0MHgxMTM2Lmhkci5DMyJ9&_nc_ohc=AIULxBWTs7kQ7kNvwFdqWc3&_nc_oc=AdnJAWJgi_qa1mdXgbqJn1PZTPbOVwY1LFF6Q7PZoxNV_JbZ8eRm64ybjU29q29pc3GZqqJ22OZLXyNj74IYYKVF&_nc_ad=z-m&_nc_cid=0&_nc_zt=23&se=-1&_nc_ht=instagram.fsdu8-2.fna&_nc_gid=i-Vbp-OHoJR-xvlW_gKWgg&oh=00_AfuWG77uqzNwPw_SdyT8mGPPtVcoFZA-_gpIOVA6_3Un_g&oe=6986E669,https://instagram.fsdu8-2.fna.fbcdn.net/v/t51.71878-15/602848052_937288066135207_735252105233666027_n.jpg?stp=dst-jpegr_e15_tt6&_nc_cat=108&ig_cache_key=MzgxMTQ2Njc1MTM4NTcyMjgzNA%3D%3D.3-ccb7-5&ccb=7-5&_nc_sid=58cdad&efg=eyJ2ZW5jb2RlX3RhZyI6InhwaWRzLjY0MHgxMTM2Lmhkci5DMyJ9&_nc_ohc=AIULxBWTs7kQ7kNvwFdqWc3&_nc_oc=AdnJAWJgi_qa1mdXgbqJn1PZTPbOVwY1LFF6Q7PZoxNV_JbZ8eRm64ybjU29q29pc3GZqqJ22OZLXyNj74IYYKVF&_nc_ad=z-m&_nc_cid=0&_nc_zt=23&se=-1&_nc_ht=instagram.fsdu8-2.fna&_nc_gid=i-Vbp-OHoJR-xvlW_gKWgg&oh=00_AfuWG77uqzNwPw_SdyT8mGPPtVcoFZA-_gpIOVA6_3Un_g&oe=6986E669,"https://instagram.fsdu8-2.fna.fbcdn.net/v/t51.71878-15/602848052_937288066135207_735252105233666027_n.jpg?stp=dst-jpegr_e15_tt6&_nc_cat=108&ig_cache_key=MzgxMTQ2Njc1MTM4NTcyMjgzNA%3D%3D.3-ccb7-5&ccb=7-5&_nc_sid=58cdad&efg=eyJ2ZW5jb2RlX3RhZyI6InhwaWRzLjY0MHgxMTM2Lmhkci5DMyJ9&_nc_ohc=AIULxBWTs7kQ7kNvwFdqWc3&_nc_oc=AdnJAWJgi_qa1mdXgbqJn1PZTPbOVwY1LFF6Q7PZoxNV_JbZ8eRm64ybjU29q29pc3GZqqJ22OZLXyNj74IYYKVF&_nc_ad=z-m&_nc_cid=0&_nc_zt=23&se=-1&_nc_ht=instagram.fsdu8-2.fna&_nc_gid=i-Vbp-OHoJR-xvlW_gKWgg&oh=00_AfuWG77uqzNwPw_SdyT8mGPPtVcoFZA-_gpIOVA6_3Un_g&oe=6986E669
https://instagram.fsdu8-2.fna.fbcdn.net/v/t51.71878-15/602848052_937288066135207_735252105233666027_n.jpg?stp=dst-jpegr_e15_p480x480_tt6&_nc_cat=108&ig_cache_key=MzgxMTQ2Njc1MTM4NTcyMjgzNA%3D%3D.3-ccb7-5&ccb=7-5&_nc_sid=58cdad&efg=eyJ2ZW5jb2RlX3RhZyI6InhwaWRzLjY0MHgxMTM2Lmhkci5DMyJ9&_nc_ohc=AIULxBWTs7kQ7kNvwFdqWc3&_nc_oc=AdnJAWJgi_qa1mdXgbqJn1PZTPbOVwY1LFF6Q7PZoxNV_JbZ8eRm64ybjU29q29pc3GZqqJ22OZLXyNj74IYYKVF&_nc_ad=z-m&_nc_cid=0&_nc_zt=23&se=-1&_nc_ht=instagram.fsdu8-2.fna&_nc_gid=i-Vbp-OHoJR-xvlW_gKWgg&oh=00_AfvdX64FMhdnGXO1XhePM23flcG4OYKk6oKJFlHUc6Ag0Q&oe=6986E669
https://instagram.fsdu8-2.fna.fbcdn.net/v/t51.71878-15/602848052_937288066135207_735252105233666027_n.jpg?stp=dst-jpegr_e15_p320x320_tt6&_nc_cat=108&ig_cache_key=MzgxMTQ2Njc1MTM4NTcyMjgzNA%3D%3D.3-ccb7-5&ccb=7-5&_nc_sid=58cdad&efg=eyJ2ZW5jb2RlX3RhZyI6InhwaWRzLjY0MHgxMTM2Lmhkci5DMyJ9&_nc_ohc=AIULxBWTs7kQ7kNvwFdqWc3&_nc_oc=AdnJAWJgi_qa1mdXgbqJn1PZTPbOVwY1LFF6Q7PZoxNV_JbZ8eRm64ybjU29q29pc3GZqqJ22OZLXyNj74IYYKVF&_nc_ad=z-m&_nc_cid=0&_nc_zt=23&se=-1&_nc_ht=instagram.fsdu8-2.fna&_nc_gid=i-Vbp-OHoJR-xvlW_gKWgg&oh=00_Afv5CnSc-o-YZhaMgw08jRczt9GXCx76BdkNb3bDgyAGkQ&oe=6986E669
https://instagram.fsdu8-2.fna.fbcdn.net/v/t51.71878-15/602848052_937288066135207_735252105233666027_n.jpg?stp=dst-jpegr_e15_p240x240_tt6&_nc_cat=108&ig_cache_key=MzgxMTQ2Njc1MTM4NTcyMjgzNA%3D%3D.3-ccb7-5&ccb=7-5&_nc_sid=58cdad&efg=eyJ2ZW5jb2RlX3RhZyI6InhwaWRzLjY0MHgxMTM2Lmhkci5DMyJ9&_nc_ohc=AIULxBWTs7kQ7kNvwFdqWc3&_nc_oc=AdnJAWJgi_qa1mdXgbqJn1PZTPbOVwY1LFF6Q7PZoxNV_JbZ8eRm64ybjU29q29pc3GZqqJ22OZLXyNj74IYYKVF&_nc_ad=z-m&_nc_cid=0&_nc_zt=23&se=-1&_nc_ht=instagram.fsdu8-2.fna&_nc_gid=i-Vbp-OHoJR-xvlW_gKWgg&oh=00_AfusWKtjRbp9AsvQ0s-BaBtOyfqXgfuRW7pph2Z2WzZ7tQ&oe=6986E669
https://instagram.fsdu8-2.fna.fbcdn.net/v/t51.71878-15/602848052_937288066135207_735252105233666027_n.jpg?stp=c0.248.640.640a_dst-jpegr_e15_s640x639_tt6&_nc_cat=108&ig_cache_key=MzgxMTQ2Njc1MTM4NTcyMjgzNA%3D%3D.3-ccb7-5&ccb=7-5&_nc_sid=58cdad&efg=eyJ2ZW5jb2RlX3RhZyI6InhwaWRzLjY0MHgxMTM2Lmhkci5DMyJ9&_nc_ohc=AIULxBWTs7kQ7kNvwFdqWc3&_nc_oc=AdnJAWJgi_qa1mdXgbqJn1PZTPbOVwY1LFF6Q7PZoxNV_JbZ8eRm64ybjU29q29pc3GZqqJ22OZLXyNj74IYYKVF&_nc_ad=z-m&_nc_cid=0&_nc_zt=23&se=-1&_nc_ht=instagram.fsdu8-2.fna&_nc_gid=i-Vbp-OHoJR-xvlW_gKWgg&oh=00_AfuuRXX6F2GD9WjuhqfwvckDvtBszSYSGyvMjrJ56j9KvA&oe=6986E669
https://instagram.fsdu8-2.fna.fbcdn.net/v/t51.71878-15/602848052_937288066135207_735252105233666027_n.jpg?stp=c0.248.640.640a_dst-jpegr_e15_s640x639_tt6&_nc_cat=108&ig_cache_key=MzgxMTQ2Njc1MTM4NTcyMjgzNA%3D%3D.3-ccb7-5&ccb=7-5&_nc_sid=58cdad&efg=eyJ2ZW5jb2RlX3RhZyI6InhwaWRzLjY0MHgxMTM2Lmhkci5DMyJ9&_nc_ohc=AIULxBWTs7kQ7kNvwFdqWc3&_nc_oc=AdnJAWJgi_qa1mdXgbqJn1PZTPbOVwY1LFF6Q7PZoxNV_JbZ8eRm64ybjU29q29pc3GZqqJ22OZLXyNj74IYYKVF&_nc_ad=z-m&_nc_cid=0&_nc_zt=23&se=-1&_nc_ht=instagram.fsdu8-2.fna&_nc_gid=i-Vbp-OHoJR-xvlW_gKWgg&oh=00_AfuuRXX6F2GD9WjuhqfwvckDvtBszSYSGyvMjrJ56j9KvA&oe=6986E669
https://instagram.fsdu8-2.fna.fbcdn.net/v/t51.71878-15/602848052_937288066135207_735252105233666027_n.jpg?stp=c0.248.640.640a_dst-jpegr_e15_s640x639_tt6&_nc_cat=108&ig_cache_key=MzgxMTQ2Njc1MTM4NTcyMjgzNA%3D%3D.3-ccb7-5&ccb=7-5&_nc_sid=58cdad&efg=eyJ2ZW5jb2RlX3RhZyI6InhwaWRzLjY0MHgxMTM2Lmhkci5DMyJ9&_nc_ohc=AIULxBWTs7kQ7kNvwFdqWc3&_nc_oc=AdnJAWJgi_qa1mdXgbqJn1PZTPbOVwY1LFF6Q7PZoxNV_JbZ8eRm64ybjU29q29pc3GZqqJ22OZLXyNj74IYYKVF&_nc_ad=z-m&_nc_cid=0&_nc_zt=23&se=-1&_nc_ht=instagram.fsdu8-2.fna&_nc_gid=i-Vbp-OHoJR-xvlW_gKWgg&oh=00_AfuuRXX6F2GD9WjuhqfwvckDvtBszSYSGyvMjrJ56j9KvA&oe=6986E669
https://instagram.fsdu8-2.fna.fbcdn.net/v/t51.71878-15/602848052_937288066135207_735252105233666027_n.jpg?stp=c0.248.640.640a_dst-jpegr_e15_s480x480_tt6&_nc_cat=108&ig_cache_key=MzgxMTQ2Njc1MTM4NTcyMjgzNA%3D%3D.3-ccb7-5&ccb=7-5&_nc_sid=58cdad&efg=eyJ2ZW5jb2RlX3RhZyI6InhwaWRzLjY0MHgxMTM2Lmhkci5DMyJ9&_nc_ohc=AIULxBWTs7kQ7kNvwFdqWc3&_nc_oc=AdnJAWJgi_qa1mdXgbqJn1PZTPbOVwY1LFF6Q7PZoxNV_JbZ8eRm64ybjU29q29pc3GZqqJ22OZLXyNj74IYYKVF&_nc_ad=z-m&_nc_cid=0&_nc_zt=23&se=-1&_nc_ht=instagram.fsdu8-2.fna&_nc_gid=i-Vbp-OHoJR-xvlW_gKWgg&oh=00_Afs4fV2F2K9lgKvYcVee0RoDn_74SxCezoKjg1TS3xgPDA&oe=6986E669
https://instagram.fsdu8-2.fna.fbcdn.net/v/t51.71878-15/602848052_937288066135207_735252105233666027_n.jpg?stp=c0.248.640.640a_dst-jpegr_e15_s320x320_tt6&_nc_cat=108&ig_cache_key=MzgxMTQ2Njc1MTM4NTcyMjgzNA%3D%3D.3-ccb7-5&ccb=7-5&_nc_sid=58cdad&efg=eyJ2ZW5jb2RlX3RhZyI6InhwaWRzLjY0MHgxMTM2Lmhkci5DMyJ9&_nc_ohc=AIULxBWTs7kQ7kNvwFdqWc3&_nc_oc=AdnJAWJgi_qa1mdXgbqJn1PZTPbOVwY1LFF6Q7PZoxNV_JbZ8eRm64ybjU29q29pc3GZqqJ22OZLXyNj74IYYKVF&_nc_ad=z-m&_nc_cid=0&_nc_zt=23&se=-1&_nc_ht=instagram.fsdu8-2.fna&_nc_gid=i-Vbp-OHoJR-xvlW_gKWgg&oh=00_AfvKcKiaLoEA7eH566hvsjEOVbMzGKpn-JK-u0wv1Bn0PQ&oe=6986E669
https://instagram.fsdu8-2.fna.fbcdn.net/v/t51.71878-15/602848052_937288066135207_735252105233666027_n.jpg?stp=c0.248.640.640a_dst-jpegr_e15_s240x240_tt6&_nc_cat=108&ig_cache_key=MzgxMTQ2Njc1MTM4NTcyMjgzNA%3D%3D.3-ccb7-5&ccb=7-5&_nc_sid=58cdad&efg=eyJ2ZW5jb2RlX3RhZyI6InhwaWRzLjY0MHgxMTM2Lmhkci5DMyJ9&_nc_ohc=AIULxBWTs7kQ7kNvwFdqWc3&_nc_oc=AdnJAWJgi_qa1mdXgbqJn1PZTPbOVwY1LFF6Q7PZoxNV_JbZ8eRm64ybjU29q29pc3GZqqJ22OZLXyNj74IYYKVF&_nc_ad=z-m&_nc_cid=0&_nc_zt=23&se=-1&_nc_ht=instagram.fsdu8-2.fna&_nc_gid=i-Vbp-OHoJR-xvlW_gKWgg&oh=00_AfssFvmZiWqtkT70kQL5NVU6pfsizEw_GXiH1uKBLVpeKg&oe=6986E669
https://instagram.fsdu8-2.fna.fbcdn.net/v/t51.71878-15/602848052_937288066135207_735252105233666027_n.jpg?stp=c0.248.640.640a_dst-jpegr_e15_s150x150_tt6&_nc_cat=108&ig_cache_key=MzgxMTQ2Njc1MTM4NTcyMjgzNA%3D%3D.3-ccb7-5&ccb=7-5&_nc_sid=58cdad&efg=eyJ2ZW5jb2RlX3RhZyI6InhwaWRzLjY0MHgxMTM2Lmhkci5DMyJ9&_nc_ohc=AIULxBWTs7kQ7kNvwFdqWc3&_nc_oc=AdnJAWJgi_qa1mdXgbqJn1PZTPbOVwY1LFF6Q7PZoxNV_JbZ8eRm64ybjU29q29pc3GZqqJ22OZLXyNj74IYYKVF&_nc_ad=z-m&_nc_cid=0&_nc_zt=23&se=-1&_nc_ht=instagram.fsdu8-2.fna&_nc_gid=i-Vbp-OHoJR-xvlW_gKWgg&oh=00_AfuOxXnooXVirNL6HfK1X2QVxNFVLGxR3lkX7SC5ZJs2fw&oe=6986E669",NA,NO,YES,https://instagram.fsdu8-1.fna.fbcdn.net/o1/v/t16/f2/m69/AQNp4h9nu1joBCT_SCyPMppXKrtS7eNgNlNDme0lEL9RIdfeFtoKPGuivODeXW9h019xyfAxrUVkMs7ReKTrvSR9.mp4?strext=1&_nc_cat=111&_nc_oc=AdmWs6VlqQ7jS7bhFjap7iu53Wrse2iuyHtZING5qW5l5HEz4w6f0nA92BsKMoWvXkQYMeBTBWgB8kRCtGm9fIeq&_nc_sid=5e9851&_nc_ht=instagram.fsdu8-1.fna.fbcdn.net&_nc_ohc=JuOezWuzf3kQ7kNvwHt9_IM&efg=eyJ2ZW5jb2RlX3RhZyI6Inhwdl9wcm9ncmVzc2l2ZS5JTlNUQUdSQU0uQ0xJUFMuQzMuNzIwLmRhc2hfYmFzZWxpbmVfMV92MSIsInhwdl9hc3NldF9pZCI6OTE1OTMxMDU0MTE2NDI4LCJhc3NldF9hZ2VfZGF5cyI6MTcsInZpX3VzZWNhc2VfaWQiOjEwMDk5LCJkdXJhdGlvbl9zIjoxMDYsInVybGdlbl9zb3VyY2UiOiJ3d3cifQ%3D%3D&ccb=17-1&_nc_gid=i-Vbp-OHoJR-xvlW_gKWgg&_nc_zt=28&vs=49df34c81dfb6f7c&_nc_vs=HBksFQIYOnBhc3N0aHJvdWdoX2V2ZXJzdG9yZS9HRFJ4MHlUdHFfMzBkXzBFQUlrVlpfc1NuZlJVYnNwVEFRQUYVAALIARIAFQIYUWlnX3hwdl9wbGFjZW1lbnRfcGVybWFuZW50X3YyLzY0NEI1MzlEMUMwQzQ0Qzk4REQ0QzFCQjExRjkyOEE1X2F1ZGlvX2Rhc2hpbml0Lm1wNBUCAsgBEgAoABgAGwKIB3VzZV9vaWwBMRJwcm9ncmVzc2l2ZV9yZWNpcGUBMRUAACaYufSRmsKgAxUCKAJDMywXQFqO6XjU_fQYEmRhc2hfYmFzZWxpbmVfMV92MREAdf4HZeadAQA&oh=00_AftjxR0NSC9hZMPJuh_gKXmlJNnaeQmBCHMHvMoHY1GS-A&oe=6986E569,NA,3194347257,eliasmkjabbour,NA,Rio de Janeiro,NA,NA,-22.908,-43.1975,Autenticidade,"É um discurso de crítica simbólica e posicionamento político, construído para marcar campo e produzir leitura moral dos acontecimentos. Predomina a Autenticidade, com um leve apoio em Competência e baixa presença de Humanização.",34.8178137651822,65.1821862348178,13.3603238866397,8.90688259109312,14.5748987854251,17.8137651821862,9.31174089068826,19.4331983805668,6.47773279352227,10.1214574898785
postagem_21,3811441250319327232,DTk9Z-Pjd-T,"Fri, 16 Jan 2026 16:00:19 GMT",2026-01-16T03:00:00Z,1768579219,"💥 VEM AÍ O NOVO LIVRO DE ELIAS JABBOUR 

Em março chega o aguardado SOCIALISMO NO PODER: GOVERNANÇA, CLASSES, CIÊNCIA E PROJETAMENTO NA CHINA, novo livro do geógrafo e pesquisador Elias Jabbour, presidente do Instituto Municipal de Urbanismo Pereira Passos, da Prefeitura do Rio de Janeiro. 

Escrita em coautoria com o filósofo australiano Roland Boer, a obra é sucessora de CHINA: O SOCIALISMO DO SÉCULO XXI, best-seller com cerca de 45 mil exemplares vendidos. 

📕 O livro analisa o modelo de desenvolvimento chinês, que alcançou uma das taxas de crescimento mais estáveis da história moderna, com a criação de uma das principais bases industriais e científicas do mundo, além de se transformar de um dos mais pobres países em segunda economia do planeta. 

Aproveite o desconto de pré-venda no site da Boitempo! 

#Boitempo #Livros #China #EliasJabbour",#Boitempo #Livros #China #EliasJabbour,1781,54,https://www.instagram.com/p/DTk9Z-Pjd-T/,https://instagram.fsdu8-2.fna.fbcdn.net/v/t51.82787-15/617861017_18555263215043577_6096702478340445251_n.webp?_nc_cat=109&ig_cache_key=MzgxMTQyODY1NzAwNTM5NjYwNQ%3D%3D.3-ccb7-5&ccb=7-5&_nc_sid=58cdad&efg=eyJ2ZW5jb2RlX3RhZyI6InhwaWRzLjE0NDB4MTgwMC5zZHIuQzMifQ%3D%3D&_nc_ohc=-N-E8csOZD4Q7kNvwGwB9H5&_nc_oc=AdlzzR09d9COjR4mBXMu_jN8QhH4t_KtMUFyyQpbgmfTyB3WY4E4LFXchaRDbkYxJk79_KcGdUH-8r_J9MvUsaOE&_nc_ad=z-m&_nc_cid=0&_nc_zt=23&_nc_ht=instagram.fsdu8-2.fna&_nc_gid=i-Vbp-OHoJR-xvlW_gKWgg&oh=00_Afsxmd3rafkLi73-YO6a-w97h8Xj3R9jL7PgOs5s7xkGYw&oe=6986CF6D,https://instagram.fsdu8-2.fna.fbcdn.net/v/t51.82787-15/617861017_18555263215043577_6096702478340445251_n.webp?_nc_cat=109&ig_cache_key=MzgxMTQyODY1NzAwNTM5NjYwNQ%3D%3D.3-ccb7-5&ccb=7-5&_nc_sid=58cdad&efg=eyJ2ZW5jb2RlX3RhZyI6InhwaWRzLjE0NDB4MTgwMC5zZHIuQzMifQ%3D%3D&_nc_ohc=-N-E8csOZD4Q7kNvwGwB9H5&_nc_oc=AdlzzR09d9COjR4mBXMu_jN8QhH4t_KtMUFyyQpbgmfTyB3WY4E4LFXchaRDbkYxJk79_KcGdUH-8r_J9MvUsaOE&_nc_ad=z-m&_nc_cid=0&_nc_zt=23&_nc_ht=instagram.fsdu8-2.fna&_nc_gid=i-Vbp-OHoJR-xvlW_gKWgg&oh=00_Afsxmd3rafkLi73-YO6a-w97h8Xj3R9jL7PgOs5s7xkGYw&oe=6986CF6D,"https://instagram.fsdu8-2.fna.fbcdn.net/v/t51.82787-15/617861017_18555263215043577_6096702478340445251_n.webp?_nc_cat=109&ig_cache_key=MzgxMTQyODY1NzAwNTM5NjYwNQ%3D%3D.3-ccb7-5&ccb=7-5&_nc_sid=58cdad&efg=eyJ2ZW5jb2RlX3RhZyI6InhwaWRzLjE0NDB4MTgwMC5zZHIuQzMifQ%3D%3D&_nc_ohc=-N-E8csOZD4Q7kNvwGwB9H5&_nc_oc=AdlzzR09d9COjR4mBXMu_jN8QhH4t_KtMUFyyQpbgmfTyB3WY4E4LFXchaRDbkYxJk79_KcGdUH-8r_J9MvUsaOE&_nc_ad=z-m&_nc_cid=0&_nc_zt=23&_nc_ht=instagram.fsdu8-2.fna&_nc_gid=i-Vbp-OHoJR-xvlW_gKWgg&oh=00_Afsxmd3rafkLi73-YO6a-w97h8Xj3R9jL7PgOs5s7xkGYw&oe=6986CF6D
https://instagram.fsdu8-2.fna.fbcdn.net/v/t51.82787-15/617380417_18555263224043577_5379455406218179473_n.webp?_nc_cat=103&ig_cache_key=MzgxMTQyODY1NzAwNTQzMTM3NA%3D%3D.3-ccb7-5&ccb=7-5&_nc_sid=58cdad&efg=eyJ2ZW5jb2RlX3RhZyI6InhwaWRzLjE0NDB4MTgwMC5zZHIuQzMifQ%3D%3D&_nc_ohc=abiKPjS3ngcQ7kNvwGzwGm_&_nc_oc=AdmwLD_52hOSZksE03pI8VH0L3FE97PJQs1TdERiHHdFNxjqwW8JVpGHc60ZB5Tk1Mkk6UL1U8AGid5QC5AOpZ9y&_nc_ad=z-m&_nc_cid=0&_nc_zt=23&_nc_ht=instagram.fsdu8-2.fna&_nc_gid=i-Vbp-OHoJR-xvlW_gKWgg&oh=00_AfvumBOkCmCP9IlovC1E-83QmxDxrbL--oDZLsZ69eVn_w&oe=6986C69F
https://instagram.fsdu8-2.fna.fbcdn.net/v/t51.82787-15/616822367_18555263233043577_3599616509889194956_n.webp?_nc_cat=107&ig_cache_key=MzgxMTQyODY1NzA3MjU1NDY3OA%3D%3D.3-ccb7-5&ccb=7-5&_nc_sid=58cdad&efg=eyJ2ZW5jb2RlX3RhZyI6InhwaWRzLjE0NDB4MTgwMC5zZHIuQzMifQ%3D%3D&_nc_ohc=GWs6zAu-PEcQ7kNvwH9uEt1&_nc_oc=AdkZ-Qg9VvEIqhua0UPAKmT0WYKrlGYKVFzcVBIh5FBWWXogdtNxJ4e4kvk-YSD5q6MOU2g5JFDLMWTF7uJi-QWK&_nc_ad=z-m&_nc_cid=0&_nc_zt=23&_nc_ht=instagram.fsdu8-2.fna&_nc_gid=i-Vbp-OHoJR-xvlW_gKWgg&oh=00_Afsp0fGzIBgq3W5_5F3zNxgVaFMb0-9Npg_T3PwF5VqSKw&oe=6986D1F0
https://instagram.fsdu8-1.fna.fbcdn.net/v/t51.82787-15/617544564_18555263242043577_7301634466014876463_n.webp?_nc_cat=111&ig_cache_key=MzgxMTQyODY1NzAwNTQwMTU5OA%3D%3D.3-ccb7-5&ccb=7-5&_nc_sid=58cdad&efg=eyJ2ZW5jb2RlX3RhZyI6InhwaWRzLjE0NDB4MTgwMC5zZHIuQzMifQ%3D%3D&_nc_ohc=yFvTF-EbhvsQ7kNvwF2ldux&_nc_oc=AdlDQKiRXaUwnv3cPQBj22dkjLcuVzXqfe5eZrQLQLObTdIr5EUoup-DMovKLpTfI9x5G0qbuDEUcN3ZqP0T6Rvz&_nc_ad=z-m&_nc_cid=0&_nc_zt=23&_nc_ht=instagram.fsdu8-1.fna&_nc_gid=i-Vbp-OHoJR-xvlW_gKWgg&oh=00_AfsGw8rOf_M1jHkrwfE7MPzx45hR8ujuSyo0GFI2KBRkkw&oe=6986EA7E
https://instagram.fsdu8-2.fna.fbcdn.net/v/t51.82787-15/617471372_18555263263043577_7811526008402553706_n.webp?_nc_cat=100&ig_cache_key=MzgxMTQyODY1NzAxMzc5NjM1MQ%3D%3D.3-ccb7-5&ccb=7-5&_nc_sid=58cdad&efg=eyJ2ZW5jb2RlX3RhZyI6InhwaWRzLjE0NDB4MTgwMC5zZHIuQzMifQ%3D%3D&_nc_ohc=prE9pyMGdGkQ7kNvwHWw6Ti&_nc_oc=AdngiRAIf2yWgHoEt3ZBQtTCjD0jCcTJbXZf6zAigDnOLnZus22w4sIaYZOYBaQfYg_JpIEzhXlMPB_4fZl_o_UN&_nc_ad=z-m&_nc_cid=0&_nc_zt=23&_nc_ht=instagram.fsdu8-2.fna&_nc_gid=i-Vbp-OHoJR-xvlW_gKWgg&oh=00_AfvO6XG8EjYiFnZX0uENwy5_7sfJCcXfj5V9llWAAmMMOg&oe=6986EC37
https://instagram.fsdu8-1.fna.fbcdn.net/v/t51.82787-15/617169841_18555263275043577_7909814474787226730_n.webp?_nc_cat=102&ig_cache_key=MzgxMTQyODY1NzAwNTQ0NjU5MA%3D%3D.3-ccb7-5&ccb=7-5&_nc_sid=58cdad&efg=eyJ2ZW5jb2RlX3RhZyI6InhwaWRzLjE0NDB4MTgwMC5zZHIuQzMifQ%3D%3D&_nc_ohc=tV43rxXN6W4Q7kNvwGXqWAE&_nc_oc=Adk5BZe4_mzJ_OVaaQ79KHMlkYS_wtQKmXficnrhpaMab7yFrK7ae5fhFC-JsCdeYMX2JC4XWS14YsQwLmu6jRBp&_nc_ad=z-m&_nc_cid=0&_nc_zt=23&_nc_ht=instagram.fsdu8-1.fna&_nc_gid=i-Vbp-OHoJR-xvlW_gKWgg&oh=00_AfsiEC8y2xPt5EQg9fIU67kMusvPCbDhelrCEMWOZVXPiA&oe=6986DEA0","https://instagram.fsdu8-2.fna.fbcdn.net/v/t51.82787-15/617861017_18555263215043577_6096702478340445251_n.webp?_nc_cat=109&ig_cache_key=MzgxMTQyODY1NzAwNTM5NjYwNQ%3D%3D.3-ccb7-5&ccb=7-5&_nc_sid=58cdad&efg=eyJ2ZW5jb2RlX3RhZyI6InhwaWRzLjE0NDB4MTgwMC5zZHIuQzMifQ%3D%3D&_nc_ohc=-N-E8csOZD4Q7kNvwGwB9H5&_nc_oc=AdlzzR09d9COjR4mBXMu_jN8QhH4t_KtMUFyyQpbgmfTyB3WY4E4LFXchaRDbkYxJk79_KcGdUH-8r_J9MvUsaOE&_nc_ad=z-m&_nc_cid=0&_nc_zt=23&_nc_ht=instagram.fsdu8-2.fna&_nc_gid=i-Vbp-OHoJR-xvlW_gKWgg&oh=00_Afsxmd3rafkLi73-YO6a-w97h8Xj3R9jL7PgOs5s7xkGYw&oe=6986CF6D
https://instagram.fsdu8-2.fna.fbcdn.net/v/t51.82787-15/617380417_18555263224043577_5379455406218179473_n.webp?_nc_cat=103&ig_cache_key=MzgxMTQyODY1NzAwNTQzMTM3NA%3D%3D.3-ccb7-5&ccb=7-5&_nc_sid=58cdad&efg=eyJ2ZW5jb2RlX3RhZyI6InhwaWRzLjE0NDB4MTgwMC5zZHIuQzMifQ%3D%3D&_nc_ohc=abiKPjS3ngcQ7kNvwGzwGm_&_nc_oc=AdmwLD_52hOSZksE03pI8VH0L3FE97PJQs1TdERiHHdFNxjqwW8JVpGHc60ZB5Tk1Mkk6UL1U8AGid5QC5AOpZ9y&_nc_ad=z-m&_nc_cid=0&_nc_zt=23&_nc_ht=instagram.fsdu8-2.fna&_nc_gid=i-Vbp-OHoJR-xvlW_gKWgg&oh=00_AfvumBOkCmCP9IlovC1E-83QmxDxrbL--oDZLsZ69eVn_w&oe=6986C69F
https://instagram.fsdu8-2.fna.fbcdn.net/v/t51.82787-15/616822367_18555263233043577_3599616509889194956_n.webp?_nc_cat=107&ig_cache_key=MzgxMTQyODY1NzA3MjU1NDY3OA%3D%3D.3-ccb7-5&ccb=7-5&_nc_sid=58cdad&efg=eyJ2ZW5jb2RlX3RhZyI6InhwaWRzLjE0NDB4MTgwMC5zZHIuQzMifQ%3D%3D&_nc_ohc=GWs6zAu-PEcQ7kNvwH9uEt1&_nc_oc=AdkZ-Qg9VvEIqhua0UPAKmT0WYKrlGYKVFzcVBIh5FBWWXogdtNxJ4e4kvk-YSD5q6MOU2g5JFDLMWTF7uJi-QWK&_nc_ad=z-m&_nc_cid=0&_nc_zt=23&_nc_ht=instagram.fsdu8-2.fna&_nc_gid=i-Vbp-OHoJR-xvlW_gKWgg&oh=00_Afsp0fGzIBgq3W5_5F3zNxgVaFMb0-9Npg_T3PwF5VqSKw&oe=6986D1F0
https://instagram.fsdu8-1.fna.fbcdn.net/v/t51.82787-15/617544564_18555263242043577_7301634466014876463_n.webp?_nc_cat=111&ig_cache_key=MzgxMTQyODY1NzAwNTQwMTU5OA%3D%3D.3-ccb7-5&ccb=7-5&_nc_sid=58cdad&efg=eyJ2ZW5jb2RlX3RhZyI6InhwaWRzLjE0NDB4MTgwMC5zZHIuQzMifQ%3D%3D&_nc_ohc=yFvTF-EbhvsQ7kNvwF2ldux&_nc_oc=AdlDQKiRXaUwnv3cPQBj22dkjLcuVzXqfe5eZrQLQLObTdIr5EUoup-DMovKLpTfI9x5G0qbuDEUcN3ZqP0T6Rvz&_nc_ad=z-m&_nc_cid=0&_nc_zt=23&_nc_ht=instagram.fsdu8-1.fna&_nc_gid=i-Vbp-OHoJR-xvlW_gKWgg&oh=00_AfsGw8rOf_M1jHkrwfE7MPzx45hR8ujuSyo0GFI2KBRkkw&oe=6986EA7E
https://instagram.fsdu8-2.fna.fbcdn.net/v/t51.82787-15/617471372_18555263263043577_7811526008402553706_n.webp?_nc_cat=100&ig_cache_key=MzgxMTQyODY1NzAxMzc5NjM1MQ%3D%3D.3-ccb7-5&ccb=7-5&_nc_sid=58cdad&efg=eyJ2ZW5jb2RlX3RhZyI6InhwaWRzLjE0NDB4MTgwMC5zZHIuQzMifQ%3D%3D&_nc_ohc=prE9pyMGdGkQ7kNvwHWw6Ti&_nc_oc=AdngiRAIf2yWgHoEt3ZBQtTCjD0jCcTJbXZf6zAigDnOLnZus22w4sIaYZOYBaQfYg_JpIEzhXlMPB_4fZl_o_UN&_nc_ad=z-m&_nc_cid=0&_nc_zt=23&_nc_ht=instagram.fsdu8-2.fna&_nc_gid=i-Vbp-OHoJR-xvlW_gKWgg&oh=00_AfvO6XG8EjYiFnZX0uENwy5_7sfJCcXfj5V9llWAAmMMOg&oe=6986EC37
https://instagram.fsdu8-1.fna.fbcdn.net/v/t51.82787-15/617169841_18555263275043577_7909814474787226730_n.webp?_nc_cat=102&ig_cache_key=MzgxMTQyODY1NzAwNTQ0NjU5MA%3D%3D.3-ccb7-5&ccb=7-5&_nc_sid=58cdad&efg=eyJ2ZW5jb2RlX3RhZyI6InhwaWRzLjE0NDB4MTgwMC5zZHIuQzMifQ%3D%3D&_nc_ohc=tV43rxXN6W4Q7kNvwGXqWAE&_nc_oc=Adk5BZe4_mzJ_OVaaQ79KHMlkYS_wtQKmXficnrhpaMab7yFrK7ae5fhFC-JsCdeYMX2JC4XWS14YsQwLmu6jRBp&_nc_ad=z-m&_nc_cid=0&_nc_zt=23&_nc_ht=instagram.fsdu8-1.fna&_nc_gid=i-Vbp-OHoJR-xvlW_gKWgg&oh=00_AfsiEC8y2xPt5EQg9fIU67kMusvPCbDhelrCEMWOZVXPiA&oe=6986DEA0",YES,NO,NA,NA,215979576,boitempo,NA,NA,NA,NA,NA,NA,Autoridade,"É um discurso de valorização do conhecimento, da produção teórica e da autoridade intelectual, voltado a legitimar ideias e autores pelo saber acumulado. Predomina a Competência, com reforço de Autenticidade ideológica, e baixa presença de Humanização.",63.3333333333333,36.6666666666667,6.66666666666667,11.6666666666667,10,11.6666666666667,13.3333333333333,8.33333333333333,1.66666666666667,36.6666666666667
postagem_20,3810275060079291392,DTg0Pq8jmud,"Thu, 15 Jan 2026 01:25:31 GMT",2026-01-15T03:00:00Z,1768440331,Sobre o provável ataque dos americanos ao Irã.,NA,9727,997,https://www.instagram.com/p/DTg0Pq8jmud/,https://instagram.fsdu8-2.fna.fbcdn.net/v/t51.82787-15/617307354_18437509165107258_86935507770997087_n.jpg?stp=dst-jpg_e15_tt6&_nc_cat=105&ig_cache_key=MzgxMDI3NTA2MDA3OTI5MTI5MzE4NDM3NTA5MTYyMTA3MjU4.3-ccb7-5&ccb=7-5&_nc_sid=58cdad&efg=eyJ2ZW5jb2RlX3RhZyI6InhwaWRzLjcyMHgxMjgwLnNkci5DMyJ9&_nc_ohc=nCQy-BwXx8UQ7kNvwGH0wFl&_nc_oc=AdkYPlOWUjV0z9txIAFiBDWtsqmZ9ctc356WzwUClvJz74Ma_Rwg5YLjuv8FdA3DmhP2-Jj2s_LRpX7tUmkZACFp&_nc_ad=z-m&_nc_cid=0&_nc_zt=23&_nc_ht=instagram.fsdu8-2.fna&_nc_gid=i-Vbp-OHoJR-xvlW_gKWgg&oh=00_AftzxvHVaMF0kRdM7LwJnZ7xu4P5oVP1b2BU1fGB8cjh1w&oe=6986DD14,https://instagram.fsdu8-2.fna.fbcdn.net/v/t51.82787-15/617307354_18437509165107258_86935507770997087_n.jpg?stp=dst-jpg_e15_tt6&_nc_cat=105&ig_cache_key=MzgxMDI3NTA2MDA3OTI5MTI5MzE4NDM3NTA5MTYyMTA3MjU4.3-ccb7-5&ccb=7-5&_nc_sid=58cdad&efg=eyJ2ZW5jb2RlX3RhZyI6InhwaWRzLjcyMHgxMjgwLnNkci5DMyJ9&_nc_ohc=nCQy-BwXx8UQ7kNvwGH0wFl&_nc_oc=AdkYPlOWUjV0z9txIAFiBDWtsqmZ9ctc356WzwUClvJz74Ma_Rwg5YLjuv8FdA3DmhP2-Jj2s_LRpX7tUmkZACFp&_nc_ad=z-m&_nc_cid=0&_nc_zt=23&_nc_ht=instagram.fsdu8-2.fna&_nc_gid=i-Vbp-OHoJR-xvlW_gKWgg&oh=00_AftzxvHVaMF0kRdM7LwJnZ7xu4P5oVP1b2BU1fGB8cjh1w&oe=6986DD14,"https://instagram.fsdu8-2.fna.fbcdn.net/v/t51.82787-15/617307354_18437509165107258_86935507770997087_n.jpg?stp=dst-jpg_e15_tt6&_nc_cat=105&ig_cache_key=MzgxMDI3NTA2MDA3OTI5MTI5MzE4NDM3NTA5MTYyMTA3MjU4.3-ccb7-5&ccb=7-5&_nc_sid=58cdad&efg=eyJ2ZW5jb2RlX3RhZyI6InhwaWRzLjcyMHgxMjgwLnNkci5DMyJ9&_nc_ohc=nCQy-BwXx8UQ7kNvwGH0wFl&_nc_oc=AdkYPlOWUjV0z9txIAFiBDWtsqmZ9ctc356WzwUClvJz74Ma_Rwg5YLjuv8FdA3DmhP2-Jj2s_LRpX7tUmkZACFp&_nc_ad=z-m&_nc_cid=0&_nc_zt=23&_nc_ht=instagram.fsdu8-2.fna&_nc_gid=i-Vbp-OHoJR-xvlW_gKWgg&oh=00_AftzxvHVaMF0kRdM7LwJnZ7xu4P5oVP1b2BU1fGB8cjh1w&oe=6986DD14
https://instagram.fsdu8-2.fna.fbcdn.net/v/t51.82787-15/617307354_18437509165107258_86935507770997087_n.jpg?stp=dst-jpg_e15_p640x640_tt6&_nc_cat=105&ig_cache_key=MzgxMDI3NTA2MDA3OTI5MTI5MzE4NDM3NTA5MTYyMTA3MjU4.3-ccb7-5&ccb=7-5&_nc_sid=58cdad&efg=eyJ2ZW5jb2RlX3RhZyI6InhwaWRzLjcyMHgxMjgwLnNkci5DMyJ9&_nc_ohc=nCQy-BwXx8UQ7kNvwGH0wFl&_nc_oc=AdkYPlOWUjV0z9txIAFiBDWtsqmZ9ctc356WzwUClvJz74Ma_Rwg5YLjuv8FdA3DmhP2-Jj2s_LRpX7tUmkZACFp&_nc_ad=z-m&_nc_cid=0&_nc_zt=23&_nc_ht=instagram.fsdu8-2.fna&_nc_gid=i-Vbp-OHoJR-xvlW_gKWgg&oh=00_AfutJI4Ih0WbPXRAxQ2onElmaTHUY8cwXZbzjiH5hiHQYA&oe=6986DD14
https://instagram.fsdu8-2.fna.fbcdn.net/v/t51.82787-15/617307354_18437509165107258_86935507770997087_n.jpg?stp=dst-jpg_e15_p480x480_tt6&_nc_cat=105&ig_cache_key=MzgxMDI3NTA2MDA3OTI5MTI5MzE4NDM3NTA5MTYyMTA3MjU4.3-ccb7-5&ccb=7-5&_nc_sid=58cdad&efg=eyJ2ZW5jb2RlX3RhZyI6InhwaWRzLjcyMHgxMjgwLnNkci5DMyJ9&_nc_ohc=nCQy-BwXx8UQ7kNvwGH0wFl&_nc_oc=AdkYPlOWUjV0z9txIAFiBDWtsqmZ9ctc356WzwUClvJz74Ma_Rwg5YLjuv8FdA3DmhP2-Jj2s_LRpX7tUmkZACFp&_nc_ad=z-m&_nc_cid=0&_nc_zt=23&_nc_ht=instagram.fsdu8-2.fna&_nc_gid=i-Vbp-OHoJR-xvlW_gKWgg&oh=00_AfsutSiP1h7F_RlEPd0br5b8j90CaB9r6PbqeR4BYUGCnA&oe=6986DD14
https://instagram.fsdu8-2.fna.fbcdn.net/v/t51.82787-15/617307354_18437509165107258_86935507770997087_n.jpg?stp=dst-jpg_e15_p320x320_tt6&_nc_cat=105&ig_cache_key=MzgxMDI3NTA2MDA3OTI5MTI5MzE4NDM3NTA5MTYyMTA3MjU4.3-ccb7-5&ccb=7-5&_nc_sid=58cdad&efg=eyJ2ZW5jb2RlX3RhZyI6InhwaWRzLjcyMHgxMjgwLnNkci5DMyJ9&_nc_ohc=nCQy-BwXx8UQ7kNvwGH0wFl&_nc_oc=AdkYPlOWUjV0z9txIAFiBDWtsqmZ9ctc356WzwUClvJz74Ma_Rwg5YLjuv8FdA3DmhP2-Jj2s_LRpX7tUmkZACFp&_nc_ad=z-m&_nc_cid=0&_nc_zt=23&_nc_ht=instagram.fsdu8-2.fna&_nc_gid=i-Vbp-OHoJR-xvlW_gKWgg&oh=00_Aft4BXhgR5FFUH-X3ji0InDw-CopzMcZf9A-wLKd9NUlsA&oe=6986DD14
https://instagram.fsdu8-2.fna.fbcdn.net/v/t51.82787-15/617307354_18437509165107258_86935507770997087_n.jpg?stp=dst-jpg_e15_p240x240_tt6&_nc_cat=105&ig_cache_key=MzgxMDI3NTA2MDA3OTI5MTI5MzE4NDM3NTA5MTYyMTA3MjU4.3-ccb7-5&ccb=7-5&_nc_sid=58cdad&efg=eyJ2ZW5jb2RlX3RhZyI6InhwaWRzLjcyMHgxMjgwLnNkci5DMyJ9&_nc_ohc=nCQy-BwXx8UQ7kNvwGH0wFl&_nc_oc=AdkYPlOWUjV0z9txIAFiBDWtsqmZ9ctc356WzwUClvJz74Ma_Rwg5YLjuv8FdA3DmhP2-Jj2s_LRpX7tUmkZACFp&_nc_ad=z-m&_nc_cid=0&_nc_zt=23&_nc_ht=instagram.fsdu8-2.fna&_nc_gid=i-Vbp-OHoJR-xvlW_gKWgg&oh=00_AfvUk4IGoTtpBLBJgrXS26J7II-AENJTZWxISFTSVieFEQ&oe=6986DD14
https://instagram.fsdu8-2.fna.fbcdn.net/v/t51.82787-15/617307354_18437509165107258_86935507770997087_n.jpg?stp=c0.280.720.720a_dst-jpg_e15_s720x720_tt6&_nc_cat=105&ig_cache_key=MzgxMDI3NTA2MDA3OTI5MTI5MzE4NDM3NTA5MTYyMTA3MjU4.3-ccb7-5&ccb=7-5&_nc_sid=58cdad&efg=eyJ2ZW5jb2RlX3RhZyI6InhwaWRzLjcyMHgxMjgwLnNkci5DMyJ9&_nc_ohc=nCQy-BwXx8UQ7kNvwGH0wFl&_nc_oc=AdkYPlOWUjV0z9txIAFiBDWtsqmZ9ctc356WzwUClvJz74Ma_Rwg5YLjuv8FdA3DmhP2-Jj2s_LRpX7tUmkZACFp&_nc_ad=z-m&_nc_cid=0&_nc_zt=23&_nc_ht=instagram.fsdu8-2.fna&_nc_gid=i-Vbp-OHoJR-xvlW_gKWgg&oh=00_AftoUy0vMIjPZk8dUXWoAeJfy6-jPnLxqdR0vjIsNmnH3w&oe=6986DD14
https://instagram.fsdu8-2.fna.fbcdn.net/v/t51.82787-15/617307354_18437509165107258_86935507770997087_n.jpg?stp=c0.280.720.720a_dst-jpg_e15_s720x720_tt6&_nc_cat=105&ig_cache_key=MzgxMDI3NTA2MDA3OTI5MTI5MzE4NDM3NTA5MTYyMTA3MjU4.3-ccb7-5&ccb=7-5&_nc_sid=58cdad&efg=eyJ2ZW5jb2RlX3RhZyI6InhwaWRzLjcyMHgxMjgwLnNkci5DMyJ9&_nc_ohc=nCQy-BwXx8UQ7kNvwGH0wFl&_nc_oc=AdkYPlOWUjV0z9txIAFiBDWtsqmZ9ctc356WzwUClvJz74Ma_Rwg5YLjuv8FdA3DmhP2-Jj2s_LRpX7tUmkZACFp&_nc_ad=z-m&_nc_cid=0&_nc_zt=23&_nc_ht=instagram.fsdu8-2.fna&_nc_gid=i-Vbp-OHoJR-xvlW_gKWgg&oh=00_AftoUy0vMIjPZk8dUXWoAeJfy6-jPnLxqdR0vjIsNmnH3w&oe=6986DD14
https://instagram.fsdu8-2.fna.fbcdn.net/v/t51.82787-15/617307354_18437509165107258_86935507770997087_n.jpg?stp=c0.280.720.720a_dst-jpg_e15_s640x640_tt6&_nc_cat=105&ig_cache_key=MzgxMDI3NTA2MDA3OTI5MTI5MzE4NDM3NTA5MTYyMTA3MjU4.3-ccb7-5&ccb=7-5&_nc_sid=58cdad&efg=eyJ2ZW5jb2RlX3RhZyI6InhwaWRzLjcyMHgxMjgwLnNkci5DMyJ9&_nc_ohc=nCQy-BwXx8UQ7kNvwGH0wFl&_nc_oc=AdkYPlOWUjV0z9txIAFiBDWtsqmZ9ctc356WzwUClvJz74Ma_Rwg5YLjuv8FdA3DmhP2-Jj2s_LRpX7tUmkZACFp&_nc_ad=z-m&_nc_cid=0&_nc_zt=23&_nc_ht=instagram.fsdu8-2.fna&_nc_gid=i-Vbp-OHoJR-xvlW_gKWgg&oh=00_AftteL0yxNag2lG5znMVRFGBo5lKdLDuRYGBXGjVSoqJug&oe=6986DD14
https://instagram.fsdu8-2.fna.fbcdn.net/v/t51.82787-15/617307354_18437509165107258_86935507770997087_n.jpg?stp=c0.280.720.720a_dst-jpg_e15_s480x480_tt6&_nc_cat=105&ig_cache_key=MzgxMDI3NTA2MDA3OTI5MTI5MzE4NDM3NTA5MTYyMTA3MjU4.3-ccb7-5&ccb=7-5&_nc_sid=58cdad&efg=eyJ2ZW5jb2RlX3RhZyI6InhwaWRzLjcyMHgxMjgwLnNkci5DMyJ9&_nc_ohc=nCQy-BwXx8UQ7kNvwGH0wFl&_nc_oc=AdkYPlOWUjV0z9txIAFiBDWtsqmZ9ctc356WzwUClvJz74Ma_Rwg5YLjuv8FdA3DmhP2-Jj2s_LRpX7tUmkZACFp&_nc_ad=z-m&_nc_cid=0&_nc_zt=23&_nc_ht=instagram.fsdu8-2.fna&_nc_gid=i-Vbp-OHoJR-xvlW_gKWgg&oh=00_AfsZnNNEuxThMc-azeIRL02uiDxQldTMaFCuNQEZklFaSw&oe=6986DD14
https://instagram.fsdu8-2.fna.fbcdn.net/v/t51.82787-15/617307354_18437509165107258_86935507770997087_n.jpg?stp=c0.280.720.720a_dst-jpg_e15_s320x320_tt6&_nc_cat=105&ig_cache_key=MzgxMDI3NTA2MDA3OTI5MTI5MzE4NDM3NTA5MTYyMTA3MjU4.3-ccb7-5&ccb=7-5&_nc_sid=58cdad&efg=eyJ2ZW5jb2RlX3RhZyI6InhwaWRzLjcyMHgxMjgwLnNkci5DMyJ9&_nc_ohc=nCQy-BwXx8UQ7kNvwGH0wFl&_nc_oc=AdkYPlOWUjV0z9txIAFiBDWtsqmZ9ctc356WzwUClvJz74Ma_Rwg5YLjuv8FdA3DmhP2-Jj2s_LRpX7tUmkZACFp&_nc_ad=z-m&_nc_cid=0&_nc_zt=23&_nc_ht=instagram.fsdu8-2.fna&_nc_gid=i-Vbp-OHoJR-xvlW_gKWgg&oh=00_AfsPoMtS51DXKrKXmea2SKyi6niy7d_w3o7eja1u9To7eQ&oe=6986DD14
https://instagram.fsdu8-2.fna.fbcdn.net/v/t51.82787-15/617307354_18437509165107258_86935507770997087_n.jpg?stp=c0.280.720.720a_dst-jpg_e15_s240x240_tt6&_nc_cat=105&ig_cache_key=MzgxMDI3NTA2MDA3OTI5MTI5MzE4NDM3NTA5MTYyMTA3MjU4.3-ccb7-5&ccb=7-5&_nc_sid=58cdad&efg=eyJ2ZW5jb2RlX3RhZyI6InhwaWRzLjcyMHgxMjgwLnNkci5DMyJ9&_nc_ohc=nCQy-BwXx8UQ7kNvwGH0wFl&_nc_oc=AdkYPlOWUjV0z9txIAFiBDWtsqmZ9ctc356WzwUClvJz74Ma_Rwg5YLjuv8FdA3DmhP2-Jj2s_LRpX7tUmkZACFp&_nc_ad=z-m&_nc_cid=0&_nc_zt=23&_nc_ht=instagram.fsdu8-2.fna&_nc_gid=i-Vbp-OHoJR-xvlW_gKWgg&oh=00_Afu7NUMW2ZpfGS4iyKMYKAJKWAUfqgjBIwyOzagliwaZXA&oe=6986DD14
https://instagram.fsdu8-2.fna.fbcdn.net/v/t51.82787-15/617307354_18437509165107258_86935507770997087_n.jpg?stp=c0.280.720.720a_dst-jpg_e15_s150x150_tt6&_nc_cat=105&ig_cache_key=MzgxMDI3NTA2MDA3OTI5MTI5MzE4NDM3NTA5MTYyMTA3MjU4.3-ccb7-5&ccb=7-5&_nc_sid=58cdad&efg=eyJ2ZW5jb2RlX3RhZyI6InhwaWRzLjcyMHgxMjgwLnNkci5DMyJ9&_nc_ohc=nCQy-BwXx8UQ7kNvwGH0wFl&_nc_oc=AdkYPlOWUjV0z9txIAFiBDWtsqmZ9ctc356WzwUClvJz74Ma_Rwg5YLjuv8FdA3DmhP2-Jj2s_LRpX7tUmkZACFp&_nc_ad=z-m&_nc_cid=0&_nc_zt=23&_nc_ht=instagram.fsdu8-2.fna&_nc_gid=i-Vbp-OHoJR-xvlW_gKWgg&oh=00_AfvzFcx1zF_QIFN1myGXwN-nUZ-elmFch3NnGRXYHSS-3A&oe=6986DD14",NA,NO,YES,https://instagram.fsdu8-1.fna.fbcdn.net/o1/v/t16/f2/m69/AQPRhUTHqqPRq37VbkhQqclyav1I-btbPXmiJfxkhN3FsvUeVLtLE3dg7qPXuX9C8olGtyfpGFfx1axmcIrSbdIx.mp4?strext=1&_nc_cat=106&_nc_oc=AdmcIEDT2qqceX3sEt4LCJet6gEBFPSzVoRBtykkmYkwTmGcCIs5UQi610UHbc2w9C28xn7-3erfzblhKBGW87gs&_nc_sid=5e9851&_nc_ht=instagram.fsdu8-1.fna.fbcdn.net&_nc_ohc=KEtuhLMfUiIQ7kNvwHHz51z&efg=eyJ2ZW5jb2RlX3RhZyI6Inhwdl9wcm9ncmVzc2l2ZS5JTlNUQUdSQU0uQ0xJUFMuQzMuNzIwLmRhc2hfYmFzZWxpbmVfMV92MSIsInhwdl9hc3NldF9pZCI6MTU5MTE5NDIxMTkwMDA1NSwiYXNzZXRfYWdlX2RheXMiOjE4LCJ2aV91c2VjYXNlX2lkIjoxMDA5OSwiZHVyYXRpb25fcyI6MTY1LCJ1cmxnZW5fc291cmNlIjoid3d3In0%3D&ccb=17-1&_nc_gid=i-Vbp-OHoJR-xvlW_gKWgg&_nc_zt=28&vs=2da26e9476cd9f58&_nc_vs=HBksFQIYOnBhc3N0aHJvdWdoX2V2ZXJzdG9yZS9HR0YwdkNUTGM3VGI1RE5aQUxZZTAzQjZBZnByYnNwVEFRQUYVAALIARIAFQIYOnBhc3N0aHJvdWdoX2V2ZXJzdG9yZS9HSDdHc2lRUG5vRS1mbzhDQUJZZS1YaTFLLXNyYnN0VEFRQUYVAgLIARIAKAAYABsCiAd1c2Vfb2lsATEScHJvZ3Jlc3NpdmVfcmVjaXBlATEVAAAmruqm3NjL0wUVAigCQzMsF0BksQ5WBBiTGBJkYXNoX2Jhc2VsaW5lXzFfdjERAHX-B2XmnQEA&oh=00_AfsLfrgZslsuolkpz6EffgkrLGxneTIFbrieBNy5BbpcPg&oe=6986C85A,NA,3194347257,eliasmkjabbour,NA,Rio de Janeiro,NA,NA,-22.908,-43.1975,Autoridade,"É um discurso orientado à interpretação e explicação de eventos internacionais complexos, cuja principal função é construir autoridade. Trata-se claramente de Competência.",36.3849765258216,63.6150234741784,15.7276995305164,7.04225352112676,9.85915492957746,20.8920187793427,7.51173708920188,17.1361502347418,3.9906103286385,17.8403755868545
postagem_19,3809478117102842880,DTd_Cn9ifRV,"Tue, 13 Jan 2026 23:00:53 GMT",2026-01-13T03:00:00Z,1768345253,"A esquerda brasileira ainda olha a China a partir dos preconceitos do Norte Global.
Essa leitura limitada enfraquece qualquer projeto real de desenvolvimento e soberania.

Neste corte, Elias Jabbour explica por que a China segue sendo mal compreendida, inclusive dentro da militância, e como isso impacta a capacidade do Brasil pensar o século XXI.

A entrevista completa aprofunda esse debate, passando por geopolítica, Brics, soberania tecnológica e o papel do Brasil no mundo.

👉 Assista à entrevista completa no YouTube e na Revista Focus Brasil Link na bio e stories.",NA,3608,74,https://www.instagram.com/p/DTd_Cn9ifRV/,https://instagram.fsdu8-1.fna.fbcdn.net/v/t51.82787-15/616161022_18084168584167049_4110564115351535402_n.jpg?stp=dst-jpg_e15_tt6&_nc_cat=102&ig_cache_key=MzgwOTQ3ODExNzEwMjg0Mjk2NTE4MDg0MTY4NTc4MTY3MDQ5.3-ccb7-5&ccb=7-5&_nc_sid=58cdad&efg=eyJ2ZW5jb2RlX3RhZyI6InhwaWRzLjU0MHg5NjAuc2RyLkMzIn0%3D&_nc_ohc=pjrlmgODbzoQ7kNvwEcI9ae&_nc_oc=AdmAiKfN54P8Mp4aS82-6kdIAP7ERwK-AAKbt69VOtSkBEDCys_bA7R5-R5pwJ36WsOtJeYxkMSytdXHdU7IOpGP&_nc_ad=z-m&_nc_cid=0&_nc_zt=23&_nc_ht=instagram.fsdu8-1.fna&_nc_gid=dgSc8ZiPufOSsRkYD6qVNA&oh=00_Afts5u692_SqsADKkdZktmgll-nsOLsSeC_S7d5krurlPg&oe=6986EBD4,https://instagram.fsdu8-1.fna.fbcdn.net/v/t51.82787-15/616161022_18084168584167049_4110564115351535402_n.jpg?stp=dst-jpg_e15_tt6&_nc_cat=102&ig_cache_key=MzgwOTQ3ODExNzEwMjg0Mjk2NTE4MDg0MTY4NTc4MTY3MDQ5.3-ccb7-5&ccb=7-5&_nc_sid=58cdad&efg=eyJ2ZW5jb2RlX3RhZyI6InhwaWRzLjU0MHg5NjAuc2RyLkMzIn0%3D&_nc_ohc=pjrlmgODbzoQ7kNvwEcI9ae&_nc_oc=AdmAiKfN54P8Mp4aS82-6kdIAP7ERwK-AAKbt69VOtSkBEDCys_bA7R5-R5pwJ36WsOtJeYxkMSytdXHdU7IOpGP&_nc_ad=z-m&_nc_cid=0&_nc_zt=23&_nc_ht=instagram.fsdu8-1.fna&_nc_gid=dgSc8ZiPufOSsRkYD6qVNA&oh=00_Afts5u692_SqsADKkdZktmgll-nsOLsSeC_S7d5krurlPg&oe=6986EBD4,"https://instagram.fsdu8-1.fna.fbcdn.net/v/t51.82787-15/616161022_18084168584167049_4110564115351535402_n.jpg?stp=dst-jpg_e15_tt6&_nc_cat=102&ig_cache_key=MzgwOTQ3ODExNzEwMjg0Mjk2NTE4MDg0MTY4NTc4MTY3MDQ5.3-ccb7-5&ccb=7-5&_nc_sid=58cdad&efg=eyJ2ZW5jb2RlX3RhZyI6InhwaWRzLjU0MHg5NjAuc2RyLkMzIn0%3D&_nc_ohc=pjrlmgODbzoQ7kNvwEcI9ae&_nc_oc=AdmAiKfN54P8Mp4aS82-6kdIAP7ERwK-AAKbt69VOtSkBEDCys_bA7R5-R5pwJ36WsOtJeYxkMSytdXHdU7IOpGP&_nc_ad=z-m&_nc_cid=0&_nc_zt=23&_nc_ht=instagram.fsdu8-1.fna&_nc_gid=dgSc8ZiPufOSsRkYD6qVNA&oh=00_Afts5u692_SqsADKkdZktmgll-nsOLsSeC_S7d5krurlPg&oe=6986EBD4
https://instagram.fsdu8-1.fna.fbcdn.net/v/t51.82787-15/616161022_18084168584167049_4110564115351535402_n.jpg?stp=dst-jpg_e15_p480x480_tt6&_nc_cat=102&ig_cache_key=MzgwOTQ3ODExNzEwMjg0Mjk2NTE4MDg0MTY4NTc4MTY3MDQ5.3-ccb7-5&ccb=7-5&_nc_sid=58cdad&efg=eyJ2ZW5jb2RlX3RhZyI6InhwaWRzLjU0MHg5NjAuc2RyLkMzIn0%3D&_nc_ohc=pjrlmgODbzoQ7kNvwEcI9ae&_nc_oc=AdmAiKfN54P8Mp4aS82-6kdIAP7ERwK-AAKbt69VOtSkBEDCys_bA7R5-R5pwJ36WsOtJeYxkMSytdXHdU7IOpGP&_nc_ad=z-m&_nc_cid=0&_nc_zt=23&_nc_ht=instagram.fsdu8-1.fna&_nc_gid=dgSc8ZiPufOSsRkYD6qVNA&oh=00_AfvBxMNm5iM4X-qlztVxFmzZTILeQIap0_MV2bBrwJcF9Q&oe=6986EBD4
https://instagram.fsdu8-1.fna.fbcdn.net/v/t51.82787-15/616161022_18084168584167049_4110564115351535402_n.jpg?stp=dst-jpg_e15_p320x320_tt6&_nc_cat=102&ig_cache_key=MzgwOTQ3ODExNzEwMjg0Mjk2NTE4MDg0MTY4NTc4MTY3MDQ5.3-ccb7-5&ccb=7-5&_nc_sid=58cdad&efg=eyJ2ZW5jb2RlX3RhZyI6InhwaWRzLjU0MHg5NjAuc2RyLkMzIn0%3D&_nc_ohc=pjrlmgODbzoQ7kNvwEcI9ae&_nc_oc=AdmAiKfN54P8Mp4aS82-6kdIAP7ERwK-AAKbt69VOtSkBEDCys_bA7R5-R5pwJ36WsOtJeYxkMSytdXHdU7IOpGP&_nc_ad=z-m&_nc_cid=0&_nc_zt=23&_nc_ht=instagram.fsdu8-1.fna&_nc_gid=dgSc8ZiPufOSsRkYD6qVNA&oh=00_AfuVTh55bPhMg-tk_2utK3Zd692Mq8CExAOx0fhBV_YbFw&oe=6986EBD4
https://instagram.fsdu8-1.fna.fbcdn.net/v/t51.82787-15/616161022_18084168584167049_4110564115351535402_n.jpg?stp=dst-jpg_e15_p240x240_tt6&_nc_cat=102&ig_cache_key=MzgwOTQ3ODExNzEwMjg0Mjk2NTE4MDg0MTY4NTc4MTY3MDQ5.3-ccb7-5&ccb=7-5&_nc_sid=58cdad&efg=eyJ2ZW5jb2RlX3RhZyI6InhwaWRzLjU0MHg5NjAuc2RyLkMzIn0%3D&_nc_ohc=pjrlmgODbzoQ7kNvwEcI9ae&_nc_oc=AdmAiKfN54P8Mp4aS82-6kdIAP7ERwK-AAKbt69VOtSkBEDCys_bA7R5-R5pwJ36WsOtJeYxkMSytdXHdU7IOpGP&_nc_ad=z-m&_nc_cid=0&_nc_zt=23&_nc_ht=instagram.fsdu8-1.fna&_nc_gid=dgSc8ZiPufOSsRkYD6qVNA&oh=00_AfusJvM7TwDbqvCAd7xuS4tJE8TsQS6upWjMSoTinZKqzw&oe=6986EBD4
https://instagram.fsdu8-1.fna.fbcdn.net/v/t51.82787-15/616161022_18084168584167049_4110564115351535402_n.jpg?stp=c0.210.540.540a_dst-jpg_e15_s540x540_tt6&_nc_cat=102&ig_cache_key=MzgwOTQ3ODExNzEwMjg0Mjk2NTE4MDg0MTY4NTc4MTY3MDQ5.3-ccb7-5&ccb=7-5&_nc_sid=58cdad&efg=eyJ2ZW5jb2RlX3RhZyI6InhwaWRzLjU0MHg5NjAuc2RyLkMzIn0%3D&_nc_ohc=pjrlmgODbzoQ7kNvwEcI9ae&_nc_oc=AdmAiKfN54P8Mp4aS82-6kdIAP7ERwK-AAKbt69VOtSkBEDCys_bA7R5-R5pwJ36WsOtJeYxkMSytdXHdU7IOpGP&_nc_ad=z-m&_nc_cid=0&_nc_zt=23&_nc_ht=instagram.fsdu8-1.fna&_nc_gid=dgSc8ZiPufOSsRkYD6qVNA&oh=00_AftYTUw7d9gtJ0whWgwdmgR-zFyPHNwOK_u_lpfXat-awA&oe=6986EBD4
https://instagram.fsdu8-1.fna.fbcdn.net/v/t51.82787-15/616161022_18084168584167049_4110564115351535402_n.jpg?stp=c0.210.540.540a_dst-jpg_e15_s540x540_tt6&_nc_cat=102&ig_cache_key=MzgwOTQ3ODExNzEwMjg0Mjk2NTE4MDg0MTY4NTc4MTY3MDQ5.3-ccb7-5&ccb=7-5&_nc_sid=58cdad&efg=eyJ2ZW5jb2RlX3RhZyI6InhwaWRzLjU0MHg5NjAuc2RyLkMzIn0%3D&_nc_ohc=pjrlmgODbzoQ7kNvwEcI9ae&_nc_oc=AdmAiKfN54P8Mp4aS82-6kdIAP7ERwK-AAKbt69VOtSkBEDCys_bA7R5-R5pwJ36WsOtJeYxkMSytdXHdU7IOpGP&_nc_ad=z-m&_nc_cid=0&_nc_zt=23&_nc_ht=instagram.fsdu8-1.fna&_nc_gid=dgSc8ZiPufOSsRkYD6qVNA&oh=00_AftYTUw7d9gtJ0whWgwdmgR-zFyPHNwOK_u_lpfXat-awA&oe=6986EBD4
https://instagram.fsdu8-1.fna.fbcdn.net/v/t51.82787-15/616161022_18084168584167049_4110564115351535402_n.jpg?stp=c0.210.540.540a_dst-jpg_e15_s540x540_tt6&_nc_cat=102&ig_cache_key=MzgwOTQ3ODExNzEwMjg0Mjk2NTE4MDg0MTY4NTc4MTY3MDQ5.3-ccb7-5&ccb=7-5&_nc_sid=58cdad&efg=eyJ2ZW5jb2RlX3RhZyI6InhwaWRzLjU0MHg5NjAuc2RyLkMzIn0%3D&_nc_ohc=pjrlmgODbzoQ7kNvwEcI9ae&_nc_oc=AdmAiKfN54P8Mp4aS82-6kdIAP7ERwK-AAKbt69VOtSkBEDCys_bA7R5-R5pwJ36WsOtJeYxkMSytdXHdU7IOpGP&_nc_ad=z-m&_nc_cid=0&_nc_zt=23&_nc_ht=instagram.fsdu8-1.fna&_nc_gid=dgSc8ZiPufOSsRkYD6qVNA&oh=00_AftYTUw7d9gtJ0whWgwdmgR-zFyPHNwOK_u_lpfXat-awA&oe=6986EBD4
https://instagram.fsdu8-1.fna.fbcdn.net/v/t51.82787-15/616161022_18084168584167049_4110564115351535402_n.jpg?stp=c0.210.540.540a_dst-jpg_e15_s480x480_tt6&_nc_cat=102&ig_cache_key=MzgwOTQ3ODExNzEwMjg0Mjk2NTE4MDg0MTY4NTc4MTY3MDQ5.3-ccb7-5&ccb=7-5&_nc_sid=58cdad&efg=eyJ2ZW5jb2RlX3RhZyI6InhwaWRzLjU0MHg5NjAuc2RyLkMzIn0%3D&_nc_ohc=pjrlmgODbzoQ7kNvwEcI9ae&_nc_oc=AdmAiKfN54P8Mp4aS82-6kdIAP7ERwK-AAKbt69VOtSkBEDCys_bA7R5-R5pwJ36WsOtJeYxkMSytdXHdU7IOpGP&_nc_ad=z-m&_nc_cid=0&_nc_zt=23&_nc_ht=instagram.fsdu8-1.fna&_nc_gid=dgSc8ZiPufOSsRkYD6qVNA&oh=00_AftY5dRnVrT1dG4sWOeBriLONcaD7AZ55XtpHbexw4XQkg&oe=6986EBD4
https://instagram.fsdu8-1.fna.fbcdn.net/v/t51.82787-15/616161022_18084168584167049_4110564115351535402_n.jpg?stp=c0.210.540.540a_dst-jpg_e15_s320x320_tt6&_nc_cat=102&ig_cache_key=MzgwOTQ3ODExNzEwMjg0Mjk2NTE4MDg0MTY4NTc4MTY3MDQ5.3-ccb7-5&ccb=7-5&_nc_sid=58cdad&efg=eyJ2ZW5jb2RlX3RhZyI6InhwaWRzLjU0MHg5NjAuc2RyLkMzIn0%3D&_nc_ohc=pjrlmgODbzoQ7kNvwEcI9ae&_nc_oc=AdmAiKfN54P8Mp4aS82-6kdIAP7ERwK-AAKbt69VOtSkBEDCys_bA7R5-R5pwJ36WsOtJeYxkMSytdXHdU7IOpGP&_nc_ad=z-m&_nc_cid=0&_nc_zt=23&_nc_ht=instagram.fsdu8-1.fna&_nc_gid=dgSc8ZiPufOSsRkYD6qVNA&oh=00_Afu9wUtSvr0t62j7YZ3QThrFhzL4evPAtYu_2Jy97fAIEA&oe=6986EBD4
https://instagram.fsdu8-1.fna.fbcdn.net/v/t51.82787-15/616161022_18084168584167049_4110564115351535402_n.jpg?stp=c0.210.540.540a_dst-jpg_e15_s240x240_tt6&_nc_cat=102&ig_cache_key=MzgwOTQ3ODExNzEwMjg0Mjk2NTE4MDg0MTY4NTc4MTY3MDQ5.3-ccb7-5&ccb=7-5&_nc_sid=58cdad&efg=eyJ2ZW5jb2RlX3RhZyI6InhwaWRzLjU0MHg5NjAuc2RyLkMzIn0%3D&_nc_ohc=pjrlmgODbzoQ7kNvwEcI9ae&_nc_oc=AdmAiKfN54P8Mp4aS82-6kdIAP7ERwK-AAKbt69VOtSkBEDCys_bA7R5-R5pwJ36WsOtJeYxkMSytdXHdU7IOpGP&_nc_ad=z-m&_nc_cid=0&_nc_zt=23&_nc_ht=instagram.fsdu8-1.fna&_nc_gid=dgSc8ZiPufOSsRkYD6qVNA&oh=00_AfudWH9CfLh3xXTkkkFPxdvZUfOxsd6eldQYKOIl4lQa7A&oe=6986EBD4
https://instagram.fsdu8-1.fna.fbcdn.net/v/t51.82787-15/616161022_18084168584167049_4110564115351535402_n.jpg?stp=c0.210.540.540a_dst-jpg_e15_s150x150_tt6&_nc_cat=102&ig_cache_key=MzgwOTQ3ODExNzEwMjg0Mjk2NTE4MDg0MTY4NTc4MTY3MDQ5.3-ccb7-5&ccb=7-5&_nc_sid=58cdad&efg=eyJ2ZW5jb2RlX3RhZyI6InhwaWRzLjU0MHg5NjAuc2RyLkMzIn0%3D&_nc_ohc=pjrlmgODbzoQ7kNvwEcI9ae&_nc_oc=AdmAiKfN54P8Mp4aS82-6kdIAP7ERwK-AAKbt69VOtSkBEDCys_bA7R5-R5pwJ36WsOtJeYxkMSytdXHdU7IOpGP&_nc_ad=z-m&_nc_cid=0&_nc_zt=23&_nc_ht=instagram.fsdu8-1.fna&_nc_gid=dgSc8ZiPufOSsRkYD6qVNA&oh=00_AfveZo1lMBSbL-Pke113qHscwoPL2mtPJ0zzIIv5XUDa5w&oe=6986EBD4",NA,NO,YES,https://instagram.fsdu8-2.fna.fbcdn.net/o1/v/t16/f2/m69/AQN3VuJOAij4LQ9oOt2flrs5TMGHFAsOh7poITl_xfz7_Anaad7tFBVeB3tLCPOohrMOXh_aWY8Wd3PWTCLi5Hvz.mp4?strext=1&_nc_cat=100&_nc_oc=AdnSRC9BhY7Io78x6zEXkIMjbwerJBB9uAaR6ARV8Uir6SNrtxkPWrIrHe7yKnb5Jl2VrvbwabbL5RirzK1jHGUA&_nc_sid=5e9851&_nc_ht=instagram.fsdu8-2.fna.fbcdn.net&_nc_ohc=dS4TFXymfDoQ7kNvwGm5eA6&efg=eyJ2ZW5jb2RlX3RhZyI6Inhwdl9wcm9ncmVzc2l2ZS5JTlNUQUdSQU0uQ0xJUFMuQzMuNzIwLmRhc2hfYmFzZWxpbmVfMV92MSIsInhwdl9hc3NldF9pZCI6MzI3MTM2MzUxMzA0MjcyNCwiYXNzZXRfYWdlX2RheXMiOjE5LCJ2aV91c2VjYXNlX2lkIjoxMDA5OSwiZHVyYXRpb25fcyI6OTcsInVybGdlbl9zb3VyY2UiOiJ3d3cifQ%3D%3D&ccb=17-1&_nc_gid=dgSc8ZiPufOSsRkYD6qVNA&_nc_zt=28&vs=863b10a0a2bd63ad&_nc_vs=HBksFQIYOnBhc3N0aHJvdWdoX2V2ZXJzdG9yZS9HRmRKa2lRLWI2YnJtSndIQUIycmMydTJJMzBqYnNwVEFRQUYVAALIARIAFQIYOnBhc3N0aHJvdWdoX2V2ZXJzdG9yZS9HRmR6dVNTcE5zM01YQkVFQUowS0JxWFhJY2xpYnN0VEFRQUYVAgLIARIAKAAYABsCiAd1c2Vfb2lsATEScHJvZ3Jlc3NpdmVfcmVjaXBlATEVAAAmyJyCwrXSzwsVAigCQzMsF0BYaIMSbpeNGBJkYXNoX2Jhc2VsaW5lXzFfdjERAHX-B2XmnQEA&oh=00_Afs4hY3XE-i826BmFut0zNC8oZBw88gXK2kh1I9gtHi6mw&oe=6986E560,NA,34932919048,fpabramo,NA,NA,NA,NA,NA,NA,Autoridade,"É um discurso que busca legitimidade pelo conhecimento, pela crítica qualificada e pela capacidade explicativa, projetando autoridade intelectual. Predomina a Competência, com reforço de Autenticidade ideológica, e baixa ênfase em Humanização.",59.8290598290598,40.1709401709402,9.4017094017094,10.2564102564103,8.54700854700855,12.8205128205128,12.8205128205128,9.4017094017094,5.12820512820513,31.6239316239316
postagem_18,3809392496938563584,DTdrkr-D7jb,"Tue, 13 Jan 2026 20:10:46 GMT",2026-01-13T03:00:00Z,1768335046,O acordo UE-Mercosul e o governo Lula: o que esperar?,NA,5277,272,https://www.instagram.com/p/DTdrkr-D7jb/,https://instagram.fsdu8-2.fna.fbcdn.net/v/t51.71878-15/616452860_1319674860188526_4976351901548747590_n.jpg?stp=dst-jpegr_e15_tt6&_nc_cat=109&ig_cache_key=MzgwOTM5MjQ5NjkzODU2MzgwMw%3D%3D.3-ccb7-5&ccb=7-5&_nc_sid=58cdad&efg=eyJ2ZW5jb2RlX3RhZyI6InhwaWRzLjY0MHgxMTM2Lmhkci5DMyJ9&_nc_ohc=elwtI1iNivMQ7kNvwFFJTTn&_nc_oc=AdlouBveOQSWww4TccngOkQQvR-Z6IrhgyXnEOuJHiO8jRNXDlptooJVyM84U3xDU81SZYCZi5nmZAxjkHSGNU-Q&_nc_ad=z-m&_nc_cid=0&_nc_zt=23&se=-1&_nc_ht=instagram.fsdu8-2.fna&_nc_gid=dgSc8ZiPufOSsRkYD6qVNA&oh=00_AfvJyKgHyf37mDBjSeoYHNVcOx7FgnLS1UWgxLWNnoZPNQ&oe=6986E672,https://instagram.fsdu8-2.fna.fbcdn.net/v/t51.71878-15/616452860_1319674860188526_4976351901548747590_n.jpg?stp=dst-jpegr_e15_tt6&_nc_cat=109&ig_cache_key=MzgwOTM5MjQ5NjkzODU2MzgwMw%3D%3D.3-ccb7-5&ccb=7-5&_nc_sid=58cdad&efg=eyJ2ZW5jb2RlX3RhZyI6InhwaWRzLjY0MHgxMTM2Lmhkci5DMyJ9&_nc_ohc=elwtI1iNivMQ7kNvwFFJTTn&_nc_oc=AdlouBveOQSWww4TccngOkQQvR-Z6IrhgyXnEOuJHiO8jRNXDlptooJVyM84U3xDU81SZYCZi5nmZAxjkHSGNU-Q&_nc_ad=z-m&_nc_cid=0&_nc_zt=23&se=-1&_nc_ht=instagram.fsdu8-2.fna&_nc_gid=dgSc8ZiPufOSsRkYD6qVNA&oh=00_AfvJyKgHyf37mDBjSeoYHNVcOx7FgnLS1UWgxLWNnoZPNQ&oe=6986E672,"https://instagram.fsdu8-2.fna.fbcdn.net/v/t51.71878-15/616452860_1319674860188526_4976351901548747590_n.jpg?stp=dst-jpegr_e15_tt6&_nc_cat=109&ig_cache_key=MzgwOTM5MjQ5NjkzODU2MzgwMw%3D%3D.3-ccb7-5&ccb=7-5&_nc_sid=58cdad&efg=eyJ2ZW5jb2RlX3RhZyI6InhwaWRzLjY0MHgxMTM2Lmhkci5DMyJ9&_nc_ohc=elwtI1iNivMQ7kNvwFFJTTn&_nc_oc=AdlouBveOQSWww4TccngOkQQvR-Z6IrhgyXnEOuJHiO8jRNXDlptooJVyM84U3xDU81SZYCZi5nmZAxjkHSGNU-Q&_nc_ad=z-m&_nc_cid=0&_nc_zt=23&se=-1&_nc_ht=instagram.fsdu8-2.fna&_nc_gid=dgSc8ZiPufOSsRkYD6qVNA&oh=00_AfvJyKgHyf37mDBjSeoYHNVcOx7FgnLS1UWgxLWNnoZPNQ&oe=6986E672
https://instagram.fsdu8-2.fna.fbcdn.net/v/t51.71878-15/616452860_1319674860188526_4976351901548747590_n.jpg?stp=dst-jpegr_e15_p480x480_tt6&_nc_cat=109&ig_cache_key=MzgwOTM5MjQ5NjkzODU2MzgwMw%3D%3D.3-ccb7-5&ccb=7-5&_nc_sid=58cdad&efg=eyJ2ZW5jb2RlX3RhZyI6InhwaWRzLjY0MHgxMTM2Lmhkci5DMyJ9&_nc_ohc=elwtI1iNivMQ7kNvwFFJTTn&_nc_oc=AdlouBveOQSWww4TccngOkQQvR-Z6IrhgyXnEOuJHiO8jRNXDlptooJVyM84U3xDU81SZYCZi5nmZAxjkHSGNU-Q&_nc_ad=z-m&_nc_cid=0&_nc_zt=23&se=-1&_nc_ht=instagram.fsdu8-2.fna&_nc_gid=dgSc8ZiPufOSsRkYD6qVNA&oh=00_AfvigOcivfe5qbQ6dlCtz3tj7H8arDZdNXcg7KB3pkD-Mg&oe=6986E672
https://instagram.fsdu8-2.fna.fbcdn.net/v/t51.71878-15/616452860_1319674860188526_4976351901548747590_n.jpg?stp=dst-jpegr_e15_p320x320_tt6&_nc_cat=109&ig_cache_key=MzgwOTM5MjQ5NjkzODU2MzgwMw%3D%3D.3-ccb7-5&ccb=7-5&_nc_sid=58cdad&efg=eyJ2ZW5jb2RlX3RhZyI6InhwaWRzLjY0MHgxMTM2Lmhkci5DMyJ9&_nc_ohc=elwtI1iNivMQ7kNvwFFJTTn&_nc_oc=AdlouBveOQSWww4TccngOkQQvR-Z6IrhgyXnEOuJHiO8jRNXDlptooJVyM84U3xDU81SZYCZi5nmZAxjkHSGNU-Q&_nc_ad=z-m&_nc_cid=0&_nc_zt=23&se=-1&_nc_ht=instagram.fsdu8-2.fna&_nc_gid=dgSc8ZiPufOSsRkYD6qVNA&oh=00_AfvvTNXXtiusggWwylt2M03oCiJMlgI9AV-r5bHz-1XufA&oe=6986E672
https://instagram.fsdu8-2.fna.fbcdn.net/v/t51.71878-15/616452860_1319674860188526_4976351901548747590_n.jpg?stp=dst-jpegr_e15_p240x240_tt6&_nc_cat=109&ig_cache_key=MzgwOTM5MjQ5NjkzODU2MzgwMw%3D%3D.3-ccb7-5&ccb=7-5&_nc_sid=58cdad&efg=eyJ2ZW5jb2RlX3RhZyI6InhwaWRzLjY0MHgxMTM2Lmhkci5DMyJ9&_nc_ohc=elwtI1iNivMQ7kNvwFFJTTn&_nc_oc=AdlouBveOQSWww4TccngOkQQvR-Z6IrhgyXnEOuJHiO8jRNXDlptooJVyM84U3xDU81SZYCZi5nmZAxjkHSGNU-Q&_nc_ad=z-m&_nc_cid=0&_nc_zt=23&se=-1&_nc_ht=instagram.fsdu8-2.fna&_nc_gid=dgSc8ZiPufOSsRkYD6qVNA&oh=00_AfstbKgXSHnWnGkx0iKyBWuuihJVolmhdBXLDBA3Mp-Hpw&oe=6986E672
https://instagram.fsdu8-2.fna.fbcdn.net/v/t51.71878-15/616452860_1319674860188526_4976351901548747590_n.jpg?stp=c0.248.640.640a_dst-jpegr_e15_s640x639_tt6&_nc_cat=109&ig_cache_key=MzgwOTM5MjQ5NjkzODU2MzgwMw%3D%3D.3-ccb7-5&ccb=7-5&_nc_sid=58cdad&efg=eyJ2ZW5jb2RlX3RhZyI6InhwaWRzLjY0MHgxMTM2Lmhkci5DMyJ9&_nc_ohc=elwtI1iNivMQ7kNvwFFJTTn&_nc_oc=AdlouBveOQSWww4TccngOkQQvR-Z6IrhgyXnEOuJHiO8jRNXDlptooJVyM84U3xDU81SZYCZi5nmZAxjkHSGNU-Q&_nc_ad=z-m&_nc_cid=0&_nc_zt=23&se=-1&_nc_ht=instagram.fsdu8-2.fna&_nc_gid=dgSc8ZiPufOSsRkYD6qVNA&oh=00_AfshSqZ-OBqK_rL_hu9JLHKdlwX_X7-6IDQQarH1A2Ag1g&oe=6986E672
https://instagram.fsdu8-2.fna.fbcdn.net/v/t51.71878-15/616452860_1319674860188526_4976351901548747590_n.jpg?stp=c0.248.640.640a_dst-jpegr_e15_s640x639_tt6&_nc_cat=109&ig_cache_key=MzgwOTM5MjQ5NjkzODU2MzgwMw%3D%3D.3-ccb7-5&ccb=7-5&_nc_sid=58cdad&efg=eyJ2ZW5jb2RlX3RhZyI6InhwaWRzLjY0MHgxMTM2Lmhkci5DMyJ9&_nc_ohc=elwtI1iNivMQ7kNvwFFJTTn&_nc_oc=AdlouBveOQSWww4TccngOkQQvR-Z6IrhgyXnEOuJHiO8jRNXDlptooJVyM84U3xDU81SZYCZi5nmZAxjkHSGNU-Q&_nc_ad=z-m&_nc_cid=0&_nc_zt=23&se=-1&_nc_ht=instagram.fsdu8-2.fna&_nc_gid=dgSc8ZiPufOSsRkYD6qVNA&oh=00_AfshSqZ-OBqK_rL_hu9JLHKdlwX_X7-6IDQQarH1A2Ag1g&oe=6986E672
https://instagram.fsdu8-2.fna.fbcdn.net/v/t51.71878-15/616452860_1319674860188526_4976351901548747590_n.jpg?stp=c0.248.640.640a_dst-jpegr_e15_s640x639_tt6&_nc_cat=109&ig_cache_key=MzgwOTM5MjQ5NjkzODU2MzgwMw%3D%3D.3-ccb7-5&ccb=7-5&_nc_sid=58cdad&efg=eyJ2ZW5jb2RlX3RhZyI6InhwaWRzLjY0MHgxMTM2Lmhkci5DMyJ9&_nc_ohc=elwtI1iNivMQ7kNvwFFJTTn&_nc_oc=AdlouBveOQSWww4TccngOkQQvR-Z6IrhgyXnEOuJHiO8jRNXDlptooJVyM84U3xDU81SZYCZi5nmZAxjkHSGNU-Q&_nc_ad=z-m&_nc_cid=0&_nc_zt=23&se=-1&_nc_ht=instagram.fsdu8-2.fna&_nc_gid=dgSc8ZiPufOSsRkYD6qVNA&oh=00_AfshSqZ-OBqK_rL_hu9JLHKdlwX_X7-6IDQQarH1A2Ag1g&oe=6986E672
https://instagram.fsdu8-2.fna.fbcdn.net/v/t51.71878-15/616452860_1319674860188526_4976351901548747590_n.jpg?stp=c0.248.640.640a_dst-jpegr_e15_s480x480_tt6&_nc_cat=109&ig_cache_key=MzgwOTM5MjQ5NjkzODU2MzgwMw%3D%3D.3-ccb7-5&ccb=7-5&_nc_sid=58cdad&efg=eyJ2ZW5jb2RlX3RhZyI6InhwaWRzLjY0MHgxMTM2Lmhkci5DMyJ9&_nc_ohc=elwtI1iNivMQ7kNvwFFJTTn&_nc_oc=AdlouBveOQSWww4TccngOkQQvR-Z6IrhgyXnEOuJHiO8jRNXDlptooJVyM84U3xDU81SZYCZi5nmZAxjkHSGNU-Q&_nc_ad=z-m&_nc_cid=0&_nc_zt=23&se=-1&_nc_ht=instagram.fsdu8-2.fna&_nc_gid=dgSc8ZiPufOSsRkYD6qVNA&oh=00_AfupMEhB190-U2UQTI2MM2M9oUuHQXDeKuHJrK0gr-rM3w&oe=6986E672
https://instagram.fsdu8-2.fna.fbcdn.net/v/t51.71878-15/616452860_1319674860188526_4976351901548747590_n.jpg?stp=c0.248.640.640a_dst-jpegr_e15_s320x320_tt6&_nc_cat=109&ig_cache_key=MzgwOTM5MjQ5NjkzODU2MzgwMw%3D%3D.3-ccb7-5&ccb=7-5&_nc_sid=58cdad&efg=eyJ2ZW5jb2RlX3RhZyI6InhwaWRzLjY0MHgxMTM2Lmhkci5DMyJ9&_nc_ohc=elwtI1iNivMQ7kNvwFFJTTn&_nc_oc=AdlouBveOQSWww4TccngOkQQvR-Z6IrhgyXnEOuJHiO8jRNXDlptooJVyM84U3xDU81SZYCZi5nmZAxjkHSGNU-Q&_nc_ad=z-m&_nc_cid=0&_nc_zt=23&se=-1&_nc_ht=instagram.fsdu8-2.fna&_nc_gid=dgSc8ZiPufOSsRkYD6qVNA&oh=00_AfvozXfKA2d49wrXl8sMc9us5QtIxYdgGf4qnzlIy78sGA&oe=6986E672
https://instagram.fsdu8-2.fna.fbcdn.net/v/t51.71878-15/616452860_1319674860188526_4976351901548747590_n.jpg?stp=c0.248.640.640a_dst-jpegr_e15_s240x240_tt6&_nc_cat=109&ig_cache_key=MzgwOTM5MjQ5NjkzODU2MzgwMw%3D%3D.3-ccb7-5&ccb=7-5&_nc_sid=58cdad&efg=eyJ2ZW5jb2RlX3RhZyI6InhwaWRzLjY0MHgxMTM2Lmhkci5DMyJ9&_nc_ohc=elwtI1iNivMQ7kNvwFFJTTn&_nc_oc=AdlouBveOQSWww4TccngOkQQvR-Z6IrhgyXnEOuJHiO8jRNXDlptooJVyM84U3xDU81SZYCZi5nmZAxjkHSGNU-Q&_nc_ad=z-m&_nc_cid=0&_nc_zt=23&se=-1&_nc_ht=instagram.fsdu8-2.fna&_nc_gid=dgSc8ZiPufOSsRkYD6qVNA&oh=00_Afuriz5nQEui48nlLR8dkx1UPc5pLuMqXT6lGTNs6Lj_Kw&oe=6986E672
https://instagram.fsdu8-2.fna.fbcdn.net/v/t51.71878-15/616452860_1319674860188526_4976351901548747590_n.jpg?stp=c0.248.640.640a_dst-jpegr_e15_s150x150_tt6&_nc_cat=109&ig_cache_key=MzgwOTM5MjQ5NjkzODU2MzgwMw%3D%3D.3-ccb7-5&ccb=7-5&_nc_sid=58cdad&efg=eyJ2ZW5jb2RlX3RhZyI6InhwaWRzLjY0MHgxMTM2Lmhkci5DMyJ9&_nc_ohc=elwtI1iNivMQ7kNvwFFJTTn&_nc_oc=AdlouBveOQSWww4TccngOkQQvR-Z6IrhgyXnEOuJHiO8jRNXDlptooJVyM84U3xDU81SZYCZi5nmZAxjkHSGNU-Q&_nc_ad=z-m&_nc_cid=0&_nc_zt=23&se=-1&_nc_ht=instagram.fsdu8-2.fna&_nc_gid=dgSc8ZiPufOSsRkYD6qVNA&oh=00_AfutiSBc8xgVtSicRq20wQY1iQfuW1SppPr7Vqsv8wFjLA&oe=6986E672",NA,NO,YES,https://instagram.fsdu8-1.fna.fbcdn.net/o1/v/t2/f2/m86/AQPDoLGZq5KX4NFEo0bPZrmg0ielufFEzSReLtysKV2ebw9NSGEpzGbUC3EzcL6mvOXWar0MZJ2D3CiJr4DfPgdsNosA6DKRIbEzlbY.mp4?_nc_cat=106&_nc_oc=AdkmhUP-Wi22TKK6spUaK18sTe0MD7bMU8vFEt2kIA_FNnGYsijzKNZF3Poje9Ubce8ICVzUFGQosmSFZQYmFTEr&_nc_sid=5e9851&_nc_ht=instagram.fsdu8-1.fna.fbcdn.net&_nc_ohc=4KzPE54BUdcQ7kNvwE_ZO4X&efg=eyJ2ZW5jb2RlX3RhZyI6Inhwdl9wcm9ncmVzc2l2ZS5JTlNUQUdSQU0uQ0xJUFMuQzMuNzIwLmRhc2hfYmFzZWxpbmVfMV92MSIsInhwdl9hc3NldF9pZCI6MTQ2NjYzMDEzNDk3NzIyOCwiYXNzZXRfYWdlX2RheXMiOjIwLCJ2aV91c2VjYXNlX2lkIjoxMDA5OSwiZHVyYXRpb25fcyI6MjQ1LCJ1cmxnZW5fc291cmNlIjoid3d3In0%3D&ccb=17-1&_nc_gid=dgSc8ZiPufOSsRkYD6qVNA&_nc_zt=28&vs=5bc186fcf9b97be1&_nc_vs=HBksFQIYUmlnX3hwdl9yZWVsc19wZXJtYW5lbnRfc3JfcHJvZC81RjREQkFERDdGNENFMTlCMDVBMjBDRTU1MjhEOTU5Ml92aWRlb19kYXNoaW5pdC5tcDQVAALIARIAFQIYOnBhc3N0aHJvdWdoX2V2ZXJzdG9yZS9HTnYyckNSRXl1NUJiWDBHQUEzOGNORlFqQkVYYnN0VEFRQUYVAgLIARIAKAAYABsCiAd1c2Vfb2lsATEScHJvZ3Jlc3NpdmVfcmVjaXBlATEVAAAmmMuyg475mgUVAigCQzMsF0BuoQ5WBBiTGBJkYXNoX2Jhc2VsaW5lXzFfdjERAHX-B2XmnQEA&oh=00_AfsbRX_gfkb-ad9oOYwGCOPeVUKUwyrRUmRpHMrxmBfCUw&oe=6982C783,NA,3194347257,eliasmkjabbour,NA,Rio de Janeiro,NA,NA,-22.908,-43.1975,Autoridade,"Trata-se de um discurso orientado à explicação e interpretação de processos complexos, cujo objetivo é construir autoridade. É um exemplo direto de Competência.",53.8461538461538,46.1538461538462,9.82905982905983,10.2564102564103,7.26495726495727,16.2393162393162,8.97435897435897,12.8205128205128,3.84615384615385,30.7692307692308
postagem_17,3808340407394781184,DTZ8WxOiEid,"Mon, 12 Jan 2026 09:19:36 GMT",2026-01-12T03:00:00Z,1768209576,"Wagner Moura

Se a vida bastasse, pouco importaria viver em um país com toda uma realidade a ser transformada.

Se a vida bastasse. Se o Brasil bastasse em si mesmo, não seria tão imprescindível que pessoas como Wagner Moura não fosse brasileiro.

Viva o Brasil e em de seus melhores filhos. 

Viva Wagner Moura!",NA,9154,105,https://www.instagram.com/p/DTZ8WxOiEid/,https://instagram.fsdu8-2.fna.fbcdn.net/v/t51.82787-15/612763754_18437173846107258_2356065897042460826_n.jpg?stp=dst-jpg_e35_tt6&_nc_cat=109&ig_cache_key=MzgwODM0MDQwNzM5NDc4MTM0MQ%3D%3D.3-ccb7-5&ccb=7-5&_nc_sid=58cdad&efg=eyJ2ZW5jb2RlX3RhZyI6InhwaWRzLjExNzl4MTE3MS5zZHIuQzMifQ%3D%3D&_nc_ohc=o564nJrdKQIQ7kNvwGWETXm&_nc_oc=Adno-pOC5yC2kUKYv6yieZsFTSzgbO89ngxw_8tTHilnLYFFtXWsh_4xgON0BcYxm_bh5c3qLIFXDVqqO1uV05bx&_nc_ad=z-m&_nc_cid=0&_nc_zt=23&_nc_ht=instagram.fsdu8-2.fna&_nc_gid=dgSc8ZiPufOSsRkYD6qVNA&oh=00_AfvxpfJpLQBpFodtDDNRLbspHJ9eCsvNm64-okjv61-V6w&oe=6986F1FC,https://instagram.fsdu8-2.fna.fbcdn.net/v/t51.82787-15/612763754_18437173846107258_2356065897042460826_n.jpg?stp=dst-jpg_e35_tt6&_nc_cat=109&ig_cache_key=MzgwODM0MDQwNzM5NDc4MTM0MQ%3D%3D.3-ccb7-5&ccb=7-5&_nc_sid=58cdad&efg=eyJ2ZW5jb2RlX3RhZyI6InhwaWRzLjExNzl4MTE3MS5zZHIuQzMifQ%3D%3D&_nc_ohc=o564nJrdKQIQ7kNvwGWETXm&_nc_oc=Adno-pOC5yC2kUKYv6yieZsFTSzgbO89ngxw_8tTHilnLYFFtXWsh_4xgON0BcYxm_bh5c3qLIFXDVqqO1uV05bx&_nc_ad=z-m&_nc_cid=0&_nc_zt=23&_nc_ht=instagram.fsdu8-2.fna&_nc_gid=dgSc8ZiPufOSsRkYD6qVNA&oh=00_AfvxpfJpLQBpFodtDDNRLbspHJ9eCsvNm64-okjv61-V6w&oe=6986F1FC,"https://instagram.fsdu8-2.fna.fbcdn.net/v/t51.82787-15/612763754_18437173846107258_2356065897042460826_n.jpg?stp=dst-jpg_e35_tt6&_nc_cat=109&ig_cache_key=MzgwODM0MDQwNzM5NDc4MTM0MQ%3D%3D.3-ccb7-5&ccb=7-5&_nc_sid=58cdad&efg=eyJ2ZW5jb2RlX3RhZyI6InhwaWRzLjExNzl4MTE3MS5zZHIuQzMifQ%3D%3D&_nc_ohc=o564nJrdKQIQ7kNvwGWETXm&_nc_oc=Adno-pOC5yC2kUKYv6yieZsFTSzgbO89ngxw_8tTHilnLYFFtXWsh_4xgON0BcYxm_bh5c3qLIFXDVqqO1uV05bx&_nc_ad=z-m&_nc_cid=0&_nc_zt=23&_nc_ht=instagram.fsdu8-2.fna&_nc_gid=dgSc8ZiPufOSsRkYD6qVNA&oh=00_AfvxpfJpLQBpFodtDDNRLbspHJ9eCsvNm64-okjv61-V6w&oe=6986F1FC
https://instagram.fsdu8-2.fna.fbcdn.net/v/t51.82787-15/612763754_18437173846107258_2356065897042460826_n.jpg?stp=dst-jpg_e35_s720x720_tt6&_nc_cat=109&ig_cache_key=MzgwODM0MDQwNzM5NDc4MTM0MQ%3D%3D.3-ccb7-5&ccb=7-5&_nc_sid=58cdad&efg=eyJ2ZW5jb2RlX3RhZyI6InhwaWRzLjExNzl4MTE3MS5zZHIuQzMifQ%3D%3D&_nc_ohc=o564nJrdKQIQ7kNvwGWETXm&_nc_oc=Adno-pOC5yC2kUKYv6yieZsFTSzgbO89ngxw_8tTHilnLYFFtXWsh_4xgON0BcYxm_bh5c3qLIFXDVqqO1uV05bx&_nc_ad=z-m&_nc_cid=0&_nc_zt=23&_nc_ht=instagram.fsdu8-2.fna&_nc_gid=dgSc8ZiPufOSsRkYD6qVNA&oh=00_AfsLvQfjTLEml0AgK1t0cxSnwE6aL9GVXUgChpM3Zuf_Cg&oe=6986F1FC
https://instagram.fsdu8-2.fna.fbcdn.net/v/t51.82787-15/612763754_18437173846107258_2356065897042460826_n.jpg?stp=dst-jpg_e35_s640x640_sh0.08_tt6&_nc_cat=109&ig_cache_key=MzgwODM0MDQwNzM5NDc4MTM0MQ%3D%3D.3-ccb7-5&ccb=7-5&_nc_sid=58cdad&efg=eyJ2ZW5jb2RlX3RhZyI6InhwaWRzLjExNzl4MTE3MS5zZHIuQzMifQ%3D%3D&_nc_ohc=o564nJrdKQIQ7kNvwGWETXm&_nc_oc=Adno-pOC5yC2kUKYv6yieZsFTSzgbO89ngxw_8tTHilnLYFFtXWsh_4xgON0BcYxm_bh5c3qLIFXDVqqO1uV05bx&_nc_ad=z-m&_nc_cid=0&_nc_zt=23&_nc_ht=instagram.fsdu8-2.fna&_nc_gid=dgSc8ZiPufOSsRkYD6qVNA&oh=00_Afu7LxpFzkpbvB_ecSoOxAgqtTOpjrhoz4XVxVKZqKPnfw&oe=6986F1FC
https://instagram.fsdu8-2.fna.fbcdn.net/v/t51.82787-15/612763754_18437173846107258_2356065897042460826_n.jpg?stp=dst-jpg_e35_s480x480_tt6&_nc_cat=109&ig_cache_key=MzgwODM0MDQwNzM5NDc4MTM0MQ%3D%3D.3-ccb7-5&ccb=7-5&_nc_sid=58cdad&efg=eyJ2ZW5jb2RlX3RhZyI6InhwaWRzLjExNzl4MTE3MS5zZHIuQzMifQ%3D%3D&_nc_ohc=o564nJrdKQIQ7kNvwGWETXm&_nc_oc=Adno-pOC5yC2kUKYv6yieZsFTSzgbO89ngxw_8tTHilnLYFFtXWsh_4xgON0BcYxm_bh5c3qLIFXDVqqO1uV05bx&_nc_ad=z-m&_nc_cid=0&_nc_zt=23&_nc_ht=instagram.fsdu8-2.fna&_nc_gid=dgSc8ZiPufOSsRkYD6qVNA&oh=00_Afvkomj2DgNR6UT2YnExFDPKCvTEfHfJzuaXnAp6JiTJ1A&oe=6986F1FC
https://instagram.fsdu8-2.fna.fbcdn.net/v/t51.82787-15/612763754_18437173846107258_2356065897042460826_n.jpg?stp=dst-jpg_e35_s320x320_tt6&_nc_cat=109&ig_cache_key=MzgwODM0MDQwNzM5NDc4MTM0MQ%3D%3D.3-ccb7-5&ccb=7-5&_nc_sid=58cdad&efg=eyJ2ZW5jb2RlX3RhZyI6InhwaWRzLjExNzl4MTE3MS5zZHIuQzMifQ%3D%3D&_nc_ohc=o564nJrdKQIQ7kNvwGWETXm&_nc_oc=Adno-pOC5yC2kUKYv6yieZsFTSzgbO89ngxw_8tTHilnLYFFtXWsh_4xgON0BcYxm_bh5c3qLIFXDVqqO1uV05bx&_nc_ad=z-m&_nc_cid=0&_nc_zt=23&_nc_ht=instagram.fsdu8-2.fna&_nc_gid=dgSc8ZiPufOSsRkYD6qVNA&oh=00_Aft2dvN0R5qADjygBMQEsUdS7L5jQOcQubG85HHMD85_2w&oe=6986F1FC
https://instagram.fsdu8-2.fna.fbcdn.net/v/t51.82787-15/612763754_18437173846107258_2356065897042460826_n.jpg?stp=dst-jpg_e35_s240x240_tt6&_nc_cat=109&ig_cache_key=MzgwODM0MDQwNzM5NDc4MTM0MQ%3D%3D.3-ccb7-5&ccb=7-5&_nc_sid=58cdad&efg=eyJ2ZW5jb2RlX3RhZyI6InhwaWRzLjExNzl4MTE3MS5zZHIuQzMifQ%3D%3D&_nc_ohc=o564nJrdKQIQ7kNvwGWETXm&_nc_oc=Adno-pOC5yC2kUKYv6yieZsFTSzgbO89ngxw_8tTHilnLYFFtXWsh_4xgON0BcYxm_bh5c3qLIFXDVqqO1uV05bx&_nc_ad=z-m&_nc_cid=0&_nc_zt=23&_nc_ht=instagram.fsdu8-2.fna&_nc_gid=dgSc8ZiPufOSsRkYD6qVNA&oh=00_AfuhLef32fw6IaH7xoPY4g2YF_VaS_BtOTkEtiBhy6a9Og&oe=6986F1FC
https://instagram.fsdu8-2.fna.fbcdn.net/v/t51.82787-15/612763754_18437173846107258_2356065897042460826_n.jpg?stp=c4.0.1171.1171a_dst-jpg_e35_s1080x1080_tt6&_nc_cat=109&ig_cache_key=MzgwODM0MDQwNzM5NDc4MTM0MQ%3D%3D.3-ccb7-5&ccb=7-5&_nc_sid=58cdad&efg=eyJ2ZW5jb2RlX3RhZyI6InhwaWRzLjExNzl4MTE3MS5zZHIuQzMifQ%3D%3D&_nc_ohc=o564nJrdKQIQ7kNvwGWETXm&_nc_oc=Adno-pOC5yC2kUKYv6yieZsFTSzgbO89ngxw_8tTHilnLYFFtXWsh_4xgON0BcYxm_bh5c3qLIFXDVqqO1uV05bx&_nc_ad=z-m&_nc_cid=0&_nc_zt=23&_nc_ht=instagram.fsdu8-2.fna&_nc_gid=dgSc8ZiPufOSsRkYD6qVNA&oh=00_AfsaMRa6gwWrTg3jrnJtiWEjbzZfQmEycR0chmceFT716Q&oe=6986F1FC
https://instagram.fsdu8-2.fna.fbcdn.net/v/t51.82787-15/612763754_18437173846107258_2356065897042460826_n.jpg?stp=c4.0.1171.1171a_dst-jpg_e35_s750x750_sh0.08_tt6&_nc_cat=109&ig_cache_key=MzgwODM0MDQwNzM5NDc4MTM0MQ%3D%3D.3-ccb7-5&ccb=7-5&_nc_sid=58cdad&efg=eyJ2ZW5jb2RlX3RhZyI6InhwaWRzLjExNzl4MTE3MS5zZHIuQzMifQ%3D%3D&_nc_ohc=o564nJrdKQIQ7kNvwGWETXm&_nc_oc=Adno-pOC5yC2kUKYv6yieZsFTSzgbO89ngxw_8tTHilnLYFFtXWsh_4xgON0BcYxm_bh5c3qLIFXDVqqO1uV05bx&_nc_ad=z-m&_nc_cid=0&_nc_zt=23&_nc_ht=instagram.fsdu8-2.fna&_nc_gid=dgSc8ZiPufOSsRkYD6qVNA&oh=00_Afvv-kyt4p2uwJ2SekpWx-oilA6KKDx6qzhOTMtk1hLcMg&oe=6986F1FC
https://instagram.fsdu8-2.fna.fbcdn.net/v/t51.82787-15/612763754_18437173846107258_2356065897042460826_n.jpg?stp=c4.0.1171.1171a_dst-jpg_e35_s640x640_sh0.08_tt6&_nc_cat=109&ig_cache_key=MzgwODM0MDQwNzM5NDc4MTM0MQ%3D%3D.3-ccb7-5&ccb=7-5&_nc_sid=58cdad&efg=eyJ2ZW5jb2RlX3RhZyI6InhwaWRzLjExNzl4MTE3MS5zZHIuQzMifQ%3D%3D&_nc_ohc=o564nJrdKQIQ7kNvwGWETXm&_nc_oc=Adno-pOC5yC2kUKYv6yieZsFTSzgbO89ngxw_8tTHilnLYFFtXWsh_4xgON0BcYxm_bh5c3qLIFXDVqqO1uV05bx&_nc_ad=z-m&_nc_cid=0&_nc_zt=23&_nc_ht=instagram.fsdu8-2.fna&_nc_gid=dgSc8ZiPufOSsRkYD6qVNA&oh=00_Afvm09fOORrHcEZPxh1cpE7WDTeY3pG6KphX6CW9XtYSWQ&oe=6986F1FC
https://instagram.fsdu8-2.fna.fbcdn.net/v/t51.82787-15/612763754_18437173846107258_2356065897042460826_n.jpg?stp=c4.0.1171.1171a_dst-jpg_e35_s480x480_tt6&_nc_cat=109&ig_cache_key=MzgwODM0MDQwNzM5NDc4MTM0MQ%3D%3D.3-ccb7-5&ccb=7-5&_nc_sid=58cdad&efg=eyJ2ZW5jb2RlX3RhZyI6InhwaWRzLjExNzl4MTE3MS5zZHIuQzMifQ%3D%3D&_nc_ohc=o564nJrdKQIQ7kNvwGWETXm&_nc_oc=Adno-pOC5yC2kUKYv6yieZsFTSzgbO89ngxw_8tTHilnLYFFtXWsh_4xgON0BcYxm_bh5c3qLIFXDVqqO1uV05bx&_nc_ad=z-m&_nc_cid=0&_nc_zt=23&_nc_ht=instagram.fsdu8-2.fna&_nc_gid=dgSc8ZiPufOSsRkYD6qVNA&oh=00_Afsq4fBsfUIPPzemwvrjags_WNprlPe8sdPY7qWsC6avhA&oe=6986F1FC
https://instagram.fsdu8-2.fna.fbcdn.net/v/t51.82787-15/612763754_18437173846107258_2356065897042460826_n.jpg?stp=c4.0.1171.1171a_dst-jpg_e35_s320x320_tt6&_nc_cat=109&ig_cache_key=MzgwODM0MDQwNzM5NDc4MTM0MQ%3D%3D.3-ccb7-5&ccb=7-5&_nc_sid=58cdad&efg=eyJ2ZW5jb2RlX3RhZyI6InhwaWRzLjExNzl4MTE3MS5zZHIuQzMifQ%3D%3D&_nc_ohc=o564nJrdKQIQ7kNvwGWETXm&_nc_oc=Adno-pOC5yC2kUKYv6yieZsFTSzgbO89ngxw_8tTHilnLYFFtXWsh_4xgON0BcYxm_bh5c3qLIFXDVqqO1uV05bx&_nc_ad=z-m&_nc_cid=0&_nc_zt=23&_nc_ht=instagram.fsdu8-2.fna&_nc_gid=dgSc8ZiPufOSsRkYD6qVNA&oh=00_Afv3q5lGZsWYwhvb2QrNnvQixmlc-F9gjQD-ZDBtbHs6lQ&oe=6986F1FC
https://instagram.fsdu8-2.fna.fbcdn.net/v/t51.82787-15/612763754_18437173846107258_2356065897042460826_n.jpg?stp=c4.0.1171.1171a_dst-jpg_e35_s240x240_tt6&_nc_cat=109&ig_cache_key=MzgwODM0MDQwNzM5NDc4MTM0MQ%3D%3D.3-ccb7-5&ccb=7-5&_nc_sid=58cdad&efg=eyJ2ZW5jb2RlX3RhZyI6InhwaWRzLjExNzl4MTE3MS5zZHIuQzMifQ%3D%3D&_nc_ohc=o564nJrdKQIQ7kNvwGWETXm&_nc_oc=Adno-pOC5yC2kUKYv6yieZsFTSzgbO89ngxw_8tTHilnLYFFtXWsh_4xgON0BcYxm_bh5c3qLIFXDVqqO1uV05bx&_nc_ad=z-m&_nc_cid=0&_nc_zt=23&_nc_ht=instagram.fsdu8-2.fna&_nc_gid=dgSc8ZiPufOSsRkYD6qVNA&oh=00_AfuR_ZqdbCaC234HYlLvdO9E4XqugwU-akv3qhEzJb0Uag&oe=6986F1FC
https://instagram.fsdu8-2.fna.fbcdn.net/v/t51.82787-15/612763754_18437173846107258_2356065897042460826_n.jpg?stp=c4.0.1171.1171a_dst-jpg_e35_s150x150_tt6&_nc_cat=109&ig_cache_key=MzgwODM0MDQwNzM5NDc4MTM0MQ%3D%3D.3-ccb7-5&ccb=7-5&_nc_sid=58cdad&efg=eyJ2ZW5jb2RlX3RhZyI6InhwaWRzLjExNzl4MTE3MS5zZHIuQzMifQ%3D%3D&_nc_ohc=o564nJrdKQIQ7kNvwGWETXm&_nc_oc=Adno-pOC5yC2kUKYv6yieZsFTSzgbO89ngxw_8tTHilnLYFFtXWsh_4xgON0BcYxm_bh5c3qLIFXDVqqO1uV05bx&_nc_ad=z-m&_nc_cid=0&_nc_zt=23&_nc_ht=instagram.fsdu8-2.fna&_nc_gid=dgSc8ZiPufOSsRkYD6qVNA&oh=00_AfvkjzQ2m-CzD-3-n326QKj2EMn7Df_to5-_IrkGJ00dAA&oe=6986F1FC",NA,NO,NO,NA,NA,3194347257,eliasmkjabbour,NA,NA,NA,NA,NA,NA,Autenticidade,"É um discurso que busca reforçar valores, identidade nacional e admiração por figuras simbólicas. Predomina a Autenticidade, com um toque de Humanização e nenhuma centralidade na Competência.",58.3941605839416,41.6058394160584,14.5985401459854,11.6788321167883,5.83941605839416,10.9489051094891,14.5985401459854,10.2189781021898,5.10948905109489,27.007299270073
postagem_16,3807836700307676672,DTYJ03ciN6Y,"Sun, 11 Jan 2026 16:38:49 GMT",2026-01-11T03:00:00Z,1768149529,"A maratona que virá

De férias, preparando o corpo e a mente para o ano mais decisivo de minha vida. Me eleger deputado federal nas próximas eleições demandará muito fôlego e energia.

Vai demandar o apoio de cada um de vocês a quem peço tanto por aqui quanto em mensagens privadas.

Com vocês, tudo será mais fácil!

Forte abraço e um beijo no coração de vocês!",NA,4307,87,https://www.instagram.com/p/DTYJ03ciN6Y/,https://instagram.fsdu8-1.fna.fbcdn.net/v/t51.82787-15/614555604_18437095822107258_5658653376992892616_n.jpg?stp=dst-jpg_e15_tt6&_nc_cat=102&ig_cache_key=MzgwNzgzNDQwNTU3ODc5NDkwMg%3D%3D.3-ccb7-5&ccb=7-5&_nc_sid=58cdad&efg=eyJ2ZW5jb2RlX3RhZyI6InhwaWRzLjcyMHg5NjAuc2RyLkMzIn0%3D&_nc_ohc=l7QzejydedAQ7kNvwHux7jO&_nc_oc=AdldTWM1g31UxsiBBq0rzo7t4jJ1lHSuBR2HrjzAXDpe-53xHlxKzrNvNQIRZJ_2RGEHKZ-D7qalT0y3gvP2eu2F&_nc_ad=z-m&_nc_cid=0&_nc_zt=23&_nc_ht=instagram.fsdu8-1.fna&_nc_gid=dgSc8ZiPufOSsRkYD6qVNA&oh=00_AfusszT6lAJebYzOJ_6rMsgCNPH8W2sM21SsD_d5KunWhw&oe=6986EBB8,https://instagram.fsdu8-1.fna.fbcdn.net/v/t51.82787-15/614555604_18437095822107258_5658653376992892616_n.jpg?stp=dst-jpg_e15_tt6&_nc_cat=102&ig_cache_key=MzgwNzgzNDQwNTU3ODc5NDkwMg%3D%3D.3-ccb7-5&ccb=7-5&_nc_sid=58cdad&efg=eyJ2ZW5jb2RlX3RhZyI6InhwaWRzLjcyMHg5NjAuc2RyLkMzIn0%3D&_nc_ohc=l7QzejydedAQ7kNvwHux7jO&_nc_oc=AdldTWM1g31UxsiBBq0rzo7t4jJ1lHSuBR2HrjzAXDpe-53xHlxKzrNvNQIRZJ_2RGEHKZ-D7qalT0y3gvP2eu2F&_nc_ad=z-m&_nc_cid=0&_nc_zt=23&_nc_ht=instagram.fsdu8-1.fna&_nc_gid=dgSc8ZiPufOSsRkYD6qVNA&oh=00_AfusszT6lAJebYzOJ_6rMsgCNPH8W2sM21SsD_d5KunWhw&oe=6986EBB8,"https://instagram.fsdu8-1.fna.fbcdn.net/v/t51.82787-15/614555604_18437095822107258_5658653376992892616_n.jpg?stp=dst-jpg_e15_tt6&_nc_cat=102&ig_cache_key=MzgwNzgzNDQwNTU3ODc5NDkwMg%3D%3D.3-ccb7-5&ccb=7-5&_nc_sid=58cdad&efg=eyJ2ZW5jb2RlX3RhZyI6InhwaWRzLjcyMHg5NjAuc2RyLkMzIn0%3D&_nc_ohc=l7QzejydedAQ7kNvwHux7jO&_nc_oc=AdldTWM1g31UxsiBBq0rzo7t4jJ1lHSuBR2HrjzAXDpe-53xHlxKzrNvNQIRZJ_2RGEHKZ-D7qalT0y3gvP2eu2F&_nc_ad=z-m&_nc_cid=0&_nc_zt=23&_nc_ht=instagram.fsdu8-1.fna&_nc_gid=dgSc8ZiPufOSsRkYD6qVNA&oh=00_AfusszT6lAJebYzOJ_6rMsgCNPH8W2sM21SsD_d5KunWhw&oe=6986EBB8
https://instagram.fsdu8-2.fna.fbcdn.net/v/t51.82787-15/612995453_18437095678107258_9031695072218932401_n.jpg?stp=dst-jpg_e35_tt6&_nc_cat=109&ig_cache_key=MzgwNzgzNjY4NDQ2MTU4ODM1Nw%3D%3D.3-ccb7-5&ccb=7-5&_nc_sid=58cdad&efg=eyJ2ZW5jb2RlX3RhZyI6InhwaWRzLjExNzl4MTU3MC5zZHIuQzMifQ%3D%3D&_nc_ohc=PsHtGfRRgxoQ7kNvwGY5fmp&_nc_oc=AdlFUDLhtcJnfUpAbRFsQU0R8S2-VgJjwnprSGb9hI1-FW2LQVzEYMEPcTpeOLuisTPto1O3jGLbgmbpWnYTHRUn&_nc_ad=z-m&_nc_cid=0&_nc_zt=23&_nc_ht=instagram.fsdu8-2.fna&_nc_gid=dgSc8ZiPufOSsRkYD6qVNA&oh=00_AfufyssSGg94sRzyGmQuVFVEOPW6uSzka5R7JEuPXbM8QA&oe=6986D87C","https://instagram.fsdu8-1.fna.fbcdn.net/v/t51.82787-15/614555604_18437095822107258_5658653376992892616_n.jpg?stp=dst-jpg_e15_tt6&_nc_cat=102&ig_cache_key=MzgwNzgzNDQwNTU3ODc5NDkwMg%3D%3D.3-ccb7-5&ccb=7-5&_nc_sid=58cdad&efg=eyJ2ZW5jb2RlX3RhZyI6InhwaWRzLjcyMHg5NjAuc2RyLkMzIn0%3D&_nc_ohc=l7QzejydedAQ7kNvwHux7jO&_nc_oc=AdldTWM1g31UxsiBBq0rzo7t4jJ1lHSuBR2HrjzAXDpe-53xHlxKzrNvNQIRZJ_2RGEHKZ-D7qalT0y3gvP2eu2F&_nc_ad=z-m&_nc_cid=0&_nc_zt=23&_nc_ht=instagram.fsdu8-1.fna&_nc_gid=dgSc8ZiPufOSsRkYD6qVNA&oh=00_AfusszT6lAJebYzOJ_6rMsgCNPH8W2sM21SsD_d5KunWhw&oe=6986EBB8
https://instagram.fsdu8-2.fna.fbcdn.net/v/t51.82787-15/612995453_18437095678107258_9031695072218932401_n.jpg?stp=dst-jpg_e35_tt6&_nc_cat=109&ig_cache_key=MzgwNzgzNjY4NDQ2MTU4ODM1Nw%3D%3D.3-ccb7-5&ccb=7-5&_nc_sid=58cdad&efg=eyJ2ZW5jb2RlX3RhZyI6InhwaWRzLjExNzl4MTU3MC5zZHIuQzMifQ%3D%3D&_nc_ohc=PsHtGfRRgxoQ7kNvwGY5fmp&_nc_oc=AdlFUDLhtcJnfUpAbRFsQU0R8S2-VgJjwnprSGb9hI1-FW2LQVzEYMEPcTpeOLuisTPto1O3jGLbgmbpWnYTHRUn&_nc_ad=z-m&_nc_cid=0&_nc_zt=23&_nc_ht=instagram.fsdu8-2.fna&_nc_gid=dgSc8ZiPufOSsRkYD6qVNA&oh=00_AfufyssSGg94sRzyGmQuVFVEOPW6uSzka5R7JEuPXbM8QA&oe=6986D87C",YES,NO,NA,NA,3194347257,eliasmkjabbour,NA,Edimburgo,NA,NA,55.9546,-3.2087,Humanização,"É um discurso típico de aproximação afetiva e construção de empatia, que busca transformar o candidato em alguém próximo, acessível e humano. Predomina a Humanização, com reforço de Autenticidade emocional, e baixa ênfase em Competência.",75,25,9.61538461538462,13.4615384615385,0.961538461538462,7.69230769230769,16.3461538461539,6.73076923076923,9.61538461538462,35.5769230769231
postagem_15,3806898570985901056,DTU0hSbjova,"Sat, 10 Jan 2026 09:37:07 GMT",2026-01-10T03:00:00Z,1768037827,Minha participação no @canaluol em que falei para a fantástica @danielalimajornalista sobre a situação na Venezuela e o futuro da presidente Delcy Rodriguez.,NA,2164,43,https://www.instagram.com/p/DTU0hSbjova/,https://instagram.fsdu8-2.fna.fbcdn.net/v/t51.71878-15/612686996_1407550457705627_5172203966242014957_n.jpg?stp=dst-jpg_e15_tt6&_nc_cat=108&ig_cache_key=MzgwNjg5ODU3MDk4NTkwMTAxOA%3D%3D.3-ccb7-5&ccb=7-5&_nc_sid=58cdad&efg=eyJ2ZW5jb2RlX3RhZyI6InhwaWRzLjY0MHgxMTM2LnNkci5DMyJ9&_nc_ohc=aTX88WgSamwQ7kNvwHnQd5R&_nc_oc=Adm2dsQrxVrdhlQ0vmBs1PvE2IHlLWtwIEah_Qdi85AkWosWYEzPAabJCqQVb8UNXNhflkDo2zwHicOg_pQfAXW6&_nc_ad=z-m&_nc_cid=0&_nc_zt=23&_nc_ht=instagram.fsdu8-2.fna&_nc_gid=dgSc8ZiPufOSsRkYD6qVNA&oh=00_AfswyZwSbiXqwUUpfKI6LqucXF7O0SEj5yL3X5gpJjht1Q&oe=6986CC8B,https://instagram.fsdu8-2.fna.fbcdn.net/v/t51.71878-15/612686996_1407550457705627_5172203966242014957_n.jpg?stp=dst-jpg_e15_tt6&_nc_cat=108&ig_cache_key=MzgwNjg5ODU3MDk4NTkwMTAxOA%3D%3D.3-ccb7-5&ccb=7-5&_nc_sid=58cdad&efg=eyJ2ZW5jb2RlX3RhZyI6InhwaWRzLjY0MHgxMTM2LnNkci5DMyJ9&_nc_ohc=aTX88WgSamwQ7kNvwHnQd5R&_nc_oc=Adm2dsQrxVrdhlQ0vmBs1PvE2IHlLWtwIEah_Qdi85AkWosWYEzPAabJCqQVb8UNXNhflkDo2zwHicOg_pQfAXW6&_nc_ad=z-m&_nc_cid=0&_nc_zt=23&_nc_ht=instagram.fsdu8-2.fna&_nc_gid=dgSc8ZiPufOSsRkYD6qVNA&oh=00_AfswyZwSbiXqwUUpfKI6LqucXF7O0SEj5yL3X5gpJjht1Q&oe=6986CC8B,"https://instagram.fsdu8-2.fna.fbcdn.net/v/t51.71878-15/612686996_1407550457705627_5172203966242014957_n.jpg?stp=dst-jpg_e15_tt6&_nc_cat=108&ig_cache_key=MzgwNjg5ODU3MDk4NTkwMTAxOA%3D%3D.3-ccb7-5&ccb=7-5&_nc_sid=58cdad&efg=eyJ2ZW5jb2RlX3RhZyI6InhwaWRzLjY0MHgxMTM2LnNkci5DMyJ9&_nc_ohc=aTX88WgSamwQ7kNvwHnQd5R&_nc_oc=Adm2dsQrxVrdhlQ0vmBs1PvE2IHlLWtwIEah_Qdi85AkWosWYEzPAabJCqQVb8UNXNhflkDo2zwHicOg_pQfAXW6&_nc_ad=z-m&_nc_cid=0&_nc_zt=23&_nc_ht=instagram.fsdu8-2.fna&_nc_gid=dgSc8ZiPufOSsRkYD6qVNA&oh=00_AfswyZwSbiXqwUUpfKI6LqucXF7O0SEj5yL3X5gpJjht1Q&oe=6986CC8B
https://instagram.fsdu8-2.fna.fbcdn.net/v/t51.71878-15/612686996_1407550457705627_5172203966242014957_n.jpg?stp=dst-jpg_e15_p480x480_tt6&_nc_cat=108&ig_cache_key=MzgwNjg5ODU3MDk4NTkwMTAxOA%3D%3D.3-ccb7-5&ccb=7-5&_nc_sid=58cdad&efg=eyJ2ZW5jb2RlX3RhZyI6InhwaWRzLjY0MHgxMTM2LnNkci5DMyJ9&_nc_ohc=aTX88WgSamwQ7kNvwHnQd5R&_nc_oc=Adm2dsQrxVrdhlQ0vmBs1PvE2IHlLWtwIEah_Qdi85AkWosWYEzPAabJCqQVb8UNXNhflkDo2zwHicOg_pQfAXW6&_nc_ad=z-m&_nc_cid=0&_nc_zt=23&_nc_ht=instagram.fsdu8-2.fna&_nc_gid=dgSc8ZiPufOSsRkYD6qVNA&oh=00_AfvCl106GXzOBKYqQvT2eFbkYVJcFZ-raGLvGX4FOT9lAA&oe=6986CC8B
https://instagram.fsdu8-2.fna.fbcdn.net/v/t51.71878-15/612686996_1407550457705627_5172203966242014957_n.jpg?stp=dst-jpg_e15_p320x320_tt6&_nc_cat=108&ig_cache_key=MzgwNjg5ODU3MDk4NTkwMTAxOA%3D%3D.3-ccb7-5&ccb=7-5&_nc_sid=58cdad&efg=eyJ2ZW5jb2RlX3RhZyI6InhwaWRzLjY0MHgxMTM2LnNkci5DMyJ9&_nc_ohc=aTX88WgSamwQ7kNvwHnQd5R&_nc_oc=Adm2dsQrxVrdhlQ0vmBs1PvE2IHlLWtwIEah_Qdi85AkWosWYEzPAabJCqQVb8UNXNhflkDo2zwHicOg_pQfAXW6&_nc_ad=z-m&_nc_cid=0&_nc_zt=23&_nc_ht=instagram.fsdu8-2.fna&_nc_gid=dgSc8ZiPufOSsRkYD6qVNA&oh=00_Aftm0dkRJ8WV28Myf_gsaG1dOOUXztq19zeyUvMUGndNDQ&oe=6986CC8B
https://instagram.fsdu8-2.fna.fbcdn.net/v/t51.71878-15/612686996_1407550457705627_5172203966242014957_n.jpg?stp=dst-jpg_e15_p240x240_tt6&_nc_cat=108&ig_cache_key=MzgwNjg5ODU3MDk4NTkwMTAxOA%3D%3D.3-ccb7-5&ccb=7-5&_nc_sid=58cdad&efg=eyJ2ZW5jb2RlX3RhZyI6InhwaWRzLjY0MHgxMTM2LnNkci5DMyJ9&_nc_ohc=aTX88WgSamwQ7kNvwHnQd5R&_nc_oc=Adm2dsQrxVrdhlQ0vmBs1PvE2IHlLWtwIEah_Qdi85AkWosWYEzPAabJCqQVb8UNXNhflkDo2zwHicOg_pQfAXW6&_nc_ad=z-m&_nc_cid=0&_nc_zt=23&_nc_ht=instagram.fsdu8-2.fna&_nc_gid=dgSc8ZiPufOSsRkYD6qVNA&oh=00_AfuGlvBbETY1ytNvojU_vW8ZS1C0KtaYtf-dWHurWmEpQA&oe=6986CC8B
https://instagram.fsdu8-2.fna.fbcdn.net/v/t51.71878-15/612686996_1407550457705627_5172203966242014957_n.jpg?stp=c0.248.640.640a_dst-jpg_e15_s640x639_tt6&_nc_cat=108&ig_cache_key=MzgwNjg5ODU3MDk4NTkwMTAxOA%3D%3D.3-ccb7-5&ccb=7-5&_nc_sid=58cdad&efg=eyJ2ZW5jb2RlX3RhZyI6InhwaWRzLjY0MHgxMTM2LnNkci5DMyJ9&_nc_ohc=aTX88WgSamwQ7kNvwHnQd5R&_nc_oc=Adm2dsQrxVrdhlQ0vmBs1PvE2IHlLWtwIEah_Qdi85AkWosWYEzPAabJCqQVb8UNXNhflkDo2zwHicOg_pQfAXW6&_nc_ad=z-m&_nc_cid=0&_nc_zt=23&_nc_ht=instagram.fsdu8-2.fna&_nc_gid=dgSc8ZiPufOSsRkYD6qVNA&oh=00_AfscT7dGF_grN9p5kzs3mL1riPVmzPSqiC0IeDIEqaS48Q&oe=6986CC8B
https://instagram.fsdu8-2.fna.fbcdn.net/v/t51.71878-15/612686996_1407550457705627_5172203966242014957_n.jpg?stp=c0.248.640.640a_dst-jpg_e15_s640x639_tt6&_nc_cat=108&ig_cache_key=MzgwNjg5ODU3MDk4NTkwMTAxOA%3D%3D.3-ccb7-5&ccb=7-5&_nc_sid=58cdad&efg=eyJ2ZW5jb2RlX3RhZyI6InhwaWRzLjY0MHgxMTM2LnNkci5DMyJ9&_nc_ohc=aTX88WgSamwQ7kNvwHnQd5R&_nc_oc=Adm2dsQrxVrdhlQ0vmBs1PvE2IHlLWtwIEah_Qdi85AkWosWYEzPAabJCqQVb8UNXNhflkDo2zwHicOg_pQfAXW6&_nc_ad=z-m&_nc_cid=0&_nc_zt=23&_nc_ht=instagram.fsdu8-2.fna&_nc_gid=dgSc8ZiPufOSsRkYD6qVNA&oh=00_AfscT7dGF_grN9p5kzs3mL1riPVmzPSqiC0IeDIEqaS48Q&oe=6986CC8B
https://instagram.fsdu8-2.fna.fbcdn.net/v/t51.71878-15/612686996_1407550457705627_5172203966242014957_n.jpg?stp=c0.248.640.640a_dst-jpg_e15_s640x639_tt6&_nc_cat=108&ig_cache_key=MzgwNjg5ODU3MDk4NTkwMTAxOA%3D%3D.3-ccb7-5&ccb=7-5&_nc_sid=58cdad&efg=eyJ2ZW5jb2RlX3RhZyI6InhwaWRzLjY0MHgxMTM2LnNkci5DMyJ9&_nc_ohc=aTX88WgSamwQ7kNvwHnQd5R&_nc_oc=Adm2dsQrxVrdhlQ0vmBs1PvE2IHlLWtwIEah_Qdi85AkWosWYEzPAabJCqQVb8UNXNhflkDo2zwHicOg_pQfAXW6&_nc_ad=z-m&_nc_cid=0&_nc_zt=23&_nc_ht=instagram.fsdu8-2.fna&_nc_gid=dgSc8ZiPufOSsRkYD6qVNA&oh=00_AfscT7dGF_grN9p5kzs3mL1riPVmzPSqiC0IeDIEqaS48Q&oe=6986CC8B
https://instagram.fsdu8-2.fna.fbcdn.net/v/t51.71878-15/612686996_1407550457705627_5172203966242014957_n.jpg?stp=c0.248.640.640a_dst-jpg_e15_s480x480_tt6&_nc_cat=108&ig_cache_key=MzgwNjg5ODU3MDk4NTkwMTAxOA%3D%3D.3-ccb7-5&ccb=7-5&_nc_sid=58cdad&efg=eyJ2ZW5jb2RlX3RhZyI6InhwaWRzLjY0MHgxMTM2LnNkci5DMyJ9&_nc_ohc=aTX88WgSamwQ7kNvwHnQd5R&_nc_oc=Adm2dsQrxVrdhlQ0vmBs1PvE2IHlLWtwIEah_Qdi85AkWosWYEzPAabJCqQVb8UNXNhflkDo2zwHicOg_pQfAXW6&_nc_ad=z-m&_nc_cid=0&_nc_zt=23&_nc_ht=instagram.fsdu8-2.fna&_nc_gid=dgSc8ZiPufOSsRkYD6qVNA&oh=00_AfuBJBJFHke5dslnAcU4HIFC_NADDt1NZL5TzRNr1QfQqQ&oe=6986CC8B
https://instagram.fsdu8-2.fna.fbcdn.net/v/t51.71878-15/612686996_1407550457705627_5172203966242014957_n.jpg?stp=c0.248.640.640a_dst-jpg_e15_s320x320_tt6&_nc_cat=108&ig_cache_key=MzgwNjg5ODU3MDk4NTkwMTAxOA%3D%3D.3-ccb7-5&ccb=7-5&_nc_sid=58cdad&efg=eyJ2ZW5jb2RlX3RhZyI6InhwaWRzLjY0MHgxMTM2LnNkci5DMyJ9&_nc_ohc=aTX88WgSamwQ7kNvwHnQd5R&_nc_oc=Adm2dsQrxVrdhlQ0vmBs1PvE2IHlLWtwIEah_Qdi85AkWosWYEzPAabJCqQVb8UNXNhflkDo2zwHicOg_pQfAXW6&_nc_ad=z-m&_nc_cid=0&_nc_zt=23&_nc_ht=instagram.fsdu8-2.fna&_nc_gid=dgSc8ZiPufOSsRkYD6qVNA&oh=00_AfsMWMFiEw8sXawOtSo8SI8fxqD4Tu-kaGVVRmhF9icaWQ&oe=6986CC8B
https://instagram.fsdu8-2.fna.fbcdn.net/v/t51.71878-15/612686996_1407550457705627_5172203966242014957_n.jpg?stp=c0.248.640.640a_dst-jpg_e15_s240x240_tt6&_nc_cat=108&ig_cache_key=MzgwNjg5ODU3MDk4NTkwMTAxOA%3D%3D.3-ccb7-5&ccb=7-5&_nc_sid=58cdad&efg=eyJ2ZW5jb2RlX3RhZyI6InhwaWRzLjY0MHgxMTM2LnNkci5DMyJ9&_nc_ohc=aTX88WgSamwQ7kNvwHnQd5R&_nc_oc=Adm2dsQrxVrdhlQ0vmBs1PvE2IHlLWtwIEah_Qdi85AkWosWYEzPAabJCqQVb8UNXNhflkDo2zwHicOg_pQfAXW6&_nc_ad=z-m&_nc_cid=0&_nc_zt=23&_nc_ht=instagram.fsdu8-2.fna&_nc_gid=dgSc8ZiPufOSsRkYD6qVNA&oh=00_AfvpqAKO_fdIQTS3I73nYGPlpIW6vtnNJ-t7r4cXJd8HFA&oe=6986CC8B
https://instagram.fsdu8-2.fna.fbcdn.net/v/t51.71878-15/612686996_1407550457705627_5172203966242014957_n.jpg?stp=c0.248.640.640a_dst-jpg_e15_s150x150_tt6&_nc_cat=108&ig_cache_key=MzgwNjg5ODU3MDk4NTkwMTAxOA%3D%3D.3-ccb7-5&ccb=7-5&_nc_sid=58cdad&efg=eyJ2ZW5jb2RlX3RhZyI6InhwaWRzLjY0MHgxMTM2LnNkci5DMyJ9&_nc_ohc=aTX88WgSamwQ7kNvwHnQd5R&_nc_oc=Adm2dsQrxVrdhlQ0vmBs1PvE2IHlLWtwIEah_Qdi85AkWosWYEzPAabJCqQVb8UNXNhflkDo2zwHicOg_pQfAXW6&_nc_ad=z-m&_nc_cid=0&_nc_zt=23&_nc_ht=instagram.fsdu8-2.fna&_nc_gid=dgSc8ZiPufOSsRkYD6qVNA&oh=00_AfvsE6LEqo8BeyPBh4xJgfad25-yAxBkhymqNec3IITdGw&oe=6986CC8B",NA,NO,YES,https://instagram.fsdu8-2.fna.fbcdn.net/o1/v/t2/f2/m86/AQNiH3tjmeUQwqwDNl_Icl9zWadTLPVltgSTCpxDJrzGFLm3XoEBMXh_tkpQ6PQvrBvfitNOnpJcl-6prLPzJsvWJeX7AzVnGU7Uyso.mp4?_nc_cat=100&_nc_oc=Adm1PFJAvtcpJreua4MggA3Ge0sgAibPxN5ZiFIp-IQNszzQuEFNf1TjWciCDCY2cIrAUAbo5RfyFkY5_BAOBtmV&_nc_sid=5e9851&_nc_ht=instagram.fsdu8-2.fna.fbcdn.net&_nc_ohc=yInVOd7_SgQQ7kNvwE2GcBD&efg=eyJ2ZW5jb2RlX3RhZyI6Inhwdl9wcm9ncmVzc2l2ZS5JTlNUQUdSQU0uQ0xJUFMuQzMuNzIwLmRhc2hfYmFzZWxpbmVfMV92MSIsInhwdl9hc3NldF9pZCI6MTQwMjI1NDI1NDg4NDU3OCwiYXNzZXRfYWdlX2RheXMiOjIzLCJ2aV91c2VjYXNlX2lkIjoxMDA5OSwiZHVyYXRpb25fcyI6MTI5LCJ1cmxnZW5fc291cmNlIjoid3d3In0%3D&ccb=17-1&_nc_gid=dgSc8ZiPufOSsRkYD6qVNA&_nc_zt=28&vs=6ddfe038bcb5a929&_nc_vs=HBksFQIYUmlnX3hwdl9yZWVsc19wZXJtYW5lbnRfc3JfcHJvZC9BMDQyM0VBRDFCNjc3Q0E2Mzk2MzRCRkM5QjgxNkNCQV92aWRlb19kYXNoaW5pdC5tcDQVAALIARIAFQIYOnBhc3N0aHJvdWdoX2V2ZXJzdG9yZS9HTzMtWXlRLWtTcmQtQnBiQU1pZW5MZ1F5VkZsYnN0VEFRQUYVAgLIARIAKAAYABsCiAd1c2Vfb2lsATEScHJvZ3Jlc3NpdmVfcmVjaXBlATEVAAAmxJv6q_jV_QQVAigCQzMsF0BgNEGJN0vHGBJkYXNoX2Jhc2VsaW5lXzFfdjERAHX-B2XmnQEA&oh=00_AftCXRxjw5WzUvWIEOTw7MbyaPcIOTt_H6q4mP6Oh__I9g&oe=6982E395,NA,3194347257,eliasmkjabbour,NA,Rio de Janeiro,NA,NA,-22.908,-43.1975,Autoridade,"É um discurso que reforça capital simbólico e autoridade por meio da mídia. Predomina a Competência, com um leve reforço de Autenticidade pela exposição pessoal.",61.5384615384615,38.4615384615385,12.3076923076923,16.9230769230769,7.69230769230769,7.69230769230769,6.15384615384615,10.7692307692308,9.23076923076923,29.2307692307692
postagem_14,3805754008321229824,DTQwRtYgYOA,"Thu, 08 Jan 2026 20:00:20 GMT",2026-01-08T03:00:00Z,1767902420,O Brasil precisa de uma bomba nuclear?,NA,10935,706,https://www.instagram.com/p/DTQwRtYgYOA/,https://instagram.fsdu8-2.fna.fbcdn.net/v/t51.71878-15/612522877_1211191837004420_7315719665559811610_n.jpg?stp=dst-jpegr_e15_tt6&_nc_cat=105&ig_cache_key=MzgwNTc1NDAwODMyMTIyOTY5Ng%3D%3D.3-ccb7-5&ccb=7-5&_nc_sid=58cdad&efg=eyJ2ZW5jb2RlX3RhZyI6InhwaWRzLjY0MHgxMTM2Lmhkci5DMyJ9&_nc_ohc=xIywxH7t74wQ7kNvwHXuNkZ&_nc_oc=AdkY9cT2iwBo0Nzo28Mxh67_5RQab3smq055dkMzU0ubsWNgGIRSnwLGQ8bRV_pCuYLjvqgJVdRCM65O9eoHC7g9&_nc_ad=z-m&_nc_cid=0&_nc_zt=23&se=-1&_nc_ht=instagram.fsdu8-2.fna&_nc_gid=dgSc8ZiPufOSsRkYD6qVNA&oh=00_AfvXwRG18KrnxnUGCXYqR-pl7Szm43lTWDd8em7m5aJBDg&oe=6986CA92,https://instagram.fsdu8-2.fna.fbcdn.net/v/t51.71878-15/612522877_1211191837004420_7315719665559811610_n.jpg?stp=dst-jpegr_e15_tt6&_nc_cat=105&ig_cache_key=MzgwNTc1NDAwODMyMTIyOTY5Ng%3D%3D.3-ccb7-5&ccb=7-5&_nc_sid=58cdad&efg=eyJ2ZW5jb2RlX3RhZyI6InhwaWRzLjY0MHgxMTM2Lmhkci5DMyJ9&_nc_ohc=xIywxH7t74wQ7kNvwHXuNkZ&_nc_oc=AdkY9cT2iwBo0Nzo28Mxh67_5RQab3smq055dkMzU0ubsWNgGIRSnwLGQ8bRV_pCuYLjvqgJVdRCM65O9eoHC7g9&_nc_ad=z-m&_nc_cid=0&_nc_zt=23&se=-1&_nc_ht=instagram.fsdu8-2.fna&_nc_gid=dgSc8ZiPufOSsRkYD6qVNA&oh=00_AfvXwRG18KrnxnUGCXYqR-pl7Szm43lTWDd8em7m5aJBDg&oe=6986CA92,"https://instagram.fsdu8-2.fna.fbcdn.net/v/t51.71878-15/612522877_1211191837004420_7315719665559811610_n.jpg?stp=dst-jpegr_e15_tt6&_nc_cat=105&ig_cache_key=MzgwNTc1NDAwODMyMTIyOTY5Ng%3D%3D.3-ccb7-5&ccb=7-5&_nc_sid=58cdad&efg=eyJ2ZW5jb2RlX3RhZyI6InhwaWRzLjY0MHgxMTM2Lmhkci5DMyJ9&_nc_ohc=xIywxH7t74wQ7kNvwHXuNkZ&_nc_oc=AdkY9cT2iwBo0Nzo28Mxh67_5RQab3smq055dkMzU0ubsWNgGIRSnwLGQ8bRV_pCuYLjvqgJVdRCM65O9eoHC7g9&_nc_ad=z-m&_nc_cid=0&_nc_zt=23&se=-1&_nc_ht=instagram.fsdu8-2.fna&_nc_gid=dgSc8ZiPufOSsRkYD6qVNA&oh=00_AfvXwRG18KrnxnUGCXYqR-pl7Szm43lTWDd8em7m5aJBDg&oe=6986CA92
https://instagram.fsdu8-2.fna.fbcdn.net/v/t51.71878-15/612522877_1211191837004420_7315719665559811610_n.jpg?stp=dst-jpegr_e15_p480x480_tt6&_nc_cat=105&ig_cache_key=MzgwNTc1NDAwODMyMTIyOTY5Ng%3D%3D.3-ccb7-5&ccb=7-5&_nc_sid=58cdad&efg=eyJ2ZW5jb2RlX3RhZyI6InhwaWRzLjY0MHgxMTM2Lmhkci5DMyJ9&_nc_ohc=xIywxH7t74wQ7kNvwHXuNkZ&_nc_oc=AdkY9cT2iwBo0Nzo28Mxh67_5RQab3smq055dkMzU0ubsWNgGIRSnwLGQ8bRV_pCuYLjvqgJVdRCM65O9eoHC7g9&_nc_ad=z-m&_nc_cid=0&_nc_zt=23&se=-1&_nc_ht=instagram.fsdu8-2.fna&_nc_gid=dgSc8ZiPufOSsRkYD6qVNA&oh=00_Afu_gC4L-QSc65sXgvh2rQxxQpc3M2XxOfyPulCl7YRpKg&oe=6986CA92
https://instagram.fsdu8-2.fna.fbcdn.net/v/t51.71878-15/612522877_1211191837004420_7315719665559811610_n.jpg?stp=dst-jpegr_e15_p320x320_tt6&_nc_cat=105&ig_cache_key=MzgwNTc1NDAwODMyMTIyOTY5Ng%3D%3D.3-ccb7-5&ccb=7-5&_nc_sid=58cdad&efg=eyJ2ZW5jb2RlX3RhZyI6InhwaWRzLjY0MHgxMTM2Lmhkci5DMyJ9&_nc_ohc=xIywxH7t74wQ7kNvwHXuNkZ&_nc_oc=AdkY9cT2iwBo0Nzo28Mxh67_5RQab3smq055dkMzU0ubsWNgGIRSnwLGQ8bRV_pCuYLjvqgJVdRCM65O9eoHC7g9&_nc_ad=z-m&_nc_cid=0&_nc_zt=23&se=-1&_nc_ht=instagram.fsdu8-2.fna&_nc_gid=dgSc8ZiPufOSsRkYD6qVNA&oh=00_AftzEX5o9z-TmoLw4gvqw5cCykNoP_3xRFFE95UWB1zMgA&oe=6986CA92
https://instagram.fsdu8-2.fna.fbcdn.net/v/t51.71878-15/612522877_1211191837004420_7315719665559811610_n.jpg?stp=dst-jpegr_e15_p240x240_tt6&_nc_cat=105&ig_cache_key=MzgwNTc1NDAwODMyMTIyOTY5Ng%3D%3D.3-ccb7-5&ccb=7-5&_nc_sid=58cdad&efg=eyJ2ZW5jb2RlX3RhZyI6InhwaWRzLjY0MHgxMTM2Lmhkci5DMyJ9&_nc_ohc=xIywxH7t74wQ7kNvwHXuNkZ&_nc_oc=AdkY9cT2iwBo0Nzo28Mxh67_5RQab3smq055dkMzU0ubsWNgGIRSnwLGQ8bRV_pCuYLjvqgJVdRCM65O9eoHC7g9&_nc_ad=z-m&_nc_cid=0&_nc_zt=23&se=-1&_nc_ht=instagram.fsdu8-2.fna&_nc_gid=dgSc8ZiPufOSsRkYD6qVNA&oh=00_Afvlu1dVLP1mRMOdo4JDXVm_1nwlI8Op8dYG9PundRr3Jw&oe=6986CA92
https://instagram.fsdu8-2.fna.fbcdn.net/v/t51.71878-15/612522877_1211191837004420_7315719665559811610_n.jpg?stp=c0.248.640.640a_dst-jpegr_e15_s640x639_tt6&_nc_cat=105&ig_cache_key=MzgwNTc1NDAwODMyMTIyOTY5Ng%3D%3D.3-ccb7-5&ccb=7-5&_nc_sid=58cdad&efg=eyJ2ZW5jb2RlX3RhZyI6InhwaWRzLjY0MHgxMTM2Lmhkci5DMyJ9&_nc_ohc=xIywxH7t74wQ7kNvwHXuNkZ&_nc_oc=AdkY9cT2iwBo0Nzo28Mxh67_5RQab3smq055dkMzU0ubsWNgGIRSnwLGQ8bRV_pCuYLjvqgJVdRCM65O9eoHC7g9&_nc_ad=z-m&_nc_cid=0&_nc_zt=23&se=-1&_nc_ht=instagram.fsdu8-2.fna&_nc_gid=dgSc8ZiPufOSsRkYD6qVNA&oh=00_AfsX9pF6gCFjB3jNw51vomfDA7ouwpMyvAlbflS-JWGKGg&oe=6986CA92
https://instagram.fsdu8-2.fna.fbcdn.net/v/t51.71878-15/612522877_1211191837004420_7315719665559811610_n.jpg?stp=c0.248.640.640a_dst-jpegr_e15_s640x639_tt6&_nc_cat=105&ig_cache_key=MzgwNTc1NDAwODMyMTIyOTY5Ng%3D%3D.3-ccb7-5&ccb=7-5&_nc_sid=58cdad&efg=eyJ2ZW5jb2RlX3RhZyI6InhwaWRzLjY0MHgxMTM2Lmhkci5DMyJ9&_nc_ohc=xIywxH7t74wQ7kNvwHXuNkZ&_nc_oc=AdkY9cT2iwBo0Nzo28Mxh67_5RQab3smq055dkMzU0ubsWNgGIRSnwLGQ8bRV_pCuYLjvqgJVdRCM65O9eoHC7g9&_nc_ad=z-m&_nc_cid=0&_nc_zt=23&se=-1&_nc_ht=instagram.fsdu8-2.fna&_nc_gid=dgSc8ZiPufOSsRkYD6qVNA&oh=00_AfsX9pF6gCFjB3jNw51vomfDA7ouwpMyvAlbflS-JWGKGg&oe=6986CA92
https://instagram.fsdu8-2.fna.fbcdn.net/v/t51.71878-15/612522877_1211191837004420_7315719665559811610_n.jpg?stp=c0.248.640.640a_dst-jpegr_e15_s640x639_tt6&_nc_cat=105&ig_cache_key=MzgwNTc1NDAwODMyMTIyOTY5Ng%3D%3D.3-ccb7-5&ccb=7-5&_nc_sid=58cdad&efg=eyJ2ZW5jb2RlX3RhZyI6InhwaWRzLjY0MHgxMTM2Lmhkci5DMyJ9&_nc_ohc=xIywxH7t74wQ7kNvwHXuNkZ&_nc_oc=AdkY9cT2iwBo0Nzo28Mxh67_5RQab3smq055dkMzU0ubsWNgGIRSnwLGQ8bRV_pCuYLjvqgJVdRCM65O9eoHC7g9&_nc_ad=z-m&_nc_cid=0&_nc_zt=23&se=-1&_nc_ht=instagram.fsdu8-2.fna&_nc_gid=dgSc8ZiPufOSsRkYD6qVNA&oh=00_AfsX9pF6gCFjB3jNw51vomfDA7ouwpMyvAlbflS-JWGKGg&oe=6986CA92
https://instagram.fsdu8-2.fna.fbcdn.net/v/t51.71878-15/612522877_1211191837004420_7315719665559811610_n.jpg?stp=c0.248.640.640a_dst-jpegr_e15_s480x480_tt6&_nc_cat=105&ig_cache_key=MzgwNTc1NDAwODMyMTIyOTY5Ng%3D%3D.3-ccb7-5&ccb=7-5&_nc_sid=58cdad&efg=eyJ2ZW5jb2RlX3RhZyI6InhwaWRzLjY0MHgxMTM2Lmhkci5DMyJ9&_nc_ohc=xIywxH7t74wQ7kNvwHXuNkZ&_nc_oc=AdkY9cT2iwBo0Nzo28Mxh67_5RQab3smq055dkMzU0ubsWNgGIRSnwLGQ8bRV_pCuYLjvqgJVdRCM65O9eoHC7g9&_nc_ad=z-m&_nc_cid=0&_nc_zt=23&se=-1&_nc_ht=instagram.fsdu8-2.fna&_nc_gid=dgSc8ZiPufOSsRkYD6qVNA&oh=00_Aftnu_IyNAwL5impQjmc5YN-xgEbc38OQ-fj8oN-gn2wGQ&oe=6986CA92
https://instagram.fsdu8-2.fna.fbcdn.net/v/t51.71878-15/612522877_1211191837004420_7315719665559811610_n.jpg?stp=c0.248.640.640a_dst-jpegr_e15_s320x320_tt6&_nc_cat=105&ig_cache_key=MzgwNTc1NDAwODMyMTIyOTY5Ng%3D%3D.3-ccb7-5&ccb=7-5&_nc_sid=58cdad&efg=eyJ2ZW5jb2RlX3RhZyI6InhwaWRzLjY0MHgxMTM2Lmhkci5DMyJ9&_nc_ohc=xIywxH7t74wQ7kNvwHXuNkZ&_nc_oc=AdkY9cT2iwBo0Nzo28Mxh67_5RQab3smq055dkMzU0ubsWNgGIRSnwLGQ8bRV_pCuYLjvqgJVdRCM65O9eoHC7g9&_nc_ad=z-m&_nc_cid=0&_nc_zt=23&se=-1&_nc_ht=instagram.fsdu8-2.fna&_nc_gid=dgSc8ZiPufOSsRkYD6qVNA&oh=00_Afu-wM9NsPjEbsEDHbkbUragGqaNhDETUFGQttq7IZwlFg&oe=6986CA92
https://instagram.fsdu8-2.fna.fbcdn.net/v/t51.71878-15/612522877_1211191837004420_7315719665559811610_n.jpg?stp=c0.248.640.640a_dst-jpegr_e15_s240x240_tt6&_nc_cat=105&ig_cache_key=MzgwNTc1NDAwODMyMTIyOTY5Ng%3D%3D.3-ccb7-5&ccb=7-5&_nc_sid=58cdad&efg=eyJ2ZW5jb2RlX3RhZyI6InhwaWRzLjY0MHgxMTM2Lmhkci5DMyJ9&_nc_ohc=xIywxH7t74wQ7kNvwHXuNkZ&_nc_oc=AdkY9cT2iwBo0Nzo28Mxh67_5RQab3smq055dkMzU0ubsWNgGIRSnwLGQ8bRV_pCuYLjvqgJVdRCM65O9eoHC7g9&_nc_ad=z-m&_nc_cid=0&_nc_zt=23&se=-1&_nc_ht=instagram.fsdu8-2.fna&_nc_gid=dgSc8ZiPufOSsRkYD6qVNA&oh=00_Afu7P1Owq3rEh-XlnMLLK3ZVXCgg4fGWNNU2tn54mGVE7Q&oe=6986CA92
https://instagram.fsdu8-2.fna.fbcdn.net/v/t51.71878-15/612522877_1211191837004420_7315719665559811610_n.jpg?stp=c0.248.640.640a_dst-jpegr_e15_s150x150_tt6&_nc_cat=105&ig_cache_key=MzgwNTc1NDAwODMyMTIyOTY5Ng%3D%3D.3-ccb7-5&ccb=7-5&_nc_sid=58cdad&efg=eyJ2ZW5jb2RlX3RhZyI6InhwaWRzLjY0MHgxMTM2Lmhkci5DMyJ9&_nc_ohc=xIywxH7t74wQ7kNvwHXuNkZ&_nc_oc=AdkY9cT2iwBo0Nzo28Mxh67_5RQab3smq055dkMzU0ubsWNgGIRSnwLGQ8bRV_pCuYLjvqgJVdRCM65O9eoHC7g9&_nc_ad=z-m&_nc_cid=0&_nc_zt=23&se=-1&_nc_ht=instagram.fsdu8-2.fna&_nc_gid=dgSc8ZiPufOSsRkYD6qVNA&oh=00_AfuksWlaWSJcDoZuxVWnmtQc_dEPPrqMxhky6yZR09whmw&oe=6986CA92",NA,NO,YES,https://instagram.fsdu8-1.fna.fbcdn.net/o1/v/t2/f2/m86/AQOy1ipWyODnc-Gnr2r5aPSPC-J-3NhSHuuTcC_NdwPO582Jzej_8ZqijZB0JUDYWw5iAnshVFNuQlHnxytnhlEPo9yWtRXjh_UVOnM.mp4?_nc_cat=111&_nc_oc=AdkmezqIL7rA3EDJc9ZYLQw-zmkSof4ITYKzT7ylIY8RHW25ras-BJK8_AnfO-rpV0urRnTVFczsM2_E2idm8rxB&_nc_sid=5e9851&_nc_ht=instagram.fsdu8-1.fna.fbcdn.net&_nc_ohc=PrIHAmkkPhgQ7kNvwHDWxBh&efg=eyJ2ZW5jb2RlX3RhZyI6Inhwdl9wcm9ncmVzc2l2ZS5JTlNUQUdSQU0uQ0xJUFMuQzMuNzIwLmRhc2hfYmFzZWxpbmVfMV92MSIsInhwdl9hc3NldF9pZCI6Mjg0MzcwNDAxNTk3NDUwMiwiYXNzZXRfYWdlX2RheXMiOjI1LCJ2aV91c2VjYXNlX2lkIjoxMDA5OSwiZHVyYXRpb25fcyI6MTYwLCJ1cmxnZW5fc291cmNlIjoid3d3In0%3D&ccb=17-1&_nc_gid=dgSc8ZiPufOSsRkYD6qVNA&_nc_zt=28&vs=e9690758863bf0b0&_nc_vs=HBksFQIYUmlnX3hwdl9yZWVsc19wZXJtYW5lbnRfc3JfcHJvZC8xODQ2Q0Q5REE5NzY4RTMzOURGRkZBRTc1OTQyNDVCM192aWRlb19kYXNoaW5pdC5tcDQVAALIARIAFQIYOnBhc3N0aHJvdWdoX2V2ZXJzdG9yZS9HRWJ4WnlUQi16N29OdnNEQU1hYVVSVjFITW84YnN0VEFRQUYVAgLIARIAKAAYABsCiAd1c2Vfb2lsATEScHJvZ3Jlc3NpdmVfcmVjaXBlATEVAAAmzMG_-62VjQoVAigCQzMsF0BkEAAAAAAAGBJkYXNoX2Jhc2VsaW5lXzFfdjERAHX-B2XmnQEA&oh=00_Aftqj1qrR3-yqYsi8PBjv4PqJoZr2jPnV2uj2jwxoN70LQ&oe=6982D84C,NA,3194347257,eliasmkjabbour,NA,NA,NA,NA,NA,NA,Autoridade,"É um discurso que busca legitimação principalmente pela análise estratégica e comparativa, projetando domínio do campo da segurança internacional. A Competência é o eixo central, com Autenticidade aparecendo como pano de fundo.",35.6923076923077,64.3076923076923,18.4615384615385,8.30769230769231,6.15384615384615,22.7692307692308,3.07692307692308,16.9230769230769,11.0769230769231,13.2307692307692
postagem_13,3804840900883427328,DTNgqP0CLD_,"Wed, 07 Jan 2026 13:26:42 GMT",2026-01-07T03:00:00Z,1767792402,"O Rio antenado com o futuro!

A cidade do Rio de Janeiro se junta a cidades como Maricá se antecipando ao próprio futuro. Com a lei n° 9246 de 6 de Janeiro de 2026 foi instituído o “Programa Municipal de Mandarim e Cultura Chinesa no Município do Rio de Janeiro”.

A China é uma realidade que vai deixando de se restringir a compra e venda de mercadorias. Um golaço da prefeitura do Rio garantindo que as futuras gerações de cariocas tenham acesso a uma bela e rica cultura!

O futuro chegou no Rio!",NA,4606,100,https://www.instagram.com/p/DTNgqP0CLD_/,https://instagram.fsdu8-1.fna.fbcdn.net/v/t51.82787-15/584388634_18436582126107258_7238523012804837478_n.jpg?stp=dst-jpg_e35_tt6&_nc_cat=106&ig_cache_key=MzgwNDg0MDkwMDg4MzQyNzU4Mw%3D%3D.3-ccb7-5&ccb=7-5&_nc_sid=58cdad&efg=eyJ2ZW5jb2RlX3RhZyI6InhwaWRzLjEzMzR4MTUxMC5zZHIuQzMifQ%3D%3D&_nc_ohc=BbpHRNCnPegQ7kNvwFWCWkj&_nc_oc=AdkAXT8o9mQmDhLOoVs0WT2eLn1zGGSPG7AM3lcZ4hv-JqxkCUcpOlaQI_b_vwYEUaDaiFtvA68aqbpzlPtK56YN&_nc_ad=z-m&_nc_cid=0&_nc_zt=23&_nc_ht=instagram.fsdu8-1.fna&_nc_gid=dgSc8ZiPufOSsRkYD6qVNA&oh=00_AftUi3p5bOAsSbBo1c1SEUQcNrUkOd8I_fomCchNQWSl1Q&oe=6986E5B7,https://instagram.fsdu8-1.fna.fbcdn.net/v/t51.82787-15/584388634_18436582126107258_7238523012804837478_n.jpg?stp=dst-jpg_e35_tt6&_nc_cat=106&ig_cache_key=MzgwNDg0MDkwMDg4MzQyNzU4Mw%3D%3D.3-ccb7-5&ccb=7-5&_nc_sid=58cdad&efg=eyJ2ZW5jb2RlX3RhZyI6InhwaWRzLjEzMzR4MTUxMC5zZHIuQzMifQ%3D%3D&_nc_ohc=BbpHRNCnPegQ7kNvwFWCWkj&_nc_oc=AdkAXT8o9mQmDhLOoVs0WT2eLn1zGGSPG7AM3lcZ4hv-JqxkCUcpOlaQI_b_vwYEUaDaiFtvA68aqbpzlPtK56YN&_nc_ad=z-m&_nc_cid=0&_nc_zt=23&_nc_ht=instagram.fsdu8-1.fna&_nc_gid=dgSc8ZiPufOSsRkYD6qVNA&oh=00_AftUi3p5bOAsSbBo1c1SEUQcNrUkOd8I_fomCchNQWSl1Q&oe=6986E5B7,"https://instagram.fsdu8-1.fna.fbcdn.net/v/t51.82787-15/584388634_18436582126107258_7238523012804837478_n.jpg?stp=dst-jpg_e35_tt6&_nc_cat=106&ig_cache_key=MzgwNDg0MDkwMDg4MzQyNzU4Mw%3D%3D.3-ccb7-5&ccb=7-5&_nc_sid=58cdad&efg=eyJ2ZW5jb2RlX3RhZyI6InhwaWRzLjEzMzR4MTUxMC5zZHIuQzMifQ%3D%3D&_nc_ohc=BbpHRNCnPegQ7kNvwFWCWkj&_nc_oc=AdkAXT8o9mQmDhLOoVs0WT2eLn1zGGSPG7AM3lcZ4hv-JqxkCUcpOlaQI_b_vwYEUaDaiFtvA68aqbpzlPtK56YN&_nc_ad=z-m&_nc_cid=0&_nc_zt=23&_nc_ht=instagram.fsdu8-1.fna&_nc_gid=dgSc8ZiPufOSsRkYD6qVNA&oh=00_AftUi3p5bOAsSbBo1c1SEUQcNrUkOd8I_fomCchNQWSl1Q&oe=6986E5B7
https://instagram.fsdu8-1.fna.fbcdn.net/v/t51.82787-15/584388634_18436582126107258_7238523012804837478_n.jpg?stp=dst-jpg_e35_p1080x1080_tt6&_nc_cat=106&ig_cache_key=MzgwNDg0MDkwMDg4MzQyNzU4Mw%3D%3D.3-ccb7-5&ccb=7-5&_nc_sid=58cdad&efg=eyJ2ZW5jb2RlX3RhZyI6InhwaWRzLjEzMzR4MTUxMC5zZHIuQzMifQ%3D%3D&_nc_ohc=BbpHRNCnPegQ7kNvwFWCWkj&_nc_oc=AdkAXT8o9mQmDhLOoVs0WT2eLn1zGGSPG7AM3lcZ4hv-JqxkCUcpOlaQI_b_vwYEUaDaiFtvA68aqbpzlPtK56YN&_nc_ad=z-m&_nc_cid=0&_nc_zt=23&_nc_ht=instagram.fsdu8-1.fna&_nc_gid=dgSc8ZiPufOSsRkYD6qVNA&oh=00_AftZXAMDPlAsswuNdw4WsD6njdjqn2OSTJiP-t2FtY-3ng&oe=6986E5B7
https://instagram.fsdu8-1.fna.fbcdn.net/v/t51.82787-15/584388634_18436582126107258_7238523012804837478_n.jpg?stp=dst-jpg_e35_p720x720_tt6&_nc_cat=106&ig_cache_key=MzgwNDg0MDkwMDg4MzQyNzU4Mw%3D%3D.3-ccb7-5&ccb=7-5&_nc_sid=58cdad&efg=eyJ2ZW5jb2RlX3RhZyI6InhwaWRzLjEzMzR4MTUxMC5zZHIuQzMifQ%3D%3D&_nc_ohc=BbpHRNCnPegQ7kNvwFWCWkj&_nc_oc=AdkAXT8o9mQmDhLOoVs0WT2eLn1zGGSPG7AM3lcZ4hv-JqxkCUcpOlaQI_b_vwYEUaDaiFtvA68aqbpzlPtK56YN&_nc_ad=z-m&_nc_cid=0&_nc_zt=23&_nc_ht=instagram.fsdu8-1.fna&_nc_gid=dgSc8ZiPufOSsRkYD6qVNA&oh=00_AfvICniNXMA84dgrxKT75xquxesUEUkyA7WdPmtWUxdJkA&oe=6986E5B7
https://instagram.fsdu8-1.fna.fbcdn.net/v/t51.82787-15/584388634_18436582126107258_7238523012804837478_n.jpg?stp=dst-jpg_e35_p640x640_sh0.08_tt6&_nc_cat=106&ig_cache_key=MzgwNDg0MDkwMDg4MzQyNzU4Mw%3D%3D.3-ccb7-5&ccb=7-5&_nc_sid=58cdad&efg=eyJ2ZW5jb2RlX3RhZyI6InhwaWRzLjEzMzR4MTUxMC5zZHIuQzMifQ%3D%3D&_nc_ohc=BbpHRNCnPegQ7kNvwFWCWkj&_nc_oc=AdkAXT8o9mQmDhLOoVs0WT2eLn1zGGSPG7AM3lcZ4hv-JqxkCUcpOlaQI_b_vwYEUaDaiFtvA68aqbpzlPtK56YN&_nc_ad=z-m&_nc_cid=0&_nc_zt=23&_nc_ht=instagram.fsdu8-1.fna&_nc_gid=dgSc8ZiPufOSsRkYD6qVNA&oh=00_AftYIsq0S509-pwdOTmrJd5Td-ITVxQMHqMBYzIkOxcp1w&oe=6986E5B7
https://instagram.fsdu8-1.fna.fbcdn.net/v/t51.82787-15/584388634_18436582126107258_7238523012804837478_n.jpg?stp=dst-jpg_e35_p480x480_tt6&_nc_cat=106&ig_cache_key=MzgwNDg0MDkwMDg4MzQyNzU4Mw%3D%3D.3-ccb7-5&ccb=7-5&_nc_sid=58cdad&efg=eyJ2ZW5jb2RlX3RhZyI6InhwaWRzLjEzMzR4MTUxMC5zZHIuQzMifQ%3D%3D&_nc_ohc=BbpHRNCnPegQ7kNvwFWCWkj&_nc_oc=AdkAXT8o9mQmDhLOoVs0WT2eLn1zGGSPG7AM3lcZ4hv-JqxkCUcpOlaQI_b_vwYEUaDaiFtvA68aqbpzlPtK56YN&_nc_ad=z-m&_nc_cid=0&_nc_zt=23&_nc_ht=instagram.fsdu8-1.fna&_nc_gid=dgSc8ZiPufOSsRkYD6qVNA&oh=00_AftfrRhj95sKV7b3wawK32PU8E9J_WzSvCcBOYB4nsIxug&oe=6986E5B7
https://instagram.fsdu8-1.fna.fbcdn.net/v/t51.82787-15/584388634_18436582126107258_7238523012804837478_n.jpg?stp=dst-jpg_e35_p320x320_tt6&_nc_cat=106&ig_cache_key=MzgwNDg0MDkwMDg4MzQyNzU4Mw%3D%3D.3-ccb7-5&ccb=7-5&_nc_sid=58cdad&efg=eyJ2ZW5jb2RlX3RhZyI6InhwaWRzLjEzMzR4MTUxMC5zZHIuQzMifQ%3D%3D&_nc_ohc=BbpHRNCnPegQ7kNvwFWCWkj&_nc_oc=AdkAXT8o9mQmDhLOoVs0WT2eLn1zGGSPG7AM3lcZ4hv-JqxkCUcpOlaQI_b_vwYEUaDaiFtvA68aqbpzlPtK56YN&_nc_ad=z-m&_nc_cid=0&_nc_zt=23&_nc_ht=instagram.fsdu8-1.fna&_nc_gid=dgSc8ZiPufOSsRkYD6qVNA&oh=00_Aft9O7eNY_f9CqgV5qu97IXQHlbuIx6G-SxZNG4rNXnhQw&oe=6986E5B7
https://instagram.fsdu8-1.fna.fbcdn.net/v/t51.82787-15/584388634_18436582126107258_7238523012804837478_n.jpg?stp=dst-jpg_e35_p240x240_tt6&_nc_cat=106&ig_cache_key=MzgwNDg0MDkwMDg4MzQyNzU4Mw%3D%3D.3-ccb7-5&ccb=7-5&_nc_sid=58cdad&efg=eyJ2ZW5jb2RlX3RhZyI6InhwaWRzLjEzMzR4MTUxMC5zZHIuQzMifQ%3D%3D&_nc_ohc=BbpHRNCnPegQ7kNvwFWCWkj&_nc_oc=AdkAXT8o9mQmDhLOoVs0WT2eLn1zGGSPG7AM3lcZ4hv-JqxkCUcpOlaQI_b_vwYEUaDaiFtvA68aqbpzlPtK56YN&_nc_ad=z-m&_nc_cid=0&_nc_zt=23&_nc_ht=instagram.fsdu8-1.fna&_nc_gid=dgSc8ZiPufOSsRkYD6qVNA&oh=00_AfugvTHpoAK0EHCJY9FrzYH49V5sGi8HhQf7VPWE-FoJGw&oe=6986E5B7
https://instagram.fsdu8-1.fna.fbcdn.net/v/t51.82787-15/584388634_18436582126107258_7238523012804837478_n.jpg?stp=c0.88.1334.1334a_dst-jpg_e35_s1080x1080_tt6&_nc_cat=106&ig_cache_key=MzgwNDg0MDkwMDg4MzQyNzU4Mw%3D%3D.3-ccb7-5&ccb=7-5&_nc_sid=58cdad&efg=eyJ2ZW5jb2RlX3RhZyI6InhwaWRzLjEzMzR4MTUxMC5zZHIuQzMifQ%3D%3D&_nc_ohc=BbpHRNCnPegQ7kNvwFWCWkj&_nc_oc=AdkAXT8o9mQmDhLOoVs0WT2eLn1zGGSPG7AM3lcZ4hv-JqxkCUcpOlaQI_b_vwYEUaDaiFtvA68aqbpzlPtK56YN&_nc_ad=z-m&_nc_cid=0&_nc_zt=23&_nc_ht=instagram.fsdu8-1.fna&_nc_gid=dgSc8ZiPufOSsRkYD6qVNA&oh=00_AfuNYRRy_sHXwEVqXzVMsOrs-NtsTKmgr8j_7D6RSjcLkw&oe=6986E5B7
https://instagram.fsdu8-1.fna.fbcdn.net/v/t51.82787-15/584388634_18436582126107258_7238523012804837478_n.jpg?stp=c0.88.1334.1334a_dst-jpg_e35_s750x750_sh0.08_tt6&_nc_cat=106&ig_cache_key=MzgwNDg0MDkwMDg4MzQyNzU4Mw%3D%3D.3-ccb7-5&ccb=7-5&_nc_sid=58cdad&efg=eyJ2ZW5jb2RlX3RhZyI6InhwaWRzLjEzMzR4MTUxMC5zZHIuQzMifQ%3D%3D&_nc_ohc=BbpHRNCnPegQ7kNvwFWCWkj&_nc_oc=AdkAXT8o9mQmDhLOoVs0WT2eLn1zGGSPG7AM3lcZ4hv-JqxkCUcpOlaQI_b_vwYEUaDaiFtvA68aqbpzlPtK56YN&_nc_ad=z-m&_nc_cid=0&_nc_zt=23&_nc_ht=instagram.fsdu8-1.fna&_nc_gid=dgSc8ZiPufOSsRkYD6qVNA&oh=00_AfuL4Lwmyj4l_WTiFMe9udJx4x3KZ9YLa4LNve5JSEurLQ&oe=6986E5B7
https://instagram.fsdu8-1.fna.fbcdn.net/v/t51.82787-15/584388634_18436582126107258_7238523012804837478_n.jpg?stp=c0.88.1334.1334a_dst-jpg_e35_s640x640_sh0.08_tt6&_nc_cat=106&ig_cache_key=MzgwNDg0MDkwMDg4MzQyNzU4Mw%3D%3D.3-ccb7-5&ccb=7-5&_nc_sid=58cdad&efg=eyJ2ZW5jb2RlX3RhZyI6InhwaWRzLjEzMzR4MTUxMC5zZHIuQzMifQ%3D%3D&_nc_ohc=BbpHRNCnPegQ7kNvwFWCWkj&_nc_oc=AdkAXT8o9mQmDhLOoVs0WT2eLn1zGGSPG7AM3lcZ4hv-JqxkCUcpOlaQI_b_vwYEUaDaiFtvA68aqbpzlPtK56YN&_nc_ad=z-m&_nc_cid=0&_nc_zt=23&_nc_ht=instagram.fsdu8-1.fna&_nc_gid=dgSc8ZiPufOSsRkYD6qVNA&oh=00_Afuu7K-Bs2_OGhcyb0EPH3xj6MCMlLXbvLuQSfSxJSWwWw&oe=6986E5B7
https://instagram.fsdu8-1.fna.fbcdn.net/v/t51.82787-15/584388634_18436582126107258_7238523012804837478_n.jpg?stp=c0.88.1334.1334a_dst-jpg_e35_s480x480_tt6&_nc_cat=106&ig_cache_key=MzgwNDg0MDkwMDg4MzQyNzU4Mw%3D%3D.3-ccb7-5&ccb=7-5&_nc_sid=58cdad&efg=eyJ2ZW5jb2RlX3RhZyI6InhwaWRzLjEzMzR4MTUxMC5zZHIuQzMifQ%3D%3D&_nc_ohc=BbpHRNCnPegQ7kNvwFWCWkj&_nc_oc=AdkAXT8o9mQmDhLOoVs0WT2eLn1zGGSPG7AM3lcZ4hv-JqxkCUcpOlaQI_b_vwYEUaDaiFtvA68aqbpzlPtK56YN&_nc_ad=z-m&_nc_cid=0&_nc_zt=23&_nc_ht=instagram.fsdu8-1.fna&_nc_gid=dgSc8ZiPufOSsRkYD6qVNA&oh=00_Afv5jlkVx8b732cInno7SFS_8XycdqIorOl__87dXZixBg&oe=6986E5B7
https://instagram.fsdu8-1.fna.fbcdn.net/v/t51.82787-15/584388634_18436582126107258_7238523012804837478_n.jpg?stp=c0.88.1334.1334a_dst-jpg_e35_s320x320_tt6&_nc_cat=106&ig_cache_key=MzgwNDg0MDkwMDg4MzQyNzU4Mw%3D%3D.3-ccb7-5&ccb=7-5&_nc_sid=58cdad&efg=eyJ2ZW5jb2RlX3RhZyI6InhwaWRzLjEzMzR4MTUxMC5zZHIuQzMifQ%3D%3D&_nc_ohc=BbpHRNCnPegQ7kNvwFWCWkj&_nc_oc=AdkAXT8o9mQmDhLOoVs0WT2eLn1zGGSPG7AM3lcZ4hv-JqxkCUcpOlaQI_b_vwYEUaDaiFtvA68aqbpzlPtK56YN&_nc_ad=z-m&_nc_cid=0&_nc_zt=23&_nc_ht=instagram.fsdu8-1.fna&_nc_gid=dgSc8ZiPufOSsRkYD6qVNA&oh=00_AfvzqJU0H0_sfijJOJj041dwypgzj9_7F3mlsMvq2gUMfA&oe=6986E5B7
https://instagram.fsdu8-1.fna.fbcdn.net/v/t51.82787-15/584388634_18436582126107258_7238523012804837478_n.jpg?stp=c0.88.1334.1334a_dst-jpg_e35_s240x240_tt6&_nc_cat=106&ig_cache_key=MzgwNDg0MDkwMDg4MzQyNzU4Mw%3D%3D.3-ccb7-5&ccb=7-5&_nc_sid=58cdad&efg=eyJ2ZW5jb2RlX3RhZyI6InhwaWRzLjEzMzR4MTUxMC5zZHIuQzMifQ%3D%3D&_nc_ohc=BbpHRNCnPegQ7kNvwFWCWkj&_nc_oc=AdkAXT8o9mQmDhLOoVs0WT2eLn1zGGSPG7AM3lcZ4hv-JqxkCUcpOlaQI_b_vwYEUaDaiFtvA68aqbpzlPtK56YN&_nc_ad=z-m&_nc_cid=0&_nc_zt=23&_nc_ht=instagram.fsdu8-1.fna&_nc_gid=dgSc8ZiPufOSsRkYD6qVNA&oh=00_AftYa9RfamHylRfd8SlL1HgNl5rBVJzKQOV1W-hSijB90g&oe=6986E5B7
https://instagram.fsdu8-1.fna.fbcdn.net/v/t51.82787-15/584388634_18436582126107258_7238523012804837478_n.jpg?stp=c0.88.1334.1334a_dst-jpg_e35_s150x150_tt6&_nc_cat=106&ig_cache_key=MzgwNDg0MDkwMDg4MzQyNzU4Mw%3D%3D.3-ccb7-5&ccb=7-5&_nc_sid=58cdad&efg=eyJ2ZW5jb2RlX3RhZyI6InhwaWRzLjEzMzR4MTUxMC5zZHIuQzMifQ%3D%3D&_nc_ohc=BbpHRNCnPegQ7kNvwFWCWkj&_nc_oc=AdkAXT8o9mQmDhLOoVs0WT2eLn1zGGSPG7AM3lcZ4hv-JqxkCUcpOlaQI_b_vwYEUaDaiFtvA68aqbpzlPtK56YN&_nc_ad=z-m&_nc_cid=0&_nc_zt=23&_nc_ht=instagram.fsdu8-1.fna&_nc_gid=dgSc8ZiPufOSsRkYD6qVNA&oh=00_AfvGwk_fTuZaKGKHaOwgmkVx7paDinKKIxtFcPEHSXD4Vg&oe=6986E5B7",NA,NO,NO,NA,NA,3194347257,eliasmkjabbour,NA,NA,NA,NA,NA,NA,Humanização,"É um discurso positivo, afetivo e identitário, que busca aproximar a política do cotidiano e gerar orgulho coletivo. Predomina a Humanização, com um complemento de Autenticidade entusiasta, e baixa centralidade da Competência.",51.5625,48.4375,10.9375,7.8125,9.375,13.28125,4.6875,14.84375,7.03125,32.03125
postagem_12,3804797385691983872,DTNWxBIgXBZ,"Wed, 07 Jan 2026 12:00:00 GMT",2026-01-07T03:00:00Z,1767787200,@eliasmkjabbour responde pergunta de seguidor!,NA,22385,1233,https://www.instagram.com/p/DTNWxBIgXBZ/,https://instagram.fsdu8-2.fna.fbcdn.net/v/t51.82787-15/612049837_18042889583711247_1100941510224373152_n.jpg?stp=dst-jpg_e15_tt6&_nc_cat=109&ig_cache_key=MzgwNDc5NzM4NTY5MTk4Mzk2MTE4MDQyODg5NTgwNzExMjQ3.3-ccb7-5&ccb=7-5&_nc_sid=58cdad&efg=eyJ2ZW5jb2RlX3RhZyI6InhwaWRzLjcyMHgxMjgwLnNkci5DMyJ9&_nc_ohc=hQzqVUiPgEgQ7kNvwEYU4_V&_nc_oc=AdnnwrHBe6s7bdevZ36X2mM7NuHuEqL2-bb5FBOMMWbynWYPgIydhWHM8gub_K1XjdbFg01pP3B7N7tD_mVfOM_L&_nc_ad=z-m&_nc_cid=0&_nc_zt=23&_nc_ht=instagram.fsdu8-2.fna&_nc_gid=dgSc8ZiPufOSsRkYD6qVNA&oh=00_AfvpASA_4m6PZIuk0qB7B1T9l7uWcKxL3XhdMEHvaavg4g&oe=6986BB80,https://instagram.fsdu8-2.fna.fbcdn.net/v/t51.82787-15/612049837_18042889583711247_1100941510224373152_n.jpg?stp=dst-jpg_e15_tt6&_nc_cat=109&ig_cache_key=MzgwNDc5NzM4NTY5MTk4Mzk2MTE4MDQyODg5NTgwNzExMjQ3.3-ccb7-5&ccb=7-5&_nc_sid=58cdad&efg=eyJ2ZW5jb2RlX3RhZyI6InhwaWRzLjcyMHgxMjgwLnNkci5DMyJ9&_nc_ohc=hQzqVUiPgEgQ7kNvwEYU4_V&_nc_oc=AdnnwrHBe6s7bdevZ36X2mM7NuHuEqL2-bb5FBOMMWbynWYPgIydhWHM8gub_K1XjdbFg01pP3B7N7tD_mVfOM_L&_nc_ad=z-m&_nc_cid=0&_nc_zt=23&_nc_ht=instagram.fsdu8-2.fna&_nc_gid=dgSc8ZiPufOSsRkYD6qVNA&oh=00_AfvpASA_4m6PZIuk0qB7B1T9l7uWcKxL3XhdMEHvaavg4g&oe=6986BB80,"https://instagram.fsdu8-2.fna.fbcdn.net/v/t51.82787-15/612049837_18042889583711247_1100941510224373152_n.jpg?stp=dst-jpg_e15_tt6&_nc_cat=109&ig_cache_key=MzgwNDc5NzM4NTY5MTk4Mzk2MTE4MDQyODg5NTgwNzExMjQ3.3-ccb7-5&ccb=7-5&_nc_sid=58cdad&efg=eyJ2ZW5jb2RlX3RhZyI6InhwaWRzLjcyMHgxMjgwLnNkci5DMyJ9&_nc_ohc=hQzqVUiPgEgQ7kNvwEYU4_V&_nc_oc=AdnnwrHBe6s7bdevZ36X2mM7NuHuEqL2-bb5FBOMMWbynWYPgIydhWHM8gub_K1XjdbFg01pP3B7N7tD_mVfOM_L&_nc_ad=z-m&_nc_cid=0&_nc_zt=23&_nc_ht=instagram.fsdu8-2.fna&_nc_gid=dgSc8ZiPufOSsRkYD6qVNA&oh=00_AfvpASA_4m6PZIuk0qB7B1T9l7uWcKxL3XhdMEHvaavg4g&oe=6986BB80
https://instagram.fsdu8-2.fna.fbcdn.net/v/t51.82787-15/612049837_18042889583711247_1100941510224373152_n.jpg?stp=dst-jpg_e15_p640x640_tt6&_nc_cat=109&ig_cache_key=MzgwNDc5NzM4NTY5MTk4Mzk2MTE4MDQyODg5NTgwNzExMjQ3.3-ccb7-5&ccb=7-5&_nc_sid=58cdad&efg=eyJ2ZW5jb2RlX3RhZyI6InhwaWRzLjcyMHgxMjgwLnNkci5DMyJ9&_nc_ohc=hQzqVUiPgEgQ7kNvwEYU4_V&_nc_oc=AdnnwrHBe6s7bdevZ36X2mM7NuHuEqL2-bb5FBOMMWbynWYPgIydhWHM8gub_K1XjdbFg01pP3B7N7tD_mVfOM_L&_nc_ad=z-m&_nc_cid=0&_nc_zt=23&_nc_ht=instagram.fsdu8-2.fna&_nc_gid=dgSc8ZiPufOSsRkYD6qVNA&oh=00_AfveHUv155pBY2IA2Tog3P-7WC1vlqPXKI-y1gFetJCqXw&oe=6986BB80
https://instagram.fsdu8-2.fna.fbcdn.net/v/t51.82787-15/612049837_18042889583711247_1100941510224373152_n.jpg?stp=dst-jpg_e15_p480x480_tt6&_nc_cat=109&ig_cache_key=MzgwNDc5NzM4NTY5MTk4Mzk2MTE4MDQyODg5NTgwNzExMjQ3.3-ccb7-5&ccb=7-5&_nc_sid=58cdad&efg=eyJ2ZW5jb2RlX3RhZyI6InhwaWRzLjcyMHgxMjgwLnNkci5DMyJ9&_nc_ohc=hQzqVUiPgEgQ7kNvwEYU4_V&_nc_oc=AdnnwrHBe6s7bdevZ36X2mM7NuHuEqL2-bb5FBOMMWbynWYPgIydhWHM8gub_K1XjdbFg01pP3B7N7tD_mVfOM_L&_nc_ad=z-m&_nc_cid=0&_nc_zt=23&_nc_ht=instagram.fsdu8-2.fna&_nc_gid=dgSc8ZiPufOSsRkYD6qVNA&oh=00_AfvaHcplLdPDbOwzhLFbJE4GneyBJ9o7Yu-4UXzOjrQKXw&oe=6986BB80
https://instagram.fsdu8-2.fna.fbcdn.net/v/t51.82787-15/612049837_18042889583711247_1100941510224373152_n.jpg?stp=dst-jpg_e15_p320x320_tt6&_nc_cat=109&ig_cache_key=MzgwNDc5NzM4NTY5MTk4Mzk2MTE4MDQyODg5NTgwNzExMjQ3.3-ccb7-5&ccb=7-5&_nc_sid=58cdad&efg=eyJ2ZW5jb2RlX3RhZyI6InhwaWRzLjcyMHgxMjgwLnNkci5DMyJ9&_nc_ohc=hQzqVUiPgEgQ7kNvwEYU4_V&_nc_oc=AdnnwrHBe6s7bdevZ36X2mM7NuHuEqL2-bb5FBOMMWbynWYPgIydhWHM8gub_K1XjdbFg01pP3B7N7tD_mVfOM_L&_nc_ad=z-m&_nc_cid=0&_nc_zt=23&_nc_ht=instagram.fsdu8-2.fna&_nc_gid=dgSc8ZiPufOSsRkYD6qVNA&oh=00_AfusfcdUpognCEGU1Aq-tMZVIcv5viKNS61HVhpBd87row&oe=6986BB80
https://instagram.fsdu8-2.fna.fbcdn.net/v/t51.82787-15/612049837_18042889583711247_1100941510224373152_n.jpg?stp=dst-jpg_e15_p240x240_tt6&_nc_cat=109&ig_cache_key=MzgwNDc5NzM4NTY5MTk4Mzk2MTE4MDQyODg5NTgwNzExMjQ3.3-ccb7-5&ccb=7-5&_nc_sid=58cdad&efg=eyJ2ZW5jb2RlX3RhZyI6InhwaWRzLjcyMHgxMjgwLnNkci5DMyJ9&_nc_ohc=hQzqVUiPgEgQ7kNvwEYU4_V&_nc_oc=AdnnwrHBe6s7bdevZ36X2mM7NuHuEqL2-bb5FBOMMWbynWYPgIydhWHM8gub_K1XjdbFg01pP3B7N7tD_mVfOM_L&_nc_ad=z-m&_nc_cid=0&_nc_zt=23&_nc_ht=instagram.fsdu8-2.fna&_nc_gid=dgSc8ZiPufOSsRkYD6qVNA&oh=00_AfvWAqddeweQ-xWeNalNuCCd66qvesp9rvkGBe9mjWz_ww&oe=6986BB80
https://instagram.fsdu8-2.fna.fbcdn.net/v/t51.82787-15/612049837_18042889583711247_1100941510224373152_n.jpg?stp=c0.280.720.720a_dst-jpg_e15_s720x720_tt6&_nc_cat=109&ig_cache_key=MzgwNDc5NzM4NTY5MTk4Mzk2MTE4MDQyODg5NTgwNzExMjQ3.3-ccb7-5&ccb=7-5&_nc_sid=58cdad&efg=eyJ2ZW5jb2RlX3RhZyI6InhwaWRzLjcyMHgxMjgwLnNkci5DMyJ9&_nc_ohc=hQzqVUiPgEgQ7kNvwEYU4_V&_nc_oc=AdnnwrHBe6s7bdevZ36X2mM7NuHuEqL2-bb5FBOMMWbynWYPgIydhWHM8gub_K1XjdbFg01pP3B7N7tD_mVfOM_L&_nc_ad=z-m&_nc_cid=0&_nc_zt=23&_nc_ht=instagram.fsdu8-2.fna&_nc_gid=dgSc8ZiPufOSsRkYD6qVNA&oh=00_AfuMDul1FLx9RGcvANLwjR5Z68dQDV2mQx0mpa4c8MpfGg&oe=6986BB80
https://instagram.fsdu8-2.fna.fbcdn.net/v/t51.82787-15/612049837_18042889583711247_1100941510224373152_n.jpg?stp=c0.280.720.720a_dst-jpg_e15_s720x720_tt6&_nc_cat=109&ig_cache_key=MzgwNDc5NzM4NTY5MTk4Mzk2MTE4MDQyODg5NTgwNzExMjQ3.3-ccb7-5&ccb=7-5&_nc_sid=58cdad&efg=eyJ2ZW5jb2RlX3RhZyI6InhwaWRzLjcyMHgxMjgwLnNkci5DMyJ9&_nc_ohc=hQzqVUiPgEgQ7kNvwEYU4_V&_nc_oc=AdnnwrHBe6s7bdevZ36X2mM7NuHuEqL2-bb5FBOMMWbynWYPgIydhWHM8gub_K1XjdbFg01pP3B7N7tD_mVfOM_L&_nc_ad=z-m&_nc_cid=0&_nc_zt=23&_nc_ht=instagram.fsdu8-2.fna&_nc_gid=dgSc8ZiPufOSsRkYD6qVNA&oh=00_AfuMDul1FLx9RGcvANLwjR5Z68dQDV2mQx0mpa4c8MpfGg&oe=6986BB80
https://instagram.fsdu8-2.fna.fbcdn.net/v/t51.82787-15/612049837_18042889583711247_1100941510224373152_n.jpg?stp=c0.280.720.720a_dst-jpg_e15_s640x640_tt6&_nc_cat=109&ig_cache_key=MzgwNDc5NzM4NTY5MTk4Mzk2MTE4MDQyODg5NTgwNzExMjQ3.3-ccb7-5&ccb=7-5&_nc_sid=58cdad&efg=eyJ2ZW5jb2RlX3RhZyI6InhwaWRzLjcyMHgxMjgwLnNkci5DMyJ9&_nc_ohc=hQzqVUiPgEgQ7kNvwEYU4_V&_nc_oc=AdnnwrHBe6s7bdevZ36X2mM7NuHuEqL2-bb5FBOMMWbynWYPgIydhWHM8gub_K1XjdbFg01pP3B7N7tD_mVfOM_L&_nc_ad=z-m&_nc_cid=0&_nc_zt=23&_nc_ht=instagram.fsdu8-2.fna&_nc_gid=dgSc8ZiPufOSsRkYD6qVNA&oh=00_AftcpjQgjKD25pixGrqIT0cY2BeTwgAkgrj1HGauNHhoXQ&oe=6986BB80
https://instagram.fsdu8-2.fna.fbcdn.net/v/t51.82787-15/612049837_18042889583711247_1100941510224373152_n.jpg?stp=c0.280.720.720a_dst-jpg_e15_s480x480_tt6&_nc_cat=109&ig_cache_key=MzgwNDc5NzM4NTY5MTk4Mzk2MTE4MDQyODg5NTgwNzExMjQ3.3-ccb7-5&ccb=7-5&_nc_sid=58cdad&efg=eyJ2ZW5jb2RlX3RhZyI6InhwaWRzLjcyMHgxMjgwLnNkci5DMyJ9&_nc_ohc=hQzqVUiPgEgQ7kNvwEYU4_V&_nc_oc=AdnnwrHBe6s7bdevZ36X2mM7NuHuEqL2-bb5FBOMMWbynWYPgIydhWHM8gub_K1XjdbFg01pP3B7N7tD_mVfOM_L&_nc_ad=z-m&_nc_cid=0&_nc_zt=23&_nc_ht=instagram.fsdu8-2.fna&_nc_gid=dgSc8ZiPufOSsRkYD6qVNA&oh=00_AftTyDL6NhuFKOKokGIhNuf_rYCZqPuGjjtqHFo-p5uxKw&oe=6986BB80
https://instagram.fsdu8-2.fna.fbcdn.net/v/t51.82787-15/612049837_18042889583711247_1100941510224373152_n.jpg?stp=c0.280.720.720a_dst-jpg_e15_s320x320_tt6&_nc_cat=109&ig_cache_key=MzgwNDc5NzM4NTY5MTk4Mzk2MTE4MDQyODg5NTgwNzExMjQ3.3-ccb7-5&ccb=7-5&_nc_sid=58cdad&efg=eyJ2ZW5jb2RlX3RhZyI6InhwaWRzLjcyMHgxMjgwLnNkci5DMyJ9&_nc_ohc=hQzqVUiPgEgQ7kNvwEYU4_V&_nc_oc=AdnnwrHBe6s7bdevZ36X2mM7NuHuEqL2-bb5FBOMMWbynWYPgIydhWHM8gub_K1XjdbFg01pP3B7N7tD_mVfOM_L&_nc_ad=z-m&_nc_cid=0&_nc_zt=23&_nc_ht=instagram.fsdu8-2.fna&_nc_gid=dgSc8ZiPufOSsRkYD6qVNA&oh=00_AfsCT0y0Wk95czHJG8RAKjlxYmvNeNCF2sUSEfO4JAMAXw&oe=6986BB80
https://instagram.fsdu8-2.fna.fbcdn.net/v/t51.82787-15/612049837_18042889583711247_1100941510224373152_n.jpg?stp=c0.280.720.720a_dst-jpg_e15_s240x240_tt6&_nc_cat=109&ig_cache_key=MzgwNDc5NzM4NTY5MTk4Mzk2MTE4MDQyODg5NTgwNzExMjQ3.3-ccb7-5&ccb=7-5&_nc_sid=58cdad&efg=eyJ2ZW5jb2RlX3RhZyI6InhwaWRzLjcyMHgxMjgwLnNkci5DMyJ9&_nc_ohc=hQzqVUiPgEgQ7kNvwEYU4_V&_nc_oc=AdnnwrHBe6s7bdevZ36X2mM7NuHuEqL2-bb5FBOMMWbynWYPgIydhWHM8gub_K1XjdbFg01pP3B7N7tD_mVfOM_L&_nc_ad=z-m&_nc_cid=0&_nc_zt=23&_nc_ht=instagram.fsdu8-2.fna&_nc_gid=dgSc8ZiPufOSsRkYD6qVNA&oh=00_AfuW3CvqSFZVD563JEqHDeilx1v5cC_68zRb_Zc6K0tQWA&oe=6986BB80
https://instagram.fsdu8-2.fna.fbcdn.net/v/t51.82787-15/612049837_18042889583711247_1100941510224373152_n.jpg?stp=c0.280.720.720a_dst-jpg_e15_s150x150_tt6&_nc_cat=109&ig_cache_key=MzgwNDc5NzM4NTY5MTk4Mzk2MTE4MDQyODg5NTgwNzExMjQ3.3-ccb7-5&ccb=7-5&_nc_sid=58cdad&efg=eyJ2ZW5jb2RlX3RhZyI6InhwaWRzLjcyMHgxMjgwLnNkci5DMyJ9&_nc_ohc=hQzqVUiPgEgQ7kNvwEYU4_V&_nc_oc=AdnnwrHBe6s7bdevZ36X2mM7NuHuEqL2-bb5FBOMMWbynWYPgIydhWHM8gub_K1XjdbFg01pP3B7N7tD_mVfOM_L&_nc_ad=z-m&_nc_cid=0&_nc_zt=23&_nc_ht=instagram.fsdu8-2.fna&_nc_gid=dgSc8ZiPufOSsRkYD6qVNA&oh=00_AftgQ8X_jYcwttFwMkNE_URU6XAIu9tnr4gaV9EkDn8uSQ&oe=6986BB80",NA,NO,YES,https://instagram.fsdu8-1.fna.fbcdn.net/o1/v/t2/f2/m86/AQM_UvU2EZhlqjv2IGwqlewqE4gW1Ws6RAYYh-vjs0CN0Mzs69UDGTM_zcYmXppR65r1VMy1o7HckhVUSHke1I8w4H65v7ONNy2qUu0.mp4?_nc_cat=102&_nc_oc=AdkgD019beDGX1PjP7sKsaWRBudNTNchPK57JriDdfejnB_HDOKzACg1zIRl92TQaYk-Lo-XbE1djO0q5I7ATaY_&_nc_sid=5e9851&_nc_ht=instagram.fsdu8-1.fna.fbcdn.net&_nc_ohc=cqqwJPd-dNoQ7kNvwEF5f9H&efg=eyJ2ZW5jb2RlX3RhZyI6Inhwdl9wcm9ncmVzc2l2ZS5JTlNUQUdSQU0uQ0xJUFMuQzMuNzIwLmRhc2hfYmFzZWxpbmVfMV92MSIsInhwdl9hc3NldF9pZCI6MTkyMTM5MjQzMjU5MDcyMiwiYXNzZXRfYWdlX2RheXMiOjI4LCJ2aV91c2VjYXNlX2lkIjoxMDA5OSwiZHVyYXRpb25fcyI6ODUsInVybGdlbl9zb3VyY2UiOiJ3d3cifQ%3D%3D&ccb=17-1&_nc_gid=dgSc8ZiPufOSsRkYD6qVNA&_nc_zt=28&vs=663f29d472525276&_nc_vs=HBksFQIYUmlnX3hwdl9yZWVsc19wZXJtYW5lbnRfc3JfcHJvZC84QTRBMTJBN0FBQjREQzI0QzNEMkFFNDQ5QjMxMTRBQV92aWRlb19kYXNoaW5pdC5tcDQVAALIARIAFQIYOnBhc3N0aHJvdWdoX2V2ZXJzdG9yZS9HRlFJVENTck5VaTYtSUlIQUM2T1hQVThMWkJjYnN0VEFRQUYVAgLIARIAKAAYABsCiAd1c2Vfb2lsATEScHJvZ3Jlc3NpdmVfcmVjaXBlATEVAAAmhL7ZluHf6QYVAigCQzMsF0BVTul41P30GBJkYXNoX2Jhc2VsaW5lXzFfdjERAHX-B2XmnQEA&oh=00_Afu4mE-NEp7hVj3EYrRTpexDYE7x55AOOdw4bV6aRC_9xA&oe=6982CD33,NA,51224655246,irmaos.diaspodcast,NA,NA,NA,NA,NA,NA,Autoridade,"Trata-se de um discurso voltado a interpretar e explicar dinâmicas de poder política internacional e conhecimentos históricos, construindo legitimidade pelo conhecimento especializado. Classificado como Competência.",25.8741258741259,74.1258741258741,16.4335664335664,8.04195804195804,13.6363636363636,20.2797202797203,4.54545454545455,23.7762237762238,3.84615384615385,9.44055944055944
postagem_11,3803989834717869056,DTKfJmrjjSd,"Tue, 06 Jan 2026 09:15:00 GMT",2026-01-06T03:00:00Z,1767690900,Que a selvageria imperialista na Venezuela sirva para demarcar os que estão lutando por um projeto nacional x os que querem a barbárie no Brasil.,NA,9585,1248,https://www.instagram.com/p/DTKfJmrjjSd/,https://instagram.fsdu8-1.fna.fbcdn.net/v/t51.71878-15/610890033_1437126681365881_7215836919092156774_n.jpg?stp=dst-jpegr_e15_tt6&_nc_cat=104&ig_cache_key=MzgwMzk4OTgzNDcxNzg2OTIxMw%3D%3D.3-ccb7-5&ccb=7-5&_nc_sid=58cdad&efg=eyJ2ZW5jb2RlX3RhZyI6InhwaWRzLjY0MHgxMTM2Lmhkci5DMyJ9&_nc_ohc=81BDp_UwxLoQ7kNvwF9-1bh&_nc_oc=AdkkBtd9FDyZ5rFBe-sAccZ0dxZfS3ls7E3FGWyOOI6Ugu7pvJ6DscYFCLFj-jw6wSL4xIyZqTysaZ2r1FyH1IjS&_nc_ad=z-m&_nc_cid=0&_nc_zt=23&se=-1&_nc_ht=instagram.fsdu8-1.fna&_nc_gid=dgSc8ZiPufOSsRkYD6qVNA&oh=00_AfuIh5PWNaobWD-vULXZLsF9d4ips0pfUbhduw3gY16oyw&oe=6986C58B,https://instagram.fsdu8-1.fna.fbcdn.net/v/t51.71878-15/610890033_1437126681365881_7215836919092156774_n.jpg?stp=dst-jpegr_e15_tt6&_nc_cat=104&ig_cache_key=MzgwMzk4OTgzNDcxNzg2OTIxMw%3D%3D.3-ccb7-5&ccb=7-5&_nc_sid=58cdad&efg=eyJ2ZW5jb2RlX3RhZyI6InhwaWRzLjY0MHgxMTM2Lmhkci5DMyJ9&_nc_ohc=81BDp_UwxLoQ7kNvwF9-1bh&_nc_oc=AdkkBtd9FDyZ5rFBe-sAccZ0dxZfS3ls7E3FGWyOOI6Ugu7pvJ6DscYFCLFj-jw6wSL4xIyZqTysaZ2r1FyH1IjS&_nc_ad=z-m&_nc_cid=0&_nc_zt=23&se=-1&_nc_ht=instagram.fsdu8-1.fna&_nc_gid=dgSc8ZiPufOSsRkYD6qVNA&oh=00_AfuIh5PWNaobWD-vULXZLsF9d4ips0pfUbhduw3gY16oyw&oe=6986C58B,"https://instagram.fsdu8-1.fna.fbcdn.net/v/t51.71878-15/610890033_1437126681365881_7215836919092156774_n.jpg?stp=dst-jpegr_e15_tt6&_nc_cat=104&ig_cache_key=MzgwMzk4OTgzNDcxNzg2OTIxMw%3D%3D.3-ccb7-5&ccb=7-5&_nc_sid=58cdad&efg=eyJ2ZW5jb2RlX3RhZyI6InhwaWRzLjY0MHgxMTM2Lmhkci5DMyJ9&_nc_ohc=81BDp_UwxLoQ7kNvwF9-1bh&_nc_oc=AdkkBtd9FDyZ5rFBe-sAccZ0dxZfS3ls7E3FGWyOOI6Ugu7pvJ6DscYFCLFj-jw6wSL4xIyZqTysaZ2r1FyH1IjS&_nc_ad=z-m&_nc_cid=0&_nc_zt=23&se=-1&_nc_ht=instagram.fsdu8-1.fna&_nc_gid=dgSc8ZiPufOSsRkYD6qVNA&oh=00_AfuIh5PWNaobWD-vULXZLsF9d4ips0pfUbhduw3gY16oyw&oe=6986C58B
https://instagram.fsdu8-1.fna.fbcdn.net/v/t51.71878-15/610890033_1437126681365881_7215836919092156774_n.jpg?stp=dst-jpegr_e15_p480x480_tt6&_nc_cat=104&ig_cache_key=MzgwMzk4OTgzNDcxNzg2OTIxMw%3D%3D.3-ccb7-5&ccb=7-5&_nc_sid=58cdad&efg=eyJ2ZW5jb2RlX3RhZyI6InhwaWRzLjY0MHgxMTM2Lmhkci5DMyJ9&_nc_ohc=81BDp_UwxLoQ7kNvwF9-1bh&_nc_oc=AdkkBtd9FDyZ5rFBe-sAccZ0dxZfS3ls7E3FGWyOOI6Ugu7pvJ6DscYFCLFj-jw6wSL4xIyZqTysaZ2r1FyH1IjS&_nc_ad=z-m&_nc_cid=0&_nc_zt=23&se=-1&_nc_ht=instagram.fsdu8-1.fna&_nc_gid=dgSc8ZiPufOSsRkYD6qVNA&oh=00_AftfIo3BlYY1ILJNFD0D_70xtM0wcpxrP_CYBfcSmlmoKg&oe=6986C58B
https://instagram.fsdu8-1.fna.fbcdn.net/v/t51.71878-15/610890033_1437126681365881_7215836919092156774_n.jpg?stp=dst-jpegr_e15_p320x320_tt6&_nc_cat=104&ig_cache_key=MzgwMzk4OTgzNDcxNzg2OTIxMw%3D%3D.3-ccb7-5&ccb=7-5&_nc_sid=58cdad&efg=eyJ2ZW5jb2RlX3RhZyI6InhwaWRzLjY0MHgxMTM2Lmhkci5DMyJ9&_nc_ohc=81BDp_UwxLoQ7kNvwF9-1bh&_nc_oc=AdkkBtd9FDyZ5rFBe-sAccZ0dxZfS3ls7E3FGWyOOI6Ugu7pvJ6DscYFCLFj-jw6wSL4xIyZqTysaZ2r1FyH1IjS&_nc_ad=z-m&_nc_cid=0&_nc_zt=23&se=-1&_nc_ht=instagram.fsdu8-1.fna&_nc_gid=dgSc8ZiPufOSsRkYD6qVNA&oh=00_AfvWHvhobJklUKAxBd0QHIfnNbElwJEUu4908C8wOlmQjw&oe=6986C58B
https://instagram.fsdu8-1.fna.fbcdn.net/v/t51.71878-15/610890033_1437126681365881_7215836919092156774_n.jpg?stp=dst-jpegr_e15_p240x240_tt6&_nc_cat=104&ig_cache_key=MzgwMzk4OTgzNDcxNzg2OTIxMw%3D%3D.3-ccb7-5&ccb=7-5&_nc_sid=58cdad&efg=eyJ2ZW5jb2RlX3RhZyI6InhwaWRzLjY0MHgxMTM2Lmhkci5DMyJ9&_nc_ohc=81BDp_UwxLoQ7kNvwF9-1bh&_nc_oc=AdkkBtd9FDyZ5rFBe-sAccZ0dxZfS3ls7E3FGWyOOI6Ugu7pvJ6DscYFCLFj-jw6wSL4xIyZqTysaZ2r1FyH1IjS&_nc_ad=z-m&_nc_cid=0&_nc_zt=23&se=-1&_nc_ht=instagram.fsdu8-1.fna&_nc_gid=dgSc8ZiPufOSsRkYD6qVNA&oh=00_AfsHHMsmjSqkXp83DpsOHZoZu6-DxBKQjZugExwqGn2sSg&oe=6986C58B
https://instagram.fsdu8-1.fna.fbcdn.net/v/t51.71878-15/610890033_1437126681365881_7215836919092156774_n.jpg?stp=c0.248.640.640a_dst-jpegr_e15_s640x639_tt6&_nc_cat=104&ig_cache_key=MzgwMzk4OTgzNDcxNzg2OTIxMw%3D%3D.3-ccb7-5&ccb=7-5&_nc_sid=58cdad&efg=eyJ2ZW5jb2RlX3RhZyI6InhwaWRzLjY0MHgxMTM2Lmhkci5DMyJ9&_nc_ohc=81BDp_UwxLoQ7kNvwF9-1bh&_nc_oc=AdkkBtd9FDyZ5rFBe-sAccZ0dxZfS3ls7E3FGWyOOI6Ugu7pvJ6DscYFCLFj-jw6wSL4xIyZqTysaZ2r1FyH1IjS&_nc_ad=z-m&_nc_cid=0&_nc_zt=23&se=-1&_nc_ht=instagram.fsdu8-1.fna&_nc_gid=dgSc8ZiPufOSsRkYD6qVNA&oh=00_Aft2cn7EUwTcqhZ2Ou6j1PKOFbtCrobw32tWgPvGQpVGuA&oe=6986C58B
https://instagram.fsdu8-1.fna.fbcdn.net/v/t51.71878-15/610890033_1437126681365881_7215836919092156774_n.jpg?stp=c0.248.640.640a_dst-jpegr_e15_s640x639_tt6&_nc_cat=104&ig_cache_key=MzgwMzk4OTgzNDcxNzg2OTIxMw%3D%3D.3-ccb7-5&ccb=7-5&_nc_sid=58cdad&efg=eyJ2ZW5jb2RlX3RhZyI6InhwaWRzLjY0MHgxMTM2Lmhkci5DMyJ9&_nc_ohc=81BDp_UwxLoQ7kNvwF9-1bh&_nc_oc=AdkkBtd9FDyZ5rFBe-sAccZ0dxZfS3ls7E3FGWyOOI6Ugu7pvJ6DscYFCLFj-jw6wSL4xIyZqTysaZ2r1FyH1IjS&_nc_ad=z-m&_nc_cid=0&_nc_zt=23&se=-1&_nc_ht=instagram.fsdu8-1.fna&_nc_gid=dgSc8ZiPufOSsRkYD6qVNA&oh=00_Aft2cn7EUwTcqhZ2Ou6j1PKOFbtCrobw32tWgPvGQpVGuA&oe=6986C58B
https://instagram.fsdu8-1.fna.fbcdn.net/v/t51.71878-15/610890033_1437126681365881_7215836919092156774_n.jpg?stp=c0.248.640.640a_dst-jpegr_e15_s640x639_tt6&_nc_cat=104&ig_cache_key=MzgwMzk4OTgzNDcxNzg2OTIxMw%3D%3D.3-ccb7-5&ccb=7-5&_nc_sid=58cdad&efg=eyJ2ZW5jb2RlX3RhZyI6InhwaWRzLjY0MHgxMTM2Lmhkci5DMyJ9&_nc_ohc=81BDp_UwxLoQ7kNvwF9-1bh&_nc_oc=AdkkBtd9FDyZ5rFBe-sAccZ0dxZfS3ls7E3FGWyOOI6Ugu7pvJ6DscYFCLFj-jw6wSL4xIyZqTysaZ2r1FyH1IjS&_nc_ad=z-m&_nc_cid=0&_nc_zt=23&se=-1&_nc_ht=instagram.fsdu8-1.fna&_nc_gid=dgSc8ZiPufOSsRkYD6qVNA&oh=00_Aft2cn7EUwTcqhZ2Ou6j1PKOFbtCrobw32tWgPvGQpVGuA&oe=6986C58B
https://instagram.fsdu8-1.fna.fbcdn.net/v/t51.71878-15/610890033_1437126681365881_7215836919092156774_n.jpg?stp=c0.248.640.640a_dst-jpegr_e15_s480x480_tt6&_nc_cat=104&ig_cache_key=MzgwMzk4OTgzNDcxNzg2OTIxMw%3D%3D.3-ccb7-5&ccb=7-5&_nc_sid=58cdad&efg=eyJ2ZW5jb2RlX3RhZyI6InhwaWRzLjY0MHgxMTM2Lmhkci5DMyJ9&_nc_ohc=81BDp_UwxLoQ7kNvwF9-1bh&_nc_oc=AdkkBtd9FDyZ5rFBe-sAccZ0dxZfS3ls7E3FGWyOOI6Ugu7pvJ6DscYFCLFj-jw6wSL4xIyZqTysaZ2r1FyH1IjS&_nc_ad=z-m&_nc_cid=0&_nc_zt=23&se=-1&_nc_ht=instagram.fsdu8-1.fna&_nc_gid=dgSc8ZiPufOSsRkYD6qVNA&oh=00_AftVWNAbZF4A59CKzk-7Xgc2t_1-NoJ0KQoPnJ7AG74WJg&oe=6986C58B
https://instagram.fsdu8-1.fna.fbcdn.net/v/t51.71878-15/610890033_1437126681365881_7215836919092156774_n.jpg?stp=c0.248.640.640a_dst-jpegr_e15_s320x320_tt6&_nc_cat=104&ig_cache_key=MzgwMzk4OTgzNDcxNzg2OTIxMw%3D%3D.3-ccb7-5&ccb=7-5&_nc_sid=58cdad&efg=eyJ2ZW5jb2RlX3RhZyI6InhwaWRzLjY0MHgxMTM2Lmhkci5DMyJ9&_nc_ohc=81BDp_UwxLoQ7kNvwF9-1bh&_nc_oc=AdkkBtd9FDyZ5rFBe-sAccZ0dxZfS3ls7E3FGWyOOI6Ugu7pvJ6DscYFCLFj-jw6wSL4xIyZqTysaZ2r1FyH1IjS&_nc_ad=z-m&_nc_cid=0&_nc_zt=23&se=-1&_nc_ht=instagram.fsdu8-1.fna&_nc_gid=dgSc8ZiPufOSsRkYD6qVNA&oh=00_AfuR_szwLBBfv5UPsXGCX8f5NbqIO9YfWPziYkBkVTORhg&oe=6986C58B
https://instagram.fsdu8-1.fna.fbcdn.net/v/t51.71878-15/610890033_1437126681365881_7215836919092156774_n.jpg?stp=c0.248.640.640a_dst-jpegr_e15_s240x240_tt6&_nc_cat=104&ig_cache_key=MzgwMzk4OTgzNDcxNzg2OTIxMw%3D%3D.3-ccb7-5&ccb=7-5&_nc_sid=58cdad&efg=eyJ2ZW5jb2RlX3RhZyI6InhwaWRzLjY0MHgxMTM2Lmhkci5DMyJ9&_nc_ohc=81BDp_UwxLoQ7kNvwF9-1bh&_nc_oc=AdkkBtd9FDyZ5rFBe-sAccZ0dxZfS3ls7E3FGWyOOI6Ugu7pvJ6DscYFCLFj-jw6wSL4xIyZqTysaZ2r1FyH1IjS&_nc_ad=z-m&_nc_cid=0&_nc_zt=23&se=-1&_nc_ht=instagram.fsdu8-1.fna&_nc_gid=dgSc8ZiPufOSsRkYD6qVNA&oh=00_Afva_kzkc_koGlJyVE01UUYA19qlxi-lD084jimI36v6-g&oe=6986C58B
https://instagram.fsdu8-1.fna.fbcdn.net/v/t51.71878-15/610890033_1437126681365881_7215836919092156774_n.jpg?stp=c0.248.640.640a_dst-jpegr_e15_s150x150_tt6&_nc_cat=104&ig_cache_key=MzgwMzk4OTgzNDcxNzg2OTIxMw%3D%3D.3-ccb7-5&ccb=7-5&_nc_sid=58cdad&efg=eyJ2ZW5jb2RlX3RhZyI6InhwaWRzLjY0MHgxMTM2Lmhkci5DMyJ9&_nc_ohc=81BDp_UwxLoQ7kNvwF9-1bh&_nc_oc=AdkkBtd9FDyZ5rFBe-sAccZ0dxZfS3ls7E3FGWyOOI6Ugu7pvJ6DscYFCLFj-jw6wSL4xIyZqTysaZ2r1FyH1IjS&_nc_ad=z-m&_nc_cid=0&_nc_zt=23&se=-1&_nc_ht=instagram.fsdu8-1.fna&_nc_gid=dgSc8ZiPufOSsRkYD6qVNA&oh=00_AfuK6pGf0832tS9BTpk1d7wOwWXi6P15LF20FtnUccjZRw&oe=6986C58B",NA,NO,YES,https://instagram.fsdu8-1.fna.fbcdn.net/o1/v/t2/f2/m86/AQN3DeYCd_NZMzAVyjGZ6X9e4UMc-vXeqirSxZ8nkEjWUwBXZDqg9zX-3L2Ce9jSWjwMnCj4btcd1lQvnQD9k4aWkmmXHJguwazCOvM.mp4?_nc_cat=101&_nc_oc=AdksFgRz6GUR-5DLy65AhHpqxuaHOniEgZEFkC652YvY-D7HYaFwcXDIJw5BL5CSpCHsIlwRB_oKBpcPFPHcjY77&_nc_sid=5e9851&_nc_ht=instagram.fsdu8-1.fna.fbcdn.net&_nc_ohc=s8KqdAlChxMQ7kNvwHDRUQH&efg=eyJ2ZW5jb2RlX3RhZyI6Inhwdl9wcm9ncmVzc2l2ZS5JTlNUQUdSQU0uQ0xJUFMuQzMuNzIwLmRhc2hfYmFzZWxpbmVfMV92MSIsInhwdl9hc3NldF9pZCI6ODY2NDY5MzQ5NDMzOTAyLCJhc3NldF9hZ2VfZGF5cyI6MjcsInZpX3VzZWNhc2VfaWQiOjEwMDk5LCJkdXJhdGlvbl9zIjoxNjMsInVybGdlbl9zb3VyY2UiOiJ3d3cifQ%3D%3D&ccb=17-1&vs=fe71faa5e50f93db&_nc_vs=HBksFQIYUmlnX3hwdl9yZWVsc19wZXJtYW5lbnRfc3JfcHJvZC8yNTQ2NTRFMEJDQzc2Mjk5RTNFRTQ5NTk4NDFGNjNCMV92aWRlb19kYXNoaW5pdC5tcDQVAALIARIAFQIYOnBhc3N0aHJvdWdoX2V2ZXJzdG9yZS9HTVFRYUNRNEhZR0RqVjRIQUt3WDUtMnBVTk5fYnN0VEFRQUYVAgLIARIAKAAYABsCiAd1c2Vfb2lsATEScHJvZ3Jlc3NpdmVfcmVjaXBlATEVAAAm3IjB3JODigMVAigCQzMsF0Bke7ZFocrBGBJkYXNoX2Jhc2VsaW5lXzFfdjERAHX-B2XmnQEA&_nc_gid=dgSc8ZiPufOSsRkYD6qVNA&_nc_zt=28&oh=00_AfvWXLDk_XAls5PWktvrgoTIjFlJIup5cQpbRO2K8Vn2vQ&oe=6982F8C6,NA,3194347257,eliasmkjabbour,NA,NA,NA,NA,NA,NA,Autenticidade,"Trata-se de um discurso de marcação política e mobilização moral, voltado a consolidar um campo ideológico e distinguir aliados de adversários. Predomina a Autenticidade, com um leve componente de Humanização e pouca ênfase em Competência.",36.8243243243243,63.1756756756757,15.5405405405405,9.12162162162162,10.1351351351351,20.2702702702703,7.09459459459459,17.2297297297297,4.72972972972973,15.8783783783784
postagem_10,3803637504322748416,DTJPChbgsCm,"Mon, 05 Jan 2026 21:35:46 GMT",2026-01-05T03:00:00Z,1767648946,"A China é uma força global articulada em todos os planos, econômico, logístico, informacional e bélico, combinando força tradicional com inovação tecnológica sem precedentes. “China maintains defence spending increase at 7.2% amid roiling geopolitical tensions”, em Reuters, 5 de março de 2025
https://www.reuters.com/world/china/china-maintains-defence-spending-increase-72-2025-03-05/ “China to keep defence budget boost at 7.2% this year, em Euronews, 5 de março de 2025
https://www.euronews.com/2025/03/05/china-to-keep-defence-budget-boost-at-72-this-year 

“2025 Military Strength Ranking” em Global Firepower (ranking global), 2025 edition
https://www.globalfirepower.com/countries-listing.php “2025 China Military Strength” em Global Firepower, 2025 edition
https://www.globalfirepower.com/country-military-strength-detail.php?country_id=china 
“The world’s most powerful militaries in 2025, ranked” , em Business Insider, 12 de novembro de 2025
https://www.businessinsider.com/most-powerful-militaries. 
“Active Military Manpower by Country (2025)”, em Global Firepower
https://www.globalfirepower.com/active-military-manpower.php",NA,3065,85,https://www.instagram.com/p/DTJPChbgsCm/,https://instagram.fsdu8-2.fna.fbcdn.net/v/t51.82787-15/612096475_18499570057072042_8432310563780272750_n.jpg?stp=dst-jpg_e35_tt6&_nc_cat=109&ig_cache_key=MzgwMzYzNzQ2NzA2ODkyMzIzOA%3D%3D.3-ccb7-5&ccb=7-5&_nc_sid=58cdad&efg=eyJ2ZW5jb2RlX3RhZyI6InhwaWRzLjEyMDZ4MTIwNi5zZHIuQzMifQ%3D%3D&_nc_ohc=gNc_chkfXroQ7kNvwEp4I4X&_nc_oc=AdlHidk5citkzx5vs388DydasXsNhGZPKoBb0fRplbXQnJW6qOyRPkLFeqsh8mrFWhuHA6tebH3FSPym72UG9l2c&_nc_ad=z-m&_nc_cid=0&_nc_zt=23&_nc_ht=instagram.fsdu8-2.fna&_nc_gid=dgSc8ZiPufOSsRkYD6qVNA&oh=00_Afuu3-n4X0nBFs1Q4b2d3YQ48hjSLDofndvWTpoljYZw3w&oe=6986F1F5,https://instagram.fsdu8-2.fna.fbcdn.net/v/t51.82787-15/612096475_18499570057072042_8432310563780272750_n.jpg?stp=dst-jpg_e35_tt6&_nc_cat=109&ig_cache_key=MzgwMzYzNzQ2NzA2ODkyMzIzOA%3D%3D.3-ccb7-5&ccb=7-5&_nc_sid=58cdad&efg=eyJ2ZW5jb2RlX3RhZyI6InhwaWRzLjEyMDZ4MTIwNi5zZHIuQzMifQ%3D%3D&_nc_ohc=gNc_chkfXroQ7kNvwEp4I4X&_nc_oc=AdlHidk5citkzx5vs388DydasXsNhGZPKoBb0fRplbXQnJW6qOyRPkLFeqsh8mrFWhuHA6tebH3FSPym72UG9l2c&_nc_ad=z-m&_nc_cid=0&_nc_zt=23&_nc_ht=instagram.fsdu8-2.fna&_nc_gid=dgSc8ZiPufOSsRkYD6qVNA&oh=00_Afuu3-n4X0nBFs1Q4b2d3YQ48hjSLDofndvWTpoljYZw3w&oe=6986F1F5,"https://instagram.fsdu8-2.fna.fbcdn.net/v/t51.82787-15/612096475_18499570057072042_8432310563780272750_n.jpg?stp=dst-jpg_e35_tt6&_nc_cat=109&ig_cache_key=MzgwMzYzNzQ2NzA2ODkyMzIzOA%3D%3D.3-ccb7-5&ccb=7-5&_nc_sid=58cdad&efg=eyJ2ZW5jb2RlX3RhZyI6InhwaWRzLjEyMDZ4MTIwNi5zZHIuQzMifQ%3D%3D&_nc_ohc=gNc_chkfXroQ7kNvwEp4I4X&_nc_oc=AdlHidk5citkzx5vs388DydasXsNhGZPKoBb0fRplbXQnJW6qOyRPkLFeqsh8mrFWhuHA6tebH3FSPym72UG9l2c&_nc_ad=z-m&_nc_cid=0&_nc_zt=23&_nc_ht=instagram.fsdu8-2.fna&_nc_gid=dgSc8ZiPufOSsRkYD6qVNA&oh=00_Afuu3-n4X0nBFs1Q4b2d3YQ48hjSLDofndvWTpoljYZw3w&oe=6986F1F5
https://instagram.fsdu8-1.fna.fbcdn.net/v/t51.82787-15/589855110_18499570060072042_5644207475639244011_n.jpg?stp=dst-jpg_e35_tt6&_nc_cat=111&ig_cache_key=MzgwMzYzNzQ2NzA1MjEyMTI2Mw%3D%3D.3-ccb7-5&ccb=7-5&_nc_sid=58cdad&efg=eyJ2ZW5jb2RlX3RhZyI6InhwaWRzLjEyMDZ4MTIwNi5zZHIuQzMifQ%3D%3D&_nc_ohc=iwF_-fyIRtMQ7kNvwE8aqtV&_nc_oc=AdnlJM8A4AS9KZV0twOug31WcD-ocwPie5nz3w4qNy1H3prKRdf7GsA_rsd73NJRCFVjzokW_az1jNzNRJBIUhFr&_nc_ad=z-m&_nc_cid=0&_nc_zt=23&_nc_ht=instagram.fsdu8-1.fna&_nc_gid=dgSc8ZiPufOSsRkYD6qVNA&oh=00_AfvEeHgRltcvcQwrL85Es_9idxd3v8AoAuuBsR5aQyeSCg&oe=6986DD00
https://instagram.fsdu8-1.fna.fbcdn.net/v/t51.82787-15/610633272_18499570084072042_3842634106767842267_n.jpg?stp=dst-jpg_e35_tt6&_nc_cat=104&ig_cache_key=MzgwMzYzNzQ2NzA1MjE3NTE4MQ%3D%3D.3-ccb7-5&ccb=7-5&_nc_sid=58cdad&efg=eyJ2ZW5jb2RlX3RhZyI6InhwaWRzLjEyMDZ4MTIwNi5zZHIuQzMifQ%3D%3D&_nc_ohc=cDbdiF-cYcAQ7kNvwG9RSYt&_nc_oc=AdlhY3Y-lIwz0Tq9xDBkR9sTeJ4Xoywy5cyHjagrqnxdy2SeWwjjNDc2gtx9jMGLperQ4hBO98sGA8CSBCVIYM-A&_nc_ad=z-m&_nc_cid=0&_nc_zt=23&_nc_ht=instagram.fsdu8-1.fna&_nc_gid=dgSc8ZiPufOSsRkYD6qVNA&oh=00_AfsPoD5JC_A41YgIpGWdZDHqndyq74ZHua9P9Ge_Ody0Pg&oe=6986CE74
https://instagram.fsdu8-2.fna.fbcdn.net/v/t51.82787-15/610869097_18499570069072042_8744282772562732107_n.jpg?stp=dst-jpg_e35_tt6&_nc_cat=103&ig_cache_key=MzgwMzYzNzQ2NzM0NTc3NzQwMA%3D%3D.3-ccb7-5&ccb=7-5&_nc_sid=58cdad&efg=eyJ2ZW5jb2RlX3RhZyI6InhwaWRzLjEyMDZ4MTIwNi5zZHIuQzMifQ%3D%3D&_nc_ohc=kZCJhwamKtkQ7kNvwG0xx6n&_nc_oc=Adl6zC2k5Wy-dlDN3HTVOFeXKyxzHaM-H8moWuakGY7zLNJ8Li7-GsPJNXjbWY9pT71lkeR2q1ek-0VWmN7nh3jS&_nc_ad=z-m&_nc_cid=0&_nc_zt=23&_nc_ht=instagram.fsdu8-2.fna&_nc_gid=dgSc8ZiPufOSsRkYD6qVNA&oh=00_AftTqcXwt0vkWTxFnfK_jTVt1QomDXJx2z1qk2TDsQ3Ixw&oe=6986D03E
https://instagram.fsdu8-2.fna.fbcdn.net/v/t51.82787-15/590957625_18499570087072042_5959723137866355207_n.jpg?stp=dst-jpg_e35_tt6&_nc_cat=109&ig_cache_key=MzgwMzYzNzQ2NzA0Mzc2MTAxNQ%3D%3D.3-ccb7-5&ccb=7-5&_nc_sid=58cdad&efg=eyJ2ZW5jb2RlX3RhZyI6InhwaWRzLjEyMDZ4MTIwNi5zZHIuQzMifQ%3D%3D&_nc_ohc=bmgJtWyUsvcQ7kNvwGVJTRx&_nc_oc=AdkCOvGKzDJ8rbQt4DpIgjuGnp5rX8XAsQLugdS5rjArVCiB4iO6IkE1XcgkffBwmny-Kaac36UvnWgfU7N891yg&_nc_ad=z-m&_nc_cid=0&_nc_zt=23&_nc_ht=instagram.fsdu8-2.fna&_nc_gid=dgSc8ZiPufOSsRkYD6qVNA&oh=00_Afu8YphegqIMa32In0GTDDweeZyWrhXD4-ZSWO5R_OfMmg&oe=6986DDDB
https://instagram.fsdu8-1.fna.fbcdn.net/v/t51.82787-15/589332748_18499570129072042_1400076608286700346_n.jpg?stp=dst-jpg_e35_tt6&_nc_cat=102&ig_cache_key=MzgwMzYzNzQ2NzMxMjIwOTIzOA%3D%3D.3-ccb7-5&ccb=7-5&_nc_sid=58cdad&efg=eyJ2ZW5jb2RlX3RhZyI6InhwaWRzLjEyMDZ4MTIwNi5zZHIuQzMifQ%3D%3D&_nc_ohc=RxpnlpvqplQQ7kNvwHu7EE6&_nc_oc=AdlkWwXdXy9mLbdCxV6oAGQFRNjC9uYvbk5mzrqkKlJkhETEuRI3twPasGdSc3Bi8ZCs87I-0tQexGHqtzObRGJg&_nc_ad=z-m&_nc_cid=0&_nc_zt=23&_nc_ht=instagram.fsdu8-1.fna&_nc_gid=dgSc8ZiPufOSsRkYD6qVNA&oh=00_AfubJ1FI7uvocaW7cLQ14N8PZpeL4QlHS-P_gT3yT0MH7Q&oe=6986E280
https://instagram.fsdu8-2.fna.fbcdn.net/v/t51.82787-15/589359326_18499570117072042_5270929539921875993_n.jpg?stp=dst-jpg_e35_tt6&_nc_cat=103&ig_cache_key=MzgwMzYzNzQ2NzA1MjEyNzg3Ng%3D%3D.3-ccb7-5&ccb=7-5&_nc_sid=58cdad&efg=eyJ2ZW5jb2RlX3RhZyI6InhwaWRzLjEyMDZ4MTIwNi5zZHIuQzMifQ%3D%3D&_nc_ohc=f4RitO-ibIwQ7kNvwHBPXVG&_nc_oc=AdnWL5Fj_DBqoRgo4-QYSGnWWW2X_5ZD0G3Rgs5KVDZ8_oxRlPzu5xVmYsIS3Aer_-Zqa4Sqv3HP8Sb2sVPBwzIV&_nc_ad=z-m&_nc_cid=0&_nc_zt=23&_nc_ht=instagram.fsdu8-2.fna&_nc_gid=dgSc8ZiPufOSsRkYD6qVNA&oh=00_AftQBvVaKSlFj_Bsp8C1COgUfTQRWgqKtSKd9E1cxTttFQ&oe=6986CAE1
https://instagram.fsdu8-2.fna.fbcdn.net/v/t51.82787-15/609373197_18499570132072042_4781082154053432991_n.jpg?stp=dst-jpg_e35_tt6&_nc_cat=103&ig_cache_key=MzgwMzYzNzQ2NzE1MjgzMDY1Mw%3D%3D.3-ccb7-5&ccb=7-5&_nc_sid=58cdad&efg=eyJ2ZW5jb2RlX3RhZyI6InhwaWRzLjEyMDZ4MTIwNi5zZHIuQzMifQ%3D%3D&_nc_ohc=ifmu_52LQlAQ7kNvwGEPQFt&_nc_oc=AdkN9ZcS4M7vKFDzJMjuMVEtJseWpHhh0Bmu8jtWUG8RvfBijmP6QbNLrWWjRhU7AA0-bOp-KJvvrRfWFE-HC3Iv&_nc_ad=z-m&_nc_cid=0&_nc_zt=23&_nc_ht=instagram.fsdu8-2.fna&_nc_gid=dgSc8ZiPufOSsRkYD6qVNA&oh=00_Aft5BsZzr66mtlcqVCt8KfGxq7A_DPz2WHrUUMqBd8vErQ&oe=6986E0EA
https://instagram.fsdu8-1.fna.fbcdn.net/v/t51.82787-15/612076455_18499570114072042_4504478107938221977_n.jpg?stp=dst-jpg_e35_tt6&_nc_cat=104&ig_cache_key=MzgwMzYzNzQ2NzE1Mjc5NTAxNg%3D%3D.3-ccb7-5&ccb=7-5&_nc_sid=58cdad&efg=eyJ2ZW5jb2RlX3RhZyI6InhwaWRzLjEyMDZ4MTIwNi5zZHIuQzMifQ%3D%3D&_nc_ohc=VVFJZaVXSm4Q7kNvwEAxxyE&_nc_oc=AdlC2rnycCZIcqeiMKfaN6g8Ci8NUHGc2eT9dVoWs8T-7rO6Tl3JGqOEnk3CS4Tv-E44QAHcI8qAnmOHibP2OiTx&_nc_ad=z-m&_nc_cid=0&_nc_zt=23&_nc_ht=instagram.fsdu8-1.fna&_nc_gid=dgSc8ZiPufOSsRkYD6qVNA&oh=00_AftXAcw7F7Yqi1XxMHKJG9ggW2Jx7aH0W20Sq1P0S5f4qg&oe=6986CC24
https://instagram.fsdu8-1.fna.fbcdn.net/v/t51.82787-15/610515420_18499570126072042_4458664643054061486_n.jpg?stp=dst-jpg_e35_tt6&_nc_cat=104&ig_cache_key=MzgwMzYzNzQ2NzE1MjgwNzUyNg%3D%3D.3-ccb7-5&ccb=7-5&_nc_sid=58cdad&efg=eyJ2ZW5jb2RlX3RhZyI6InhwaWRzLjEyMDZ4MTIwNi5zZHIuQzMifQ%3D%3D&_nc_ohc=xGjkSVkBtMcQ7kNvwFPqTNZ&_nc_oc=AdmBDrUlPV24VNtN5E4VycejV3fTKFTKDZfB1qJond9HEp3fZti5jwEsq5rpTKAvyLIpnO0vTnFKsyLeroZh40Kk&_nc_ad=z-m&_nc_cid=0&_nc_zt=23&_nc_ht=instagram.fsdu8-1.fna&_nc_gid=dgSc8ZiPufOSsRkYD6qVNA&oh=00_Afu6786B9T0k9XUAyeUSJ7CNVjp2r8dLzXf2o8Iyu_zXGA&oe=6986C8E6
https://instagram.fsdu8-1.fna.fbcdn.net/v/t51.82787-15/610661546_18499570396072042_5396037770390523465_n.jpg?stp=dst-jpg_e35_tt6&_nc_cat=110&ig_cache_key=MzgwMzYzNzQ2NzA1MjE3Njc3NA%3D%3D.3-ccb7-5&ccb=7-5&_nc_sid=58cdad&efg=eyJ2ZW5jb2RlX3RhZyI6InhwaWRzLjEyMDZ4MTIwNi5zZHIuQzMifQ%3D%3D&_nc_ohc=AzYxffz9OC8Q7kNvwFlOWip&_nc_oc=AdmneZSkReD-hvYMJ7tfQfmhFCrOv8XnKrknw0lWdcQljJG1uLvdRO5sLmBiUtsNdLKPe7fzqRlBEbsygrBNml9A&_nc_ad=z-m&_nc_cid=0&_nc_zt=23&_nc_ht=instagram.fsdu8-1.fna&_nc_gid=dgSc8ZiPufOSsRkYD6qVNA&oh=00_AfsoGQYbVqV1u0fk3H8u4_Qz-UMvlEkBkW5qkG2IKWQ02g&oe=6986CF8C
https://instagram.fsdu8-2.fna.fbcdn.net/v/t51.82787-15/609656470_18499570405072042_1248845369955488026_n.jpg?stp=dst-jpg_e35_tt6&_nc_cat=105&ig_cache_key=MzgwMzYzNzQ2NzE1Mjc4NDM3NA%3D%3D.3-ccb7-5&ccb=7-5&_nc_sid=58cdad&efg=eyJ2ZW5jb2RlX3RhZyI6InhwaWRzLjEyMDZ4MTIwNi5zZHIuQzMifQ%3D%3D&_nc_ohc=HiCUdVWcqCsQ7kNvwEmC4sB&_nc_oc=AdkmZ0gq9TWGdIc0lCNw6hBeDCGfg-EdyhBVG3WK1E06qdxW4d5EtN2zmmbPXx3xV2UkPOP1HN97pZJ_VavWeDu1&_nc_ad=z-m&_nc_cid=0&_nc_zt=23&_nc_ht=instagram.fsdu8-2.fna&_nc_gid=dgSc8ZiPufOSsRkYD6qVNA&oh=00_AftG0iMWUHb7V5KzE2NZ0mfrz-TVOxORaawfMNzpyEIXcQ&oe=6986D5D7
https://instagram.fsdu8-1.fna.fbcdn.net/v/t51.82787-15/608261024_18499570417072042_3784066118576925699_n.jpg?stp=dst-jpg_e35_tt6&_nc_cat=101&ig_cache_key=MzgwMzYzNzQ2NzE1MjgxMjg4MQ%3D%3D.3-ccb7-5&ccb=7-5&_nc_sid=58cdad&efg=eyJ2ZW5jb2RlX3RhZyI6InhwaWRzLjEyMDZ4MTIwNi5zZHIuQzMifQ%3D%3D&_nc_ohc=EmWvVsLTNY0Q7kNvwEeUbGj&_nc_oc=Adla7VzMOmZBvxZkd8YSrG4osLep8nJ50_vByOqG_KmAY3hVICYBuWdfgW5KVRvNF6mChzLSCpv2ncHgAHpHPU_X&_nc_ad=z-m&_nc_cid=0&_nc_zt=23&_nc_ht=instagram.fsdu8-1.fna&_nc_gid=dgSc8ZiPufOSsRkYD6qVNA&oh=00_AfvITP74DaTf-ydpfyfu5WYodGLMAUyCbYykL5_vqrJWVg&oe=6986DAB9
https://instagram.fsdu8-2.fna.fbcdn.net/v/t51.82787-15/587798599_18499570414072042_8379896186582514763_n.jpg?stp=dst-jpg_e35_tt6&_nc_cat=103&ig_cache_key=MzgwMzYzNzQ2NzE1MjgwMzQ0Ng%3D%3D.3-ccb7-5&ccb=7-5&_nc_sid=58cdad&efg=eyJ2ZW5jb2RlX3RhZyI6InhwaWRzLjEyMDZ4MTIwNi5zZHIuQzMifQ%3D%3D&_nc_ohc=MHIMhfxWmc8Q7kNvwEpstig&_nc_oc=AdkZsuSg-Y4nHM46Yc9NBEppkmKGB0MqkLRiIHysgkMmFnsLWWJHZNIu4Q8avyVTzeJEggKl7Lmwf7ruvS73s_Mv&_nc_ad=z-m&_nc_cid=0&_nc_zt=23&_nc_ht=instagram.fsdu8-2.fna&_nc_gid=dgSc8ZiPufOSsRkYD6qVNA&oh=00_AftF-KuuA3xdhPT6Cnch8YqUKC4hvqAsMPu0KX1IQLpYnQ&oe=6986DAE8
https://instagram.fsdu8-1.fna.fbcdn.net/v/t51.82787-15/608020530_18499570441072042_7324149428413359502_n.jpg?stp=dst-jpg_e35_tt6&_nc_cat=111&ig_cache_key=MzgwMzYzNzQ2NzI2MTg2ODU1Nw%3D%3D.3-ccb7-5&ccb=7-5&_nc_sid=58cdad&efg=eyJ2ZW5jb2RlX3RhZyI6InhwaWRzLjEyMDZ4MTIwNi5zZHIuQzMifQ%3D%3D&_nc_ohc=P2fyliMKdisQ7kNvwGgDubv&_nc_oc=Adl6rZyp8gD2nF2w-TKbHmm7SuJHNxLs05EoChQbZ3XUGb54239fcTxleb8PtzNR214Yz1YsVCMHVla3nGAj7PIq&_nc_ad=z-m&_nc_cid=0&_nc_zt=23&_nc_ht=instagram.fsdu8-1.fna&_nc_gid=dgSc8ZiPufOSsRkYD6qVNA&oh=00_AfvR0vXMgqQr17RhejAC2MZxRohnJYo99GI-pQe5rDrHjA&oe=6986E1FE
https://instagram.fsdu8-2.fna.fbcdn.net/v/t51.82787-15/611690788_18499570438072042_589063062140818099_n.jpg?stp=dst-jpg_e35_tt6&_nc_cat=109&ig_cache_key=MzgwMzYzNzQ2NzE1MjgxMTQ3OQ%3D%3D.3-ccb7-5&ccb=7-5&_nc_sid=58cdad&efg=eyJ2ZW5jb2RlX3RhZyI6InhwaWRzLjEyMDZ4MTIwNi5zZHIuQzMifQ%3D%3D&_nc_ohc=MYDByRHrnDAQ7kNvwEkJEgW&_nc_oc=AdmXrlceCmuCalqviXbJJqt1-EMEp3F_rMdPbM4m0iZXNWJibqUasXsmHt-lCY5T-9_3hy1YVSBGeET6rnP_ut1l&_nc_ad=z-m&_nc_cid=0&_nc_zt=23&_nc_ht=instagram.fsdu8-2.fna&_nc_gid=dgSc8ZiPufOSsRkYD6qVNA&oh=00_AftdK4fb2MIncnSSgJJ3ZfURdNjGGvxMa5Rib60057Il9g&oe=6986CF45
https://instagram.fsdu8-2.fna.fbcdn.net/v/t51.82787-15/610696211_18499570444072042_5146664227094353586_n.jpg?stp=dst-jpg_e35_tt6&_nc_cat=107&ig_cache_key=MzgwMzYzNzQ2NzE1Mjc5ODg5MA%3D%3D.3-ccb7-5&ccb=7-5&_nc_sid=58cdad&efg=eyJ2ZW5jb2RlX3RhZyI6InhwaWRzLjEyMDZ4MTIwNi5zZHIuQzMifQ%3D%3D&_nc_ohc=ThBK4PrhJR4Q7kNvwGdL34H&_nc_oc=AdnzX2oXQvipsdkhRL2vRLuBr-ppfGWkOeL0acLjq7Atc0nWoLmYa9RM5eYnXZP8hHaI8CKQznV0NuYVBUA3ijMT&_nc_ad=z-m&_nc_cid=0&_nc_zt=23&_nc_ht=instagram.fsdu8-2.fna&_nc_gid=dgSc8ZiPufOSsRkYD6qVNA&oh=00_AfvJNVYWaRjs2MFYnuZe4BHhT8F82nea5muE31iJpOFMzg&oe=6986EA9B","https://instagram.fsdu8-2.fna.fbcdn.net/v/t51.82787-15/612096475_18499570057072042_8432310563780272750_n.jpg?stp=dst-jpg_e35_tt6&_nc_cat=109&ig_cache_key=MzgwMzYzNzQ2NzA2ODkyMzIzOA%3D%3D.3-ccb7-5&ccb=7-5&_nc_sid=58cdad&efg=eyJ2ZW5jb2RlX3RhZyI6InhwaWRzLjEyMDZ4MTIwNi5zZHIuQzMifQ%3D%3D&_nc_ohc=gNc_chkfXroQ7kNvwEp4I4X&_nc_oc=AdlHidk5citkzx5vs388DydasXsNhGZPKoBb0fRplbXQnJW6qOyRPkLFeqsh8mrFWhuHA6tebH3FSPym72UG9l2c&_nc_ad=z-m&_nc_cid=0&_nc_zt=23&_nc_ht=instagram.fsdu8-2.fna&_nc_gid=dgSc8ZiPufOSsRkYD6qVNA&oh=00_Afuu3-n4X0nBFs1Q4b2d3YQ48hjSLDofndvWTpoljYZw3w&oe=6986F1F5
https://instagram.fsdu8-1.fna.fbcdn.net/v/t51.82787-15/589855110_18499570060072042_5644207475639244011_n.jpg?stp=dst-jpg_e35_tt6&_nc_cat=111&ig_cache_key=MzgwMzYzNzQ2NzA1MjEyMTI2Mw%3D%3D.3-ccb7-5&ccb=7-5&_nc_sid=58cdad&efg=eyJ2ZW5jb2RlX3RhZyI6InhwaWRzLjEyMDZ4MTIwNi5zZHIuQzMifQ%3D%3D&_nc_ohc=iwF_-fyIRtMQ7kNvwE8aqtV&_nc_oc=AdnlJM8A4AS9KZV0twOug31WcD-ocwPie5nz3w4qNy1H3prKRdf7GsA_rsd73NJRCFVjzokW_az1jNzNRJBIUhFr&_nc_ad=z-m&_nc_cid=0&_nc_zt=23&_nc_ht=instagram.fsdu8-1.fna&_nc_gid=dgSc8ZiPufOSsRkYD6qVNA&oh=00_AfvEeHgRltcvcQwrL85Es_9idxd3v8AoAuuBsR5aQyeSCg&oe=6986DD00
https://instagram.fsdu8-1.fna.fbcdn.net/v/t51.82787-15/610633272_18499570084072042_3842634106767842267_n.jpg?stp=dst-jpg_e35_tt6&_nc_cat=104&ig_cache_key=MzgwMzYzNzQ2NzA1MjE3NTE4MQ%3D%3D.3-ccb7-5&ccb=7-5&_nc_sid=58cdad&efg=eyJ2ZW5jb2RlX3RhZyI6InhwaWRzLjEyMDZ4MTIwNi5zZHIuQzMifQ%3D%3D&_nc_ohc=cDbdiF-cYcAQ7kNvwG9RSYt&_nc_oc=AdlhY3Y-lIwz0Tq9xDBkR9sTeJ4Xoywy5cyHjagrqnxdy2SeWwjjNDc2gtx9jMGLperQ4hBO98sGA8CSBCVIYM-A&_nc_ad=z-m&_nc_cid=0&_nc_zt=23&_nc_ht=instagram.fsdu8-1.fna&_nc_gid=dgSc8ZiPufOSsRkYD6qVNA&oh=00_AfsPoD5JC_A41YgIpGWdZDHqndyq74ZHua9P9Ge_Ody0Pg&oe=6986CE74
https://instagram.fsdu8-2.fna.fbcdn.net/v/t51.82787-15/610869097_18499570069072042_8744282772562732107_n.jpg?stp=dst-jpg_e35_tt6&_nc_cat=103&ig_cache_key=MzgwMzYzNzQ2NzM0NTc3NzQwMA%3D%3D.3-ccb7-5&ccb=7-5&_nc_sid=58cdad&efg=eyJ2ZW5jb2RlX3RhZyI6InhwaWRzLjEyMDZ4MTIwNi5zZHIuQzMifQ%3D%3D&_nc_ohc=kZCJhwamKtkQ7kNvwG0xx6n&_nc_oc=Adl6zC2k5Wy-dlDN3HTVOFeXKyxzHaM-H8moWuakGY7zLNJ8Li7-GsPJNXjbWY9pT71lkeR2q1ek-0VWmN7nh3jS&_nc_ad=z-m&_nc_cid=0&_nc_zt=23&_nc_ht=instagram.fsdu8-2.fna&_nc_gid=dgSc8ZiPufOSsRkYD6qVNA&oh=00_AftTqcXwt0vkWTxFnfK_jTVt1QomDXJx2z1qk2TDsQ3Ixw&oe=6986D03E
https://instagram.fsdu8-2.fna.fbcdn.net/v/t51.82787-15/590957625_18499570087072042_5959723137866355207_n.jpg?stp=dst-jpg_e35_tt6&_nc_cat=109&ig_cache_key=MzgwMzYzNzQ2NzA0Mzc2MTAxNQ%3D%3D.3-ccb7-5&ccb=7-5&_nc_sid=58cdad&efg=eyJ2ZW5jb2RlX3RhZyI6InhwaWRzLjEyMDZ4MTIwNi5zZHIuQzMifQ%3D%3D&_nc_ohc=bmgJtWyUsvcQ7kNvwGVJTRx&_nc_oc=AdkCOvGKzDJ8rbQt4DpIgjuGnp5rX8XAsQLugdS5rjArVCiB4iO6IkE1XcgkffBwmny-Kaac36UvnWgfU7N891yg&_nc_ad=z-m&_nc_cid=0&_nc_zt=23&_nc_ht=instagram.fsdu8-2.fna&_nc_gid=dgSc8ZiPufOSsRkYD6qVNA&oh=00_Afu8YphegqIMa32In0GTDDweeZyWrhXD4-ZSWO5R_OfMmg&oe=6986DDDB
https://instagram.fsdu8-1.fna.fbcdn.net/v/t51.82787-15/589332748_18499570129072042_1400076608286700346_n.jpg?stp=dst-jpg_e35_tt6&_nc_cat=102&ig_cache_key=MzgwMzYzNzQ2NzMxMjIwOTIzOA%3D%3D.3-ccb7-5&ccb=7-5&_nc_sid=58cdad&efg=eyJ2ZW5jb2RlX3RhZyI6InhwaWRzLjEyMDZ4MTIwNi5zZHIuQzMifQ%3D%3D&_nc_ohc=RxpnlpvqplQQ7kNvwHu7EE6&_nc_oc=AdlkWwXdXy9mLbdCxV6oAGQFRNjC9uYvbk5mzrqkKlJkhETEuRI3twPasGdSc3Bi8ZCs87I-0tQexGHqtzObRGJg&_nc_ad=z-m&_nc_cid=0&_nc_zt=23&_nc_ht=instagram.fsdu8-1.fna&_nc_gid=dgSc8ZiPufOSsRkYD6qVNA&oh=00_AfubJ1FI7uvocaW7cLQ14N8PZpeL4QlHS-P_gT3yT0MH7Q&oe=6986E280
https://instagram.fsdu8-2.fna.fbcdn.net/v/t51.82787-15/589359326_18499570117072042_5270929539921875993_n.jpg?stp=dst-jpg_e35_tt6&_nc_cat=103&ig_cache_key=MzgwMzYzNzQ2NzA1MjEyNzg3Ng%3D%3D.3-ccb7-5&ccb=7-5&_nc_sid=58cdad&efg=eyJ2ZW5jb2RlX3RhZyI6InhwaWRzLjEyMDZ4MTIwNi5zZHIuQzMifQ%3D%3D&_nc_ohc=f4RitO-ibIwQ7kNvwHBPXVG&_nc_oc=AdnWL5Fj_DBqoRgo4-QYSGnWWW2X_5ZD0G3Rgs5KVDZ8_oxRlPzu5xVmYsIS3Aer_-Zqa4Sqv3HP8Sb2sVPBwzIV&_nc_ad=z-m&_nc_cid=0&_nc_zt=23&_nc_ht=instagram.fsdu8-2.fna&_nc_gid=dgSc8ZiPufOSsRkYD6qVNA&oh=00_AftQBvVaKSlFj_Bsp8C1COgUfTQRWgqKtSKd9E1cxTttFQ&oe=6986CAE1
https://instagram.fsdu8-2.fna.fbcdn.net/v/t51.82787-15/609373197_18499570132072042_4781082154053432991_n.jpg?stp=dst-jpg_e35_tt6&_nc_cat=103&ig_cache_key=MzgwMzYzNzQ2NzE1MjgzMDY1Mw%3D%3D.3-ccb7-5&ccb=7-5&_nc_sid=58cdad&efg=eyJ2ZW5jb2RlX3RhZyI6InhwaWRzLjEyMDZ4MTIwNi5zZHIuQzMifQ%3D%3D&_nc_ohc=ifmu_52LQlAQ7kNvwGEPQFt&_nc_oc=AdkN9ZcS4M7vKFDzJMjuMVEtJseWpHhh0Bmu8jtWUG8RvfBijmP6QbNLrWWjRhU7AA0-bOp-KJvvrRfWFE-HC3Iv&_nc_ad=z-m&_nc_cid=0&_nc_zt=23&_nc_ht=instagram.fsdu8-2.fna&_nc_gid=dgSc8ZiPufOSsRkYD6qVNA&oh=00_Aft5BsZzr66mtlcqVCt8KfGxq7A_DPz2WHrUUMqBd8vErQ&oe=6986E0EA
https://instagram.fsdu8-1.fna.fbcdn.net/v/t51.82787-15/612076455_18499570114072042_4504478107938221977_n.jpg?stp=dst-jpg_e35_tt6&_nc_cat=104&ig_cache_key=MzgwMzYzNzQ2NzE1Mjc5NTAxNg%3D%3D.3-ccb7-5&ccb=7-5&_nc_sid=58cdad&efg=eyJ2ZW5jb2RlX3RhZyI6InhwaWRzLjEyMDZ4MTIwNi5zZHIuQzMifQ%3D%3D&_nc_ohc=VVFJZaVXSm4Q7kNvwEAxxyE&_nc_oc=AdlC2rnycCZIcqeiMKfaN6g8Ci8NUHGc2eT9dVoWs8T-7rO6Tl3JGqOEnk3CS4Tv-E44QAHcI8qAnmOHibP2OiTx&_nc_ad=z-m&_nc_cid=0&_nc_zt=23&_nc_ht=instagram.fsdu8-1.fna&_nc_gid=dgSc8ZiPufOSsRkYD6qVNA&oh=00_AftXAcw7F7Yqi1XxMHKJG9ggW2Jx7aH0W20Sq1P0S5f4qg&oe=6986CC24
https://instagram.fsdu8-1.fna.fbcdn.net/v/t51.82787-15/610515420_18499570126072042_4458664643054061486_n.jpg?stp=dst-jpg_e35_tt6&_nc_cat=104&ig_cache_key=MzgwMzYzNzQ2NzE1MjgwNzUyNg%3D%3D.3-ccb7-5&ccb=7-5&_nc_sid=58cdad&efg=eyJ2ZW5jb2RlX3RhZyI6InhwaWRzLjEyMDZ4MTIwNi5zZHIuQzMifQ%3D%3D&_nc_ohc=xGjkSVkBtMcQ7kNvwFPqTNZ&_nc_oc=AdmBDrUlPV24VNtN5E4VycejV3fTKFTKDZfB1qJond9HEp3fZti5jwEsq5rpTKAvyLIpnO0vTnFKsyLeroZh40Kk&_nc_ad=z-m&_nc_cid=0&_nc_zt=23&_nc_ht=instagram.fsdu8-1.fna&_nc_gid=dgSc8ZiPufOSsRkYD6qVNA&oh=00_Afu6786B9T0k9XUAyeUSJ7CNVjp2r8dLzXf2o8Iyu_zXGA&oe=6986C8E6
https://instagram.fsdu8-1.fna.fbcdn.net/v/t51.82787-15/610661546_18499570396072042_5396037770390523465_n.jpg?stp=dst-jpg_e35_tt6&_nc_cat=110&ig_cache_key=MzgwMzYzNzQ2NzA1MjE3Njc3NA%3D%3D.3-ccb7-5&ccb=7-5&_nc_sid=58cdad&efg=eyJ2ZW5jb2RlX3RhZyI6InhwaWRzLjEyMDZ4MTIwNi5zZHIuQzMifQ%3D%3D&_nc_ohc=AzYxffz9OC8Q7kNvwFlOWip&_nc_oc=AdmneZSkReD-hvYMJ7tfQfmhFCrOv8XnKrknw0lWdcQljJG1uLvdRO5sLmBiUtsNdLKPe7fzqRlBEbsygrBNml9A&_nc_ad=z-m&_nc_cid=0&_nc_zt=23&_nc_ht=instagram.fsdu8-1.fna&_nc_gid=dgSc8ZiPufOSsRkYD6qVNA&oh=00_AfsoGQYbVqV1u0fk3H8u4_Qz-UMvlEkBkW5qkG2IKWQ02g&oe=6986CF8C
https://instagram.fsdu8-2.fna.fbcdn.net/v/t51.82787-15/609656470_18499570405072042_1248845369955488026_n.jpg?stp=dst-jpg_e35_tt6&_nc_cat=105&ig_cache_key=MzgwMzYzNzQ2NzE1Mjc4NDM3NA%3D%3D.3-ccb7-5&ccb=7-5&_nc_sid=58cdad&efg=eyJ2ZW5jb2RlX3RhZyI6InhwaWRzLjEyMDZ4MTIwNi5zZHIuQzMifQ%3D%3D&_nc_ohc=HiCUdVWcqCsQ7kNvwEmC4sB&_nc_oc=AdkmZ0gq9TWGdIc0lCNw6hBeDCGfg-EdyhBVG3WK1E06qdxW4d5EtN2zmmbPXx3xV2UkPOP1HN97pZJ_VavWeDu1&_nc_ad=z-m&_nc_cid=0&_nc_zt=23&_nc_ht=instagram.fsdu8-2.fna&_nc_gid=dgSc8ZiPufOSsRkYD6qVNA&oh=00_AftG0iMWUHb7V5KzE2NZ0mfrz-TVOxORaawfMNzpyEIXcQ&oe=6986D5D7
https://instagram.fsdu8-1.fna.fbcdn.net/v/t51.82787-15/608261024_18499570417072042_3784066118576925699_n.jpg?stp=dst-jpg_e35_tt6&_nc_cat=101&ig_cache_key=MzgwMzYzNzQ2NzE1MjgxMjg4MQ%3D%3D.3-ccb7-5&ccb=7-5&_nc_sid=58cdad&efg=eyJ2ZW5jb2RlX3RhZyI6InhwaWRzLjEyMDZ4MTIwNi5zZHIuQzMifQ%3D%3D&_nc_ohc=EmWvVsLTNY0Q7kNvwEeUbGj&_nc_oc=Adla7VzMOmZBvxZkd8YSrG4osLep8nJ50_vByOqG_KmAY3hVICYBuWdfgW5KVRvNF6mChzLSCpv2ncHgAHpHPU_X&_nc_ad=z-m&_nc_cid=0&_nc_zt=23&_nc_ht=instagram.fsdu8-1.fna&_nc_gid=dgSc8ZiPufOSsRkYD6qVNA&oh=00_AfvITP74DaTf-ydpfyfu5WYodGLMAUyCbYykL5_vqrJWVg&oe=6986DAB9
https://instagram.fsdu8-2.fna.fbcdn.net/v/t51.82787-15/587798599_18499570414072042_8379896186582514763_n.jpg?stp=dst-jpg_e35_tt6&_nc_cat=103&ig_cache_key=MzgwMzYzNzQ2NzE1MjgwMzQ0Ng%3D%3D.3-ccb7-5&ccb=7-5&_nc_sid=58cdad&efg=eyJ2ZW5jb2RlX3RhZyI6InhwaWRzLjEyMDZ4MTIwNi5zZHIuQzMifQ%3D%3D&_nc_ohc=MHIMhfxWmc8Q7kNvwEpstig&_nc_oc=AdkZsuSg-Y4nHM46Yc9NBEppkmKGB0MqkLRiIHysgkMmFnsLWWJHZNIu4Q8avyVTzeJEggKl7Lmwf7ruvS73s_Mv&_nc_ad=z-m&_nc_cid=0&_nc_zt=23&_nc_ht=instagram.fsdu8-2.fna&_nc_gid=dgSc8ZiPufOSsRkYD6qVNA&oh=00_AftF-KuuA3xdhPT6Cnch8YqUKC4hvqAsMPu0KX1IQLpYnQ&oe=6986DAE8
https://instagram.fsdu8-1.fna.fbcdn.net/v/t51.82787-15/608020530_18499570441072042_7324149428413359502_n.jpg?stp=dst-jpg_e35_tt6&_nc_cat=111&ig_cache_key=MzgwMzYzNzQ2NzI2MTg2ODU1Nw%3D%3D.3-ccb7-5&ccb=7-5&_nc_sid=58cdad&efg=eyJ2ZW5jb2RlX3RhZyI6InhwaWRzLjEyMDZ4MTIwNi5zZHIuQzMifQ%3D%3D&_nc_ohc=P2fyliMKdisQ7kNvwGgDubv&_nc_oc=Adl6rZyp8gD2nF2w-TKbHmm7SuJHNxLs05EoChQbZ3XUGb54239fcTxleb8PtzNR214Yz1YsVCMHVla3nGAj7PIq&_nc_ad=z-m&_nc_cid=0&_nc_zt=23&_nc_ht=instagram.fsdu8-1.fna&_nc_gid=dgSc8ZiPufOSsRkYD6qVNA&oh=00_AfvR0vXMgqQr17RhejAC2MZxRohnJYo99GI-pQe5rDrHjA&oe=6986E1FE
https://instagram.fsdu8-2.fna.fbcdn.net/v/t51.82787-15/611690788_18499570438072042_589063062140818099_n.jpg?stp=dst-jpg_e35_tt6&_nc_cat=109&ig_cache_key=MzgwMzYzNzQ2NzE1MjgxMTQ3OQ%3D%3D.3-ccb7-5&ccb=7-5&_nc_sid=58cdad&efg=eyJ2ZW5jb2RlX3RhZyI6InhwaWRzLjEyMDZ4MTIwNi5zZHIuQzMifQ%3D%3D&_nc_ohc=MYDByRHrnDAQ7kNvwEkJEgW&_nc_oc=AdmXrlceCmuCalqviXbJJqt1-EMEp3F_rMdPbM4m0iZXNWJibqUasXsmHt-lCY5T-9_3hy1YVSBGeET6rnP_ut1l&_nc_ad=z-m&_nc_cid=0&_nc_zt=23&_nc_ht=instagram.fsdu8-2.fna&_nc_gid=dgSc8ZiPufOSsRkYD6qVNA&oh=00_AftdK4fb2MIncnSSgJJ3ZfURdNjGGvxMa5Rib60057Il9g&oe=6986CF45
https://instagram.fsdu8-2.fna.fbcdn.net/v/t51.82787-15/610696211_18499570444072042_5146664227094353586_n.jpg?stp=dst-jpg_e35_tt6&_nc_cat=107&ig_cache_key=MzgwMzYzNzQ2NzE1Mjc5ODg5MA%3D%3D.3-ccb7-5&ccb=7-5&_nc_sid=58cdad&efg=eyJ2ZW5jb2RlX3RhZyI6InhwaWRzLjEyMDZ4MTIwNi5zZHIuQzMifQ%3D%3D&_nc_ohc=ThBK4PrhJR4Q7kNvwGdL34H&_nc_oc=AdnzX2oXQvipsdkhRL2vRLuBr-ppfGWkOeL0acLjq7Atc0nWoLmYa9RM5eYnXZP8hHaI8CKQznV0NuYVBUA3ijMT&_nc_ad=z-m&_nc_cid=0&_nc_zt=23&_nc_ht=instagram.fsdu8-2.fna&_nc_gid=dgSc8ZiPufOSsRkYD6qVNA&oh=00_AfvJNVYWaRjs2MFYnuZe4BHhT8F82nea5muE31iJpOFMzg&oe=6986EA9B",YES,NO,NA,NA,2299256041,maga_marcela,NA,NA,NA,NA,NA,NA,Autoridade,"É um discurso analítico, demonstra expertise, credibilidade e domínio sobre o tema. É um exemplo ideal de Competência.",32.4175824175824,67.5824175824176,17.032967032967,6.04395604395604,8.79120879120879,24.1758241758242,5.4945054945055,17.5824175824176,7.14285714285714,13.7362637362637
postagem_9,3803362494564015104,DTIQgmoiBuP,"Mon, 05 Jan 2026 12:29:22 GMT",2026-01-05T03:00:00Z,1767616162,"O impasse do imperialismo 

A questão fundamental do momento a meu ver é que o ciclo básico do regime change ainda não logrou sucesso na Venezuela. Delcy é uma revolucionária old school que está usando a mesa de negociações a seu favor. 

O PSUV continua no poder, a oposição não tem força acumulada para colocar povo na rua suficiente para derrubar o governo e uma invasão por terra é improvável. Por enquanto a Venezuela enquanto laboratório do Corolário Trump está fracassando, independente do choque provocado pelo sequestro de Maduro. Não estou sendo otimista como pode parecer. 

Assim como a Revolução Bolivariana está debilitada após anos de sanções, bloqueios, cerco militar e coerções financeiras, a vitória do imperialismo na Venezuela está longe de ser um dado. O que sobra na Venezuela, falta aqui: nacionalismo e convicções.",NA,5532,264,https://www.instagram.com/p/DTIQgmoiBuP/,https://instagram.fsdu8-2.fna.fbcdn.net/v/t51.82787-15/611709556_18436337566107258_3315920582101976806_n.jpg?stp=dst-jpg_e35_tt6&_nc_cat=109&ig_cache_key=MzgwMzM2MjQ5NDU2NDAxNDk5MQ%3D%3D.3-ccb7-5&ccb=7-5&_nc_sid=58cdad&efg=eyJ2ZW5jb2RlX3RhZyI6InhwaWRzLjE0NDB4MTc3MS5zZHIuQzMifQ%3D%3D&_nc_ohc=8OYZhcY5WcMQ7kNvwGCu837&_nc_oc=AdkQ7OQ_WkLq4anIfw-IzKAtds2RQJfxK1fhJH5qgVqGjvwZIh5-jceCYQP5rvZdXNQSiARU2FgCMa1qYXFXrnfq&_nc_ad=z-m&_nc_cid=0&_nc_zt=23&_nc_ht=instagram.fsdu8-2.fna&_nc_gid=dgSc8ZiPufOSsRkYD6qVNA&oh=00_AftrtkMb5_xuXJfx7ddzSCEvFnY16UzclgyVgZ7Aas5ZlA&oe=6986C3AC,https://instagram.fsdu8-2.fna.fbcdn.net/v/t51.82787-15/611709556_18436337566107258_3315920582101976806_n.jpg?stp=dst-jpg_e35_tt6&_nc_cat=109&ig_cache_key=MzgwMzM2MjQ5NDU2NDAxNDk5MQ%3D%3D.3-ccb7-5&ccb=7-5&_nc_sid=58cdad&efg=eyJ2ZW5jb2RlX3RhZyI6InhwaWRzLjE0NDB4MTc3MS5zZHIuQzMifQ%3D%3D&_nc_ohc=8OYZhcY5WcMQ7kNvwGCu837&_nc_oc=AdkQ7OQ_WkLq4anIfw-IzKAtds2RQJfxK1fhJH5qgVqGjvwZIh5-jceCYQP5rvZdXNQSiARU2FgCMa1qYXFXrnfq&_nc_ad=z-m&_nc_cid=0&_nc_zt=23&_nc_ht=instagram.fsdu8-2.fna&_nc_gid=dgSc8ZiPufOSsRkYD6qVNA&oh=00_AftrtkMb5_xuXJfx7ddzSCEvFnY16UzclgyVgZ7Aas5ZlA&oe=6986C3AC,"https://instagram.fsdu8-2.fna.fbcdn.net/v/t51.82787-15/611709556_18436337566107258_3315920582101976806_n.jpg?stp=dst-jpg_e35_tt6&_nc_cat=109&ig_cache_key=MzgwMzM2MjQ5NDU2NDAxNDk5MQ%3D%3D.3-ccb7-5&ccb=7-5&_nc_sid=58cdad&efg=eyJ2ZW5jb2RlX3RhZyI6InhwaWRzLjE0NDB4MTc3MS5zZHIuQzMifQ%3D%3D&_nc_ohc=8OYZhcY5WcMQ7kNvwGCu837&_nc_oc=AdkQ7OQ_WkLq4anIfw-IzKAtds2RQJfxK1fhJH5qgVqGjvwZIh5-jceCYQP5rvZdXNQSiARU2FgCMa1qYXFXrnfq&_nc_ad=z-m&_nc_cid=0&_nc_zt=23&_nc_ht=instagram.fsdu8-2.fna&_nc_gid=dgSc8ZiPufOSsRkYD6qVNA&oh=00_AftrtkMb5_xuXJfx7ddzSCEvFnY16UzclgyVgZ7Aas5ZlA&oe=6986C3AC
https://instagram.fsdu8-2.fna.fbcdn.net/v/t51.82787-15/611709556_18436337566107258_3315920582101976806_n.jpg?stp=dst-jpg_e35_p1080x1080_tt6&_nc_cat=109&ig_cache_key=MzgwMzM2MjQ5NDU2NDAxNDk5MQ%3D%3D.3-ccb7-5&ccb=7-5&_nc_sid=58cdad&efg=eyJ2ZW5jb2RlX3RhZyI6InhwaWRzLjE0NDB4MTc3MS5zZHIuQzMifQ%3D%3D&_nc_ohc=8OYZhcY5WcMQ7kNvwGCu837&_nc_oc=AdkQ7OQ_WkLq4anIfw-IzKAtds2RQJfxK1fhJH5qgVqGjvwZIh5-jceCYQP5rvZdXNQSiARU2FgCMa1qYXFXrnfq&_nc_ad=z-m&_nc_cid=0&_nc_zt=23&_nc_ht=instagram.fsdu8-2.fna&_nc_gid=dgSc8ZiPufOSsRkYD6qVNA&oh=00_Afuq8K16Ye1NDa4OL3ObxlRUpljxeAwkOLdJGtMabS0rvg&oe=6986C3AC
https://instagram.fsdu8-2.fna.fbcdn.net/v/t51.82787-15/611709556_18436337566107258_3315920582101976806_n.jpg?stp=dst-jpg_e35_p720x720_tt6&_nc_cat=109&ig_cache_key=MzgwMzM2MjQ5NDU2NDAxNDk5MQ%3D%3D.3-ccb7-5&ccb=7-5&_nc_sid=58cdad&efg=eyJ2ZW5jb2RlX3RhZyI6InhwaWRzLjE0NDB4MTc3MS5zZHIuQzMifQ%3D%3D&_nc_ohc=8OYZhcY5WcMQ7kNvwGCu837&_nc_oc=AdkQ7OQ_WkLq4anIfw-IzKAtds2RQJfxK1fhJH5qgVqGjvwZIh5-jceCYQP5rvZdXNQSiARU2FgCMa1qYXFXrnfq&_nc_ad=z-m&_nc_cid=0&_nc_zt=23&_nc_ht=instagram.fsdu8-2.fna&_nc_gid=dgSc8ZiPufOSsRkYD6qVNA&oh=00_AfsOvKAugUjBEuTdUbjIsUqi1xBrsgGV5PUlzLsiG7RoXA&oe=6986C3AC
https://instagram.fsdu8-2.fna.fbcdn.net/v/t51.82787-15/611709556_18436337566107258_3315920582101976806_n.jpg?stp=dst-jpg_e35_p640x640_sh0.08_tt6&_nc_cat=109&ig_cache_key=MzgwMzM2MjQ5NDU2NDAxNDk5MQ%3D%3D.3-ccb7-5&ccb=7-5&_nc_sid=58cdad&efg=eyJ2ZW5jb2RlX3RhZyI6InhwaWRzLjE0NDB4MTc3MS5zZHIuQzMifQ%3D%3D&_nc_ohc=8OYZhcY5WcMQ7kNvwGCu837&_nc_oc=AdkQ7OQ_WkLq4anIfw-IzKAtds2RQJfxK1fhJH5qgVqGjvwZIh5-jceCYQP5rvZdXNQSiARU2FgCMa1qYXFXrnfq&_nc_ad=z-m&_nc_cid=0&_nc_zt=23&_nc_ht=instagram.fsdu8-2.fna&_nc_gid=dgSc8ZiPufOSsRkYD6qVNA&oh=00_AfvGUx_A2gQr3gDuNtCVKJ_DEhQARswAT_JaREk7aNEMQw&oe=6986C3AC
https://instagram.fsdu8-2.fna.fbcdn.net/v/t51.82787-15/611709556_18436337566107258_3315920582101976806_n.jpg?stp=dst-jpg_e35_p480x480_tt6&_nc_cat=109&ig_cache_key=MzgwMzM2MjQ5NDU2NDAxNDk5MQ%3D%3D.3-ccb7-5&ccb=7-5&_nc_sid=58cdad&efg=eyJ2ZW5jb2RlX3RhZyI6InhwaWRzLjE0NDB4MTc3MS5zZHIuQzMifQ%3D%3D&_nc_ohc=8OYZhcY5WcMQ7kNvwGCu837&_nc_oc=AdkQ7OQ_WkLq4anIfw-IzKAtds2RQJfxK1fhJH5qgVqGjvwZIh5-jceCYQP5rvZdXNQSiARU2FgCMa1qYXFXrnfq&_nc_ad=z-m&_nc_cid=0&_nc_zt=23&_nc_ht=instagram.fsdu8-2.fna&_nc_gid=dgSc8ZiPufOSsRkYD6qVNA&oh=00_Afsdb-ifvwrejl5YMoE8EJnA-tUxK0tYZpYyuWp5J7qDyA&oe=6986C3AC
https://instagram.fsdu8-2.fna.fbcdn.net/v/t51.82787-15/611709556_18436337566107258_3315920582101976806_n.jpg?stp=dst-jpg_e35_p320x320_tt6&_nc_cat=109&ig_cache_key=MzgwMzM2MjQ5NDU2NDAxNDk5MQ%3D%3D.3-ccb7-5&ccb=7-5&_nc_sid=58cdad&efg=eyJ2ZW5jb2RlX3RhZyI6InhwaWRzLjE0NDB4MTc3MS5zZHIuQzMifQ%3D%3D&_nc_ohc=8OYZhcY5WcMQ7kNvwGCu837&_nc_oc=AdkQ7OQ_WkLq4anIfw-IzKAtds2RQJfxK1fhJH5qgVqGjvwZIh5-jceCYQP5rvZdXNQSiARU2FgCMa1qYXFXrnfq&_nc_ad=z-m&_nc_cid=0&_nc_zt=23&_nc_ht=instagram.fsdu8-2.fna&_nc_gid=dgSc8ZiPufOSsRkYD6qVNA&oh=00_AfsllJ3jiDarZtt9LwFH2eXQJlthAxlKVS9S_J8Ork0Hlw&oe=6986C3AC
https://instagram.fsdu8-2.fna.fbcdn.net/v/t51.82787-15/611709556_18436337566107258_3315920582101976806_n.jpg?stp=dst-jpg_e35_p240x240_tt6&_nc_cat=109&ig_cache_key=MzgwMzM2MjQ5NDU2NDAxNDk5MQ%3D%3D.3-ccb7-5&ccb=7-5&_nc_sid=58cdad&efg=eyJ2ZW5jb2RlX3RhZyI6InhwaWRzLjE0NDB4MTc3MS5zZHIuQzMifQ%3D%3D&_nc_ohc=8OYZhcY5WcMQ7kNvwGCu837&_nc_oc=AdkQ7OQ_WkLq4anIfw-IzKAtds2RQJfxK1fhJH5qgVqGjvwZIh5-jceCYQP5rvZdXNQSiARU2FgCMa1qYXFXrnfq&_nc_ad=z-m&_nc_cid=0&_nc_zt=23&_nc_ht=instagram.fsdu8-2.fna&_nc_gid=dgSc8ZiPufOSsRkYD6qVNA&oh=00_AfvbnZV0DgO1v3ibjWbo_zbG0m9en4gwOc3fccheufYO3Q&oe=6986C3AC
https://instagram.fsdu8-2.fna.fbcdn.net/v/t51.82787-15/611709556_18436337566107258_3315920582101976806_n.jpg?stp=c0.165.1440.1440a_dst-jpg_e35_s1080x1080_tt6&_nc_cat=109&ig_cache_key=MzgwMzM2MjQ5NDU2NDAxNDk5MQ%3D%3D.3-ccb7-5&ccb=7-5&_nc_sid=58cdad&efg=eyJ2ZW5jb2RlX3RhZyI6InhwaWRzLjE0NDB4MTc3MS5zZHIuQzMifQ%3D%3D&_nc_ohc=8OYZhcY5WcMQ7kNvwGCu837&_nc_oc=AdkQ7OQ_WkLq4anIfw-IzKAtds2RQJfxK1fhJH5qgVqGjvwZIh5-jceCYQP5rvZdXNQSiARU2FgCMa1qYXFXrnfq&_nc_ad=z-m&_nc_cid=0&_nc_zt=23&_nc_ht=instagram.fsdu8-2.fna&_nc_gid=dgSc8ZiPufOSsRkYD6qVNA&oh=00_AfuE2zdfpzO262Z29ZPbW47SYErF01o80dQtM6q7mmLrOQ&oe=6986C3AC
https://instagram.fsdu8-2.fna.fbcdn.net/v/t51.82787-15/611709556_18436337566107258_3315920582101976806_n.jpg?stp=c0.165.1440.1440a_dst-jpg_e35_s750x750_sh0.08_tt6&_nc_cat=109&ig_cache_key=MzgwMzM2MjQ5NDU2NDAxNDk5MQ%3D%3D.3-ccb7-5&ccb=7-5&_nc_sid=58cdad&efg=eyJ2ZW5jb2RlX3RhZyI6InhwaWRzLjE0NDB4MTc3MS5zZHIuQzMifQ%3D%3D&_nc_ohc=8OYZhcY5WcMQ7kNvwGCu837&_nc_oc=AdkQ7OQ_WkLq4anIfw-IzKAtds2RQJfxK1fhJH5qgVqGjvwZIh5-jceCYQP5rvZdXNQSiARU2FgCMa1qYXFXrnfq&_nc_ad=z-m&_nc_cid=0&_nc_zt=23&_nc_ht=instagram.fsdu8-2.fna&_nc_gid=dgSc8ZiPufOSsRkYD6qVNA&oh=00_AfuoQSrKB7RLY_I0Mtk1XcdZY5eqxNi8iHoKJm-T8rtNyg&oe=6986C3AC
https://instagram.fsdu8-2.fna.fbcdn.net/v/t51.82787-15/611709556_18436337566107258_3315920582101976806_n.jpg?stp=c0.165.1440.1440a_dst-jpg_e35_s640x640_sh0.08_tt6&_nc_cat=109&ig_cache_key=MzgwMzM2MjQ5NDU2NDAxNDk5MQ%3D%3D.3-ccb7-5&ccb=7-5&_nc_sid=58cdad&efg=eyJ2ZW5jb2RlX3RhZyI6InhwaWRzLjE0NDB4MTc3MS5zZHIuQzMifQ%3D%3D&_nc_ohc=8OYZhcY5WcMQ7kNvwGCu837&_nc_oc=AdkQ7OQ_WkLq4anIfw-IzKAtds2RQJfxK1fhJH5qgVqGjvwZIh5-jceCYQP5rvZdXNQSiARU2FgCMa1qYXFXrnfq&_nc_ad=z-m&_nc_cid=0&_nc_zt=23&_nc_ht=instagram.fsdu8-2.fna&_nc_gid=dgSc8ZiPufOSsRkYD6qVNA&oh=00_AfvZ8WKl3NtpauvZ_oNlhBurVVyjH5wBRlYf10Mf_ki-Fg&oe=6986C3AC
https://instagram.fsdu8-2.fna.fbcdn.net/v/t51.82787-15/611709556_18436337566107258_3315920582101976806_n.jpg?stp=c0.165.1440.1440a_dst-jpg_e35_s480x480_tt6&_nc_cat=109&ig_cache_key=MzgwMzM2MjQ5NDU2NDAxNDk5MQ%3D%3D.3-ccb7-5&ccb=7-5&_nc_sid=58cdad&efg=eyJ2ZW5jb2RlX3RhZyI6InhwaWRzLjE0NDB4MTc3MS5zZHIuQzMifQ%3D%3D&_nc_ohc=8OYZhcY5WcMQ7kNvwGCu837&_nc_oc=AdkQ7OQ_WkLq4anIfw-IzKAtds2RQJfxK1fhJH5qgVqGjvwZIh5-jceCYQP5rvZdXNQSiARU2FgCMa1qYXFXrnfq&_nc_ad=z-m&_nc_cid=0&_nc_zt=23&_nc_ht=instagram.fsdu8-2.fna&_nc_gid=dgSc8ZiPufOSsRkYD6qVNA&oh=00_Afuz7ZYvfoqrSg9ihIjfMqmZDbrc_YF7Ad37Ytg36YB_Nw&oe=6986C3AC
https://instagram.fsdu8-2.fna.fbcdn.net/v/t51.82787-15/611709556_18436337566107258_3315920582101976806_n.jpg?stp=c0.165.1440.1440a_dst-jpg_e35_s320x320_tt6&_nc_cat=109&ig_cache_key=MzgwMzM2MjQ5NDU2NDAxNDk5MQ%3D%3D.3-ccb7-5&ccb=7-5&_nc_sid=58cdad&efg=eyJ2ZW5jb2RlX3RhZyI6InhwaWRzLjE0NDB4MTc3MS5zZHIuQzMifQ%3D%3D&_nc_ohc=8OYZhcY5WcMQ7kNvwGCu837&_nc_oc=AdkQ7OQ_WkLq4anIfw-IzKAtds2RQJfxK1fhJH5qgVqGjvwZIh5-jceCYQP5rvZdXNQSiARU2FgCMa1qYXFXrnfq&_nc_ad=z-m&_nc_cid=0&_nc_zt=23&_nc_ht=instagram.fsdu8-2.fna&_nc_gid=dgSc8ZiPufOSsRkYD6qVNA&oh=00_AfvzfGGXtwYkbVDFcJ-BzFEgiCh2n_ihDE0OtvYfsm_wbQ&oe=6986C3AC
https://instagram.fsdu8-2.fna.fbcdn.net/v/t51.82787-15/611709556_18436337566107258_3315920582101976806_n.jpg?stp=c0.165.1440.1440a_dst-jpg_e35_s240x240_tt6&_nc_cat=109&ig_cache_key=MzgwMzM2MjQ5NDU2NDAxNDk5MQ%3D%3D.3-ccb7-5&ccb=7-5&_nc_sid=58cdad&efg=eyJ2ZW5jb2RlX3RhZyI6InhwaWRzLjE0NDB4MTc3MS5zZHIuQzMifQ%3D%3D&_nc_ohc=8OYZhcY5WcMQ7kNvwGCu837&_nc_oc=AdkQ7OQ_WkLq4anIfw-IzKAtds2RQJfxK1fhJH5qgVqGjvwZIh5-jceCYQP5rvZdXNQSiARU2FgCMa1qYXFXrnfq&_nc_ad=z-m&_nc_cid=0&_nc_zt=23&_nc_ht=instagram.fsdu8-2.fna&_nc_gid=dgSc8ZiPufOSsRkYD6qVNA&oh=00_AfuBvX8_zCfxUr0PWfVs54YAbCWMndYKEGo5PbaPuRxUAw&oe=6986C3AC
https://instagram.fsdu8-2.fna.fbcdn.net/v/t51.82787-15/611709556_18436337566107258_3315920582101976806_n.jpg?stp=c0.165.1440.1440a_dst-jpg_e35_s150x150_tt6&_nc_cat=109&ig_cache_key=MzgwMzM2MjQ5NDU2NDAxNDk5MQ%3D%3D.3-ccb7-5&ccb=7-5&_nc_sid=58cdad&efg=eyJ2ZW5jb2RlX3RhZyI6InhwaWRzLjE0NDB4MTc3MS5zZHIuQzMifQ%3D%3D&_nc_ohc=8OYZhcY5WcMQ7kNvwGCu837&_nc_oc=AdkQ7OQ_WkLq4anIfw-IzKAtds2RQJfxK1fhJH5qgVqGjvwZIh5-jceCYQP5rvZdXNQSiARU2FgCMa1qYXFXrnfq&_nc_ad=z-m&_nc_cid=0&_nc_zt=23&_nc_ht=instagram.fsdu8-2.fna&_nc_gid=dgSc8ZiPufOSsRkYD6qVNA&oh=00_AfssGeYv_0nXuk1cRM5cu-bZAHQ5-hdUUecd6V7OpNhzIQ&oe=6986C3AC",NA,NO,NO,NA,NA,3194347257,eliasmkjabbour,NA,NA,NA,NA,NA,NA,Autoridade,"É um discurso de alta densidade analítica, que constrói legitimidade principalmente pela Competência, ao demonstrar leitura estratégica sofisticada do cenário venezuelano. A Autenticidade entra como camada complementar, ao explicitar convicções e posicionamento ideológico no fechamento.",43.1318681318681,56.8681318681319,15.1098901098901,8.51648351648352,9.89010989010989,18.4065934065934,6.31868131868132,13.4615384615385,6.59340659340659,21.7032967032967
postagem_8,3803328566864513536,DTIIy5ADgn-,"Mon, 05 Jan 2026 11:24:24 GMT",2026-01-05T03:00:00Z,1767612264,"Qual a sua opinião sobre isso? 
.
.
Trecho do episódio com @eliasmkjabbour e @leosiqueirabr",NA,11107,813,https://www.instagram.com/p/DTIIy5ADgn-/,https://instagram.fsdu8-1.fna.fbcdn.net/v/t51.71878-15/611658260_1547836216525547_8922357505885921886_n.jpg?stp=dst-jpg_e15_tt6&_nc_cat=111&ig_cache_key=MzgwMzMyODU2Njg2NDUxMzUzNA%3D%3D.3-ccb7-5&ccb=7-5&_nc_sid=58cdad&efg=eyJ2ZW5jb2RlX3RhZyI6InhwaWRzLjY0MHgxMTM2LnNkci5DMyJ9&_nc_ohc=aW2kkBLvGUkQ7kNvwFeygID&_nc_oc=Adm6I-sKw93I_QDhEWFJ-EBftoJuie6wbFIJRLmHfLdfhNY8d_76kNcd8sdDG8KP5yWjCEFpj0ZBjDpY7BSuyPra&_nc_ad=z-m&_nc_cid=0&_nc_zt=23&_nc_ht=instagram.fsdu8-1.fna&_nc_gid=dgSc8ZiPufOSsRkYD6qVNA&oh=00_AfuR4D_FCxWoVO5mLDJUGGdZXZ_ktgRlRbgxMved-q6scw&oe=6986F04C,https://instagram.fsdu8-1.fna.fbcdn.net/v/t51.71878-15/611658260_1547836216525547_8922357505885921886_n.jpg?stp=dst-jpg_e15_tt6&_nc_cat=111&ig_cache_key=MzgwMzMyODU2Njg2NDUxMzUzNA%3D%3D.3-ccb7-5&ccb=7-5&_nc_sid=58cdad&efg=eyJ2ZW5jb2RlX3RhZyI6InhwaWRzLjY0MHgxMTM2LnNkci5DMyJ9&_nc_ohc=aW2kkBLvGUkQ7kNvwFeygID&_nc_oc=Adm6I-sKw93I_QDhEWFJ-EBftoJuie6wbFIJRLmHfLdfhNY8d_76kNcd8sdDG8KP5yWjCEFpj0ZBjDpY7BSuyPra&_nc_ad=z-m&_nc_cid=0&_nc_zt=23&_nc_ht=instagram.fsdu8-1.fna&_nc_gid=dgSc8ZiPufOSsRkYD6qVNA&oh=00_AfuR4D_FCxWoVO5mLDJUGGdZXZ_ktgRlRbgxMved-q6scw&oe=6986F04C,"https://instagram.fsdu8-1.fna.fbcdn.net/v/t51.71878-15/611658260_1547836216525547_8922357505885921886_n.jpg?stp=dst-jpg_e15_tt6&_nc_cat=111&ig_cache_key=MzgwMzMyODU2Njg2NDUxMzUzNA%3D%3D.3-ccb7-5&ccb=7-5&_nc_sid=58cdad&efg=eyJ2ZW5jb2RlX3RhZyI6InhwaWRzLjY0MHgxMTM2LnNkci5DMyJ9&_nc_ohc=aW2kkBLvGUkQ7kNvwFeygID&_nc_oc=Adm6I-sKw93I_QDhEWFJ-EBftoJuie6wbFIJRLmHfLdfhNY8d_76kNcd8sdDG8KP5yWjCEFpj0ZBjDpY7BSuyPra&_nc_ad=z-m&_nc_cid=0&_nc_zt=23&_nc_ht=instagram.fsdu8-1.fna&_nc_gid=dgSc8ZiPufOSsRkYD6qVNA&oh=00_AfuR4D_FCxWoVO5mLDJUGGdZXZ_ktgRlRbgxMved-q6scw&oe=6986F04C
https://instagram.fsdu8-1.fna.fbcdn.net/v/t51.71878-15/611658260_1547836216525547_8922357505885921886_n.jpg?stp=dst-jpg_e15_p480x480_tt6&_nc_cat=111&ig_cache_key=MzgwMzMyODU2Njg2NDUxMzUzNA%3D%3D.3-ccb7-5&ccb=7-5&_nc_sid=58cdad&efg=eyJ2ZW5jb2RlX3RhZyI6InhwaWRzLjY0MHgxMTM2LnNkci5DMyJ9&_nc_ohc=aW2kkBLvGUkQ7kNvwFeygID&_nc_oc=Adm6I-sKw93I_QDhEWFJ-EBftoJuie6wbFIJRLmHfLdfhNY8d_76kNcd8sdDG8KP5yWjCEFpj0ZBjDpY7BSuyPra&_nc_ad=z-m&_nc_cid=0&_nc_zt=23&_nc_ht=instagram.fsdu8-1.fna&_nc_gid=dgSc8ZiPufOSsRkYD6qVNA&oh=00_AfvWog26jjQ78xdToXJhwr_3YGqsrtx6LR3EEwqbBKaTDw&oe=6986F04C
https://instagram.fsdu8-1.fna.fbcdn.net/v/t51.71878-15/611658260_1547836216525547_8922357505885921886_n.jpg?stp=dst-jpg_e15_p320x320_tt6&_nc_cat=111&ig_cache_key=MzgwMzMyODU2Njg2NDUxMzUzNA%3D%3D.3-ccb7-5&ccb=7-5&_nc_sid=58cdad&efg=eyJ2ZW5jb2RlX3RhZyI6InhwaWRzLjY0MHgxMTM2LnNkci5DMyJ9&_nc_ohc=aW2kkBLvGUkQ7kNvwFeygID&_nc_oc=Adm6I-sKw93I_QDhEWFJ-EBftoJuie6wbFIJRLmHfLdfhNY8d_76kNcd8sdDG8KP5yWjCEFpj0ZBjDpY7BSuyPra&_nc_ad=z-m&_nc_cid=0&_nc_zt=23&_nc_ht=instagram.fsdu8-1.fna&_nc_gid=dgSc8ZiPufOSsRkYD6qVNA&oh=00_AftqC5lP6lU5d_NmdIop26IiEzNMJdMnVxjTwOtI4n6ATg&oe=6986F04C
https://instagram.fsdu8-1.fna.fbcdn.net/v/t51.71878-15/611658260_1547836216525547_8922357505885921886_n.jpg?stp=dst-jpg_e15_p240x240_tt6&_nc_cat=111&ig_cache_key=MzgwMzMyODU2Njg2NDUxMzUzNA%3D%3D.3-ccb7-5&ccb=7-5&_nc_sid=58cdad&efg=eyJ2ZW5jb2RlX3RhZyI6InhwaWRzLjY0MHgxMTM2LnNkci5DMyJ9&_nc_ohc=aW2kkBLvGUkQ7kNvwFeygID&_nc_oc=Adm6I-sKw93I_QDhEWFJ-EBftoJuie6wbFIJRLmHfLdfhNY8d_76kNcd8sdDG8KP5yWjCEFpj0ZBjDpY7BSuyPra&_nc_ad=z-m&_nc_cid=0&_nc_zt=23&_nc_ht=instagram.fsdu8-1.fna&_nc_gid=dgSc8ZiPufOSsRkYD6qVNA&oh=00_Afu6jwluydHQhw2j5xYZtTkT9l1MrghkCqwzpV3SksOHJQ&oe=6986F04C
https://instagram.fsdu8-1.fna.fbcdn.net/v/t51.71878-15/611658260_1547836216525547_8922357505885921886_n.jpg?stp=c0.248.640.640a_dst-jpg_e15_s640x639_tt6&_nc_cat=111&ig_cache_key=MzgwMzMyODU2Njg2NDUxMzUzNA%3D%3D.3-ccb7-5&ccb=7-5&_nc_sid=58cdad&efg=eyJ2ZW5jb2RlX3RhZyI6InhwaWRzLjY0MHgxMTM2LnNkci5DMyJ9&_nc_ohc=aW2kkBLvGUkQ7kNvwFeygID&_nc_oc=Adm6I-sKw93I_QDhEWFJ-EBftoJuie6wbFIJRLmHfLdfhNY8d_76kNcd8sdDG8KP5yWjCEFpj0ZBjDpY7BSuyPra&_nc_ad=z-m&_nc_cid=0&_nc_zt=23&_nc_ht=instagram.fsdu8-1.fna&_nc_gid=dgSc8ZiPufOSsRkYD6qVNA&oh=00_AfttpFBc3zzgy1WPS0eeLnDK8iMFtFJov2Cbn-qbfdChGA&oe=6986F04C
https://instagram.fsdu8-1.fna.fbcdn.net/v/t51.71878-15/611658260_1547836216525547_8922357505885921886_n.jpg?stp=c0.248.640.640a_dst-jpg_e15_s640x639_tt6&_nc_cat=111&ig_cache_key=MzgwMzMyODU2Njg2NDUxMzUzNA%3D%3D.3-ccb7-5&ccb=7-5&_nc_sid=58cdad&efg=eyJ2ZW5jb2RlX3RhZyI6InhwaWRzLjY0MHgxMTM2LnNkci5DMyJ9&_nc_ohc=aW2kkBLvGUkQ7kNvwFeygID&_nc_oc=Adm6I-sKw93I_QDhEWFJ-EBftoJuie6wbFIJRLmHfLdfhNY8d_76kNcd8sdDG8KP5yWjCEFpj0ZBjDpY7BSuyPra&_nc_ad=z-m&_nc_cid=0&_nc_zt=23&_nc_ht=instagram.fsdu8-1.fna&_nc_gid=dgSc8ZiPufOSsRkYD6qVNA&oh=00_AfttpFBc3zzgy1WPS0eeLnDK8iMFtFJov2Cbn-qbfdChGA&oe=6986F04C
https://instagram.fsdu8-1.fna.fbcdn.net/v/t51.71878-15/611658260_1547836216525547_8922357505885921886_n.jpg?stp=c0.248.640.640a_dst-jpg_e15_s640x639_tt6&_nc_cat=111&ig_cache_key=MzgwMzMyODU2Njg2NDUxMzUzNA%3D%3D.3-ccb7-5&ccb=7-5&_nc_sid=58cdad&efg=eyJ2ZW5jb2RlX3RhZyI6InhwaWRzLjY0MHgxMTM2LnNkci5DMyJ9&_nc_ohc=aW2kkBLvGUkQ7kNvwFeygID&_nc_oc=Adm6I-sKw93I_QDhEWFJ-EBftoJuie6wbFIJRLmHfLdfhNY8d_76kNcd8sdDG8KP5yWjCEFpj0ZBjDpY7BSuyPra&_nc_ad=z-m&_nc_cid=0&_nc_zt=23&_nc_ht=instagram.fsdu8-1.fna&_nc_gid=dgSc8ZiPufOSsRkYD6qVNA&oh=00_AfttpFBc3zzgy1WPS0eeLnDK8iMFtFJov2Cbn-qbfdChGA&oe=6986F04C
https://instagram.fsdu8-1.fna.fbcdn.net/v/t51.71878-15/611658260_1547836216525547_8922357505885921886_n.jpg?stp=c0.248.640.640a_dst-jpg_e15_s480x480_tt6&_nc_cat=111&ig_cache_key=MzgwMzMyODU2Njg2NDUxMzUzNA%3D%3D.3-ccb7-5&ccb=7-5&_nc_sid=58cdad&efg=eyJ2ZW5jb2RlX3RhZyI6InhwaWRzLjY0MHgxMTM2LnNkci5DMyJ9&_nc_ohc=aW2kkBLvGUkQ7kNvwFeygID&_nc_oc=Adm6I-sKw93I_QDhEWFJ-EBftoJuie6wbFIJRLmHfLdfhNY8d_76kNcd8sdDG8KP5yWjCEFpj0ZBjDpY7BSuyPra&_nc_ad=z-m&_nc_cid=0&_nc_zt=23&_nc_ht=instagram.fsdu8-1.fna&_nc_gid=dgSc8ZiPufOSsRkYD6qVNA&oh=00_AfuXCKB1pxbDzjKu4KcSpbiW1pssoSxsvtlDXYKQxvL0nQ&oe=6986F04C
https://instagram.fsdu8-1.fna.fbcdn.net/v/t51.71878-15/611658260_1547836216525547_8922357505885921886_n.jpg?stp=c0.248.640.640a_dst-jpg_e15_s320x320_tt6&_nc_cat=111&ig_cache_key=MzgwMzMyODU2Njg2NDUxMzUzNA%3D%3D.3-ccb7-5&ccb=7-5&_nc_sid=58cdad&efg=eyJ2ZW5jb2RlX3RhZyI6InhwaWRzLjY0MHgxMTM2LnNkci5DMyJ9&_nc_ohc=aW2kkBLvGUkQ7kNvwFeygID&_nc_oc=Adm6I-sKw93I_QDhEWFJ-EBftoJuie6wbFIJRLmHfLdfhNY8d_76kNcd8sdDG8KP5yWjCEFpj0ZBjDpY7BSuyPra&_nc_ad=z-m&_nc_cid=0&_nc_zt=23&_nc_ht=instagram.fsdu8-1.fna&_nc_gid=dgSc8ZiPufOSsRkYD6qVNA&oh=00_AfvnchxPdHa0AUy9_XuiixcclH0htSOkmT6ybQ7n-8aTuA&oe=6986F04C
https://instagram.fsdu8-1.fna.fbcdn.net/v/t51.71878-15/611658260_1547836216525547_8922357505885921886_n.jpg?stp=c0.248.640.640a_dst-jpg_e15_s240x240_tt6&_nc_cat=111&ig_cache_key=MzgwMzMyODU2Njg2NDUxMzUzNA%3D%3D.3-ccb7-5&ccb=7-5&_nc_sid=58cdad&efg=eyJ2ZW5jb2RlX3RhZyI6InhwaWRzLjY0MHgxMTM2LnNkci5DMyJ9&_nc_ohc=aW2kkBLvGUkQ7kNvwFeygID&_nc_oc=Adm6I-sKw93I_QDhEWFJ-EBftoJuie6wbFIJRLmHfLdfhNY8d_76kNcd8sdDG8KP5yWjCEFpj0ZBjDpY7BSuyPra&_nc_ad=z-m&_nc_cid=0&_nc_zt=23&_nc_ht=instagram.fsdu8-1.fna&_nc_gid=dgSc8ZiPufOSsRkYD6qVNA&oh=00_AfvFnGCBgcRz2YB3WmCKxe9TlZvPTk4bt2QdLfKGf1Jicg&oe=6986F04C
https://instagram.fsdu8-1.fna.fbcdn.net/v/t51.71878-15/611658260_1547836216525547_8922357505885921886_n.jpg?stp=c0.248.640.640a_dst-jpg_e15_s150x150_tt6&_nc_cat=111&ig_cache_key=MzgwMzMyODU2Njg2NDUxMzUzNA%3D%3D.3-ccb7-5&ccb=7-5&_nc_sid=58cdad&efg=eyJ2ZW5jb2RlX3RhZyI6InhwaWRzLjY0MHgxMTM2LnNkci5DMyJ9&_nc_ohc=aW2kkBLvGUkQ7kNvwFeygID&_nc_oc=Adm6I-sKw93I_QDhEWFJ-EBftoJuie6wbFIJRLmHfLdfhNY8d_76kNcd8sdDG8KP5yWjCEFpj0ZBjDpY7BSuyPra&_nc_ad=z-m&_nc_cid=0&_nc_zt=23&_nc_ht=instagram.fsdu8-1.fna&_nc_gid=dgSc8ZiPufOSsRkYD6qVNA&oh=00_AfuhmPjZYAUb33gb3y5Nj8Q9l3VcCHMmV-MtH0pUeRcCVg&oe=6986F04C",NA,NO,YES,https://instagram.fsdu8-2.fna.fbcdn.net/o1/v/t2/f2/m86/AQOWS5bUFJy1L_a68bswY4-_VA2qZbE0ET86gIm_v-7_NbQ5UYP93z2aUZbmjbZz6kdYk1l4AkiISuBT34UVFLiUBUxtJI0bJzaJhAA.mp4?_nc_cat=108&_nc_oc=AdnyYvaHUI9uKeK-j82WtJKCfQkIYQknh_JbdPdBu3qjDJ-8G2W89Bjwed5wqOyWbLsqt9siU-vTGTwykXQcHb_p&_nc_sid=5e9851&_nc_ht=instagram.fsdu8-2.fna.fbcdn.net&_nc_ohc=6on3laTzMdkQ7kNvwEjPgUv&efg=eyJ2ZW5jb2RlX3RhZyI6Inhwdl9wcm9ncmVzc2l2ZS5JTlNUQUdSQU0uQ0xJUFMuQzMuNzIwLmRhc2hfYmFzZWxpbmVfMV92MSIsInhwdl9hc3NldF9pZCI6ODU3NTEwODM3MTk1NjYxLCJhc3NldF9hZ2VfZGF5cyI6MjgsInZpX3VzZWNhc2VfaWQiOjEwMDk5LCJkdXJhdGlvbl9zIjo3NCwidXJsZ2VuX3NvdXJjZSI6Ind3dyJ9&ccb=17-1&_nc_gid=dgSc8ZiPufOSsRkYD6qVNA&_nc_zt=28&vs=3841f329749ccdc4&_nc_vs=HBksFQIYUmlnX3hwdl9yZWVsc19wZXJtYW5lbnRfc3JfcHJvZC9GMDQzNUFBODgxNjI2OUZCQ0I4RDM3ODg0REUyOEZCM192aWRlb19kYXNoaW5pdC5tcDQVAALIARIAFQIYOnBhc3N0aHJvdWdoX2V2ZXJzdG9yZS9HSkxMZXlUMmRLX0VWd0FEQUxHN1NUazhmM1ZTYnN0VEFRQUYVAgLIARIAKAAYABsCiAd1c2Vfb2lsATEScHJvZ3Jlc3NpdmVfcmVjaXBlATEVAAAmms68zdn5hQMVAigCQzMsF0BSjul41P30GBJkYXNoX2Jhc2VsaW5lXzFfdjERAHX-B2XmnQEA&oh=00_Aft3S_V2aO7myCs1bZ9QrqCLXRzbqjQFuguaKnNyxXyNow&oe=6982F2A9,NA,51224655246,irmaos.diaspodcast,NA,NA,NA,NA,NA,NA,Autoridade,"Trata-se de um discurso voltado a interpretar e explicar dinâmicas de poder, construindo legitimidade pelo conhecimento especializado. Classificado como Competência.",44.0329218106996,55.9670781893004,14.8148148148148,6.5843621399177,11.522633744856,15.2263374485597,11.522633744856,14.40329218107,6.17283950617284,19.7530864197531
postagem_7,3.802985027832e+18,DTG6rvWDh0C,"Mon, 05 Jan 2026 00:00:28 GMT",2026-01-05T03:00:00Z,1767571228,Por que a Venezuela continua sendo governada pelo Partido Socialista? Os EUA estão com dificuldades de fechar o ciclo do Regime Change?,NA,17284,675,https://www.instagram.com/p/DTG6rvWDh0C/,https://instagram.fsdu8-2.fna.fbcdn.net/v/t51.71878-15/609287760_1408491193982788_8631401614007872116_n.jpg?stp=dst-jpegr_e15_tt6&_nc_cat=103&ig_cache_key=MzgwMjk4NTAyNzgzMTk5NTY1MA%3D%3D.3-ccb7-5&ccb=7-5&_nc_sid=58cdad&efg=eyJ2ZW5jb2RlX3RhZyI6InhwaWRzLjY0MHgxMTM2Lmhkci5DMyJ9&_nc_ohc=2JdIZ9YcCz4Q7kNvwET9f5b&_nc_oc=AdkktQud7sG7i6_niAQoojSRaGphef4YDl7FeDSp4v4Yp54MAqAvQxRU9QOGtFNIqsnpR_DlEE1s03VbLXvWmjEV&_nc_ad=z-m&_nc_cid=0&_nc_zt=23&se=-1&_nc_ht=instagram.fsdu8-2.fna&_nc_gid=MYWDDe9T2fECEvuiNYX3eQ&oh=00_AfsE5rLq5ucKyVfQpahR2YU5Qtb3GPrkuoTm7Ciyhe_XaQ&oe=6986DF3B,https://instagram.fsdu8-2.fna.fbcdn.net/v/t51.71878-15/609287760_1408491193982788_8631401614007872116_n.jpg?stp=dst-jpegr_e15_tt6&_nc_cat=103&ig_cache_key=MzgwMjk4NTAyNzgzMTk5NTY1MA%3D%3D.3-ccb7-5&ccb=7-5&_nc_sid=58cdad&efg=eyJ2ZW5jb2RlX3RhZyI6InhwaWRzLjY0MHgxMTM2Lmhkci5DMyJ9&_nc_ohc=2JdIZ9YcCz4Q7kNvwET9f5b&_nc_oc=AdkktQud7sG7i6_niAQoojSRaGphef4YDl7FeDSp4v4Yp54MAqAvQxRU9QOGtFNIqsnpR_DlEE1s03VbLXvWmjEV&_nc_ad=z-m&_nc_cid=0&_nc_zt=23&se=-1&_nc_ht=instagram.fsdu8-2.fna&_nc_gid=MYWDDe9T2fECEvuiNYX3eQ&oh=00_AfsE5rLq5ucKyVfQpahR2YU5Qtb3GPrkuoTm7Ciyhe_XaQ&oe=6986DF3B,"https://instagram.fsdu8-2.fna.fbcdn.net/v/t51.71878-15/609287760_1408491193982788_8631401614007872116_n.jpg?stp=dst-jpegr_e15_tt6&_nc_cat=103&ig_cache_key=MzgwMjk4NTAyNzgzMTk5NTY1MA%3D%3D.3-ccb7-5&ccb=7-5&_nc_sid=58cdad&efg=eyJ2ZW5jb2RlX3RhZyI6InhwaWRzLjY0MHgxMTM2Lmhkci5DMyJ9&_nc_ohc=2JdIZ9YcCz4Q7kNvwET9f5b&_nc_oc=AdkktQud7sG7i6_niAQoojSRaGphef4YDl7FeDSp4v4Yp54MAqAvQxRU9QOGtFNIqsnpR_DlEE1s03VbLXvWmjEV&_nc_ad=z-m&_nc_cid=0&_nc_zt=23&se=-1&_nc_ht=instagram.fsdu8-2.fna&_nc_gid=MYWDDe9T2fECEvuiNYX3eQ&oh=00_AfsE5rLq5ucKyVfQpahR2YU5Qtb3GPrkuoTm7Ciyhe_XaQ&oe=6986DF3B
https://instagram.fsdu8-2.fna.fbcdn.net/v/t51.71878-15/609287760_1408491193982788_8631401614007872116_n.jpg?stp=dst-jpegr_e15_p480x480_tt6&_nc_cat=103&ig_cache_key=MzgwMjk4NTAyNzgzMTk5NTY1MA%3D%3D.3-ccb7-5&ccb=7-5&_nc_sid=58cdad&efg=eyJ2ZW5jb2RlX3RhZyI6InhwaWRzLjY0MHgxMTM2Lmhkci5DMyJ9&_nc_ohc=2JdIZ9YcCz4Q7kNvwET9f5b&_nc_oc=AdkktQud7sG7i6_niAQoojSRaGphef4YDl7FeDSp4v4Yp54MAqAvQxRU9QOGtFNIqsnpR_DlEE1s03VbLXvWmjEV&_nc_ad=z-m&_nc_cid=0&_nc_zt=23&se=-1&_nc_ht=instagram.fsdu8-2.fna&_nc_gid=MYWDDe9T2fECEvuiNYX3eQ&oh=00_Afsbmyt8XFcnCmS18iWIQ8K2GLw5HHGszgOKCxLDnxIzuA&oe=6986DF3B
https://instagram.fsdu8-2.fna.fbcdn.net/v/t51.71878-15/609287760_1408491193982788_8631401614007872116_n.jpg?stp=dst-jpegr_e15_p320x320_tt6&_nc_cat=103&ig_cache_key=MzgwMjk4NTAyNzgzMTk5NTY1MA%3D%3D.3-ccb7-5&ccb=7-5&_nc_sid=58cdad&efg=eyJ2ZW5jb2RlX3RhZyI6InhwaWRzLjY0MHgxMTM2Lmhkci5DMyJ9&_nc_ohc=2JdIZ9YcCz4Q7kNvwET9f5b&_nc_oc=AdkktQud7sG7i6_niAQoojSRaGphef4YDl7FeDSp4v4Yp54MAqAvQxRU9QOGtFNIqsnpR_DlEE1s03VbLXvWmjEV&_nc_ad=z-m&_nc_cid=0&_nc_zt=23&se=-1&_nc_ht=instagram.fsdu8-2.fna&_nc_gid=MYWDDe9T2fECEvuiNYX3eQ&oh=00_AfvrMR191GuaHSnO6MVy6iQzzcqshOtNCJXjLaZmkyv5pw&oe=6986DF3B
https://instagram.fsdu8-2.fna.fbcdn.net/v/t51.71878-15/609287760_1408491193982788_8631401614007872116_n.jpg?stp=dst-jpegr_e15_p240x240_tt6&_nc_cat=103&ig_cache_key=MzgwMjk4NTAyNzgzMTk5NTY1MA%3D%3D.3-ccb7-5&ccb=7-5&_nc_sid=58cdad&efg=eyJ2ZW5jb2RlX3RhZyI6InhwaWRzLjY0MHgxMTM2Lmhkci5DMyJ9&_nc_ohc=2JdIZ9YcCz4Q7kNvwET9f5b&_nc_oc=AdkktQud7sG7i6_niAQoojSRaGphef4YDl7FeDSp4v4Yp54MAqAvQxRU9QOGtFNIqsnpR_DlEE1s03VbLXvWmjEV&_nc_ad=z-m&_nc_cid=0&_nc_zt=23&se=-1&_nc_ht=instagram.fsdu8-2.fna&_nc_gid=MYWDDe9T2fECEvuiNYX3eQ&oh=00_Aft8RdxaenS9A_KcTgA1LrXOtMuhtb6hOnBt3matdDnXSg&oe=6986DF3B
https://instagram.fsdu8-2.fna.fbcdn.net/v/t51.71878-15/609287760_1408491193982788_8631401614007872116_n.jpg?stp=c0.248.640.640a_dst-jpegr_e15_s640x639_tt6&_nc_cat=103&ig_cache_key=MzgwMjk4NTAyNzgzMTk5NTY1MA%3D%3D.3-ccb7-5&ccb=7-5&_nc_sid=58cdad&efg=eyJ2ZW5jb2RlX3RhZyI6InhwaWRzLjY0MHgxMTM2Lmhkci5DMyJ9&_nc_ohc=2JdIZ9YcCz4Q7kNvwET9f5b&_nc_oc=AdkktQud7sG7i6_niAQoojSRaGphef4YDl7FeDSp4v4Yp54MAqAvQxRU9QOGtFNIqsnpR_DlEE1s03VbLXvWmjEV&_nc_ad=z-m&_nc_cid=0&_nc_zt=23&se=-1&_nc_ht=instagram.fsdu8-2.fna&_nc_gid=MYWDDe9T2fECEvuiNYX3eQ&oh=00_Afv13sIhc2xcFsPUAHucBTwxnaOOm2zv8Qysnmw4Uybrkg&oe=6986DF3B
https://instagram.fsdu8-2.fna.fbcdn.net/v/t51.71878-15/609287760_1408491193982788_8631401614007872116_n.jpg?stp=c0.248.640.640a_dst-jpegr_e15_s640x639_tt6&_nc_cat=103&ig_cache_key=MzgwMjk4NTAyNzgzMTk5NTY1MA%3D%3D.3-ccb7-5&ccb=7-5&_nc_sid=58cdad&efg=eyJ2ZW5jb2RlX3RhZyI6InhwaWRzLjY0MHgxMTM2Lmhkci5DMyJ9&_nc_ohc=2JdIZ9YcCz4Q7kNvwET9f5b&_nc_oc=AdkktQud7sG7i6_niAQoojSRaGphef4YDl7FeDSp4v4Yp54MAqAvQxRU9QOGtFNIqsnpR_DlEE1s03VbLXvWmjEV&_nc_ad=z-m&_nc_cid=0&_nc_zt=23&se=-1&_nc_ht=instagram.fsdu8-2.fna&_nc_gid=MYWDDe9T2fECEvuiNYX3eQ&oh=00_Afv13sIhc2xcFsPUAHucBTwxnaOOm2zv8Qysnmw4Uybrkg&oe=6986DF3B
https://instagram.fsdu8-2.fna.fbcdn.net/v/t51.71878-15/609287760_1408491193982788_8631401614007872116_n.jpg?stp=c0.248.640.640a_dst-jpegr_e15_s640x639_tt6&_nc_cat=103&ig_cache_key=MzgwMjk4NTAyNzgzMTk5NTY1MA%3D%3D.3-ccb7-5&ccb=7-5&_nc_sid=58cdad&efg=eyJ2ZW5jb2RlX3RhZyI6InhwaWRzLjY0MHgxMTM2Lmhkci5DMyJ9&_nc_ohc=2JdIZ9YcCz4Q7kNvwET9f5b&_nc_oc=AdkktQud7sG7i6_niAQoojSRaGphef4YDl7FeDSp4v4Yp54MAqAvQxRU9QOGtFNIqsnpR_DlEE1s03VbLXvWmjEV&_nc_ad=z-m&_nc_cid=0&_nc_zt=23&se=-1&_nc_ht=instagram.fsdu8-2.fna&_nc_gid=MYWDDe9T2fECEvuiNYX3eQ&oh=00_Afv13sIhc2xcFsPUAHucBTwxnaOOm2zv8Qysnmw4Uybrkg&oe=6986DF3B
https://instagram.fsdu8-2.fna.fbcdn.net/v/t51.71878-15/609287760_1408491193982788_8631401614007872116_n.jpg?stp=c0.248.640.640a_dst-jpegr_e15_s480x480_tt6&_nc_cat=103&ig_cache_key=MzgwMjk4NTAyNzgzMTk5NTY1MA%3D%3D.3-ccb7-5&ccb=7-5&_nc_sid=58cdad&efg=eyJ2ZW5jb2RlX3RhZyI6InhwaWRzLjY0MHgxMTM2Lmhkci5DMyJ9&_nc_ohc=2JdIZ9YcCz4Q7kNvwET9f5b&_nc_oc=AdkktQud7sG7i6_niAQoojSRaGphef4YDl7FeDSp4v4Yp54MAqAvQxRU9QOGtFNIqsnpR_DlEE1s03VbLXvWmjEV&_nc_ad=z-m&_nc_cid=0&_nc_zt=23&se=-1&_nc_ht=instagram.fsdu8-2.fna&_nc_gid=MYWDDe9T2fECEvuiNYX3eQ&oh=00_AfsqI8YjUY9GUB3jI331oKXXtyhCl35XD19FpnVy2z7vRA&oe=6986DF3B
https://instagram.fsdu8-2.fna.fbcdn.net/v/t51.71878-15/609287760_1408491193982788_8631401614007872116_n.jpg?stp=c0.248.640.640a_dst-jpegr_e15_s320x320_tt6&_nc_cat=103&ig_cache_key=MzgwMjk4NTAyNzgzMTk5NTY1MA%3D%3D.3-ccb7-5&ccb=7-5&_nc_sid=58cdad&efg=eyJ2ZW5jb2RlX3RhZyI6InhwaWRzLjY0MHgxMTM2Lmhkci5DMyJ9&_nc_ohc=2JdIZ9YcCz4Q7kNvwET9f5b&_nc_oc=AdkktQud7sG7i6_niAQoojSRaGphef4YDl7FeDSp4v4Yp54MAqAvQxRU9QOGtFNIqsnpR_DlEE1s03VbLXvWmjEV&_nc_ad=z-m&_nc_cid=0&_nc_zt=23&se=-1&_nc_ht=instagram.fsdu8-2.fna&_nc_gid=MYWDDe9T2fECEvuiNYX3eQ&oh=00_AfvDBzSiYI0GezoC7hUClXMOYkVmg9BIlUgNp85sv1zsAg&oe=6986DF3B
https://instagram.fsdu8-2.fna.fbcdn.net/v/t51.71878-15/609287760_1408491193982788_8631401614007872116_n.jpg?stp=c0.248.640.640a_dst-jpegr_e15_s240x240_tt6&_nc_cat=103&ig_cache_key=MzgwMjk4NTAyNzgzMTk5NTY1MA%3D%3D.3-ccb7-5&ccb=7-5&_nc_sid=58cdad&efg=eyJ2ZW5jb2RlX3RhZyI6InhwaWRzLjY0MHgxMTM2Lmhkci5DMyJ9&_nc_ohc=2JdIZ9YcCz4Q7kNvwET9f5b&_nc_oc=AdkktQud7sG7i6_niAQoojSRaGphef4YDl7FeDSp4v4Yp54MAqAvQxRU9QOGtFNIqsnpR_DlEE1s03VbLXvWmjEV&_nc_ad=z-m&_nc_cid=0&_nc_zt=23&se=-1&_nc_ht=instagram.fsdu8-2.fna&_nc_gid=MYWDDe9T2fECEvuiNYX3eQ&oh=00_AfscEKAVEkRFfHvQlIyQ4xakwC161d3KusMJGoz6MgkhoA&oe=6986DF3B
https://instagram.fsdu8-2.fna.fbcdn.net/v/t51.71878-15/609287760_1408491193982788_8631401614007872116_n.jpg?stp=c0.248.640.640a_dst-jpegr_e15_s150x150_tt6&_nc_cat=103&ig_cache_key=MzgwMjk4NTAyNzgzMTk5NTY1MA%3D%3D.3-ccb7-5&ccb=7-5&_nc_sid=58cdad&efg=eyJ2ZW5jb2RlX3RhZyI6InhwaWRzLjY0MHgxMTM2Lmhkci5DMyJ9&_nc_ohc=2JdIZ9YcCz4Q7kNvwET9f5b&_nc_oc=AdkktQud7sG7i6_niAQoojSRaGphef4YDl7FeDSp4v4Yp54MAqAvQxRU9QOGtFNIqsnpR_DlEE1s03VbLXvWmjEV&_nc_ad=z-m&_nc_cid=0&_nc_zt=23&se=-1&_nc_ht=instagram.fsdu8-2.fna&_nc_gid=MYWDDe9T2fECEvuiNYX3eQ&oh=00_AftsKGjg25LYp2iGnQdhCz4dAm6pqAhChAKrcRSAdYv2-w&oe=6986DF3B",NA,NO,YES,https://instagram.fsdu8-1.fna.fbcdn.net/o1/v/t2/f2/m86/AQONcrxBHvNnQUWHsleCOnWYerX9aBBudcMbKKxjlVX0kzzaODKD2mJKXvF-Jwe6SzElxHntIBTb-sDeoWjv9TZxOZFIiqu5KoTSlTI.mp4?_nc_cat=104&_nc_oc=AdlptSYCvwgDNhU5a0Hr4lUxAqq-t-KS8MG4Drwh-IYo-RrIwu9JwZz0VLesOaeHeAndB9UagiLSDcMRktyz9nJi&_nc_sid=5e9851&_nc_ht=instagram.fsdu8-1.fna.fbcdn.net&_nc_ohc=mx2FH2JL0qIQ7kNvwGLxejg&efg=eyJ2ZW5jb2RlX3RhZyI6Inhwdl9wcm9ncmVzc2l2ZS5JTlNUQUdSQU0uQ0xJUFMuQzMuNzIwLmRhc2hfYmFzZWxpbmVfMV92MSIsInhwdl9hc3NldF9pZCI6MTkzMDkzNDQxMTE4MTM5OSwiYXNzZXRfYWdlX2RheXMiOjI4LCJ2aV91c2VjYXNlX2lkIjoxMDA5OSwiZHVyYXRpb25fcyI6MTY3LCJ1cmxnZW5fc291cmNlIjoid3d3In0%3D&ccb=17-1&_nc_gid=MYWDDe9T2fECEvuiNYX3eQ&_nc_zt=28&vs=2a2b56b35dc194cb&_nc_vs=HBksFQIYUmlnX3hwdl9yZWVsc19wZXJtYW5lbnRfc3JfcHJvZC9ENTQ1REJGNEUzOTg3RDJFRkMwMDMxNEU4RkEwOUM5OF92aWRlb19kYXNoaW5pdC5tcDQVAALIARIAFQIYRmlnX3hwdl9yZWVsc19wZXJtYW5lbnRfc3JfcHJvZC84MDI3NjQyMzYxNDgwODBfODk0MzI2NTg4NzY5NjkzNDcxNC5tcDQVAgLIARIAKAAYABsCiAd1c2Vfb2lsATEScHJvZ3Jlc3NpdmVfcmVjaXBlATEVAAAmrvXNupaL7gYVAigCQzMsF0Bk7dsi0OVgGBJkYXNoX2Jhc2VsaW5lXzFfdjERAHX-B2XmnQEA&oh=00_AftaCNLSNQT2SmAkylti2y47ug1eeex3MGPUrmUDGrcmoA&oe=6982E359,NA,3194347257,eliasmkjabbour,NA,NA,NA,NA,NA,NA,Autoridade,"Trata-se de um discurso voltado a interpretar e explicar dinâmicas de poder, construindo legitimidade pelo conhecimento especializado. Classificado como Competência.",34.020618556701,65.979381443299,15.4639175257732,7.7319587628866,10.5670103092784,21.1340206185567,4.12371134020619,18.8144329896907,5.41237113402062,16.7525773195876
postagem_6,3802592749024056832,DTFhfVPDhXY,"Sun, 04 Jan 2026 11:01:13 GMT",2026-01-04T03:00:00Z,1767524473,Nos sobram poucas opções do que fazer. A contradição posta é entre projeto nacional x barbárie.,NA,6416,438,https://www.instagram.com/p/DTFhfVPDhXY/,https://instagram.fsdu8-2.fna.fbcdn.net/v/t51.71878-15/610876796_1954551022127051_92879452108537214_n.jpg?stp=dst-jpegr_e15_tt6&_nc_cat=109&ig_cache_key=MzgwMjU5Mjc0OTAyNDA1Njc5Mg%3D%3D.3-ccb7-5&ccb=7-5&_nc_sid=58cdad&efg=eyJ2ZW5jb2RlX3RhZyI6InhwaWRzLjY0MHgxMTM2Lmhkci5DMyJ9&_nc_ohc=3woFyVTjQxQQ7kNvwE6WFGo&_nc_oc=AdktMihmwGCBiysUjVyvFTLHcy8sT5RgD6sDtT8KxdUVXtaadZuDp4SpD6Rgv2I1SWwbKdxbzz89g2hDrxxwyBnY&_nc_ad=z-m&_nc_cid=0&_nc_zt=23&se=-1&_nc_ht=instagram.fsdu8-2.fna&_nc_gid=MYWDDe9T2fECEvuiNYX3eQ&oh=00_Afs5hv2g_cbJAfBXDVSYYXoCjylvwqTyU4IluBSLBal70w&oe=6986D65D,https://instagram.fsdu8-2.fna.fbcdn.net/v/t51.71878-15/610876796_1954551022127051_92879452108537214_n.jpg?stp=dst-jpegr_e15_tt6&_nc_cat=109&ig_cache_key=MzgwMjU5Mjc0OTAyNDA1Njc5Mg%3D%3D.3-ccb7-5&ccb=7-5&_nc_sid=58cdad&efg=eyJ2ZW5jb2RlX3RhZyI6InhwaWRzLjY0MHgxMTM2Lmhkci5DMyJ9&_nc_ohc=3woFyVTjQxQQ7kNvwE6WFGo&_nc_oc=AdktMihmwGCBiysUjVyvFTLHcy8sT5RgD6sDtT8KxdUVXtaadZuDp4SpD6Rgv2I1SWwbKdxbzz89g2hDrxxwyBnY&_nc_ad=z-m&_nc_cid=0&_nc_zt=23&se=-1&_nc_ht=instagram.fsdu8-2.fna&_nc_gid=MYWDDe9T2fECEvuiNYX3eQ&oh=00_Afs5hv2g_cbJAfBXDVSYYXoCjylvwqTyU4IluBSLBal70w&oe=6986D65D,"https://instagram.fsdu8-2.fna.fbcdn.net/v/t51.71878-15/610876796_1954551022127051_92879452108537214_n.jpg?stp=dst-jpegr_e15_tt6&_nc_cat=109&ig_cache_key=MzgwMjU5Mjc0OTAyNDA1Njc5Mg%3D%3D.3-ccb7-5&ccb=7-5&_nc_sid=58cdad&efg=eyJ2ZW5jb2RlX3RhZyI6InhwaWRzLjY0MHgxMTM2Lmhkci5DMyJ9&_nc_ohc=3woFyVTjQxQQ7kNvwE6WFGo&_nc_oc=AdktMihmwGCBiysUjVyvFTLHcy8sT5RgD6sDtT8KxdUVXtaadZuDp4SpD6Rgv2I1SWwbKdxbzz89g2hDrxxwyBnY&_nc_ad=z-m&_nc_cid=0&_nc_zt=23&se=-1&_nc_ht=instagram.fsdu8-2.fna&_nc_gid=MYWDDe9T2fECEvuiNYX3eQ&oh=00_Afs5hv2g_cbJAfBXDVSYYXoCjylvwqTyU4IluBSLBal70w&oe=6986D65D
https://instagram.fsdu8-2.fna.fbcdn.net/v/t51.71878-15/610876796_1954551022127051_92879452108537214_n.jpg?stp=dst-jpegr_e15_p480x480_tt6&_nc_cat=109&ig_cache_key=MzgwMjU5Mjc0OTAyNDA1Njc5Mg%3D%3D.3-ccb7-5&ccb=7-5&_nc_sid=58cdad&efg=eyJ2ZW5jb2RlX3RhZyI6InhwaWRzLjY0MHgxMTM2Lmhkci5DMyJ9&_nc_ohc=3woFyVTjQxQQ7kNvwE6WFGo&_nc_oc=AdktMihmwGCBiysUjVyvFTLHcy8sT5RgD6sDtT8KxdUVXtaadZuDp4SpD6Rgv2I1SWwbKdxbzz89g2hDrxxwyBnY&_nc_ad=z-m&_nc_cid=0&_nc_zt=23&se=-1&_nc_ht=instagram.fsdu8-2.fna&_nc_gid=MYWDDe9T2fECEvuiNYX3eQ&oh=00_Aft0JiQ3unD74SUKzzIDAb0X3TAJxL1k6hWq9qiVeiBX5g&oe=6986D65D
https://instagram.fsdu8-2.fna.fbcdn.net/v/t51.71878-15/610876796_1954551022127051_92879452108537214_n.jpg?stp=dst-jpegr_e15_p320x320_tt6&_nc_cat=109&ig_cache_key=MzgwMjU5Mjc0OTAyNDA1Njc5Mg%3D%3D.3-ccb7-5&ccb=7-5&_nc_sid=58cdad&efg=eyJ2ZW5jb2RlX3RhZyI6InhwaWRzLjY0MHgxMTM2Lmhkci5DMyJ9&_nc_ohc=3woFyVTjQxQQ7kNvwE6WFGo&_nc_oc=AdktMihmwGCBiysUjVyvFTLHcy8sT5RgD6sDtT8KxdUVXtaadZuDp4SpD6Rgv2I1SWwbKdxbzz89g2hDrxxwyBnY&_nc_ad=z-m&_nc_cid=0&_nc_zt=23&se=-1&_nc_ht=instagram.fsdu8-2.fna&_nc_gid=MYWDDe9T2fECEvuiNYX3eQ&oh=00_AfvNuNKTb4DPi5yyRe_l4OhPcvMF4n2vnuF-yvMfF1Pldw&oe=6986D65D
https://instagram.fsdu8-2.fna.fbcdn.net/v/t51.71878-15/610876796_1954551022127051_92879452108537214_n.jpg?stp=dst-jpegr_e15_p240x240_tt6&_nc_cat=109&ig_cache_key=MzgwMjU5Mjc0OTAyNDA1Njc5Mg%3D%3D.3-ccb7-5&ccb=7-5&_nc_sid=58cdad&efg=eyJ2ZW5jb2RlX3RhZyI6InhwaWRzLjY0MHgxMTM2Lmhkci5DMyJ9&_nc_ohc=3woFyVTjQxQQ7kNvwE6WFGo&_nc_oc=AdktMihmwGCBiysUjVyvFTLHcy8sT5RgD6sDtT8KxdUVXtaadZuDp4SpD6Rgv2I1SWwbKdxbzz89g2hDrxxwyBnY&_nc_ad=z-m&_nc_cid=0&_nc_zt=23&se=-1&_nc_ht=instagram.fsdu8-2.fna&_nc_gid=MYWDDe9T2fECEvuiNYX3eQ&oh=00_AftqYZP7kvw7_yC57cL50pruqPWyXperhvctqbE6hFZIdw&oe=6986D65D
https://instagram.fsdu8-2.fna.fbcdn.net/v/t51.71878-15/610876796_1954551022127051_92879452108537214_n.jpg?stp=c0.248.640.640a_dst-jpegr_e15_s640x639_tt6&_nc_cat=109&ig_cache_key=MzgwMjU5Mjc0OTAyNDA1Njc5Mg%3D%3D.3-ccb7-5&ccb=7-5&_nc_sid=58cdad&efg=eyJ2ZW5jb2RlX3RhZyI6InhwaWRzLjY0MHgxMTM2Lmhkci5DMyJ9&_nc_ohc=3woFyVTjQxQQ7kNvwE6WFGo&_nc_oc=AdktMihmwGCBiysUjVyvFTLHcy8sT5RgD6sDtT8KxdUVXtaadZuDp4SpD6Rgv2I1SWwbKdxbzz89g2hDrxxwyBnY&_nc_ad=z-m&_nc_cid=0&_nc_zt=23&se=-1&_nc_ht=instagram.fsdu8-2.fna&_nc_gid=MYWDDe9T2fECEvuiNYX3eQ&oh=00_AfvBgszgzBVTeJ32RcPM4-N9oskhZT5jxNv1pANvI4c8Cg&oe=6986D65D
https://instagram.fsdu8-2.fna.fbcdn.net/v/t51.71878-15/610876796_1954551022127051_92879452108537214_n.jpg?stp=c0.248.640.640a_dst-jpegr_e15_s640x639_tt6&_nc_cat=109&ig_cache_key=MzgwMjU5Mjc0OTAyNDA1Njc5Mg%3D%3D.3-ccb7-5&ccb=7-5&_nc_sid=58cdad&efg=eyJ2ZW5jb2RlX3RhZyI6InhwaWRzLjY0MHgxMTM2Lmhkci5DMyJ9&_nc_ohc=3woFyVTjQxQQ7kNvwE6WFGo&_nc_oc=AdktMihmwGCBiysUjVyvFTLHcy8sT5RgD6sDtT8KxdUVXtaadZuDp4SpD6Rgv2I1SWwbKdxbzz89g2hDrxxwyBnY&_nc_ad=z-m&_nc_cid=0&_nc_zt=23&se=-1&_nc_ht=instagram.fsdu8-2.fna&_nc_gid=MYWDDe9T2fECEvuiNYX3eQ&oh=00_AfvBgszgzBVTeJ32RcPM4-N9oskhZT5jxNv1pANvI4c8Cg&oe=6986D65D
https://instagram.fsdu8-2.fna.fbcdn.net/v/t51.71878-15/610876796_1954551022127051_92879452108537214_n.jpg?stp=c0.248.640.640a_dst-jpegr_e15_s640x639_tt6&_nc_cat=109&ig_cache_key=MzgwMjU5Mjc0OTAyNDA1Njc5Mg%3D%3D.3-ccb7-5&ccb=7-5&_nc_sid=58cdad&efg=eyJ2ZW5jb2RlX3RhZyI6InhwaWRzLjY0MHgxMTM2Lmhkci5DMyJ9&_nc_ohc=3woFyVTjQxQQ7kNvwE6WFGo&_nc_oc=AdktMihmwGCBiysUjVyvFTLHcy8sT5RgD6sDtT8KxdUVXtaadZuDp4SpD6Rgv2I1SWwbKdxbzz89g2hDrxxwyBnY&_nc_ad=z-m&_nc_cid=0&_nc_zt=23&se=-1&_nc_ht=instagram.fsdu8-2.fna&_nc_gid=MYWDDe9T2fECEvuiNYX3eQ&oh=00_AfvBgszgzBVTeJ32RcPM4-N9oskhZT5jxNv1pANvI4c8Cg&oe=6986D65D
https://instagram.fsdu8-2.fna.fbcdn.net/v/t51.71878-15/610876796_1954551022127051_92879452108537214_n.jpg?stp=c0.248.640.640a_dst-jpegr_e15_s480x480_tt6&_nc_cat=109&ig_cache_key=MzgwMjU5Mjc0OTAyNDA1Njc5Mg%3D%3D.3-ccb7-5&ccb=7-5&_nc_sid=58cdad&efg=eyJ2ZW5jb2RlX3RhZyI6InhwaWRzLjY0MHgxMTM2Lmhkci5DMyJ9&_nc_ohc=3woFyVTjQxQQ7kNvwE6WFGo&_nc_oc=AdktMihmwGCBiysUjVyvFTLHcy8sT5RgD6sDtT8KxdUVXtaadZuDp4SpD6Rgv2I1SWwbKdxbzz89g2hDrxxwyBnY&_nc_ad=z-m&_nc_cid=0&_nc_zt=23&se=-1&_nc_ht=instagram.fsdu8-2.fna&_nc_gid=MYWDDe9T2fECEvuiNYX3eQ&oh=00_AfvX24O8QrsiRDuF4nHImmftSsK80DJW2T-Z8ow0rmTvRw&oe=6986D65D
https://instagram.fsdu8-2.fna.fbcdn.net/v/t51.71878-15/610876796_1954551022127051_92879452108537214_n.jpg?stp=c0.248.640.640a_dst-jpegr_e15_s320x320_tt6&_nc_cat=109&ig_cache_key=MzgwMjU5Mjc0OTAyNDA1Njc5Mg%3D%3D.3-ccb7-5&ccb=7-5&_nc_sid=58cdad&efg=eyJ2ZW5jb2RlX3RhZyI6InhwaWRzLjY0MHgxMTM2Lmhkci5DMyJ9&_nc_ohc=3woFyVTjQxQQ7kNvwE6WFGo&_nc_oc=AdktMihmwGCBiysUjVyvFTLHcy8sT5RgD6sDtT8KxdUVXtaadZuDp4SpD6Rgv2I1SWwbKdxbzz89g2hDrxxwyBnY&_nc_ad=z-m&_nc_cid=0&_nc_zt=23&se=-1&_nc_ht=instagram.fsdu8-2.fna&_nc_gid=MYWDDe9T2fECEvuiNYX3eQ&oh=00_AfvOdlwyok4mjbTpcD9TnY7LmSmcKVn2j67Tzjg0z-VhXA&oe=6986D65D
https://instagram.fsdu8-2.fna.fbcdn.net/v/t51.71878-15/610876796_1954551022127051_92879452108537214_n.jpg?stp=c0.248.640.640a_dst-jpegr_e15_s240x240_tt6&_nc_cat=109&ig_cache_key=MzgwMjU5Mjc0OTAyNDA1Njc5Mg%3D%3D.3-ccb7-5&ccb=7-5&_nc_sid=58cdad&efg=eyJ2ZW5jb2RlX3RhZyI6InhwaWRzLjY0MHgxMTM2Lmhkci5DMyJ9&_nc_ohc=3woFyVTjQxQQ7kNvwE6WFGo&_nc_oc=AdktMihmwGCBiysUjVyvFTLHcy8sT5RgD6sDtT8KxdUVXtaadZuDp4SpD6Rgv2I1SWwbKdxbzz89g2hDrxxwyBnY&_nc_ad=z-m&_nc_cid=0&_nc_zt=23&se=-1&_nc_ht=instagram.fsdu8-2.fna&_nc_gid=MYWDDe9T2fECEvuiNYX3eQ&oh=00_AfvLr-K2R-QKcx4QHxHfURPOhvaZ7rpNGQthI-qNLRKHLQ&oe=6986D65D
https://instagram.fsdu8-2.fna.fbcdn.net/v/t51.71878-15/610876796_1954551022127051_92879452108537214_n.jpg?stp=c0.248.640.640a_dst-jpegr_e15_s150x150_tt6&_nc_cat=109&ig_cache_key=MzgwMjU5Mjc0OTAyNDA1Njc5Mg%3D%3D.3-ccb7-5&ccb=7-5&_nc_sid=58cdad&efg=eyJ2ZW5jb2RlX3RhZyI6InhwaWRzLjY0MHgxMTM2Lmhkci5DMyJ9&_nc_ohc=3woFyVTjQxQQ7kNvwE6WFGo&_nc_oc=AdktMihmwGCBiysUjVyvFTLHcy8sT5RgD6sDtT8KxdUVXtaadZuDp4SpD6Rgv2I1SWwbKdxbzz89g2hDrxxwyBnY&_nc_ad=z-m&_nc_cid=0&_nc_zt=23&se=-1&_nc_ht=instagram.fsdu8-2.fna&_nc_gid=MYWDDe9T2fECEvuiNYX3eQ&oh=00_AfvXPvHlpHo9GvvcFEuf6EMmA5ifsQC_pgMcBEatPv-HuA&oe=6986D65D",NA,NO,YES,https://instagram.fsdu8-1.fna.fbcdn.net/o1/v/t2/f2/m86/AQPhpYggBl-Co5Lc8ErRXcmJbWh-QL_6THagxEXCZ4rsiKAqOvTq8fMTHKBEg7kKSdYRT3wpslkpUhROIfqCzkHrANB0GCAAj7mO3O0.mp4?_nc_cat=101&_nc_oc=Adm9IINs5D-ItjqqOIy1kuVnnF9On9ZP3dLV06P5kwCTY0JoOYFDkW7mIIBi4JOg_W1ZJqprfKF0y1rOTf-twO7j&_nc_sid=5e9851&_nc_ht=instagram.fsdu8-1.fna.fbcdn.net&_nc_ohc=pErj8K21gogQ7kNvwFuKzi-&efg=eyJ2ZW5jb2RlX3RhZyI6Inhwdl9wcm9ncmVzc2l2ZS5JTlNUQUdSQU0uQ0xJUFMuQzMuNzIwLmRhc2hfYmFzZWxpbmVfMV92MSIsInhwdl9hc3NldF9pZCI6MTk2NTk5NTMxNDI3MDI3NywiYXNzZXRfYWdlX2RheXMiOjI5LCJ2aV91c2VjYXNlX2lkIjoxMDA5OSwiZHVyYXRpb25fcyI6MTY5LCJ1cmxnZW5fc291cmNlIjoid3d3In0%3D&ccb=17-1&_nc_gid=MYWDDe9T2fECEvuiNYX3eQ&_nc_zt=28&vs=eef296843b232dc&_nc_vs=HBksFQIYUmlnX3hwdl9yZWVsc19wZXJtYW5lbnRfc3JfcHJvZC8wQjRCN0NDQjhDNUI2QzQ1MUE5MEQzNjg3RUNENDY5OV92aWRlb19kYXNoaW5pdC5tcDQVAALIARIAFQIYOnBhc3N0aHJvdWdoX2V2ZXJzdG9yZS9HRzVzWlNRRG5PRm9zQnBhQUI4VFRJbHZnN3hUYnN0VEFRQUYVAgLIARIAKAAYABsCiAd1c2Vfb2lsATEScHJvZ3Jlc3NpdmVfcmVjaXBlATEVAAAmisGyxf6D_gYVAigCQzMsF0BlNEGJN0vHGBJkYXNoX2Jhc2VsaW5lXzFfdjERAHX-B2XmnQEA&oh=00_AfstxfvkSHi1KuhcADrQ9uDzhyCQkXl_M4Jp6bAh5xh_3g&oe=6982D1C6,NA,3194347257,eliasmkjabbour,NA,NA,NA,NA,NA,NA,Autoridade,"É um discurso que combina autoridade e enquadramento estratégico, capaz de expressar sua competência de interpretar eventos internacionais e pensar caminhos para o país. Portanto, classificado como Competência.",45.3731343283582,54.6268656716418,11.9402985074627,12.2388059701493,9.25373134328358,17.6119402985075,9.55223880597015,15.8208955223881,6.26865671641791,17.3134328358209
postagem_5,3802163628481890816,DTD_6zlksmx,"Sat, 03 Jan 2026 20:48:06 GMT",2026-01-03T03:00:00Z,1767473286,"A América Latina está sob a barbárie, quais opções restam ao Brasil?",NA,20312,1427,https://www.instagram.com/p/DTD_6zlksmx/,https://instagram.fsdu8-1.fna.fbcdn.net/v/t51.71878-15/608146699_744398368215353_535163388815390229_n.jpg?stp=dst-jpegr_e15_tt6&_nc_cat=104&ig_cache_key=MzgwMjE2MzYyODQ4MTg5MDczNw%3D%3D.3-ccb7-5&ccb=7-5&_nc_sid=58cdad&efg=eyJ2ZW5jb2RlX3RhZyI6InhwaWRzLjY0MHgxMTM2Lmhkci5DMyJ9&_nc_ohc=nOGPV3PSUucQ7kNvwEFKM0_&_nc_oc=AdljoLgEOFqkuQG9ftfZA2mGEYLqyiG1tRjdzCpss4TU1e5PYrMT2xzhGpL_Yc4fpN5pqdmPBUQwZ9aiiHvWQlr5&_nc_ad=z-m&_nc_cid=0&_nc_zt=23&se=-1&_nc_ht=instagram.fsdu8-1.fna&_nc_gid=MYWDDe9T2fECEvuiNYX3eQ&oh=00_AfsLg2VFcB0XRdkZMt2kNau0banco_HvTlRmL-VcYzMsXQ&oe=6986CF13,https://instagram.fsdu8-1.fna.fbcdn.net/v/t51.71878-15/608146699_744398368215353_535163388815390229_n.jpg?stp=dst-jpegr_e15_tt6&_nc_cat=104&ig_cache_key=MzgwMjE2MzYyODQ4MTg5MDczNw%3D%3D.3-ccb7-5&ccb=7-5&_nc_sid=58cdad&efg=eyJ2ZW5jb2RlX3RhZyI6InhwaWRzLjY0MHgxMTM2Lmhkci5DMyJ9&_nc_ohc=nOGPV3PSUucQ7kNvwEFKM0_&_nc_oc=AdljoLgEOFqkuQG9ftfZA2mGEYLqyiG1tRjdzCpss4TU1e5PYrMT2xzhGpL_Yc4fpN5pqdmPBUQwZ9aiiHvWQlr5&_nc_ad=z-m&_nc_cid=0&_nc_zt=23&se=-1&_nc_ht=instagram.fsdu8-1.fna&_nc_gid=MYWDDe9T2fECEvuiNYX3eQ&oh=00_AfsLg2VFcB0XRdkZMt2kNau0banco_HvTlRmL-VcYzMsXQ&oe=6986CF13,"https://instagram.fsdu8-1.fna.fbcdn.net/v/t51.71878-15/608146699_744398368215353_535163388815390229_n.jpg?stp=dst-jpegr_e15_tt6&_nc_cat=104&ig_cache_key=MzgwMjE2MzYyODQ4MTg5MDczNw%3D%3D.3-ccb7-5&ccb=7-5&_nc_sid=58cdad&efg=eyJ2ZW5jb2RlX3RhZyI6InhwaWRzLjY0MHgxMTM2Lmhkci5DMyJ9&_nc_ohc=nOGPV3PSUucQ7kNvwEFKM0_&_nc_oc=AdljoLgEOFqkuQG9ftfZA2mGEYLqyiG1tRjdzCpss4TU1e5PYrMT2xzhGpL_Yc4fpN5pqdmPBUQwZ9aiiHvWQlr5&_nc_ad=z-m&_nc_cid=0&_nc_zt=23&se=-1&_nc_ht=instagram.fsdu8-1.fna&_nc_gid=MYWDDe9T2fECEvuiNYX3eQ&oh=00_AfsLg2VFcB0XRdkZMt2kNau0banco_HvTlRmL-VcYzMsXQ&oe=6986CF13
https://instagram.fsdu8-1.fna.fbcdn.net/v/t51.71878-15/608146699_744398368215353_535163388815390229_n.jpg?stp=dst-jpegr_e15_p480x480_tt6&_nc_cat=104&ig_cache_key=MzgwMjE2MzYyODQ4MTg5MDczNw%3D%3D.3-ccb7-5&ccb=7-5&_nc_sid=58cdad&efg=eyJ2ZW5jb2RlX3RhZyI6InhwaWRzLjY0MHgxMTM2Lmhkci5DMyJ9&_nc_ohc=nOGPV3PSUucQ7kNvwEFKM0_&_nc_oc=AdljoLgEOFqkuQG9ftfZA2mGEYLqyiG1tRjdzCpss4TU1e5PYrMT2xzhGpL_Yc4fpN5pqdmPBUQwZ9aiiHvWQlr5&_nc_ad=z-m&_nc_cid=0&_nc_zt=23&se=-1&_nc_ht=instagram.fsdu8-1.fna&_nc_gid=MYWDDe9T2fECEvuiNYX3eQ&oh=00_AfvPIrN-WUrkNKnflbnhivP-t3JilTkfRuSaky_AW6I8kQ&oe=6986CF13
https://instagram.fsdu8-1.fna.fbcdn.net/v/t51.71878-15/608146699_744398368215353_535163388815390229_n.jpg?stp=dst-jpegr_e15_p320x320_tt6&_nc_cat=104&ig_cache_key=MzgwMjE2MzYyODQ4MTg5MDczNw%3D%3D.3-ccb7-5&ccb=7-5&_nc_sid=58cdad&efg=eyJ2ZW5jb2RlX3RhZyI6InhwaWRzLjY0MHgxMTM2Lmhkci5DMyJ9&_nc_ohc=nOGPV3PSUucQ7kNvwEFKM0_&_nc_oc=AdljoLgEOFqkuQG9ftfZA2mGEYLqyiG1tRjdzCpss4TU1e5PYrMT2xzhGpL_Yc4fpN5pqdmPBUQwZ9aiiHvWQlr5&_nc_ad=z-m&_nc_cid=0&_nc_zt=23&se=-1&_nc_ht=instagram.fsdu8-1.fna&_nc_gid=MYWDDe9T2fECEvuiNYX3eQ&oh=00_Afs8G0fUi_3jF3nOm4qfm35uqErID_v41mCU5oth2A5VsA&oe=6986CF13
https://instagram.fsdu8-1.fna.fbcdn.net/v/t51.71878-15/608146699_744398368215353_535163388815390229_n.jpg?stp=dst-jpegr_e15_p240x240_tt6&_nc_cat=104&ig_cache_key=MzgwMjE2MzYyODQ4MTg5MDczNw%3D%3D.3-ccb7-5&ccb=7-5&_nc_sid=58cdad&efg=eyJ2ZW5jb2RlX3RhZyI6InhwaWRzLjY0MHgxMTM2Lmhkci5DMyJ9&_nc_ohc=nOGPV3PSUucQ7kNvwEFKM0_&_nc_oc=AdljoLgEOFqkuQG9ftfZA2mGEYLqyiG1tRjdzCpss4TU1e5PYrMT2xzhGpL_Yc4fpN5pqdmPBUQwZ9aiiHvWQlr5&_nc_ad=z-m&_nc_cid=0&_nc_zt=23&se=-1&_nc_ht=instagram.fsdu8-1.fna&_nc_gid=MYWDDe9T2fECEvuiNYX3eQ&oh=00_AfuA4pV6eoneygvaAP-fSsAewRM_LnFxFFcq9F_XlLFbNA&oe=6986CF13
https://instagram.fsdu8-1.fna.fbcdn.net/v/t51.71878-15/608146699_744398368215353_535163388815390229_n.jpg?stp=c0.248.640.640a_dst-jpegr_e15_s640x639_tt6&_nc_cat=104&ig_cache_key=MzgwMjE2MzYyODQ4MTg5MDczNw%3D%3D.3-ccb7-5&ccb=7-5&_nc_sid=58cdad&efg=eyJ2ZW5jb2RlX3RhZyI6InhwaWRzLjY0MHgxMTM2Lmhkci5DMyJ9&_nc_ohc=nOGPV3PSUucQ7kNvwEFKM0_&_nc_oc=AdljoLgEOFqkuQG9ftfZA2mGEYLqyiG1tRjdzCpss4TU1e5PYrMT2xzhGpL_Yc4fpN5pqdmPBUQwZ9aiiHvWQlr5&_nc_ad=z-m&_nc_cid=0&_nc_zt=23&se=-1&_nc_ht=instagram.fsdu8-1.fna&_nc_gid=MYWDDe9T2fECEvuiNYX3eQ&oh=00_AfsuqngWi6J810MSymZ5jCPN53SV1pazGcg940bX2njepg&oe=6986CF13
https://instagram.fsdu8-1.fna.fbcdn.net/v/t51.71878-15/608146699_744398368215353_535163388815390229_n.jpg?stp=c0.248.640.640a_dst-jpegr_e15_s640x639_tt6&_nc_cat=104&ig_cache_key=MzgwMjE2MzYyODQ4MTg5MDczNw%3D%3D.3-ccb7-5&ccb=7-5&_nc_sid=58cdad&efg=eyJ2ZW5jb2RlX3RhZyI6InhwaWRzLjY0MHgxMTM2Lmhkci5DMyJ9&_nc_ohc=nOGPV3PSUucQ7kNvwEFKM0_&_nc_oc=AdljoLgEOFqkuQG9ftfZA2mGEYLqyiG1tRjdzCpss4TU1e5PYrMT2xzhGpL_Yc4fpN5pqdmPBUQwZ9aiiHvWQlr5&_nc_ad=z-m&_nc_cid=0&_nc_zt=23&se=-1&_nc_ht=instagram.fsdu8-1.fna&_nc_gid=MYWDDe9T2fECEvuiNYX3eQ&oh=00_AfsuqngWi6J810MSymZ5jCPN53SV1pazGcg940bX2njepg&oe=6986CF13
https://instagram.fsdu8-1.fna.fbcdn.net/v/t51.71878-15/608146699_744398368215353_535163388815390229_n.jpg?stp=c0.248.640.640a_dst-jpegr_e15_s640x639_tt6&_nc_cat=104&ig_cache_key=MzgwMjE2MzYyODQ4MTg5MDczNw%3D%3D.3-ccb7-5&ccb=7-5&_nc_sid=58cdad&efg=eyJ2ZW5jb2RlX3RhZyI6InhwaWRzLjY0MHgxMTM2Lmhkci5DMyJ9&_nc_ohc=nOGPV3PSUucQ7kNvwEFKM0_&_nc_oc=AdljoLgEOFqkuQG9ftfZA2mGEYLqyiG1tRjdzCpss4TU1e5PYrMT2xzhGpL_Yc4fpN5pqdmPBUQwZ9aiiHvWQlr5&_nc_ad=z-m&_nc_cid=0&_nc_zt=23&se=-1&_nc_ht=instagram.fsdu8-1.fna&_nc_gid=MYWDDe9T2fECEvuiNYX3eQ&oh=00_AfsuqngWi6J810MSymZ5jCPN53SV1pazGcg940bX2njepg&oe=6986CF13
https://instagram.fsdu8-1.fna.fbcdn.net/v/t51.71878-15/608146699_744398368215353_535163388815390229_n.jpg?stp=c0.248.640.640a_dst-jpegr_e15_s480x480_tt6&_nc_cat=104&ig_cache_key=MzgwMjE2MzYyODQ4MTg5MDczNw%3D%3D.3-ccb7-5&ccb=7-5&_nc_sid=58cdad&efg=eyJ2ZW5jb2RlX3RhZyI6InhwaWRzLjY0MHgxMTM2Lmhkci5DMyJ9&_nc_ohc=nOGPV3PSUucQ7kNvwEFKM0_&_nc_oc=AdljoLgEOFqkuQG9ftfZA2mGEYLqyiG1tRjdzCpss4TU1e5PYrMT2xzhGpL_Yc4fpN5pqdmPBUQwZ9aiiHvWQlr5&_nc_ad=z-m&_nc_cid=0&_nc_zt=23&se=-1&_nc_ht=instagram.fsdu8-1.fna&_nc_gid=MYWDDe9T2fECEvuiNYX3eQ&oh=00_AfufG2-0Slf6JmyL1vb-R-RY5N5L2dytW6w0oAhDkfRhfg&oe=6986CF13
https://instagram.fsdu8-1.fna.fbcdn.net/v/t51.71878-15/608146699_744398368215353_535163388815390229_n.jpg?stp=c0.248.640.640a_dst-jpegr_e15_s320x320_tt6&_nc_cat=104&ig_cache_key=MzgwMjE2MzYyODQ4MTg5MDczNw%3D%3D.3-ccb7-5&ccb=7-5&_nc_sid=58cdad&efg=eyJ2ZW5jb2RlX3RhZyI6InhwaWRzLjY0MHgxMTM2Lmhkci5DMyJ9&_nc_ohc=nOGPV3PSUucQ7kNvwEFKM0_&_nc_oc=AdljoLgEOFqkuQG9ftfZA2mGEYLqyiG1tRjdzCpss4TU1e5PYrMT2xzhGpL_Yc4fpN5pqdmPBUQwZ9aiiHvWQlr5&_nc_ad=z-m&_nc_cid=0&_nc_zt=23&se=-1&_nc_ht=instagram.fsdu8-1.fna&_nc_gid=MYWDDe9T2fECEvuiNYX3eQ&oh=00_Afvj8dIZMzoW5gNg8E-0c7XsMEdMM0y76CH2wwXtJjQNZg&oe=6986CF13
https://instagram.fsdu8-1.fna.fbcdn.net/v/t51.71878-15/608146699_744398368215353_535163388815390229_n.jpg?stp=c0.248.640.640a_dst-jpegr_e15_s240x240_tt6&_nc_cat=104&ig_cache_key=MzgwMjE2MzYyODQ4MTg5MDczNw%3D%3D.3-ccb7-5&ccb=7-5&_nc_sid=58cdad&efg=eyJ2ZW5jb2RlX3RhZyI6InhwaWRzLjY0MHgxMTM2Lmhkci5DMyJ9&_nc_ohc=nOGPV3PSUucQ7kNvwEFKM0_&_nc_oc=AdljoLgEOFqkuQG9ftfZA2mGEYLqyiG1tRjdzCpss4TU1e5PYrMT2xzhGpL_Yc4fpN5pqdmPBUQwZ9aiiHvWQlr5&_nc_ad=z-m&_nc_cid=0&_nc_zt=23&se=-1&_nc_ht=instagram.fsdu8-1.fna&_nc_gid=MYWDDe9T2fECEvuiNYX3eQ&oh=00_AfsgqpMyN94oiSMueMRMnPXVkrvGlbF0Ilmkw_H7JEVriw&oe=6986CF13
https://instagram.fsdu8-1.fna.fbcdn.net/v/t51.71878-15/608146699_744398368215353_535163388815390229_n.jpg?stp=c0.248.640.640a_dst-jpegr_e15_s150x150_tt6&_nc_cat=104&ig_cache_key=MzgwMjE2MzYyODQ4MTg5MDczNw%3D%3D.3-ccb7-5&ccb=7-5&_nc_sid=58cdad&efg=eyJ2ZW5jb2RlX3RhZyI6InhwaWRzLjY0MHgxMTM2Lmhkci5DMyJ9&_nc_ohc=nOGPV3PSUucQ7kNvwEFKM0_&_nc_oc=AdljoLgEOFqkuQG9ftfZA2mGEYLqyiG1tRjdzCpss4TU1e5PYrMT2xzhGpL_Yc4fpN5pqdmPBUQwZ9aiiHvWQlr5&_nc_ad=z-m&_nc_cid=0&_nc_zt=23&se=-1&_nc_ht=instagram.fsdu8-1.fna&_nc_gid=MYWDDe9T2fECEvuiNYX3eQ&oh=00_Aft6docv-OKbynn2XMfEVLWUJ6hac5KhiQua01EpuGjN0g&oe=6986CF13",NA,NO,YES,https://instagram.fsdu8-2.fna.fbcdn.net/o1/v/t2/f2/m86/AQNJlBZZHYVaLsPqPG5_iSzHqmVjlyahJG9_5Ur3Xi8tLHNPcPl0voa6i30bfJwq1I6RAKl6PMlYjPsJkHDRuM83REHfXOWi9vC2zVk.mp4?_nc_cat=105&_nc_oc=Adkoh6QbZ5gmPIhkQ7ZUMfVHv51VI6wFXuaGzVDowfmpKbkfaC5ms1f8XtqKGuE9dshT6n96xefmj2Wq2iegoxDA&_nc_sid=5e9851&_nc_ht=instagram.fsdu8-2.fna.fbcdn.net&_nc_ohc=4G5oU7xdDxkQ7kNvwGxu2BV&efg=eyJ2ZW5jb2RlX3RhZyI6Inhwdl9wcm9ncmVzc2l2ZS5JTlNUQUdSQU0uQ0xJUFMuQzMuNzIwLmRhc2hfYmFzZWxpbmVfMV92MSIsInhwdl9hc3NldF9pZCI6MTExNTQwOTEzMzg3MTAyNCwiYXNzZXRfYWdlX2RheXMiOjI5LCJ2aV91c2VjYXNlX2lkIjoxMDA5OSwiZHVyYXRpb25fcyI6MTcxLCJ1cmxnZW5fc291cmNlIjoid3d3In0%3D&ccb=17-1&vs=c59351964b48566b&_nc_vs=HBksFQIYUmlnX3hwdl9yZWVsc19wZXJtYW5lbnRfc3JfcHJvZC8wMzRGMzIxRDA2N0EwM0M4RkNEQkQyRjU3RkY5REM5Nl92aWRlb19kYXNoaW5pdC5tcDQVAALIARIAFQIYR2lnX3hwdl9yZWVsc19wZXJtYW5lbnRfc3JfcHJvZC8xMjA2NTY2NjY4MDgxNDY5XzcxMjM4ODIyMDEzMTAyNDY2NDAubXA0FQICyAESACgAGAAbAogHdXNlX29pbAExEnByb2dyZXNzaXZlX3JlY2lwZQExFQAAJuD-oNOtnfsDFQIoAkMzLBdAZWAAAAAAABgSZGFzaF9iYXNlbGluZV8xX3YxEQB1_gdl5p0BAA&_nc_gid=MYWDDe9T2fECEvuiNYX3eQ&_nc_zt=28&oh=00_Aftlct_E9mUL02kMNHZ1av7rcBF814cq3vm9OkFU0oDFwg&oe=6982E406,NA,3194347257,eliasmkjabbour,NA,NA,NA,NA,NA,NA,Autoridade,"É um discurso que combina autoridade e enquadramento estratégico, capaz de expressar sua competência de interpretar eventos internacionais e pensar caminhos para o país. Portanto, classificado como Competência.",32.7800829875519,67.2199170124481,21.1618257261411,7.88381742738589,8.29875518672199,22.8215767634855,2.9045643153527,14.9377593360996,5.39419087136929,16.597510373444
postagem_4,3801997546768754176,DTDaJ_8Duav,"Sat, 03 Jan 2026 15:17:28 GMT",2026-01-03T03:00:00Z,1767453448,"Estamos sob ataque imperialista. Defender a Venezuela é incondicional para todos nós, nacionalistas.",NA,21644,785,https://www.instagram.com/p/DTDaJ_8Duav/,https://instagram.fsdu8-1.fna.fbcdn.net/v/t51.82787-15/611262663_18436099573107258_7231030388433758037_n.jpg?stp=dst-jpg_e35_tt6&_nc_cat=102&ig_cache_key=MzgwMTk5NzU0Njc2ODc1NDM1MQ%3D%3D.3-ccb7-5&ccb=7-5&_nc_sid=58cdad&efg=eyJ2ZW5jb2RlX3RhZyI6InhwaWRzLjEwNDV4MTI4Ny5zZHIuQzMifQ%3D%3D&_nc_ohc=Otb8GMi-JXcQ7kNvwGJ7zGI&_nc_oc=AdmQga8nTwy6NuklRift1Vbw-efoEyYwvUySaXdh8lQStETaCiuPhN-hQ93vzLUgR6moFc6YuPusF-m6cZgK8QgF&_nc_ad=z-m&_nc_cid=0&_nc_zt=23&_nc_ht=instagram.fsdu8-1.fna&_nc_gid=MYWDDe9T2fECEvuiNYX3eQ&oh=00_Afv0GKapYJ9xlfx5IriaHBiTD_KGsRFsrEj3-kea9b4N_A&oe=6986C763,https://instagram.fsdu8-1.fna.fbcdn.net/v/t51.82787-15/611262663_18436099573107258_7231030388433758037_n.jpg?stp=dst-jpg_e35_tt6&_nc_cat=102&ig_cache_key=MzgwMTk5NzU0Njc2ODc1NDM1MQ%3D%3D.3-ccb7-5&ccb=7-5&_nc_sid=58cdad&efg=eyJ2ZW5jb2RlX3RhZyI6InhwaWRzLjEwNDV4MTI4Ny5zZHIuQzMifQ%3D%3D&_nc_ohc=Otb8GMi-JXcQ7kNvwGJ7zGI&_nc_oc=AdmQga8nTwy6NuklRift1Vbw-efoEyYwvUySaXdh8lQStETaCiuPhN-hQ93vzLUgR6moFc6YuPusF-m6cZgK8QgF&_nc_ad=z-m&_nc_cid=0&_nc_zt=23&_nc_ht=instagram.fsdu8-1.fna&_nc_gid=MYWDDe9T2fECEvuiNYX3eQ&oh=00_Afv0GKapYJ9xlfx5IriaHBiTD_KGsRFsrEj3-kea9b4N_A&oe=6986C763,"https://instagram.fsdu8-1.fna.fbcdn.net/v/t51.82787-15/611262663_18436099573107258_7231030388433758037_n.jpg?stp=dst-jpg_e35_tt6&_nc_cat=102&ig_cache_key=MzgwMTk5NzU0Njc2ODc1NDM1MQ%3D%3D.3-ccb7-5&ccb=7-5&_nc_sid=58cdad&efg=eyJ2ZW5jb2RlX3RhZyI6InhwaWRzLjEwNDV4MTI4Ny5zZHIuQzMifQ%3D%3D&_nc_ohc=Otb8GMi-JXcQ7kNvwGJ7zGI&_nc_oc=AdmQga8nTwy6NuklRift1Vbw-efoEyYwvUySaXdh8lQStETaCiuPhN-hQ93vzLUgR6moFc6YuPusF-m6cZgK8QgF&_nc_ad=z-m&_nc_cid=0&_nc_zt=23&_nc_ht=instagram.fsdu8-1.fna&_nc_gid=MYWDDe9T2fECEvuiNYX3eQ&oh=00_Afv0GKapYJ9xlfx5IriaHBiTD_KGsRFsrEj3-kea9b4N_A&oe=6986C763
https://instagram.fsdu8-1.fna.fbcdn.net/v/t51.82787-15/611262663_18436099573107258_7231030388433758037_n.jpg?stp=dst-jpg_e35_p720x720_tt6&_nc_cat=102&ig_cache_key=MzgwMTk5NzU0Njc2ODc1NDM1MQ%3D%3D.3-ccb7-5&ccb=7-5&_nc_sid=58cdad&efg=eyJ2ZW5jb2RlX3RhZyI6InhwaWRzLjEwNDV4MTI4Ny5zZHIuQzMifQ%3D%3D&_nc_ohc=Otb8GMi-JXcQ7kNvwGJ7zGI&_nc_oc=AdmQga8nTwy6NuklRift1Vbw-efoEyYwvUySaXdh8lQStETaCiuPhN-hQ93vzLUgR6moFc6YuPusF-m6cZgK8QgF&_nc_ad=z-m&_nc_cid=0&_nc_zt=23&_nc_ht=instagram.fsdu8-1.fna&_nc_gid=MYWDDe9T2fECEvuiNYX3eQ&oh=00_AfuOFmqR98S7TZFeLSjIIIQ3OvnvftrAGZ5hh7bpmSHCfg&oe=6986C763
https://instagram.fsdu8-1.fna.fbcdn.net/v/t51.82787-15/611262663_18436099573107258_7231030388433758037_n.jpg?stp=dst-jpg_e35_p640x640_sh0.08_tt6&_nc_cat=102&ig_cache_key=MzgwMTk5NzU0Njc2ODc1NDM1MQ%3D%3D.3-ccb7-5&ccb=7-5&_nc_sid=58cdad&efg=eyJ2ZW5jb2RlX3RhZyI6InhwaWRzLjEwNDV4MTI4Ny5zZHIuQzMifQ%3D%3D&_nc_ohc=Otb8GMi-JXcQ7kNvwGJ7zGI&_nc_oc=AdmQga8nTwy6NuklRift1Vbw-efoEyYwvUySaXdh8lQStETaCiuPhN-hQ93vzLUgR6moFc6YuPusF-m6cZgK8QgF&_nc_ad=z-m&_nc_cid=0&_nc_zt=23&_nc_ht=instagram.fsdu8-1.fna&_nc_gid=MYWDDe9T2fECEvuiNYX3eQ&oh=00_AfuPhsPJA4F4xU2Fel5tJQpntoZ-tEZbDNCEnRrKrlpbRg&oe=6986C763
https://instagram.fsdu8-1.fna.fbcdn.net/v/t51.82787-15/611262663_18436099573107258_7231030388433758037_n.jpg?stp=dst-jpg_e35_p480x480_tt6&_nc_cat=102&ig_cache_key=MzgwMTk5NzU0Njc2ODc1NDM1MQ%3D%3D.3-ccb7-5&ccb=7-5&_nc_sid=58cdad&efg=eyJ2ZW5jb2RlX3RhZyI6InhwaWRzLjEwNDV4MTI4Ny5zZHIuQzMifQ%3D%3D&_nc_ohc=Otb8GMi-JXcQ7kNvwGJ7zGI&_nc_oc=AdmQga8nTwy6NuklRift1Vbw-efoEyYwvUySaXdh8lQStETaCiuPhN-hQ93vzLUgR6moFc6YuPusF-m6cZgK8QgF&_nc_ad=z-m&_nc_cid=0&_nc_zt=23&_nc_ht=instagram.fsdu8-1.fna&_nc_gid=MYWDDe9T2fECEvuiNYX3eQ&oh=00_Afu68UI3dJyV5dQfAA7krglyXdInuNMDGVaLA2DYya-zxQ&oe=6986C763
https://instagram.fsdu8-1.fna.fbcdn.net/v/t51.82787-15/611262663_18436099573107258_7231030388433758037_n.jpg?stp=dst-jpg_e35_p320x320_tt6&_nc_cat=102&ig_cache_key=MzgwMTk5NzU0Njc2ODc1NDM1MQ%3D%3D.3-ccb7-5&ccb=7-5&_nc_sid=58cdad&efg=eyJ2ZW5jb2RlX3RhZyI6InhwaWRzLjEwNDV4MTI4Ny5zZHIuQzMifQ%3D%3D&_nc_ohc=Otb8GMi-JXcQ7kNvwGJ7zGI&_nc_oc=AdmQga8nTwy6NuklRift1Vbw-efoEyYwvUySaXdh8lQStETaCiuPhN-hQ93vzLUgR6moFc6YuPusF-m6cZgK8QgF&_nc_ad=z-m&_nc_cid=0&_nc_zt=23&_nc_ht=instagram.fsdu8-1.fna&_nc_gid=MYWDDe9T2fECEvuiNYX3eQ&oh=00_AfusItio-81MD1cFIpbss416MwjqIXStCmIpK6K57_3o3w&oe=6986C763
https://instagram.fsdu8-1.fna.fbcdn.net/v/t51.82787-15/611262663_18436099573107258_7231030388433758037_n.jpg?stp=dst-jpg_e35_p240x240_tt6&_nc_cat=102&ig_cache_key=MzgwMTk5NzU0Njc2ODc1NDM1MQ%3D%3D.3-ccb7-5&ccb=7-5&_nc_sid=58cdad&efg=eyJ2ZW5jb2RlX3RhZyI6InhwaWRzLjEwNDV4MTI4Ny5zZHIuQzMifQ%3D%3D&_nc_ohc=Otb8GMi-JXcQ7kNvwGJ7zGI&_nc_oc=AdmQga8nTwy6NuklRift1Vbw-efoEyYwvUySaXdh8lQStETaCiuPhN-hQ93vzLUgR6moFc6YuPusF-m6cZgK8QgF&_nc_ad=z-m&_nc_cid=0&_nc_zt=23&_nc_ht=instagram.fsdu8-1.fna&_nc_gid=MYWDDe9T2fECEvuiNYX3eQ&oh=00_AfuTzIea2UmyPm-0fTeWR2d6C21rA6thtdZudE4gyluIQw&oe=6986C763
https://instagram.fsdu8-1.fna.fbcdn.net/v/t51.82787-15/611262663_18436099573107258_7231030388433758037_n.jpg?stp=c0.121.1045.1045a_dst-jpg_e35_s1045x1045_tt6&_nc_cat=102&ig_cache_key=MzgwMTk5NzU0Njc2ODc1NDM1MQ%3D%3D.3-ccb7-5&ccb=7-5&_nc_sid=58cdad&efg=eyJ2ZW5jb2RlX3RhZyI6InhwaWRzLjEwNDV4MTI4Ny5zZHIuQzMifQ%3D%3D&_nc_ohc=Otb8GMi-JXcQ7kNvwGJ7zGI&_nc_oc=AdmQga8nTwy6NuklRift1Vbw-efoEyYwvUySaXdh8lQStETaCiuPhN-hQ93vzLUgR6moFc6YuPusF-m6cZgK8QgF&_nc_ad=z-m&_nc_cid=0&_nc_zt=23&_nc_ht=instagram.fsdu8-1.fna&_nc_gid=MYWDDe9T2fECEvuiNYX3eQ&oh=00_AftQrFDnfIZjicor_7l2MC0GIV3qBPa0JadfX0PzFG4mrw&oe=6986C763
https://instagram.fsdu8-1.fna.fbcdn.net/v/t51.82787-15/611262663_18436099573107258_7231030388433758037_n.jpg?stp=c0.121.1045.1045a_dst-jpg_e35_s750x750_sh0.08_tt6&_nc_cat=102&ig_cache_key=MzgwMTk5NzU0Njc2ODc1NDM1MQ%3D%3D.3-ccb7-5&ccb=7-5&_nc_sid=58cdad&efg=eyJ2ZW5jb2RlX3RhZyI6InhwaWRzLjEwNDV4MTI4Ny5zZHIuQzMifQ%3D%3D&_nc_ohc=Otb8GMi-JXcQ7kNvwGJ7zGI&_nc_oc=AdmQga8nTwy6NuklRift1Vbw-efoEyYwvUySaXdh8lQStETaCiuPhN-hQ93vzLUgR6moFc6YuPusF-m6cZgK8QgF&_nc_ad=z-m&_nc_cid=0&_nc_zt=23&_nc_ht=instagram.fsdu8-1.fna&_nc_gid=MYWDDe9T2fECEvuiNYX3eQ&oh=00_AftDcZgjT_g43bnTuFv6TToe6bpmXNHMOMwzvR3yEJlwvw&oe=6986C763
https://instagram.fsdu8-1.fna.fbcdn.net/v/t51.82787-15/611262663_18436099573107258_7231030388433758037_n.jpg?stp=c0.121.1045.1045a_dst-jpg_e35_s640x640_sh0.08_tt6&_nc_cat=102&ig_cache_key=MzgwMTk5NzU0Njc2ODc1NDM1MQ%3D%3D.3-ccb7-5&ccb=7-5&_nc_sid=58cdad&efg=eyJ2ZW5jb2RlX3RhZyI6InhwaWRzLjEwNDV4MTI4Ny5zZHIuQzMifQ%3D%3D&_nc_ohc=Otb8GMi-JXcQ7kNvwGJ7zGI&_nc_oc=AdmQga8nTwy6NuklRift1Vbw-efoEyYwvUySaXdh8lQStETaCiuPhN-hQ93vzLUgR6moFc6YuPusF-m6cZgK8QgF&_nc_ad=z-m&_nc_cid=0&_nc_zt=23&_nc_ht=instagram.fsdu8-1.fna&_nc_gid=MYWDDe9T2fECEvuiNYX3eQ&oh=00_AftCienouKcu3FUrfAOZJQq-vDDKj8CRE8DNb9WWLfcB1Q&oe=6986C763
https://instagram.fsdu8-1.fna.fbcdn.net/v/t51.82787-15/611262663_18436099573107258_7231030388433758037_n.jpg?stp=c0.121.1045.1045a_dst-jpg_e35_s480x480_tt6&_nc_cat=102&ig_cache_key=MzgwMTk5NzU0Njc2ODc1NDM1MQ%3D%3D.3-ccb7-5&ccb=7-5&_nc_sid=58cdad&efg=eyJ2ZW5jb2RlX3RhZyI6InhwaWRzLjEwNDV4MTI4Ny5zZHIuQzMifQ%3D%3D&_nc_ohc=Otb8GMi-JXcQ7kNvwGJ7zGI&_nc_oc=AdmQga8nTwy6NuklRift1Vbw-efoEyYwvUySaXdh8lQStETaCiuPhN-hQ93vzLUgR6moFc6YuPusF-m6cZgK8QgF&_nc_ad=z-m&_nc_cid=0&_nc_zt=23&_nc_ht=instagram.fsdu8-1.fna&_nc_gid=MYWDDe9T2fECEvuiNYX3eQ&oh=00_AftaBQcZBrThSZVT2OD92BYQA2vkAKK9KKwi9A3gScrgDQ&oe=6986C763
https://instagram.fsdu8-1.fna.fbcdn.net/v/t51.82787-15/611262663_18436099573107258_7231030388433758037_n.jpg?stp=c0.121.1045.1045a_dst-jpg_e35_s320x320_tt6&_nc_cat=102&ig_cache_key=MzgwMTk5NzU0Njc2ODc1NDM1MQ%3D%3D.3-ccb7-5&ccb=7-5&_nc_sid=58cdad&efg=eyJ2ZW5jb2RlX3RhZyI6InhwaWRzLjEwNDV4MTI4Ny5zZHIuQzMifQ%3D%3D&_nc_ohc=Otb8GMi-JXcQ7kNvwGJ7zGI&_nc_oc=AdmQga8nTwy6NuklRift1Vbw-efoEyYwvUySaXdh8lQStETaCiuPhN-hQ93vzLUgR6moFc6YuPusF-m6cZgK8QgF&_nc_ad=z-m&_nc_cid=0&_nc_zt=23&_nc_ht=instagram.fsdu8-1.fna&_nc_gid=MYWDDe9T2fECEvuiNYX3eQ&oh=00_AfteC1vKZHXsfNPG3NL6uQeqwgSv-tR8inTjGKC--eBuXw&oe=6986C763
https://instagram.fsdu8-1.fna.fbcdn.net/v/t51.82787-15/611262663_18436099573107258_7231030388433758037_n.jpg?stp=c0.121.1045.1045a_dst-jpg_e35_s240x240_tt6&_nc_cat=102&ig_cache_key=MzgwMTk5NzU0Njc2ODc1NDM1MQ%3D%3D.3-ccb7-5&ccb=7-5&_nc_sid=58cdad&efg=eyJ2ZW5jb2RlX3RhZyI6InhwaWRzLjEwNDV4MTI4Ny5zZHIuQzMifQ%3D%3D&_nc_ohc=Otb8GMi-JXcQ7kNvwGJ7zGI&_nc_oc=AdmQga8nTwy6NuklRift1Vbw-efoEyYwvUySaXdh8lQStETaCiuPhN-hQ93vzLUgR6moFc6YuPusF-m6cZgK8QgF&_nc_ad=z-m&_nc_cid=0&_nc_zt=23&_nc_ht=instagram.fsdu8-1.fna&_nc_gid=MYWDDe9T2fECEvuiNYX3eQ&oh=00_Afs9hyVXGr9WjRGtnZE86xGCAItVuqtqs2KUxj1Ge3K8eQ&oe=6986C763
https://instagram.fsdu8-1.fna.fbcdn.net/v/t51.82787-15/611262663_18436099573107258_7231030388433758037_n.jpg?stp=c0.121.1045.1045a_dst-jpg_e35_s150x150_tt6&_nc_cat=102&ig_cache_key=MzgwMTk5NzU0Njc2ODc1NDM1MQ%3D%3D.3-ccb7-5&ccb=7-5&_nc_sid=58cdad&efg=eyJ2ZW5jb2RlX3RhZyI6InhwaWRzLjEwNDV4MTI4Ny5zZHIuQzMifQ%3D%3D&_nc_ohc=Otb8GMi-JXcQ7kNvwGJ7zGI&_nc_oc=AdmQga8nTwy6NuklRift1Vbw-efoEyYwvUySaXdh8lQStETaCiuPhN-hQ93vzLUgR6moFc6YuPusF-m6cZgK8QgF&_nc_ad=z-m&_nc_cid=0&_nc_zt=23&_nc_ht=instagram.fsdu8-1.fna&_nc_gid=MYWDDe9T2fECEvuiNYX3eQ&oh=00_Afvi4P4wG8ids8s1ang5RG6IdxbpRESHUNYcA5LMuOBHmQ&oe=6986C763",NA,NO,NO,NA,NA,3194347257,eliasmkjabbour,NA,Rio de Janeiro,NA,NA,-22.908,-43.1975,Autenticidade,"Predomina a Autenticidade, com um toque de Humanização e pouca ênfase em Competência.",38.1188118811881,61.8811881188119,13.8613861386139,12.3762376237624,9.40594059405941,23.7623762376238,5.94059405940594,14.8514851485149,6.43564356435644,13.3663366336634
postagem_3,3801992423736799744,DTDY_cvjvKY,"Sat, 03 Jan 2026 15:07:17 GMT",2026-01-03T03:00:00Z,1767452837,"Elias Jabbour comentou o recente ataque dos EUA contra maduro e afirmou que o Brasil pode ser o próximo na lista.

Segundo ele, o interesse de Trump é manter a América Latina como sua zona de influência e conseguir petróleo e terras raras. Para isso, Trump estaria disposto a violar as leis internacionais e matar inocentes. 

Qual a sua opinião sobre isso?",NA,8224,2064,https://www.instagram.com/p/DTDY_cvjvKY/,https://instagram.fsdu8-2.fna.fbcdn.net/v/t51.82787-15/609558533_18082879343233263_869062095761748571_n.jpg?stp=dst-jpg_e35_tt6&_nc_cat=109&ig_cache_key=MzgwMTk5MjQyMzczNjc5OTg5Ng%3D%3D.3-ccb7-5&ccb=7-5&_nc_sid=58cdad&efg=eyJ2ZW5jb2RlX3RhZyI6InhwaWRzLjEwODB4MTA4MC5zZHIuQzMifQ%3D%3D&_nc_ohc=JTcukSIlu9wQ7kNvwHN9LwI&_nc_oc=Adn9GLfOHo784u9BcDgNOXpqP9NxnCbyk6f8-4T-__3AxkSThrNYNWp5EDiRPji_Spmvp5fBkeXLha2BIDt0hv5s&_nc_ad=z-m&_nc_cid=0&_nc_zt=23&_nc_ht=instagram.fsdu8-2.fna&_nc_gid=MYWDDe9T2fECEvuiNYX3eQ&oh=00_AftT7uYIR-4r3iJjCoIohGwe43AkcI4zeBcGGC1VInrLqQ&oe=6986E68A,https://instagram.fsdu8-2.fna.fbcdn.net/v/t51.82787-15/609558533_18082879343233263_869062095761748571_n.jpg?stp=dst-jpg_e35_tt6&_nc_cat=109&ig_cache_key=MzgwMTk5MjQyMzczNjc5OTg5Ng%3D%3D.3-ccb7-5&ccb=7-5&_nc_sid=58cdad&efg=eyJ2ZW5jb2RlX3RhZyI6InhwaWRzLjEwODB4MTA4MC5zZHIuQzMifQ%3D%3D&_nc_ohc=JTcukSIlu9wQ7kNvwHN9LwI&_nc_oc=Adn9GLfOHo784u9BcDgNOXpqP9NxnCbyk6f8-4T-__3AxkSThrNYNWp5EDiRPji_Spmvp5fBkeXLha2BIDt0hv5s&_nc_ad=z-m&_nc_cid=0&_nc_zt=23&_nc_ht=instagram.fsdu8-2.fna&_nc_gid=MYWDDe9T2fECEvuiNYX3eQ&oh=00_AftT7uYIR-4r3iJjCoIohGwe43AkcI4zeBcGGC1VInrLqQ&oe=6986E68A,"https://instagram.fsdu8-2.fna.fbcdn.net/v/t51.82787-15/609558533_18082879343233263_869062095761748571_n.jpg?stp=dst-jpg_e35_tt6&_nc_cat=109&ig_cache_key=MzgwMTk5MjQyMzczNjc5OTg5Ng%3D%3D.3-ccb7-5&ccb=7-5&_nc_sid=58cdad&efg=eyJ2ZW5jb2RlX3RhZyI6InhwaWRzLjEwODB4MTA4MC5zZHIuQzMifQ%3D%3D&_nc_ohc=JTcukSIlu9wQ7kNvwHN9LwI&_nc_oc=Adn9GLfOHo784u9BcDgNOXpqP9NxnCbyk6f8-4T-__3AxkSThrNYNWp5EDiRPji_Spmvp5fBkeXLha2BIDt0hv5s&_nc_ad=z-m&_nc_cid=0&_nc_zt=23&_nc_ht=instagram.fsdu8-2.fna&_nc_gid=MYWDDe9T2fECEvuiNYX3eQ&oh=00_AftT7uYIR-4r3iJjCoIohGwe43AkcI4zeBcGGC1VInrLqQ&oe=6986E68A
https://instagram.fsdu8-2.fna.fbcdn.net/v/t51.82787-15/609558533_18082879343233263_869062095761748571_n.jpg?stp=dst-jpg_e35_s720x720_tt6&_nc_cat=109&ig_cache_key=MzgwMTk5MjQyMzczNjc5OTg5Ng%3D%3D.3-ccb7-5&ccb=7-5&_nc_sid=58cdad&efg=eyJ2ZW5jb2RlX3RhZyI6InhwaWRzLjEwODB4MTA4MC5zZHIuQzMifQ%3D%3D&_nc_ohc=JTcukSIlu9wQ7kNvwHN9LwI&_nc_oc=Adn9GLfOHo784u9BcDgNOXpqP9NxnCbyk6f8-4T-__3AxkSThrNYNWp5EDiRPji_Spmvp5fBkeXLha2BIDt0hv5s&_nc_ad=z-m&_nc_cid=0&_nc_zt=23&_nc_ht=instagram.fsdu8-2.fna&_nc_gid=MYWDDe9T2fECEvuiNYX3eQ&oh=00_AftgcUMYCadkL289NTa7hzLOS3EJx_Bzri08EO0N8QLy9A&oe=6986E68A
https://instagram.fsdu8-2.fna.fbcdn.net/v/t51.82787-15/609558533_18082879343233263_869062095761748571_n.jpg?stp=dst-jpg_e35_s640x640_sh0.08_tt6&_nc_cat=109&ig_cache_key=MzgwMTk5MjQyMzczNjc5OTg5Ng%3D%3D.3-ccb7-5&ccb=7-5&_nc_sid=58cdad&efg=eyJ2ZW5jb2RlX3RhZyI6InhwaWRzLjEwODB4MTA4MC5zZHIuQzMifQ%3D%3D&_nc_ohc=JTcukSIlu9wQ7kNvwHN9LwI&_nc_oc=Adn9GLfOHo784u9BcDgNOXpqP9NxnCbyk6f8-4T-__3AxkSThrNYNWp5EDiRPji_Spmvp5fBkeXLha2BIDt0hv5s&_nc_ad=z-m&_nc_cid=0&_nc_zt=23&_nc_ht=instagram.fsdu8-2.fna&_nc_gid=MYWDDe9T2fECEvuiNYX3eQ&oh=00_AfuEpGY_huGnall4dhPtL39xClnKDxRA_oRAU4GJzLNCSQ&oe=6986E68A
https://instagram.fsdu8-2.fna.fbcdn.net/v/t51.82787-15/609558533_18082879343233263_869062095761748571_n.jpg?stp=dst-jpg_e35_s480x480_tt6&_nc_cat=109&ig_cache_key=MzgwMTk5MjQyMzczNjc5OTg5Ng%3D%3D.3-ccb7-5&ccb=7-5&_nc_sid=58cdad&efg=eyJ2ZW5jb2RlX3RhZyI6InhwaWRzLjEwODB4MTA4MC5zZHIuQzMifQ%3D%3D&_nc_ohc=JTcukSIlu9wQ7kNvwHN9LwI&_nc_oc=Adn9GLfOHo784u9BcDgNOXpqP9NxnCbyk6f8-4T-__3AxkSThrNYNWp5EDiRPji_Spmvp5fBkeXLha2BIDt0hv5s&_nc_ad=z-m&_nc_cid=0&_nc_zt=23&_nc_ht=instagram.fsdu8-2.fna&_nc_gid=MYWDDe9T2fECEvuiNYX3eQ&oh=00_Aft_GAlGdoA5Ury9SS4vGhzCWAohgzn168ernd8CtoQFzA&oe=6986E68A
https://instagram.fsdu8-2.fna.fbcdn.net/v/t51.82787-15/609558533_18082879343233263_869062095761748571_n.jpg?stp=dst-jpg_e35_s320x320_tt6&_nc_cat=109&ig_cache_key=MzgwMTk5MjQyMzczNjc5OTg5Ng%3D%3D.3-ccb7-5&ccb=7-5&_nc_sid=58cdad&efg=eyJ2ZW5jb2RlX3RhZyI6InhwaWRzLjEwODB4MTA4MC5zZHIuQzMifQ%3D%3D&_nc_ohc=JTcukSIlu9wQ7kNvwHN9LwI&_nc_oc=Adn9GLfOHo784u9BcDgNOXpqP9NxnCbyk6f8-4T-__3AxkSThrNYNWp5EDiRPji_Spmvp5fBkeXLha2BIDt0hv5s&_nc_ad=z-m&_nc_cid=0&_nc_zt=23&_nc_ht=instagram.fsdu8-2.fna&_nc_gid=MYWDDe9T2fECEvuiNYX3eQ&oh=00_AfuhA3NJv4MQIqnbAvae4YsiSB5yxdLYjgR7d-uuARkDiA&oe=6986E68A
https://instagram.fsdu8-2.fna.fbcdn.net/v/t51.82787-15/609558533_18082879343233263_869062095761748571_n.jpg?stp=dst-jpg_e35_s240x240_tt6&_nc_cat=109&ig_cache_key=MzgwMTk5MjQyMzczNjc5OTg5Ng%3D%3D.3-ccb7-5&ccb=7-5&_nc_sid=58cdad&efg=eyJ2ZW5jb2RlX3RhZyI6InhwaWRzLjEwODB4MTA4MC5zZHIuQzMifQ%3D%3D&_nc_ohc=JTcukSIlu9wQ7kNvwHN9LwI&_nc_oc=Adn9GLfOHo784u9BcDgNOXpqP9NxnCbyk6f8-4T-__3AxkSThrNYNWp5EDiRPji_Spmvp5fBkeXLha2BIDt0hv5s&_nc_ad=z-m&_nc_cid=0&_nc_zt=23&_nc_ht=instagram.fsdu8-2.fna&_nc_gid=MYWDDe9T2fECEvuiNYX3eQ&oh=00_Afs7iVOLtZfpKBEBc9jqs8qhBSuXo0iyG8duArFmwSZ5lA&oe=6986E68A
https://instagram.fsdu8-2.fna.fbcdn.net/v/t51.82787-15/609558533_18082879343233263_869062095761748571_n.jpg?stp=dst-jpg_e35_tt6&_nc_cat=109&ig_cache_key=MzgwMTk5MjQyMzczNjc5OTg5Ng%3D%3D.3-ccb7-5&ccb=7-5&_nc_sid=58cdad&efg=eyJ2ZW5jb2RlX3RhZyI6InhwaWRzLjEwODB4MTA4MC5zZHIuQzMifQ%3D%3D&_nc_ohc=JTcukSIlu9wQ7kNvwHN9LwI&_nc_oc=Adn9GLfOHo784u9BcDgNOXpqP9NxnCbyk6f8-4T-__3AxkSThrNYNWp5EDiRPji_Spmvp5fBkeXLha2BIDt0hv5s&_nc_ad=z-m&_nc_cid=0&_nc_zt=23&_nc_ht=instagram.fsdu8-2.fna&_nc_gid=MYWDDe9T2fECEvuiNYX3eQ&oh=00_AftT7uYIR-4r3iJjCoIohGwe43AkcI4zeBcGGC1VInrLqQ&oe=6986E68A
https://instagram.fsdu8-2.fna.fbcdn.net/v/t51.82787-15/609558533_18082879343233263_869062095761748571_n.jpg?stp=dst-jpg_e35_s750x750_sh0.08_tt6&_nc_cat=109&ig_cache_key=MzgwMTk5MjQyMzczNjc5OTg5Ng%3D%3D.3-ccb7-5&ccb=7-5&_nc_sid=58cdad&efg=eyJ2ZW5jb2RlX3RhZyI6InhwaWRzLjEwODB4MTA4MC5zZHIuQzMifQ%3D%3D&_nc_ohc=JTcukSIlu9wQ7kNvwHN9LwI&_nc_oc=Adn9GLfOHo784u9BcDgNOXpqP9NxnCbyk6f8-4T-__3AxkSThrNYNWp5EDiRPji_Spmvp5fBkeXLha2BIDt0hv5s&_nc_ad=z-m&_nc_cid=0&_nc_zt=23&_nc_ht=instagram.fsdu8-2.fna&_nc_gid=MYWDDe9T2fECEvuiNYX3eQ&oh=00_AfscSSVcxhkphcRWl0ni8ksKL_jurVrEeDSgv1ssz7qdyA&oe=6986E68A
https://instagram.fsdu8-2.fna.fbcdn.net/v/t51.82787-15/609558533_18082879343233263_869062095761748571_n.jpg?stp=dst-jpg_e35_s640x640_sh0.08_tt6&_nc_cat=109&ig_cache_key=MzgwMTk5MjQyMzczNjc5OTg5Ng%3D%3D.3-ccb7-5&ccb=7-5&_nc_sid=58cdad&efg=eyJ2ZW5jb2RlX3RhZyI6InhwaWRzLjEwODB4MTA4MC5zZHIuQzMifQ%3D%3D&_nc_ohc=JTcukSIlu9wQ7kNvwHN9LwI&_nc_oc=Adn9GLfOHo784u9BcDgNOXpqP9NxnCbyk6f8-4T-__3AxkSThrNYNWp5EDiRPji_Spmvp5fBkeXLha2BIDt0hv5s&_nc_ad=z-m&_nc_cid=0&_nc_zt=23&_nc_ht=instagram.fsdu8-2.fna&_nc_gid=MYWDDe9T2fECEvuiNYX3eQ&oh=00_AfuEpGY_huGnall4dhPtL39xClnKDxRA_oRAU4GJzLNCSQ&oe=6986E68A
https://instagram.fsdu8-2.fna.fbcdn.net/v/t51.82787-15/609558533_18082879343233263_869062095761748571_n.jpg?stp=dst-jpg_e35_s480x480_tt6&_nc_cat=109&ig_cache_key=MzgwMTk5MjQyMzczNjc5OTg5Ng%3D%3D.3-ccb7-5&ccb=7-5&_nc_sid=58cdad&efg=eyJ2ZW5jb2RlX3RhZyI6InhwaWRzLjEwODB4MTA4MC5zZHIuQzMifQ%3D%3D&_nc_ohc=JTcukSIlu9wQ7kNvwHN9LwI&_nc_oc=Adn9GLfOHo784u9BcDgNOXpqP9NxnCbyk6f8-4T-__3AxkSThrNYNWp5EDiRPji_Spmvp5fBkeXLha2BIDt0hv5s&_nc_ad=z-m&_nc_cid=0&_nc_zt=23&_nc_ht=instagram.fsdu8-2.fna&_nc_gid=MYWDDe9T2fECEvuiNYX3eQ&oh=00_Aft_GAlGdoA5Ury9SS4vGhzCWAohgzn168ernd8CtoQFzA&oe=6986E68A
https://instagram.fsdu8-2.fna.fbcdn.net/v/t51.82787-15/609558533_18082879343233263_869062095761748571_n.jpg?stp=dst-jpg_e35_s320x320_tt6&_nc_cat=109&ig_cache_key=MzgwMTk5MjQyMzczNjc5OTg5Ng%3D%3D.3-ccb7-5&ccb=7-5&_nc_sid=58cdad&efg=eyJ2ZW5jb2RlX3RhZyI6InhwaWRzLjEwODB4MTA4MC5zZHIuQzMifQ%3D%3D&_nc_ohc=JTcukSIlu9wQ7kNvwHN9LwI&_nc_oc=Adn9GLfOHo784u9BcDgNOXpqP9NxnCbyk6f8-4T-__3AxkSThrNYNWp5EDiRPji_Spmvp5fBkeXLha2BIDt0hv5s&_nc_ad=z-m&_nc_cid=0&_nc_zt=23&_nc_ht=instagram.fsdu8-2.fna&_nc_gid=MYWDDe9T2fECEvuiNYX3eQ&oh=00_AfuhA3NJv4MQIqnbAvae4YsiSB5yxdLYjgR7d-uuARkDiA&oe=6986E68A
https://instagram.fsdu8-2.fna.fbcdn.net/v/t51.82787-15/609558533_18082879343233263_869062095761748571_n.jpg?stp=dst-jpg_e35_s240x240_tt6&_nc_cat=109&ig_cache_key=MzgwMTk5MjQyMzczNjc5OTg5Ng%3D%3D.3-ccb7-5&ccb=7-5&_nc_sid=58cdad&efg=eyJ2ZW5jb2RlX3RhZyI6InhwaWRzLjEwODB4MTA4MC5zZHIuQzMifQ%3D%3D&_nc_ohc=JTcukSIlu9wQ7kNvwHN9LwI&_nc_oc=Adn9GLfOHo784u9BcDgNOXpqP9NxnCbyk6f8-4T-__3AxkSThrNYNWp5EDiRPji_Spmvp5fBkeXLha2BIDt0hv5s&_nc_ad=z-m&_nc_cid=0&_nc_zt=23&_nc_ht=instagram.fsdu8-2.fna&_nc_gid=MYWDDe9T2fECEvuiNYX3eQ&oh=00_Afs7iVOLtZfpKBEBc9jqs8qhBSuXo0iyG8duArFmwSZ5lA&oe=6986E68A
https://instagram.fsdu8-2.fna.fbcdn.net/v/t51.82787-15/609558533_18082879343233263_869062095761748571_n.jpg?stp=dst-jpg_e35_s150x150_tt6&_nc_cat=109&ig_cache_key=MzgwMTk5MjQyMzczNjc5OTg5Ng%3D%3D.3-ccb7-5&ccb=7-5&_nc_sid=58cdad&efg=eyJ2ZW5jb2RlX3RhZyI6InhwaWRzLjEwODB4MTA4MC5zZHIuQzMifQ%3D%3D&_nc_ohc=JTcukSIlu9wQ7kNvwHN9LwI&_nc_oc=Adn9GLfOHo784u9BcDgNOXpqP9NxnCbyk6f8-4T-__3AxkSThrNYNWp5EDiRPji_Spmvp5fBkeXLha2BIDt0hv5s&_nc_ad=z-m&_nc_cid=0&_nc_zt=23&_nc_ht=instagram.fsdu8-2.fna&_nc_gid=MYWDDe9T2fECEvuiNYX3eQ&oh=00_Aftix5V76VvXRnLDlDBKjrCh_92CwYbCI93_v0gM_axWZg&oe=6986E68A",NA,NO,NO,NA,NA,37093369262,nietzscheaforismo,NA,NA,NA,NA,NA,NA,Autenticidade,"Autenticidade porque foca em posicionamento moral, interessado em criar confiança na audiência.",43.4782608695652,56.5217391304348,14.1304347826087,11.231884057971,8.69565217391304,18.4782608695652,9.42028985507246,15.2173913043478,5.07246376811594,17.7536231884058
postagem_2,3801918671463950336,DTDIONliKdl,"Sat, 03 Jan 2026 12:40:45 GMT",2026-01-03T03:00:00Z,1767444045,"Selvageria imperialista

O ataque ao território venezuelano e o possível sequestro do presidente Maduro são atos brutais de selvageria contra nossa integridade continental. 

Os impactos ao Brasil serão imensos. A ver. E an agenda da centralidade da questão nacional se impõe, assim como o exercício efetivo de nossa soberania. 

Hora de abandonarmos receitas importadas que nos enfraqueceram ao longo das últimas décadas.",NA,7844,352,https://www.instagram.com/p/DTDIONliKdl/,https://instagram.fsdu8-2.fna.fbcdn.net/v/t51.82787-15/610700351_18436081732107258_7788758291597379471_n.jpg?stp=dst-jpg_e35_tt6&_nc_cat=109&ig_cache_key=MzgwMTkxODY3MTQ2Mzk1MDE4MQ%3D%3D.3-ccb7-5&ccb=7-5&_nc_sid=58cdad&efg=eyJ2ZW5jb2RlX3RhZyI6InhwaWRzLjExNzl4OTgzLnNkci5DMyJ9&_nc_ohc=owt1e1x5mK0Q7kNvwEGMQYL&_nc_oc=AdkO-7bKMuyLkF_VE1od-SVRyUPlhPBdHeTBM24o4nYUCWWsJ8qN7Chihdd2bwadJ8PIAaUC1xBWcFEV2TJhVZmO&_nc_ad=z-m&_nc_cid=0&_nc_zt=23&_nc_ht=instagram.fsdu8-2.fna&_nc_gid=MYWDDe9T2fECEvuiNYX3eQ&oh=00_AfvB-5c6kAoM9pRIU8qZV6miZ8fhRViXgwBtV-X2yCKb4A&oe=6986EEBF,https://instagram.fsdu8-2.fna.fbcdn.net/v/t51.82787-15/610700351_18436081732107258_7788758291597379471_n.jpg?stp=dst-jpg_e35_tt6&_nc_cat=109&ig_cache_key=MzgwMTkxODY3MTQ2Mzk1MDE4MQ%3D%3D.3-ccb7-5&ccb=7-5&_nc_sid=58cdad&efg=eyJ2ZW5jb2RlX3RhZyI6InhwaWRzLjExNzl4OTgzLnNkci5DMyJ9&_nc_ohc=owt1e1x5mK0Q7kNvwEGMQYL&_nc_oc=AdkO-7bKMuyLkF_VE1od-SVRyUPlhPBdHeTBM24o4nYUCWWsJ8qN7Chihdd2bwadJ8PIAaUC1xBWcFEV2TJhVZmO&_nc_ad=z-m&_nc_cid=0&_nc_zt=23&_nc_ht=instagram.fsdu8-2.fna&_nc_gid=MYWDDe9T2fECEvuiNYX3eQ&oh=00_AfvB-5c6kAoM9pRIU8qZV6miZ8fhRViXgwBtV-X2yCKb4A&oe=6986EEBF,"https://instagram.fsdu8-2.fna.fbcdn.net/v/t51.82787-15/610700351_18436081732107258_7788758291597379471_n.jpg?stp=dst-jpg_e35_tt6&_nc_cat=109&ig_cache_key=MzgwMTkxODY3MTQ2Mzk1MDE4MQ%3D%3D.3-ccb7-5&ccb=7-5&_nc_sid=58cdad&efg=eyJ2ZW5jb2RlX3RhZyI6InhwaWRzLjExNzl4OTgzLnNkci5DMyJ9&_nc_ohc=owt1e1x5mK0Q7kNvwEGMQYL&_nc_oc=AdkO-7bKMuyLkF_VE1od-SVRyUPlhPBdHeTBM24o4nYUCWWsJ8qN7Chihdd2bwadJ8PIAaUC1xBWcFEV2TJhVZmO&_nc_ad=z-m&_nc_cid=0&_nc_zt=23&_nc_ht=instagram.fsdu8-2.fna&_nc_gid=MYWDDe9T2fECEvuiNYX3eQ&oh=00_AfvB-5c6kAoM9pRIU8qZV6miZ8fhRViXgwBtV-X2yCKb4A&oe=6986EEBF
https://instagram.fsdu8-2.fna.fbcdn.net/v/t51.82787-15/610700351_18436081732107258_7788758291597379471_n.jpg?stp=dst-jpg_e35_s720x720_tt6&_nc_cat=109&ig_cache_key=MzgwMTkxODY3MTQ2Mzk1MDE4MQ%3D%3D.3-ccb7-5&ccb=7-5&_nc_sid=58cdad&efg=eyJ2ZW5jb2RlX3RhZyI6InhwaWRzLjExNzl4OTgzLnNkci5DMyJ9&_nc_ohc=owt1e1x5mK0Q7kNvwEGMQYL&_nc_oc=AdkO-7bKMuyLkF_VE1od-SVRyUPlhPBdHeTBM24o4nYUCWWsJ8qN7Chihdd2bwadJ8PIAaUC1xBWcFEV2TJhVZmO&_nc_ad=z-m&_nc_cid=0&_nc_zt=23&_nc_ht=instagram.fsdu8-2.fna&_nc_gid=MYWDDe9T2fECEvuiNYX3eQ&oh=00_AftT1poKXbXuCQwMPbj8UDIgqFcPMPqM1ESEv1Cf4yuxCg&oe=6986EEBF
https://instagram.fsdu8-2.fna.fbcdn.net/v/t51.82787-15/610700351_18436081732107258_7788758291597379471_n.jpg?stp=dst-jpg_e35_s640x640_sh0.08_tt6&_nc_cat=109&ig_cache_key=MzgwMTkxODY3MTQ2Mzk1MDE4MQ%3D%3D.3-ccb7-5&ccb=7-5&_nc_sid=58cdad&efg=eyJ2ZW5jb2RlX3RhZyI6InhwaWRzLjExNzl4OTgzLnNkci5DMyJ9&_nc_ohc=owt1e1x5mK0Q7kNvwEGMQYL&_nc_oc=AdkO-7bKMuyLkF_VE1od-SVRyUPlhPBdHeTBM24o4nYUCWWsJ8qN7Chihdd2bwadJ8PIAaUC1xBWcFEV2TJhVZmO&_nc_ad=z-m&_nc_cid=0&_nc_zt=23&_nc_ht=instagram.fsdu8-2.fna&_nc_gid=MYWDDe9T2fECEvuiNYX3eQ&oh=00_AfuAk2BdFOsUFFG1ZVgypRV1fJ31AGMtqBHiibfbPZu_bQ&oe=6986EEBF
https://instagram.fsdu8-2.fna.fbcdn.net/v/t51.82787-15/610700351_18436081732107258_7788758291597379471_n.jpg?stp=dst-jpg_e35_s480x480_tt6&_nc_cat=109&ig_cache_key=MzgwMTkxODY3MTQ2Mzk1MDE4MQ%3D%3D.3-ccb7-5&ccb=7-5&_nc_sid=58cdad&efg=eyJ2ZW5jb2RlX3RhZyI6InhwaWRzLjExNzl4OTgzLnNkci5DMyJ9&_nc_ohc=owt1e1x5mK0Q7kNvwEGMQYL&_nc_oc=AdkO-7bKMuyLkF_VE1od-SVRyUPlhPBdHeTBM24o4nYUCWWsJ8qN7Chihdd2bwadJ8PIAaUC1xBWcFEV2TJhVZmO&_nc_ad=z-m&_nc_cid=0&_nc_zt=23&_nc_ht=instagram.fsdu8-2.fna&_nc_gid=MYWDDe9T2fECEvuiNYX3eQ&oh=00_Afvz1BqVUXjoWCLOPSmPygt1dz6cWMOpLv9gTfwR1oQn8A&oe=6986EEBF
https://instagram.fsdu8-2.fna.fbcdn.net/v/t51.82787-15/610700351_18436081732107258_7788758291597379471_n.jpg?stp=dst-jpg_e35_s320x320_tt6&_nc_cat=109&ig_cache_key=MzgwMTkxODY3MTQ2Mzk1MDE4MQ%3D%3D.3-ccb7-5&ccb=7-5&_nc_sid=58cdad&efg=eyJ2ZW5jb2RlX3RhZyI6InhwaWRzLjExNzl4OTgzLnNkci5DMyJ9&_nc_ohc=owt1e1x5mK0Q7kNvwEGMQYL&_nc_oc=AdkO-7bKMuyLkF_VE1od-SVRyUPlhPBdHeTBM24o4nYUCWWsJ8qN7Chihdd2bwadJ8PIAaUC1xBWcFEV2TJhVZmO&_nc_ad=z-m&_nc_cid=0&_nc_zt=23&_nc_ht=instagram.fsdu8-2.fna&_nc_gid=MYWDDe9T2fECEvuiNYX3eQ&oh=00_AfuaGf8e7PItXvLvWz6hJq_3w-Ueomzpo0DMmMDAx34iig&oe=6986EEBF
https://instagram.fsdu8-2.fna.fbcdn.net/v/t51.82787-15/610700351_18436081732107258_7788758291597379471_n.jpg?stp=dst-jpg_e35_s240x240_tt6&_nc_cat=109&ig_cache_key=MzgwMTkxODY3MTQ2Mzk1MDE4MQ%3D%3D.3-ccb7-5&ccb=7-5&_nc_sid=58cdad&efg=eyJ2ZW5jb2RlX3RhZyI6InhwaWRzLjExNzl4OTgzLnNkci5DMyJ9&_nc_ohc=owt1e1x5mK0Q7kNvwEGMQYL&_nc_oc=AdkO-7bKMuyLkF_VE1od-SVRyUPlhPBdHeTBM24o4nYUCWWsJ8qN7Chihdd2bwadJ8PIAaUC1xBWcFEV2TJhVZmO&_nc_ad=z-m&_nc_cid=0&_nc_zt=23&_nc_ht=instagram.fsdu8-2.fna&_nc_gid=MYWDDe9T2fECEvuiNYX3eQ&oh=00_AftNL_y0KaIrsi5a5Mbq9Ld63g91hlv9ds2wJ0quSyoS7w&oe=6986EEBF
https://instagram.fsdu8-2.fna.fbcdn.net/v/t51.82787-15/610700351_18436081732107258_7788758291597379471_n.jpg?stp=c98.0.983.983a_dst-jpg_e35_s983x983_tt6&_nc_cat=109&ig_cache_key=MzgwMTkxODY3MTQ2Mzk1MDE4MQ%3D%3D.3-ccb7-5&ccb=7-5&_nc_sid=58cdad&efg=eyJ2ZW5jb2RlX3RhZyI6InhwaWRzLjExNzl4OTgzLnNkci5DMyJ9&_nc_ohc=owt1e1x5mK0Q7kNvwEGMQYL&_nc_oc=AdkO-7bKMuyLkF_VE1od-SVRyUPlhPBdHeTBM24o4nYUCWWsJ8qN7Chihdd2bwadJ8PIAaUC1xBWcFEV2TJhVZmO&_nc_ad=z-m&_nc_cid=0&_nc_zt=23&_nc_ht=instagram.fsdu8-2.fna&_nc_gid=MYWDDe9T2fECEvuiNYX3eQ&oh=00_Afvh8f4OZGTZgn4ZkJUSb0gKHJxheaRsXt68AxJG6fCKyA&oe=6986EEBF
https://instagram.fsdu8-2.fna.fbcdn.net/v/t51.82787-15/610700351_18436081732107258_7788758291597379471_n.jpg?stp=c98.0.983.983a_dst-jpg_e35_s750x750_sh0.08_tt6&_nc_cat=109&ig_cache_key=MzgwMTkxODY3MTQ2Mzk1MDE4MQ%3D%3D.3-ccb7-5&ccb=7-5&_nc_sid=58cdad&efg=eyJ2ZW5jb2RlX3RhZyI6InhwaWRzLjExNzl4OTgzLnNkci5DMyJ9&_nc_ohc=owt1e1x5mK0Q7kNvwEGMQYL&_nc_oc=AdkO-7bKMuyLkF_VE1od-SVRyUPlhPBdHeTBM24o4nYUCWWsJ8qN7Chihdd2bwadJ8PIAaUC1xBWcFEV2TJhVZmO&_nc_ad=z-m&_nc_cid=0&_nc_zt=23&_nc_ht=instagram.fsdu8-2.fna&_nc_gid=MYWDDe9T2fECEvuiNYX3eQ&oh=00_AfvEYswPw_FM315HPFP8c_Jcg9reVJM_VTvM14kskC8-EQ&oe=6986EEBF
https://instagram.fsdu8-2.fna.fbcdn.net/v/t51.82787-15/610700351_18436081732107258_7788758291597379471_n.jpg?stp=c98.0.983.983a_dst-jpg_e35_s640x640_sh0.08_tt6&_nc_cat=109&ig_cache_key=MzgwMTkxODY3MTQ2Mzk1MDE4MQ%3D%3D.3-ccb7-5&ccb=7-5&_nc_sid=58cdad&efg=eyJ2ZW5jb2RlX3RhZyI6InhwaWRzLjExNzl4OTgzLnNkci5DMyJ9&_nc_ohc=owt1e1x5mK0Q7kNvwEGMQYL&_nc_oc=AdkO-7bKMuyLkF_VE1od-SVRyUPlhPBdHeTBM24o4nYUCWWsJ8qN7Chihdd2bwadJ8PIAaUC1xBWcFEV2TJhVZmO&_nc_ad=z-m&_nc_cid=0&_nc_zt=23&_nc_ht=instagram.fsdu8-2.fna&_nc_gid=MYWDDe9T2fECEvuiNYX3eQ&oh=00_AftntVR1s9kicc4Dx0x81ABWOsGyaZ8QjCi8ETpDoemLuw&oe=6986EEBF
https://instagram.fsdu8-2.fna.fbcdn.net/v/t51.82787-15/610700351_18436081732107258_7788758291597379471_n.jpg?stp=c98.0.983.983a_dst-jpg_e35_s480x480_tt6&_nc_cat=109&ig_cache_key=MzgwMTkxODY3MTQ2Mzk1MDE4MQ%3D%3D.3-ccb7-5&ccb=7-5&_nc_sid=58cdad&efg=eyJ2ZW5jb2RlX3RhZyI6InhwaWRzLjExNzl4OTgzLnNkci5DMyJ9&_nc_ohc=owt1e1x5mK0Q7kNvwEGMQYL&_nc_oc=AdkO-7bKMuyLkF_VE1od-SVRyUPlhPBdHeTBM24o4nYUCWWsJ8qN7Chihdd2bwadJ8PIAaUC1xBWcFEV2TJhVZmO&_nc_ad=z-m&_nc_cid=0&_nc_zt=23&_nc_ht=instagram.fsdu8-2.fna&_nc_gid=MYWDDe9T2fECEvuiNYX3eQ&oh=00_AfuB2Lm3jHEsc_bFwCacTUQiUwziWfOn22jjO9uCiJylJQ&oe=6986EEBF
https://instagram.fsdu8-2.fna.fbcdn.net/v/t51.82787-15/610700351_18436081732107258_7788758291597379471_n.jpg?stp=c98.0.983.983a_dst-jpg_e35_s320x320_tt6&_nc_cat=109&ig_cache_key=MzgwMTkxODY3MTQ2Mzk1MDE4MQ%3D%3D.3-ccb7-5&ccb=7-5&_nc_sid=58cdad&efg=eyJ2ZW5jb2RlX3RhZyI6InhwaWRzLjExNzl4OTgzLnNkci5DMyJ9&_nc_ohc=owt1e1x5mK0Q7kNvwEGMQYL&_nc_oc=AdkO-7bKMuyLkF_VE1od-SVRyUPlhPBdHeTBM24o4nYUCWWsJ8qN7Chihdd2bwadJ8PIAaUC1xBWcFEV2TJhVZmO&_nc_ad=z-m&_nc_cid=0&_nc_zt=23&_nc_ht=instagram.fsdu8-2.fna&_nc_gid=MYWDDe9T2fECEvuiNYX3eQ&oh=00_AfuST2Pnc93JVeDZVn23lRfU1GVvXMNgPKY1nQ8bdUImZQ&oe=6986EEBF
https://instagram.fsdu8-2.fna.fbcdn.net/v/t51.82787-15/610700351_18436081732107258_7788758291597379471_n.jpg?stp=c98.0.983.983a_dst-jpg_e35_s240x240_tt6&_nc_cat=109&ig_cache_key=MzgwMTkxODY3MTQ2Mzk1MDE4MQ%3D%3D.3-ccb7-5&ccb=7-5&_nc_sid=58cdad&efg=eyJ2ZW5jb2RlX3RhZyI6InhwaWRzLjExNzl4OTgzLnNkci5DMyJ9&_nc_ohc=owt1e1x5mK0Q7kNvwEGMQYL&_nc_oc=AdkO-7bKMuyLkF_VE1od-SVRyUPlhPBdHeTBM24o4nYUCWWsJ8qN7Chihdd2bwadJ8PIAaUC1xBWcFEV2TJhVZmO&_nc_ad=z-m&_nc_cid=0&_nc_zt=23&_nc_ht=instagram.fsdu8-2.fna&_nc_gid=MYWDDe9T2fECEvuiNYX3eQ&oh=00_Afs1JlVpeRllAB_BsuXS8v-OV9jJtb-useMxHSEA0kSZCw&oe=6986EEBF
https://instagram.fsdu8-2.fna.fbcdn.net/v/t51.82787-15/610700351_18436081732107258_7788758291597379471_n.jpg?stp=c98.0.983.983a_dst-jpg_e35_s150x150_tt6&_nc_cat=109&ig_cache_key=MzgwMTkxODY3MTQ2Mzk1MDE4MQ%3D%3D.3-ccb7-5&ccb=7-5&_nc_sid=58cdad&efg=eyJ2ZW5jb2RlX3RhZyI6InhwaWRzLjExNzl4OTgzLnNkci5DMyJ9&_nc_ohc=owt1e1x5mK0Q7kNvwEGMQYL&_nc_oc=AdkO-7bKMuyLkF_VE1od-SVRyUPlhPBdHeTBM24o4nYUCWWsJ8qN7Chihdd2bwadJ8PIAaUC1xBWcFEV2TJhVZmO&_nc_ad=z-m&_nc_cid=0&_nc_zt=23&_nc_ht=instagram.fsdu8-2.fna&_nc_gid=MYWDDe9T2fECEvuiNYX3eQ&oh=00_Afs2-vCvi0vL6Nr55eKKdZLoQhHJIefITUUWLx5r55lJQw&oe=6986EEBF",NA,NO,NO,NA,NA,3194347257,eliasmkjabbour,NA,NA,NA,NA,NA,NA,Autoridade,"É um discurso que busca autoridade intelectual e política, reforçando a imagem de liderança competente e ideologicamente consistente, mais do que próxima ou pessoal.",31.728045325779,68.271954674221,17.2804532577904,7.36543909348442,7.93201133144476,23.2294617563739,7.64872521246459,19.8300283286119,4.81586402266289,11.8980169971671
postagem_1,3801819434416216064,DTCxqH4jhgL,"Sat, 03 Jan 2026 09:25:17 GMT",2026-01-03T03:00:00Z,1767432317,🚨A América Latina foi atacada. Nossa solidariedade ao povo venezuelano e ao governo de Maduro deve ser incondicional.,NA,91026,6637,https://www.instagram.com/p/DTCxqH4jhgL/,https://instagram.fsdu8-2.fna.fbcdn.net/v/t51.71878-15/608425677_1421288543062489_3275474698766354818_n.jpg?stp=dst-jpegr_e15_tt6&_nc_cat=100&ig_cache_key=MzgwMTgxOTQzNDQxNjIxNjA3NQ%3D%3D.3-ccb7-5&ccb=7-5&_nc_sid=58cdad&efg=eyJ2ZW5jb2RlX3RhZyI6InhwaWRzLjY0MHgxMTM2Lmhkci5DMyJ9&_nc_ohc=R7mqTdlWbKcQ7kNvwEbto3x&_nc_oc=Adne7sniq5-NCeVecw9ZQn8_54Kdu0ivvj_-mZ64q1O_wQGGd2I59mhunKhomzVe9n5LnlV0K_REn7Wh_h7ceygy&_nc_ad=z-m&_nc_cid=0&_nc_zt=23&se=-1&_nc_ht=instagram.fsdu8-2.fna&_nc_gid=MYWDDe9T2fECEvuiNYX3eQ&oh=00_AfuoCAkdxTJeGDXuFkd0zLAyVp_z2CZBBeDAUJwoq4CWJA&oe=6986CFF7,https://instagram.fsdu8-2.fna.fbcdn.net/v/t51.71878-15/608425677_1421288543062489_3275474698766354818_n.jpg?stp=dst-jpegr_e15_tt6&_nc_cat=100&ig_cache_key=MzgwMTgxOTQzNDQxNjIxNjA3NQ%3D%3D.3-ccb7-5&ccb=7-5&_nc_sid=58cdad&efg=eyJ2ZW5jb2RlX3RhZyI6InhwaWRzLjY0MHgxMTM2Lmhkci5DMyJ9&_nc_ohc=R7mqTdlWbKcQ7kNvwEbto3x&_nc_oc=Adne7sniq5-NCeVecw9ZQn8_54Kdu0ivvj_-mZ64q1O_wQGGd2I59mhunKhomzVe9n5LnlV0K_REn7Wh_h7ceygy&_nc_ad=z-m&_nc_cid=0&_nc_zt=23&se=-1&_nc_ht=instagram.fsdu8-2.fna&_nc_gid=MYWDDe9T2fECEvuiNYX3eQ&oh=00_AfuoCAkdxTJeGDXuFkd0zLAyVp_z2CZBBeDAUJwoq4CWJA&oe=6986CFF7,"https://instagram.fsdu8-2.fna.fbcdn.net/v/t51.71878-15/608425677_1421288543062489_3275474698766354818_n.jpg?stp=dst-jpegr_e15_tt6&_nc_cat=100&ig_cache_key=MzgwMTgxOTQzNDQxNjIxNjA3NQ%3D%3D.3-ccb7-5&ccb=7-5&_nc_sid=58cdad&efg=eyJ2ZW5jb2RlX3RhZyI6InhwaWRzLjY0MHgxMTM2Lmhkci5DMyJ9&_nc_ohc=R7mqTdlWbKcQ7kNvwEbto3x&_nc_oc=Adne7sniq5-NCeVecw9ZQn8_54Kdu0ivvj_-mZ64q1O_wQGGd2I59mhunKhomzVe9n5LnlV0K_REn7Wh_h7ceygy&_nc_ad=z-m&_nc_cid=0&_nc_zt=23&se=-1&_nc_ht=instagram.fsdu8-2.fna&_nc_gid=MYWDDe9T2fECEvuiNYX3eQ&oh=00_AfuoCAkdxTJeGDXuFkd0zLAyVp_z2CZBBeDAUJwoq4CWJA&oe=6986CFF7
https://instagram.fsdu8-2.fna.fbcdn.net/v/t51.71878-15/608425677_1421288543062489_3275474698766354818_n.jpg?stp=dst-jpegr_e15_p480x480_tt6&_nc_cat=100&ig_cache_key=MzgwMTgxOTQzNDQxNjIxNjA3NQ%3D%3D.3-ccb7-5&ccb=7-5&_nc_sid=58cdad&efg=eyJ2ZW5jb2RlX3RhZyI6InhwaWRzLjY0MHgxMTM2Lmhkci5DMyJ9&_nc_ohc=R7mqTdlWbKcQ7kNvwEbto3x&_nc_oc=Adne7sniq5-NCeVecw9ZQn8_54Kdu0ivvj_-mZ64q1O_wQGGd2I59mhunKhomzVe9n5LnlV0K_REn7Wh_h7ceygy&_nc_ad=z-m&_nc_cid=0&_nc_zt=23&se=-1&_nc_ht=instagram.fsdu8-2.fna&_nc_gid=MYWDDe9T2fECEvuiNYX3eQ&oh=00_AfsfIZFWxO7-8oRVD_Zr0HMDLDt3366jzHcKvy3p7Ldi5g&oe=6986CFF7
https://instagram.fsdu8-2.fna.fbcdn.net/v/t51.71878-15/608425677_1421288543062489_3275474698766354818_n.jpg?stp=dst-jpegr_e15_p320x320_tt6&_nc_cat=100&ig_cache_key=MzgwMTgxOTQzNDQxNjIxNjA3NQ%3D%3D.3-ccb7-5&ccb=7-5&_nc_sid=58cdad&efg=eyJ2ZW5jb2RlX3RhZyI6InhwaWRzLjY0MHgxMTM2Lmhkci5DMyJ9&_nc_ohc=R7mqTdlWbKcQ7kNvwEbto3x&_nc_oc=Adne7sniq5-NCeVecw9ZQn8_54Kdu0ivvj_-mZ64q1O_wQGGd2I59mhunKhomzVe9n5LnlV0K_REn7Wh_h7ceygy&_nc_ad=z-m&_nc_cid=0&_nc_zt=23&se=-1&_nc_ht=instagram.fsdu8-2.fna&_nc_gid=MYWDDe9T2fECEvuiNYX3eQ&oh=00_Afu1KgpczsaXPFoYANnlaK8waOR2_KdahZuVa1mnac9_aQ&oe=6986CFF7
https://instagram.fsdu8-2.fna.fbcdn.net/v/t51.71878-15/608425677_1421288543062489_3275474698766354818_n.jpg?stp=dst-jpegr_e15_p240x240_tt6&_nc_cat=100&ig_cache_key=MzgwMTgxOTQzNDQxNjIxNjA3NQ%3D%3D.3-ccb7-5&ccb=7-5&_nc_sid=58cdad&efg=eyJ2ZW5jb2RlX3RhZyI6InhwaWRzLjY0MHgxMTM2Lmhkci5DMyJ9&_nc_ohc=R7mqTdlWbKcQ7kNvwEbto3x&_nc_oc=Adne7sniq5-NCeVecw9ZQn8_54Kdu0ivvj_-mZ64q1O_wQGGd2I59mhunKhomzVe9n5LnlV0K_REn7Wh_h7ceygy&_nc_ad=z-m&_nc_cid=0&_nc_zt=23&se=-1&_nc_ht=instagram.fsdu8-2.fna&_nc_gid=MYWDDe9T2fECEvuiNYX3eQ&oh=00_AfvknE6_y1UYZyzg4VEYBaHxuW0gPLBFiuSIMNU6Y2vKfA&oe=6986CFF7
https://instagram.fsdu8-2.fna.fbcdn.net/v/t51.71878-15/608425677_1421288543062489_3275474698766354818_n.jpg?stp=c0.248.640.640a_dst-jpegr_e15_s640x639_tt6&_nc_cat=100&ig_cache_key=MzgwMTgxOTQzNDQxNjIxNjA3NQ%3D%3D.3-ccb7-5&ccb=7-5&_nc_sid=58cdad&efg=eyJ2ZW5jb2RlX3RhZyI6InhwaWRzLjY0MHgxMTM2Lmhkci5DMyJ9&_nc_ohc=R7mqTdlWbKcQ7kNvwEbto3x&_nc_oc=Adne7sniq5-NCeVecw9ZQn8_54Kdu0ivvj_-mZ64q1O_wQGGd2I59mhunKhomzVe9n5LnlV0K_REn7Wh_h7ceygy&_nc_ad=z-m&_nc_cid=0&_nc_zt=23&se=-1&_nc_ht=instagram.fsdu8-2.fna&_nc_gid=MYWDDe9T2fECEvuiNYX3eQ&oh=00_AfthGXNKdhi7CV-k8bViPkzltXa-Z8YZGAj7znblCkqbmw&oe=6986CFF7
https://instagram.fsdu8-2.fna.fbcdn.net/v/t51.71878-15/608425677_1421288543062489_3275474698766354818_n.jpg?stp=c0.248.640.640a_dst-jpegr_e15_s640x639_tt6&_nc_cat=100&ig_cache_key=MzgwMTgxOTQzNDQxNjIxNjA3NQ%3D%3D.3-ccb7-5&ccb=7-5&_nc_sid=58cdad&efg=eyJ2ZW5jb2RlX3RhZyI6InhwaWRzLjY0MHgxMTM2Lmhkci5DMyJ9&_nc_ohc=R7mqTdlWbKcQ7kNvwEbto3x&_nc_oc=Adne7sniq5-NCeVecw9ZQn8_54Kdu0ivvj_-mZ64q1O_wQGGd2I59mhunKhomzVe9n5LnlV0K_REn7Wh_h7ceygy&_nc_ad=z-m&_nc_cid=0&_nc_zt=23&se=-1&_nc_ht=instagram.fsdu8-2.fna&_nc_gid=MYWDDe9T2fECEvuiNYX3eQ&oh=00_AfthGXNKdhi7CV-k8bViPkzltXa-Z8YZGAj7znblCkqbmw&oe=6986CFF7
https://instagram.fsdu8-2.fna.fbcdn.net/v/t51.71878-15/608425677_1421288543062489_3275474698766354818_n.jpg?stp=c0.248.640.640a_dst-jpegr_e15_s640x639_tt6&_nc_cat=100&ig_cache_key=MzgwMTgxOTQzNDQxNjIxNjA3NQ%3D%3D.3-ccb7-5&ccb=7-5&_nc_sid=58cdad&efg=eyJ2ZW5jb2RlX3RhZyI6InhwaWRzLjY0MHgxMTM2Lmhkci5DMyJ9&_nc_ohc=R7mqTdlWbKcQ7kNvwEbto3x&_nc_oc=Adne7sniq5-NCeVecw9ZQn8_54Kdu0ivvj_-mZ64q1O_wQGGd2I59mhunKhomzVe9n5LnlV0K_REn7Wh_h7ceygy&_nc_ad=z-m&_nc_cid=0&_nc_zt=23&se=-1&_nc_ht=instagram.fsdu8-2.fna&_nc_gid=MYWDDe9T2fECEvuiNYX3eQ&oh=00_AfthGXNKdhi7CV-k8bViPkzltXa-Z8YZGAj7znblCkqbmw&oe=6986CFF7
https://instagram.fsdu8-2.fna.fbcdn.net/v/t51.71878-15/608425677_1421288543062489_3275474698766354818_n.jpg?stp=c0.248.640.640a_dst-jpegr_e15_s480x480_tt6&_nc_cat=100&ig_cache_key=MzgwMTgxOTQzNDQxNjIxNjA3NQ%3D%3D.3-ccb7-5&ccb=7-5&_nc_sid=58cdad&efg=eyJ2ZW5jb2RlX3RhZyI6InhwaWRzLjY0MHgxMTM2Lmhkci5DMyJ9&_nc_ohc=R7mqTdlWbKcQ7kNvwEbto3x&_nc_oc=Adne7sniq5-NCeVecw9ZQn8_54Kdu0ivvj_-mZ64q1O_wQGGd2I59mhunKhomzVe9n5LnlV0K_REn7Wh_h7ceygy&_nc_ad=z-m&_nc_cid=0&_nc_zt=23&se=-1&_nc_ht=instagram.fsdu8-2.fna&_nc_gid=MYWDDe9T2fECEvuiNYX3eQ&oh=00_Afshu-DiVUy3LAlkDt1gx_iTpjRQLp3l3fB2YoGAsIx2rA&oe=6986CFF7
https://instagram.fsdu8-2.fna.fbcdn.net/v/t51.71878-15/608425677_1421288543062489_3275474698766354818_n.jpg?stp=c0.248.640.640a_dst-jpegr_e15_s320x320_tt6&_nc_cat=100&ig_cache_key=MzgwMTgxOTQzNDQxNjIxNjA3NQ%3D%3D.3-ccb7-5&ccb=7-5&_nc_sid=58cdad&efg=eyJ2ZW5jb2RlX3RhZyI6InhwaWRzLjY0MHgxMTM2Lmhkci5DMyJ9&_nc_ohc=R7mqTdlWbKcQ7kNvwEbto3x&_nc_oc=Adne7sniq5-NCeVecw9ZQn8_54Kdu0ivvj_-mZ64q1O_wQGGd2I59mhunKhomzVe9n5LnlV0K_REn7Wh_h7ceygy&_nc_ad=z-m&_nc_cid=0&_nc_zt=23&se=-1&_nc_ht=instagram.fsdu8-2.fna&_nc_gid=MYWDDe9T2fECEvuiNYX3eQ&oh=00_AfsHzZFZpa2DUQ_bpeF5i9pUjndS-nBT2Cytf3cgXuzgaA&oe=6986CFF7
https://instagram.fsdu8-2.fna.fbcdn.net/v/t51.71878-15/608425677_1421288543062489_3275474698766354818_n.jpg?stp=c0.248.640.640a_dst-jpegr_e15_s240x240_tt6&_nc_cat=100&ig_cache_key=MzgwMTgxOTQzNDQxNjIxNjA3NQ%3D%3D.3-ccb7-5&ccb=7-5&_nc_sid=58cdad&efg=eyJ2ZW5jb2RlX3RhZyI6InhwaWRzLjY0MHgxMTM2Lmhkci5DMyJ9&_nc_ohc=R7mqTdlWbKcQ7kNvwEbto3x&_nc_oc=Adne7sniq5-NCeVecw9ZQn8_54Kdu0ivvj_-mZ64q1O_wQGGd2I59mhunKhomzVe9n5LnlV0K_REn7Wh_h7ceygy&_nc_ad=z-m&_nc_cid=0&_nc_zt=23&se=-1&_nc_ht=instagram.fsdu8-2.fna&_nc_gid=MYWDDe9T2fECEvuiNYX3eQ&oh=00_AfthUwIW4bScDWtabCU7_HkPB-brxZQuxMWhEpHItqDgCA&oe=6986CFF7
https://instagram.fsdu8-2.fna.fbcdn.net/v/t51.71878-15/608425677_1421288543062489_3275474698766354818_n.jpg?stp=c0.248.640.640a_dst-jpegr_e15_s150x150_tt6&_nc_cat=100&ig_cache_key=MzgwMTgxOTQzNDQxNjIxNjA3NQ%3D%3D.3-ccb7-5&ccb=7-5&_nc_sid=58cdad&efg=eyJ2ZW5jb2RlX3RhZyI6InhwaWRzLjY0MHgxMTM2Lmhkci5DMyJ9&_nc_ohc=R7mqTdlWbKcQ7kNvwEbto3x&_nc_oc=Adne7sniq5-NCeVecw9ZQn8_54Kdu0ivvj_-mZ64q1O_wQGGd2I59mhunKhomzVe9n5LnlV0K_REn7Wh_h7ceygy&_nc_ad=z-m&_nc_cid=0&_nc_zt=23&se=-1&_nc_ht=instagram.fsdu8-2.fna&_nc_gid=MYWDDe9T2fECEvuiNYX3eQ&oh=00_AfuBOhglL5m6noz59FIB7L8ZeHMXbW5nGPJQuUPPDSrsuQ&oe=6986CFF7",NA,NO,YES,https://instagram.fsdu8-1.fna.fbcdn.net/o1/v/t2/f2/m86/AQMCN_39bMlPHeJmMqsYhZ5MtkYH1vK3Wp43epgoOoyUro7g7IOIqeo2EVRisEkV04SUfMCP8dPY_NPbIN4Exi6RXBuSGzQ7U6dTKbU.mp4?_nc_cat=110&_nc_oc=AdkBKjxQf88xqsWzyM5Cz-SacS2UADivJriViEBKW06X3OHCcZBDBt6Gtb8vdJggs9IHjcG_2yTsBJnZHN3_wCbG&_nc_sid=5e9851&_nc_ht=instagram.fsdu8-1.fna.fbcdn.net&_nc_ohc=lTi1Nti3cAAQ7kNvwErTjAf&efg=eyJ2ZW5jb2RlX3RhZyI6Inhwdl9wcm9ncmVzc2l2ZS5JTlNUQUdSQU0uQ0xJUFMuQzMuNzIwLmRhc2hfYmFzZWxpbmVfMV92MSIsInhwdl9hc3NldF9pZCI6Mjc2NzY4Njk4MDIzNzEzNiwiYXNzZXRfYWdlX2RheXMiOjMwLCJ2aV91c2VjYXNlX2lkIjoxMDA5OSwiZHVyYXRpb25fcyI6MTYzLCJ1cmxnZW5fc291cmNlIjoid3d3In0%3D&ccb=17-1&_nc_gid=MYWDDe9T2fECEvuiNYX3eQ&_nc_zt=28&vs=4f43e302438f6836&_nc_vs=HBksFQIYUmlnX3hwdl9yZWVsc19wZXJtYW5lbnRfc3JfcHJvZC9CODQ2MUE1RjZBMkIxNTUwMzUyQTUwM0FGQkY3MTk5Rl92aWRlb19kYXNoaW5pdC5tcDQVAALIARIAFQIYRmlnX3hwdl9yZWVsc19wZXJtYW5lbnRfc3JfcHJvZC84NDY0MjI4NTE1MDI2MTdfNTkwNTUxNTE0MjYzNDkxMjg5Mi5tcDQVAgLIARIAKAAYABsCiAd1c2Vfb2lsATEScHJvZ3Jlc3NpdmVfcmVjaXBlATEVAAAmoN3z9MrM6gkVAigCQzMsF0BkeqfvnbItGBJkYXNoX2Jhc2VsaW5lXzFfdjERAHX-B2XmnQEA&oh=00_AfstkNXpRiGTUGs2XdWPWRb6HEf7RMWpZadwlyXlLUgMkA&oe=6982CC47,NA,3194347257,eliasmkjabbour,NA,NA,NA,NA,NA,NA,Autoridade,"É um discurso que busca mais autoridade política e demonstração de competência, do que expressar confiaça ou vínculo pessoal.",27.2727272727273,72.7272727272727,14.1065830721003,6.89655172413793,12.8526645768025,22.884012539185,6.89655172413793,22.884012539185,2.82131661442006,10.6583072100313
